SubjTrial,SubjectID,ExpNum,ItemNum,Response,TargetWord,TrialType,Syllogism,MiddleSyllogismPairing,ListNum,premise1,premise2,conclusion,digitMatch,RT,SyllogismSimple,ExpectedResponse,ResponseWasCorrect,excl.subj,excl.trial
1_1,1,N1-c-M1,1,1,suit,Homonymy,Darii,4,1,All suits are dress attire,Some court proceedings are suits,Some court proceedings are dress attire,NA,10475,Darii,0,0,0,0
1_2,1,N1-c-M1,2,1,doughnuts,Valid Filler,Datisi,4,1,All doughnuts are sugary ,Some doughnuts are treats,Some treats are sugary,NA,2758,Datisi,1,1,0,0
1_3,1,N1-c-M1,3,0,match,Homonymy,Darii,4,1,All matches are combustible,Some pay-per-view broadcasts are matches,Some pay-per-view broadcasts are combustible,NA,3119,Darii,0,1,0,0
1_4,1,N1-c-M1,4,0,antiques,Invalid Filler,Datisi*,4,1,All medieval manuscripts are antiques ,Some antiques are pieces of jewelry,Some pieces of jewelry are medieval manuscripts,NA,5547,Datisi,0,1,0,0
1_5,1,N1-c-M1,5,0,dances,Invalid Filler,Datisi*,4,1,All ballets are dances ,Some dances are mating rituals,Some mating rituals are ballets ,NA,6267,Datisi,0,1,0,0
1_6,1,N1-c-M1,6,1,poets,Valid Filler,Dimatis,4,1,Some teachers are poets,All poets are writers ,Some writers are teachers,NA,2188,Dimatis,1,1,0,0
1_7,1,N1-c-M1,7,0,dresses,Invalid Filler,Datisi*,4,1,All ball gowns are dresses ,Some dresses are cocktail outfits,Some cocktail outfits are ball gowns,NA,7157,Datisi,0,1,0,0
1_8,1,N1-c-M1,8,0,school,Polysemy,Darii,4,1,All schools have classrooms,Some employers are schools,Some employers have classrooms,NA,3468,Darii,0,1,0,0
1_9,1,N1-c-M1,9,1,toilets,Invalid Filler,Darii*,4,1,All urinals are toilets,Some seats are toilets,Some seats are urinals,NA,6796,Darii,0,0,0,0
1_10,1,N1-c-M1,10,1,breakfast,Polysemy,Datisi,4,1,All breakfasts are under three hours,Some breakfasts are smoothies,Some smoothies are under three hours,NA,4491,Datisi,0,0,0,0
1_11,1,N1-c-M1,11,0,ball,Homonymy,Disamis,4,1,Some balls are senior proms,All balls are toys,Some toys are senior proms,NA,2538,Disamis,0,1,0,0
1_12,1,N1-c-M1,12,1,trucks,Valid Filler,Disamis,4,1,Some trucks are big rigs,All trucks are vehicles,Some vehicles are big rigs,NA,3188,Disamis,1,1,0,0
1_13,1,N1-c-M1,13,0,bat,Homonymy,Datisi,4,1,All bats are animals,Some bats are sporting goods,Some sporting goods are animals,NA,2910,Datisi,0,1,0,0
1_14,1,N1-c-M1,14,0,company,Polysemy,Disamis,4,1,Some companies are in city centers,All companies are hierarchies,Some hierarchies are in city centers,NA,3147,Disamis,0,1,0,0
1_15,1,N1-c-M1,15,0,sausages,Invalid Filler,Dimatis*,4,1,Some pizza toppings are sausages,All chili dogs are sausages,Some chili dogs are pizza toppings,NA,4967,Dimatis,0,1,0,0
1_16,1,N1-c-M1,16,0,college,Polysemy,Datisi,4,1,All colleges grant degrees,Some colleges are historic buildings,Some historic buildings grant degrees,NA,3455,Datisi,0,1,0,0
1_17,1,N1-c-M1,17,1,burgers,Valid Filler,Darii,4,1,All burgers have protein,Some entrées are burgers,Some entrées have protein,NA,2368,Darii,1,1,0,0
1_18,1,N1-c-M1,18,0,star,Homonymy,Dimatis,4,1,Some celestial objects are stars,All stars are famous people,Some famous people are celestial objects,NA,2907,Dimatis,0,1,0,0
1_19,1,N1-c-M1,19,1,statues,Valid Filler,Dimatis,4,1,Some bronzes are statues,All statues are sculptures,Some sculptures are bronzes,NA,6823,Dimatis,1,1,0,0
1_20,1,N1-c-M1,20,0,magazines,Polysemy,Darii,4,1,All magazines are recyclable,Some media corporations are magazines,Some media corporations are recyclable,NA,3388,Darii,0,1,0,0
1_21,1,N1-c-M1,21,0,steaks,Invalid Filler,Darii*,4,1,All rotten ribeyes are steaks,Some delicious meals are steaks,Some delicoius meals are rotten ribeyes,NA,3479,Darii,0,1,0,0
1_22,1,N1-c-M1,22,1,liars,Valid Filler,Disamis,4,1,Some liars are criminals,All liars are humans,Some humans are criminals ,NA,2195,Disamis,1,1,0,0
1_23,1,N1-c-M1,23,0,city,Polysemy,Dimatis,4,1,Some bureaucracies are cities,All cities are graffitied places,Some graffitied places are bureaucracies,NA,3081,Dimatis,0,1,0,0
1_24,1,N1-c-M1,24,1,rifles,Valid Filler,Darii,4,1,All rifles are guns,Some safety hazards are rifles,Some safety hazards are guns,NA,4067,Darii,1,1,0,0
1_25,1,N1-c-M1,25,0,change,Homonymy,Datisi,4,1,All change is money,Some change is transformation,Some transformation is money,NA,3624,Datisi,0,1,0,0
1_26,1,N1-c-M1,26,0,actors,Invalid Filler,Dimatis*,4,1,Some women are actors,All male leads are actors,Some male leads are women,NA,2251,Dimatis,0,1,0,0
1_27,1,N1-c-M1,27,0,novel,Polysemy,Datisi,4,1,All novels are flammable,Some novels are debuts,Some debuts are flammable,NA,2223,Datisi,0,1,0,0
1_28,1,N1-c-M1,28,1,suitcases,Valid Filler,Disamis,4,1,Some suitcases are bags,All suitcases are pieces of luggage,Some pieces of luggage are bags,NA,2581,Disamis,1,1,0,0
1_29,1,N1-c-M1,29,1,dinner,Polysemy,Darii,4,1,All dinners happen after four o'clock,Some lasagnas are dinners,Some lasagnas happen after four o'clock,NA,10268,Darii,0,0,0,0
1_30,1,N1-c-M1,30,0,rock,Homonymy,Dimatis,4,1,Some marble is rock,All rock is music,Some music is marble,NA,2069,Dimatis,0,1,0,0
1_31,1,N1-c-M1,31,1,mugs,Valid Filler,Dimatis,4,1,Some ceramics are mugs,All mugs are cups ,Some cups are ceramics,NA,3405,Dimatis,1,1,0,0
1_32,1,N1-c-M1,32,0,funerals,Invalid Filler,Dimatis*,4,1,Some family gatherings are funerals,All anonymous burials are funerals,Some anonymous burials are family gatherings,NA,4500,Dimatis,0,1,0,0
1_33,1,N1-c-M1,33,1,widows,Valid Filler,Disamis,4,1,Some widows are parents,All widows are women,Some women are parents,NA,2491,Disamis,1,1,0,0
1_34,1,N1-c-M1,34,0,spices,Invalid Filler,Disamis*,4,1,Some spices are dried roots,All mustard seeds are spices ,Some mustard seeds are dried roots,NA,2874,Disamis,0,1,0,0
1_35,1,N1-c-M1,35,0,Wave,Homonymy,Disamis,4,1,Some waves are gestures,All waves are liquids,Some liquids are gestures,NA,2227,Disamis,0,1,0,0
1_36,1,N1-c-M1,36,0,cabinet,Homonymy,Dimatis,4,1,Some shelving units are cabinets,All cabinets are political appointments,Some political appointments are shelving units,NA,2800,Dimatis,0,1,0,0
1_37,1,N1-c-M1,37,0,lunch,Polysemy,Disamis,4,1,Some lunches are breaks,All lunches are foods,Some foods are breaks,NA,2380,Disamis,0,1,0,0
1_38,1,N1-c-M1,38,1,grapes,Valid Filler,Darii,4,1,All grapes are fruits ,Some snacks are grapes,Some snacks are fruits,NA,2076,Darii,1,1,0,0
1_39,1,N1-c-M1,39,0,picnic,Polysemy,Dimatis,4,1,Some summertime activities are picnics,All picnics are prepared foods,Some prepared foods are summertime activities,NA,6837,Dimatis,0,1,0,0
1_40,1,N1-c-M1,40,1,dolls,Valid Filler,Datisi,4,1,All dolls are man made,Some dolls are toys,Some toys are man made,NA,2402,Datisi,1,1,0,0
1_41,1,N1-c-M1,41,0,ring,Homonymy,Datisi,4,1,All rings are sounds,Some rings are accessories,Some accessories are sounds,NA,2516,Datisi,0,1,0,0
1_42,1,N1-c-M1,42,0,mothers,Invalid Filler,Datisi*,4,1,All grandmas are mothers ,Some mothers are teens,Some teens are grandmas,NA,2819,Datisi,0,1,0,0
1_43,1,N1-c-M1,43,1,singers,Valid Filler,Datisi,4,1,All singers are performers,Some singers are men,Some men are performers,NA,2430,Datisi,1,1,0,0
1_44,1,N1-c-M1,44,0,stones,Invalid Filler,Dimatis*,4,1,Some paperweights are stones,All boulders are stones,Some boulders are paperweights,NA,4830,Dimatis,0,1,0,0
1_45,1,N1-c-M1,45,0,board,Homonymy,Disamis,4,1,Some boards are governing organizations,All boards are wooden planks,Some wooden planks are governing organizations,NA,2876,Disamis,0,1,0,0
1_46,1,N1-c-M1,46,1,clowns,Valid Filler,Datisi,4,1,All clowns are entertainers,Some clowns are mimes,Some mimes are entertainers,NA,3013,Datisi,1,1,0,0
1_47,1,N1-c-M1,47,0,colors,Invalid Filler,Darii*,4,1,Some pastels are colors,All shades of neon green are colors ,Some shades of neon green are pastels,NA,2819,Darii,0,1,0,0
1_48,1,N1-c-M1,48,1,peppers,Invalid Filler,Disamis*,4,1,Some peppers are yellow vegetables ,All jalapenos are peppers,Some jalapenos are yellow vegetables,NA,29639,Disamis,0,0,0,0
1_49,1,N1-c-M1,49,1,swords,Valid Filler,Darii,4,1,All swords are weapons,Some sharp objects are swords,Some sharp objects are weapons,NA,2486,Darii,1,1,0,0
1_50,1,N1-c-M1,50,0,injuries,Invalid Filler,Disamis*,4,1,Some injuries are sunburns,All broken bones are injuries,Some broken bones are sunburns,NA,2263,Disamis,0,1,0,0
1_51,1,N1-c-M1,51,1,ponies,Valid Filler,Dimatis,4,1,Some thoroughbreds are ponies,All ponies are neighing animals,Some neighing animals are thoroughbreds,NA,2576,Dimatis,1,1,0,0
1_52,1,N1-c-M1,52,1,letter,Polysemy,Dimatis,4,1,Some papers are letters,All letters are communications,Some communications are papers,NA,3258,Dimatis,0,0,0,0
1_53,1,N1-c-M1,53,0,book,Polysemy,Disamis,4,1,Some books are doorstops,All books are pieces of intellectual property,Some pieces of intellectual property are doorstops,NA,3626,Disamis,0,1,0,0
1_54,1,N1-c-M1,54,0,thieves,Invalid Filler,Disamis*,4,1,Some thieves are children,All mob bosses are thieves,Some mob bosses are children,NA,2997,Disamis,0,1,0,0
1_55,1,N1-c-M1,55,0,shapes,Invalid Filler,Darii*,4,1,All cylinders are shapes,Some road signs are shapes,Some road signs are cylinders,NA,3376,Darii,0,1,0,0
1_56,1,N1-c-M1,56,0,ruler,Homonymy,Darii,4,1,All rulers are standard lengths,Some queens are rulers,Some queens are standard lengths,NA,3298,Darii,0,1,0,0
2_1,2,N1-c-M1,1,1,book,Polysemy,Disamis,4,2,Some books are doorstops,All books are pieces of intellectual property,Some pieces of intellectual property are doorstops,NA,7194,Disamis,0,0,0,0
2_2,2,N1-c-M1,2,0,mothers,Invalid Filler,Datisi*,4,2,All grandmas are mothers ,Some mothers are teens,Some teens are grandmas,NA,12525,Datisi,0,1,0,0
2_3,2,N1-c-M1,3,1,funerals,Invalid Filler,Dimatis*,4,2,Some family gatherings are funerals,All anonymous burials are funerals,Some anonymous burials are family gatherings,NA,7507,Dimatis,0,0,0,0
2_4,2,N1-c-M1,4,1,peppers,Invalid Filler,Disamis*,4,2,Some peppers are yellow vegetables ,All jalapenos are peppers,Some jalapenos are yellow vegetables,NA,3512,Disamis,0,0,0,0
2_5,2,N1-c-M1,5,0,ball,Homonymy,Disamis,4,2,Some balls are senior proms,All balls are toys,Some toys are senior proms,NA,4389,Disamis,0,1,0,0
2_6,2,N1-c-M1,6,0,thieves,Invalid Filler,Disamis*,4,2,Some thieves are children,All mob bosses are thieves,Some mob bosses are children,NA,2354,Disamis,0,1,0,0
2_7,2,N1-c-M1,7,1,clowns,Valid Filler,Datisi,4,2,All clowns are entertainers,Some clowns are mimes,Some mimes are entertainers,NA,3916,Datisi,1,1,0,0
2_8,2,N1-c-M1,8,0,stones,Invalid Filler,Dimatis*,4,2,Some paperweights are stones,All boulders are stones,Some boulders are paperweights,NA,4665,Dimatis,0,1,0,0
2_9,2,N1-c-M1,9,1,dinner,Polysemy,Darii,4,2,All dinners happen after four o'clock,Some lasagnas are dinners,Some lasagnas happen after four o'clock,NA,3419,Darii,0,0,0,0
2_10,2,N1-c-M1,10,1,breakfast,Polysemy,Datisi,4,2,All breakfasts are under three hours,Some breakfasts are smoothies,Some smoothies are under three hours,NA,3499,Datisi,0,0,0,0
2_11,2,N1-c-M1,11,0,board,Homonymy,Disamis,4,2,Some boards are governing organizations,All boards are wooden planks,Some wooden planks are governing organizations,NA,4825,Disamis,0,1,0,0
2_12,2,N1-c-M1,12,0,cabinet,Homonymy,Dimatis,4,2,Some shelving units are cabinets,All cabinets are political appointments,Some political appointments are shelving units,NA,3171,Dimatis,0,1,0,0
2_13,2,N1-c-M1,13,1,school,Polysemy,Darii,4,2,All schools have classrooms,Some employers are schools,Some employers have classrooms,NA,3809,Darii,0,0,0,0
2_14,2,N1-c-M1,14,0,lunch,Polysemy,Disamis,4,2,Some lunches are breaks,All lunches are foods,Some foods are breaks,NA,3142,Disamis,0,1,0,0
2_15,2,N1-c-M1,15,1,poets,Valid Filler,Dimatis,4,2,Some teachers are poets,All poets are writers ,Some writers are teachers,NA,3131,Dimatis,1,1,0,0
2_16,2,N1-c-M1,16,1,dolls,Valid Filler,Datisi,4,2,All dolls are man made,Some dolls are toys,Some toys are man made,NA,2406,Datisi,1,1,0,0
2_17,2,N1-c-M1,17,0,bat,Homonymy,Datisi,4,2,All bats are animals,Some bats are sporting goods,Some sporting goods are animals,NA,3686,Datisi,0,1,0,0
2_18,2,N1-c-M1,18,0,ruler,Homonymy,Darii,4,2,All rulers are standard lengths,Some queens are rulers,Some queens are standard lengths,NA,4092,Darii,0,1,0,0
2_19,2,N1-c-M1,19,0,Wave,Homonymy,Disamis,4,2,Some waves are gestures,All waves are liquids,Some liquids are gestures,NA,2287,Disamis,0,1,0,0
2_20,2,N1-c-M1,20,1,trucks,Valid Filler,Disamis,4,2,Some trucks are big rigs,All trucks are vehicles,Some vehicles are big rigs,NA,3887,Disamis,1,1,0,0
2_21,2,N1-c-M1,21,1,sausages,Invalid Filler,Dimatis*,4,2,Some pizza toppings are sausages,All chili dogs are sausages,Some chili dogs are pizza toppings,NA,4501,Dimatis,0,0,0,0
2_22,2,N1-c-M1,22,1,picnic,Polysemy,Dimatis,4,2,Some summertime activities are picnics,All picnics are prepared foods,Some prepared foods are summertime activities,NA,4668,Dimatis,0,0,0,0
2_23,2,N1-c-M1,23,1,doughnuts,Valid Filler,Datisi,4,2,All doughnuts are sugary ,Some doughnuts are treats,Some treats are sugary,NA,2275,Datisi,1,1,0,0
2_24,2,N1-c-M1,24,1,suitcases,Valid Filler,Disamis,4,2,Some suitcases are bags,All suitcases are pieces of luggage,Some pieces of luggage are bags,NA,2332,Disamis,1,1,0,0
2_25,2,N1-c-M1,25,1,toilets,Invalid Filler,Darii*,4,2,All urinals are toilets,Some seats are toilets,Some seats are urinals,NA,2747,Darii,0,0,0,0
2_26,2,N1-c-M1,26,0,company,Polysemy,Disamis,4,2,Some companies are in city centers,All companies are hierarchies,Some hierarchies are in city centers,NA,3482,Disamis,0,1,0,0
2_27,2,N1-c-M1,27,1,letter,Polysemy,Dimatis,4,2,Some papers are letters,All letters are communications,Some communications are papers,NA,2928,Dimatis,0,0,0,0
2_28,2,N1-c-M1,28,1,liars,Valid Filler,Disamis,4,2,Some liars are criminals,All liars are humans,Some humans are criminals ,NA,2021,Disamis,1,1,0,0
2_29,2,N1-c-M1,29,0,change,Homonymy,Datisi,4,2,All change is money,Some change is transformation,Some transformation is money,NA,3189,Datisi,0,1,0,0
2_30,2,N1-c-M1,30,0,antiques,Invalid Filler,Datisi*,4,2,All medieval manuscripts are antiques ,Some antiques are pieces of jewelry,Some pieces of jewelry are medieval manuscripts,NA,3330,Datisi,0,1,0,0
2_31,2,N1-c-M1,31,1,ponies,Valid Filler,Dimatis,4,2,Some thoroughbreds are ponies,All ponies are neighing animals,Some neighing animals are thoroughbreds,NA,3269,Dimatis,1,1,0,0
2_32,2,N1-c-M1,32,0,actors,Invalid Filler,Dimatis*,4,2,Some women are actors,All male leads are actors,Some male leads are women,NA,3375,Dimatis,0,1,0,0
2_33,2,N1-c-M1,33,1,grapes,Valid Filler,Darii,4,2,All grapes are fruits ,Some snacks are grapes,Some snacks are fruits,NA,3654,Darii,1,1,0,0
2_34,2,N1-c-M1,34,0,shapes,Invalid Filler,Darii*,4,2,All cylinders are shapes,Some road signs are shapes,Some road signs are cylinders,NA,4118,Darii,0,1,0,0
2_35,2,N1-c-M1,35,1,burgers,Valid Filler,Darii,4,2,All burgers have protein,Some entrées are burgers,Some entrées have protein,NA,2195,Darii,1,1,0,0
2_36,2,N1-c-M1,36,1,widows,Valid Filler,Disamis,4,2,Some widows are parents,All widows are women,Some women are parents,NA,3489,Disamis,1,1,0,0
2_37,2,N1-c-M1,37,1,star,Homonymy,Dimatis,4,2,Some celestial objects are stars,All stars are famous people,Some famous people are celestial objects,NA,3700,Dimatis,0,0,0,0
2_38,2,N1-c-M1,38,0,steaks,Invalid Filler,Darii*,4,2,All rotten ribeyes are steaks,Some delicious meals are steaks,Some delicoius meals are rotten ribeyes,NA,13844,Darii,0,1,0,0
2_39,2,N1-c-M1,39,1,swords,Valid Filler,Darii,4,2,All swords are weapons,Some sharp objects are swords,Some sharp objects are weapons,NA,2833,Darii,1,1,0,0
2_40,2,N1-c-M1,40,1,mugs,Valid Filler,Dimatis,4,2,Some ceramics are mugs,All mugs are cups ,Some cups are ceramics,NA,3095,Dimatis,1,1,0,0
2_41,2,N1-c-M1,41,0,magazines,Polysemy,Darii,4,2,All magazines are recyclable,Some media corporations are magazines,Some media corporations are recyclable,NA,2627,Darii,0,1,0,0
2_42,2,N1-c-M1,42,1,rifles,Valid Filler,Darii,4,2,All rifles are guns,Some safety hazards are rifles,Some safety hazards are guns,NA,5594,Darii,1,1,0,0
2_43,2,N1-c-M1,43,0,rock,Homonymy,Dimatis,4,2,Some marble is rock,All rock is music,Some music is marble,NA,2082,Dimatis,0,1,0,0
2_44,2,N1-c-M1,44,0,ring,Homonymy,Datisi,4,2,All rings are sounds,Some rings are accessories,Some accessories are sounds,NA,4355,Datisi,0,1,0,0
2_45,2,N1-c-M1,45,1,colors,Invalid Filler,Darii*,4,2,Some pastels are colors,All shades of neon green are colors ,Some shades of neon green are pastels,NA,3191,Darii,0,0,0,0
2_46,2,N1-c-M1,46,0,novel,Polysemy,Datisi,4,2,All novels are flammable,Some novels are debuts,Some debuts are flammable,NA,2540,Datisi,0,1,0,0
2_47,2,N1-c-M1,47,1,singers,Valid Filler,Datisi,4,2,All singers are performers,Some singers are men,Some men are performers,NA,3671,Datisi,1,1,0,0
2_48,2,N1-c-M1,48,0,city,Polysemy,Dimatis,4,2,Some bureaucracies are cities,All cities are graffitied places,Some graffitied places are bureaucracies,NA,3096,Dimatis,0,1,0,0
2_49,2,N1-c-M1,49,1,suit,Homonymy,Darii,4,2,All suits are dress attire,Some court proceedings are suits,Some court proceedings are dress attire,NA,6966,Darii,0,0,0,0
2_50,2,N1-c-M1,50,1,dresses,Invalid Filler,Datisi*,4,2,All ball gowns are dresses ,Some dresses are cocktail outfits,Some cocktail outfits are ball gowns,NA,4109,Datisi,0,0,0,0
2_51,2,N1-c-M1,51,0,dances,Invalid Filler,Datisi*,4,2,All ballets are dances ,Some dances are mating rituals,Some mating rituals are ballets ,NA,3457,Datisi,0,1,0,0
2_52,2,N1-c-M1,52,1,statues,Valid Filler,Dimatis,4,2,Some bronzes are statues,All statues are sculptures,Some sculptures are bronzes,NA,2607,Dimatis,1,1,0,0
2_53,2,N1-c-M1,53,0,match,Homonymy,Darii,4,2,All matches are combustible,Some pay-per-view broadcasts are matches,Some pay-per-view broadcasts are combustible,NA,3104,Darii,0,1,0,0
2_54,2,N1-c-M1,54,0,spices,Invalid Filler,Disamis*,4,2,Some spices are dried roots,All mustard seeds are spices ,Some mustard seeds are dried roots,NA,3491,Disamis,0,1,0,0
2_55,2,N1-c-M1,55,0,injuries,Invalid Filler,Disamis*,4,2,Some injuries are sunburns,All broken bones are injuries,Some broken bones are sunburns,NA,2939,Disamis,0,1,0,0
2_56,2,N1-c-M1,56,0,college,Polysemy,Datisi,4,2,All colleges grant degrees,Some colleges are historic buildings,Some historic buildings grant degrees,NA,3758,Datisi,0,1,0,0
3_1,3,N1-c-M1,1,0,book,Polysemy,Disamis,4,2,Some books are doorstops,All books are pieces of intellectual property,Some pieces of intellectual property are doorstops,NA,13419,Disamis,0,1,0,0
3_2,3,N1-c-M1,2,0,mothers,Invalid Filler,Datisi*,4,2,All grandmas are mothers ,Some mothers are teens,Some teens are grandmas,NA,11912,Datisi,0,1,0,0
3_3,3,N1-c-M1,3,1,funerals,Invalid Filler,Dimatis*,4,2,Some family gatherings are funerals,All anonymous burials are funerals,Some anonymous burials are family gatherings,NA,100578,Dimatis,0,0,0,0
3_4,3,N1-c-M1,4,1,peppers,Invalid Filler,Disamis*,4,2,Some peppers are yellow vegetables ,All jalapenos are peppers,Some jalapenos are yellow vegetables,NA,51159,Disamis,0,0,0,0
3_5,3,N1-c-M1,5,1,ball,Homonymy,Disamis,4,2,Some balls are senior proms,All balls are toys,Some toys are senior proms,NA,5636,Disamis,0,0,0,0
3_6,3,N1-c-M1,6,0,thieves,Invalid Filler,Disamis*,4,2,Some thieves are children,All mob bosses are thieves,Some mob bosses are children,NA,7486,Disamis,0,1,0,0
3_7,3,N1-c-M1,7,1,clowns,Valid Filler,Datisi,4,2,All clowns are entertainers,Some clowns are mimes,Some mimes are entertainers,NA,8461,Datisi,1,1,0,0
3_8,3,N1-c-M1,8,0,stones,Invalid Filler,Dimatis*,4,2,Some paperweights are stones,All boulders are stones,Some boulders are paperweights,NA,55029,Dimatis,0,1,0,0
3_9,3,N1-c-M1,9,1,dinner,Polysemy,Darii,4,2,All dinners happen after four o'clock,Some lasagnas are dinners,Some lasagnas happen after four o'clock,NA,48194,Darii,0,0,0,0
3_10,3,N1-c-M1,10,1,breakfast,Polysemy,Datisi,4,2,All breakfasts are under three hours,Some breakfasts are smoothies,Some smoothies are under three hours,NA,5862,Datisi,0,0,0,0
3_11,3,N1-c-M1,11,1,board,Homonymy,Disamis,4,2,Some boards are governing organizations,All boards are wooden planks,Some wooden planks are governing organizations,NA,9364,Disamis,0,0,0,0
3_12,3,N1-c-M1,12,1,cabinet,Homonymy,Dimatis,4,2,Some shelving units are cabinets,All cabinets are political appointments,Some political appointments are shelving units,NA,10448,Dimatis,0,0,0,0
3_13,3,N1-c-M1,13,0,school,Polysemy,Darii,4,2,All schools have classrooms,Some employers are schools,Some employers have classrooms,NA,9461,Darii,0,1,0,0
3_14,3,N1-c-M1,14,1,lunch,Polysemy,Disamis,4,2,Some lunches are breaks,All lunches are foods,Some foods are breaks,NA,21222,Disamis,0,0,0,0
3_15,3,N1-c-M1,15,1,poets,Valid Filler,Dimatis,4,2,Some teachers are poets,All poets are writers ,Some writers are teachers,NA,5187,Dimatis,1,1,0,0
3_16,3,N1-c-M1,16,1,dolls,Valid Filler,Datisi,4,2,All dolls are man made,Some dolls are toys,Some toys are man made,NA,12747,Datisi,1,1,0,0
3_17,3,N1-c-M1,17,1,bat,Homonymy,Datisi,4,2,All bats are animals,Some bats are sporting goods,Some sporting goods are animals,NA,15676,Datisi,0,0,0,0
3_18,3,N1-c-M1,18,1,ruler,Homonymy,Darii,4,2,All rulers are standard lengths,Some queens are rulers,Some queens are standard lengths,NA,6002,Darii,0,0,0,0
3_19,3,N1-c-M1,19,0,Wave,Homonymy,Disamis,4,2,Some waves are gestures,All waves are liquids,Some liquids are gestures,NA,5890,Disamis,0,1,0,0
3_20,3,N1-c-M1,20,0,trucks,Valid Filler,Disamis,4,2,Some trucks are big rigs,All trucks are vehicles,Some vehicles are big rigs,NA,8198,Disamis,1,0,0,0
3_21,3,N1-c-M1,21,0,sausages,Invalid Filler,Dimatis*,4,2,Some pizza toppings are sausages,All chili dogs are sausages,Some chili dogs are pizza toppings,NA,8190,Dimatis,0,1,0,0
3_22,3,N1-c-M1,22,1,picnic,Polysemy,Dimatis,4,2,Some summertime activities are picnics,All picnics are prepared foods,Some prepared foods are summertime activities,NA,9836,Dimatis,0,0,0,0
3_23,3,N1-c-M1,23,1,doughnuts,Valid Filler,Datisi,4,2,All doughnuts are sugary ,Some doughnuts are treats,Some treats are sugary,NA,7556,Datisi,1,1,0,0
3_24,3,N1-c-M1,24,1,suitcases,Valid Filler,Disamis,4,2,Some suitcases are bags,All suitcases are pieces of luggage,Some pieces of luggage are bags,NA,7416,Disamis,1,1,0,0
3_25,3,N1-c-M1,25,0,toilets,Invalid Filler,Darii*,4,2,All urinals are toilets,Some seats are toilets,Some seats are urinals,NA,8099,Darii,0,1,0,0
3_26,3,N1-c-M1,26,1,company,Polysemy,Disamis,4,2,Some companies are in city centers,All companies are hierarchies,Some hierarchies are in city centers,NA,9413,Disamis,0,0,0,0
3_27,3,N1-c-M1,27,1,letter,Polysemy,Dimatis,4,2,Some papers are letters,All letters are communications,Some communications are papers,NA,7869,Dimatis,0,0,0,0
3_28,3,N1-c-M1,28,1,liars,Valid Filler,Disamis,4,2,Some liars are criminals,All liars are humans,Some humans are criminals ,NA,6533,Disamis,1,1,0,0
3_29,3,N1-c-M1,29,1,change,Homonymy,Datisi,4,2,All change is money,Some change is transformation,Some transformation is money,NA,7907,Datisi,0,0,0,0
3_30,3,N1-c-M1,30,1,antiques,Invalid Filler,Datisi*,4,2,All medieval manuscripts are antiques ,Some antiques are pieces of jewelry,Some pieces of jewelry are medieval manuscripts,NA,34608,Datisi,0,0,0,0
3_31,3,N1-c-M1,31,0,ponies,Valid Filler,Dimatis,4,2,Some thoroughbreds are ponies,All ponies are neighing animals,Some neighing animals are thoroughbreds,NA,7936,Dimatis,1,0,0,0
3_32,3,N1-c-M1,32,0,actors,Invalid Filler,Dimatis*,4,2,Some women are actors,All male leads are actors,Some male leads are women,NA,20823,Dimatis,0,1,0,0
3_33,3,N1-c-M1,33,1,grapes,Valid Filler,Darii,4,2,All grapes are fruits ,Some snacks are grapes,Some snacks are fruits,NA,6225,Darii,1,1,0,0
3_34,3,N1-c-M1,34,0,shapes,Invalid Filler,Darii*,4,2,All cylinders are shapes,Some road signs are shapes,Some road signs are cylinders,NA,11481,Darii,0,1,0,0
3_35,3,N1-c-M1,35,1,burgers,Valid Filler,Darii,4,2,All burgers have protein,Some entrées are burgers,Some entrées have protein,NA,7668,Darii,1,1,0,0
3_36,3,N1-c-M1,36,1,widows,Valid Filler,Disamis,4,2,Some widows are parents,All widows are women,Some women are parents,NA,5116,Disamis,1,1,0,0
3_37,3,N1-c-M1,37,0,star,Homonymy,Dimatis,4,2,Some celestial objects are stars,All stars are famous people,Some famous people are celestial objects,NA,7246,Dimatis,0,1,0,0
3_38,3,N1-c-M1,38,0,steaks,Invalid Filler,Darii*,4,2,All rotten ribeyes are steaks,Some delicious meals are steaks,Some delicoius meals are rotten ribeyes,NA,6965,Darii,0,1,0,0
3_39,3,N1-c-M1,39,1,swords,Valid Filler,Darii,4,2,All swords are weapons,Some sharp objects are swords,Some sharp objects are weapons,NA,5960,Darii,1,1,0,0
3_40,3,N1-c-M1,40,1,mugs,Valid Filler,Dimatis,4,2,Some ceramics are mugs,All mugs are cups ,Some cups are ceramics,NA,4145,Dimatis,1,1,0,0
3_41,3,N1-c-M1,41,1,magazines,Polysemy,Darii,4,2,All magazines are recyclable,Some media corporations are magazines,Some media corporations are recyclable,NA,6663,Darii,0,0,0,0
3_42,3,N1-c-M1,42,0,rifles,Valid Filler,Darii,4,2,All rifles are guns,Some safety hazards are rifles,Some safety hazards are guns,NA,7968,Darii,1,0,0,0
3_43,3,N1-c-M1,43,1,rock,Homonymy,Dimatis,4,2,Some marble is rock,All rock is music,Some music is marble,NA,5430,Dimatis,0,0,0,0
3_44,3,N1-c-M1,44,1,ring,Homonymy,Datisi,4,2,All rings are sounds,Some rings are accessories,Some accessories are sounds,NA,7877,Datisi,0,0,0,0
3_45,3,N1-c-M1,45,1,colors,Invalid Filler,Darii*,4,2,Some pastels are colors,All shades of neon green are colors ,Some shades of neon green are pastels,NA,6854,Darii,0,0,0,0
3_46,3,N1-c-M1,46,1,novel,Polysemy,Datisi,4,2,All novels are flammable,Some novels are debuts,Some debuts are flammable,NA,6652,Datisi,0,0,0,0
3_47,3,N1-c-M1,47,1,singers,Valid Filler,Datisi,4,2,All singers are performers,Some singers are men,Some men are performers,NA,4385,Datisi,1,1,0,0
3_48,3,N1-c-M1,48,1,city,Polysemy,Dimatis,4,2,Some bureaucracies are cities,All cities are graffitied places,Some graffitied places are bureaucracies,NA,7787,Dimatis,0,0,0,0
3_49,3,N1-c-M1,49,0,suit,Homonymy,Darii,4,2,All suits are dress attire,Some court proceedings are suits,Some court proceedings are dress attire,NA,8500,Darii,0,1,0,0
3_50,3,N1-c-M1,50,0,dresses,Invalid Filler,Datisi*,4,2,All ball gowns are dresses ,Some dresses are cocktail outfits,Some cocktail outfits are ball gowns,NA,8474,Datisi,0,1,0,0
3_51,3,N1-c-M1,51,1,dances,Invalid Filler,Datisi*,4,2,All ballets are dances ,Some dances are mating rituals,Some mating rituals are ballets ,NA,15842,Datisi,0,0,0,0
3_52,3,N1-c-M1,52,1,statues,Valid Filler,Dimatis,4,2,Some bronzes are statues,All statues are sculptures,Some sculptures are bronzes,NA,18698,Dimatis,1,1,0,0
3_53,3,N1-c-M1,53,1,match,Homonymy,Darii,4,2,All matches are combustible,Some pay-per-view broadcasts are matches,Some pay-per-view broadcasts are combustible,NA,11538,Darii,0,0,0,0
3_54,3,N1-c-M1,54,1,spices,Invalid Filler,Disamis*,4,2,Some spices are dried roots,All mustard seeds are spices ,Some mustard seeds are dried roots,NA,9430,Disamis,0,0,0,0
3_55,3,N1-c-M1,55,0,injuries,Invalid Filler,Disamis*,4,2,Some injuries are sunburns,All broken bones are injuries,Some broken bones are sunburns,NA,7165,Disamis,0,1,0,0
3_56,3,N1-c-M1,56,1,college,Polysemy,Datisi,4,2,All colleges grant degrees,Some colleges are historic buildings,Some historic buildings grant degrees,NA,9274,Datisi,0,0,0,0
4_1,4,N1-c-M1,1,1,rock,Homonymy,Darii,2,1,All rock has guitars,Some marble is rock,Some marble has guitars,NA,28207,Darii,0,0,0,0
4_2,4,N1-c-M1,2,1,trucks,Valid Filler,Datisi,2,1,All trucks are vehicles,Some trucks are big rigs,Some big rigs are vehicles,NA,21060,Datisi,1,1,0,0
4_3,4,N1-c-M1,3,1,star,Homonymy,Darii,2,1,All stars have autographs,Some red dwarfs are stars,Some red dwarfs have autographs,NA,18064,Darii,0,0,0,0
4_4,4,N1-c-M1,4,0,injuries,Invalid Filler,Datisi*,2,1,All broken bones are injuries,Some injuries are sunburns,Some sunburns are broken bones,NA,18684,Datisi,0,1,0,0
4_5,4,N1-c-M1,5,1,peppers,Invalid Filler,Datisi*,2,1,All jalapenos are peppers,Some peppers are yellow vegetables ,Some yellow vegetables are jalapenos,NA,14479,Datisi,0,0,0,0
4_6,4,N1-c-M1,6,1,grapes,Valid Filler,Dimatis,2,1,Some snacks are grapes,All grapes are fruits ,Some fruits are snacks,NA,15925,Dimatis,1,1,0,0
4_7,4,N1-c-M1,7,0,spices,Invalid Filler,Datisi*,2,1,All mustard seeds are spices ,Some spices are dried roots ,Some dried roots are mustard seeds,NA,21050,Datisi,0,1,0,0
4_8,4,N1-c-M1,8,1,city,Polysemy,Darii,2,1,All cities are bureaucracies,Some graffitied places are cities,Some graffitied places are bureaucracies,NA,20868,Darii,0,0,0,0
4_9,4,N1-c-M1,9,0,sausages,Invalid Filler,Darii*,2,1,All chili dogs are sausages,Some pizza toppings are sausages,Some pizza toppings are chili dogs,NA,17250,Darii,0,1,0,0
4_10,4,N1-c-M1,10,0,lunch,Polysemy,Datisi,2,1,All lunches are breaks,Some lunches are soups,Some soups are breaks,NA,16182,Datisi,0,1,0,0
4_11,4,N1-c-M1,11,0,ring,Homonymy,Disamis,2,1,Some rings are made of gold,All rings are sounds,Some sounds are made of gold,NA,15646,Disamis,0,1,0,0
4_12,4,N1-c-M1,12,1,doughnuts,Valid Filler,Disamis,2,1,Some doughnuts are glazed,All doughnuts are sugary foods,Some sugary foods are glazed,NA,15538,Disamis,1,1,0,0
4_13,4,N1-c-M1,13,0,board,Homonymy,Datisi,2,1,All boards are wooden planks,Some boards are governing organizations,Some governing organizations are wooden planks,NA,17562,Datisi,0,1,0,0
4_14,4,N1-c-M1,14,1,college,Polysemy,Disamis,2,1,Some colleges have chancellors,All colleges are groups of buildings,Some groups of buildings have chancellors,NA,14663,Disamis,0,0,0,0
4_15,4,N1-c-M1,15,0,toilets,Invalid Filler,Dimatis*,2,1,Some seats are toilets ,All urinals are toilets,Some urinals are seats,NA,18986,Dimatis,0,1,0,0
4_16,4,N1-c-M1,16,0,company,Polysemy,Datisi,2,1,All companies are buildings,Some companies are hierarchies,Some hierarchies are buildings,NA,14694,Datisi,0,1,0,0
4_17,4,N1-c-M1,17,1,ponies,Valid Filler,Darii,2,1,All ponies neigh,Some thoroughbreds are ponies,Some thoroughbreds neigh,NA,14725,Darii,1,1,0,0
4_18,4,N1-c-M1,18,0,match,Homonymy,Dimatis,2,1,Some pay-per-view broadcasts are matches,All matches are fire starters,Some fire starters are pay-per-view broadcasts,NA,15582,Dimatis,0,1,0,0
4_19,4,N1-c-M1,19,1,rifles,Valid Filler,Dimatis,2,1,Some safety hazards are rifles,All rifles are guns,Some guns are safety hazards,NA,14802,Dimatis,1,1,0,0
4_20,4,N1-c-M1,20,1,letter,Polysemy,Darii,2,1,All letters have stamps,Some rejections are letters,Some rejections have stamps,NA,37046,Darii,0,0,0,0
4_21,4,N1-c-M1,21,0,funerals,Invalid Filler,Darii*,2,1,All anonymous burials are funerals,Some family gatherings are funerals,Some family gatherings are anonymous burials,NA,15982,Darii,0,1,0,0
4_22,4,N1-c-M1,22,1,dolls,Valid Filler,Disamis,2,1,Some dolls are toys,All dolls are man made objects,Some man made objects are toys,NA,12893,Disamis,1,1,0,0
4_23,4,N1-c-M1,23,1,school,Polysemy,Dimatis,2,1,Some rectangular buildings are schools,All schools are employers,Some employers are rectangular buildings,NA,13526,Dimatis,0,0,0,0
4_24,4,N1-c-M1,24,1,statues,Valid Filler,Darii,2,1,All statues are sculptures,Some artworks are statues,Some artworks are sculptures,NA,16032,Darii,1,1,0,0
4_25,4,N1-c-M1,25,0,wave,Homonymy,Datisi,2,1,All waves are water,Some waves are gestures,Some gestures are water,NA,21196,Datisi,0,1,0,0
4_26,4,N1-c-M1,26,0,colors,Invalid Filler,Dimatis*,2,1,Some pastels are colors,All shade of neon green are colors ,Some shades of neon green are pastels,NA,16071,Dimatis,0,1,0,0
4_27,4,N1-c-M1,27,1,book,Polysemy,Datisi,2,1,All books are printed,Some books are romances,Some romances are printed,NA,14144,Datisi,0,0,0,0
4_28,4,N1-c-M1,28,1,clowns,Valid Filler,Disamis,2,1,Some clowns are mimes,All clowns are entertainers,Some entertainers are mimes,NA,15155,Disamis,1,1,0,0
4_29,4,N1-c-M1,29,0,picnic,Polysemy,Darii,2,1,All picnics happen in nature,Some salads are picnics,Some salads happen in nature,NA,14208,Darii,0,1,0,0
4_30,4,N1-c-M1,30,0,suit,Homonymy,Dimatis,2,1,Some court proceedings are suits,All suits are formal outfits,Some formal outfits are court proceedings,NA,17280,Dimatis,0,1,0,0
4_31,4,N1-c-M1,31,1,swords,Valid Filler,Dimatis,2,1,Some sharp things are swords,All swords are weapons,Some weapons are sharp things,NA,18749,Dimatis,1,1,0,0
4_32,4,N1-c-M1,32,0,steaks,Invalid Filler,Dimatis*,2,1,Some delicious entrées are steaks,All rotten ribeyes are steaks,Some rotten ribeyes are delicious entrées,NA,14507,Dimatis,0,1,0,0
4_33,4,N1-c-M1,33,1,singers,Valid Filler,Disamis,2,1,Some singers are guitarists,All singers are vocalists,Some vocalists are guitarists,NA,14448,Disamis,1,1,0,0
4_34,4,N1-c-M1,34,0,dresses,Invalid Filler,Disamis*,2,1,Some dresses are cocktail outfits,All ball gowns are dresses ,Some ball gowns are cocktail outfits,NA,30247,Disamis,0,1,0,0
4_35,4,N1-c-M1,35,0,change,Homonymy,Disamis,2,1,Some change is transformation,All change is money,Some money is transformation,NA,19032,Disamis,0,1,0,0
4_36,4,N1-c-M1,36,0,ruler,Homonymy,Dimatis,2,1,Some queens are rulers,All rulers are standard lengths,Some standard lengths are queens,NA,14368,Dimatis,0,1,0,0
4_37,4,N1-c-M1,37,0,breakfast,Polysemy,Disamis,2,1,Some breakfasts are under an hour,All breakfasts are nutrients,Some nutrients are under an hour,NA,20659,Disamis,0,1,0,0
4_38,4,N1-c-M1,38,1,poets,Valid Filler,Darii,2,1,All poets are writers ,Some teachers are poets,Some teachers are writers,NA,3707,Darii,1,1,0,0
4_39,4,N1-c-M1,39,0,dinner,Polysemy,Dimatis,2,1,Some black tie events are dinners,All dinners are foods,Some foods are black tie events,NA,20447,Dimatis,0,1,0,0
4_40,4,N1-c-M1,40,1,liars,Valid Filler,Datisi,2,1,All liars are humans,Some liars are criminals,Some criminals are humans,NA,15445,Datisi,1,1,0,0
4_41,4,N1-c-M1,41,0,ball,Homonymy,Datisi,2,1,All balls are toys,Some balls are senior proms,Some senior proms are toys,NA,14285,Datisi,0,1,0,0
4_42,4,N1-c-M1,42,0,thieves,Invalid Filler,Datisi*,2,1,All mob bosses are thieves,Some thieves are children,Some children are mob bosses,NA,19434,Datisi,0,1,0,0
4_43,4,N1-c-M1,43,1,widows,Valid Filler,Datisi,2,1,All widows are women,Some widows are parents,Some parents are women,NA,3542,Datisi,1,1,0,0
4_44,4,N1-c-M1,44,1,shapes,Invalid Filler,Dimatis*,2,1,Some road signs are shapes,All cylinders are shapes,Some cylinders are road signs,NA,18180,Dimatis,0,0,0,0
4_45,4,N1-c-M1,45,0,bat,Homonymy,Disamis,2,1,Some bats are made for softball,All bats are animals,Some animals are made for softball,NA,26374,Disamis,0,1,0,0
4_46,4,N1-c-M1,46,1,suitcases,Valid Filler,Datisi,2,1,All suitcases are pieces of luggage,Some suitcases are bags,Some bags are pieces of luggage,NA,3408,Datisi,1,1,0,0
4_47,4,N1-c-M1,47,0,actors,Invalid Filler,Darii*,2,1,All male leads are actors,Some women are actors,Some women are male leads,NA,3201,Darii,0,1,0,0
4_48,4,N1-c-M1,48,1,dances,Invalid Filler,Disamis*,2,1,Some dances are mating rituals ,All ballets are dances,Some ballets are mating rituals ,NA,14290,Disamis,0,0,0,0
4_49,4,N1-c-M1,49,1,mugs,Valid Filler,Darii,2,1,All mugs are cups ,Some ceramics are mugs,Some ceramics are cups ,NA,15284,Darii,1,1,0,0
4_50,4,N1-c-M1,50,0,antiques,Invalid Filler,Disamis*,2,1,Some antiques are pieces of jewelry,All medieval manuscripts are antiques ,Some medieval manuscripts are pieces of jewelry,NA,15570,Disamis,0,1,0,0
4_51,4,N1-c-M1,51,1,burgers,Valid Filler,Dimatis,2,1,Some entrées are burgers,All burgers are sandwiches,Some sandwiches are entrées,NA,14451,Dimatis,1,1,0,0
4_52,4,N1-c-M1,52,0,magazines,Polysemy,Dimatis,2,1,Some recyclables are magazines,All magazines are subscriptions,Some subscriptions are recyclables,NA,15547,Dimatis,0,1,0,0
4_53,4,N1-c-M1,53,1,novel,Polysemy,Disamis,2,1,Some novels weigh over a pound,All novels are stories,Some stories weigh over a pound,NA,15234,Disamis,0,0,0,0
4_54,4,N1-c-M1,54,1,mothers,Invalid Filler,Disamis*,2,1,Some mothers are teens,All grandmas are mothers,Some grandmas are teens,NA,16050,Disamis,0,0,0,0
4_55,4,N1-c-M1,55,0,stones,Invalid Filler,Darii*,2,1,All boulders are stones,Some paperweights are stones,Some paperweights are boulders,NA,16606,Darii,0,1,0,0
4_56,4,N1-c-M1,56,0,cabinet,Homonymy,Darii,2,1,All cabinets are political appointments,Some shelving units are cabinets,Some shelving units are political appointments,NA,16032,Darii,0,1,0,0
5_1,5,N1-c-M1,1,0,letter,Polysemy,Disamis,3,2,Some letters are crumpled,All letters are communications,Some communications are crumpled,NA,43762,Disamis,0,1,0,0
5_2,5,N1-c-M1,2,0,toilets,Invalid Filler,Datisi*,3,2,All outhouses are toilets,Some toilets are urinals ,Some urinals are outhouses,NA,67478,Datisi,0,1,0,0
5_3,5,N1-c-M1,3,1,dresses,Invalid Filler,Dimatis*,3,2,Some cocktail outfits are dresses,All ball gowns are dresses ,Some ball gowns are cocktail outfits,NA,25231,Dimatis,0,0,0,0
5_4,5,N1-c-M1,4,0,stones,Invalid Filler,Disamis*,3,2,Some stones are pebbles,All boulders are stones,Some boulders are pebbles,NA,24751,Disamis,0,1,0,0
5_5,5,N1-c-M1,5,0,cabinet,Homonymy,Disamis,3,2,Some cabinets are antique furniture,All cabinets are political appointments,Some political appointments are antique furniture,NA,30446,Disamis,0,1,0,0
5_6,5,N1-c-M1,6,0,sausages,Invalid Filler,Disamis*,3,2,Some sausages are chili dogs,All pepperonis are sausages,Some pepperonis are chili dogs,NA,25566,Disamis,0,1,0,0
5_7,5,N1-c-M1,7,1,rifles,Valid Filler,Datisi,3,2,All rifles are guns,Some rifles are safety hazards,Some safety hazards are guns,NA,60879,Datisi,1,1,0,0
5_8,5,N1-c-M1,8,1,dances,Invalid Filler,Dimatis*,3,2,Some mating rituals are dances,All ballets are dances ,Some ballets are mating rituals ,NA,28616,Dimatis,0,0,0,0
5_9,5,N1-c-M1,9,0,lunch,Polysemy,Darii,3,2,All lunches are breaks,Some sandwiches are lunches,Some sandwiches are breaks ,NA,28032,Darii,0,1,0,0
5_10,5,N1-c-M1,10,1,dinner,Polysemy,Datisi,3,2,All dinners happen after four o'clock,Some dinners are meatloafs,Some meatloafs happen after four o'clock,NA,24422,Datisi,0,0,0,0
5_11,5,N1-c-M1,11,0,rock,Homonymy,Disamis,3,2,Some rock is marble,All rock is music,Some music is marble,NA,22719,Disamis,0,1,0,0
5_12,5,N1-c-M1,12,0,ring,Homonymy,Dimatis,3,2,Some accessories are rings,All rings are sounds,Some sounds are accessories,NA,30823,Dimatis,0,1,0,0
5_13,5,N1-c-M1,13,0,company,Polysemy,Darii,3,2,All companies are buildings,Some tech giants are companies,Some tech giants are buildings,NA,37990,Darii,0,1,0,0
5_14,5,N1-c-M1,14,1,picnic,Polysemy,Disamis,3,2,Some picnics are romantic,All picnics are prepared foods,Some prepared foods are romantic,NA,57519,Disamis,0,0,0,0
5_15,5,N1-c-M1,15,1,dolls,Valid Filler,Dimatis,3,2,Some toys are dolls ,All dolls are man made objects,Some man made objects are toys,NA,55231,Dimatis,1,1,0,0
5_16,5,N1-c-M1,16,1,grapes,Valid Filler,Datisi,3,2,All grapes are fruits,Some grapes are snacks,Some snacks are fruits ,NA,28287,Datisi,1,1,0,0
5_17,5,N1-c-M1,17,0,suit,Homonymy,Datisi,3,2,All suits are dress attire,Some suits are court proceedings,Some court proceedings are dress attire,NA,23031,Datisi,0,1,0,0
5_18,5,N1-c-M1,18,0,ball,Homonymy,Darii,3,2,All balls are toys,Some birthday parties are balls,Some senior proms are toys,NA,29006,Darii,0,1,0,0
5_19,5,N1-c-M1,19,0,star,Homonymy,Disamis,3,2,Some stars are red dwarfs,All stars are famous people,Some famous people are red dwarfs,NA,28030,Disamis,0,1,0,0
5_20,5,N1-c-M1,20,1,mugs,Valid Filler,Disamis,3,2,Some mugs are ceramics,All mugs are cups ,Some cups are ceramics,NA,33167,Disamis,1,1,0,0
5_21,5,N1-c-M1,21,-99,mothers,Invalid Filler,Dimatis*,3,2,Some teens are mothers,All grandmas are mothers ,Some grandmas are teens,NA,120002,Dimatis,0,0,0,1
5_22,5,N1-c-M1,22,0,breakfast,Polysemy,Dimatis,3,2,Some meetings are breakfasts,All breakfasts are nutrients,Some nutrients are meetings,NA,11912,Dimatis,0,1,0,0
5_23,5,N1-c-M1,23,1,swords,Valid Filler,Datisi,3,2,All swords are weapons,Some swords are museum pieces,Some museum pieces are weapons,NA,4125,Datisi,1,1,0,0
5_24,5,N1-c-M1,24,1,statues,Valid Filler,Disamis,3,2,Some statues are bronzes,All statues are sculptures,Some sculptures are bronzes,NA,4161,Disamis,1,1,0,0
5_25,5,N1-c-M1,25,0,thieves,Invalid Filler,Darii*,3,2,All mob bosses are thieves,Some children are thieves,Some children are mob bosses,NA,117557,Darii,0,1,0,0
5_26,5,N1-c-M1,26,0,city,Polysemy,Disamis,3,2,Some cities are corrupt,All cities are groups of buildings,Some groups of buildings are corrupt,NA,11959,Disamis,0,1,0,0
5_27,5,N1-c-M1,27,0,novel,Polysemy,Dimatis,3,2,Some flammable objects are novels,All novels are fictions,Some fictions are flammable objects,NA,16742,Dimatis,0,1,0,0
5_28,5,N1-c-M1,28,1,poets,Valid Filler,Disamis,3,2,Some poets are teachers,All poets are writers ,Some writers are teachers,NA,11992,Disamis,1,1,0,0
5_29,5,N1-c-M1,29,0,match,Homonymy,Datisi,3,2,All matches are combustible,Some matches are pay-per-view broadcasts,Some pay-per-view broadcasts are combustible,NA,14519,Datisi,0,1,0,0
5_30,5,N1-c-M1,30,0,colors,Invalid Filler,Datisi*,3,2,All shades of neon green are colors ,Some colors are pastels,Some pastels are shades of neon green ,NA,13646,Datisi,0,1,0,0
5_31,5,N1-c-M1,31,1,singers,Valid Filler,Dimatis,3,2,Some YouTubers are singers,All singers are musicians,Some musicians are YouTubers,NA,12158,Dimatis,1,1,0,0
5_32,5,N1-c-M1,32,0,antiques,Invalid Filler,Dimatis*,3,2,Some pieces of jewelry are antiques,All medieval manuscripts are antiques  ,Some medieval manuscripts are pieces of jewelry,NA,14631,Dimatis,0,1,0,0
5_33,5,N1-c-M1,33,1,liars,Valid Filler,Darii,3,2,All liars are humans,Some criminals are liars ,Some criminals are humans,NA,31256,Darii,1,1,0,0
5_34,5,N1-c-M1,34,0,peppers,Invalid Filler,Darii*,3,2,All jalapenos are peppers ,Some yellow vegetables are peppers,Some yellow vegetables are jalapenos,NA,11766,Darii,0,1,0,0
5_35,5,N1-c-M1,35,1,widows,Valid Filler,Darii,3,2,All widows are women,Some parents are widows ,Some parents are women,NA,3943,Darii,1,1,0,0
5_36,5,N1-c-M1,36,1,ponies,Valid Filler,Disamis,3,2,Some ponies are thoroughbreds,All ponies are neighing animals,Some neighing animals are thoroughbreds,NA,10968,Disamis,1,1,0,0
5_37,5,N1-c-M1,37,0,change,Homonymy,Dimatis,3,2,Some transformation is change,All change is money,Some money is transformation,NA,13318,Dimatis,0,1,0,0
5_38,5,N1-c-M1,38,0,spices,Invalid Filler,Darii*,3,2,All mustard seeds are spices,Some dried roots are spices ,Some dried roots are mustard seeds,NA,12391,Darii,0,1,0,0
5_39,5,N1-c-M1,39,1,trucks,Valid Filler,Darii,3,2,All trucks are vehicles,Some cars are trucks ,Some cars are vehicles,NA,12519,Darii,1,1,0,0
5_40,5,N1-c-M1,40,1,doughnuts,Valid Filler,Dimatis,3,2,Some pastries are doughnuts ,All doughnuts are sugary foods,Some sugary foods are pastries,NA,12485,Dimatis,1,1,0,0
5_41,5,N1-c-M1,41,1,book,Polysemy,Darii,3,2,All books are bound,Some exposés are books,Some exposés are bound,NA,12672,Darii,0,0,0,0
5_42,5,N1-c-M1,42,1,suitcases,Valid Filler,Darii,3,2,All suitcases are luggage,Some bags are suitcases,Some bags are luggage,NA,13727,Darii,1,1,0,0
5_43,5,N1-c-M1,43,0,bat,Homonymy,Dimatis,3,2,Some sporting goods are bats,All bats are animals,Some animals are sporting goods,NA,11503,Dimatis,0,1,0,0
5_44,5,N1-c-M1,44,0,ruler,Homonymy,Datisi,3,2,All rulers are standard lengths,Some rulers are queens,Some queens are standard lengths,NA,10959,Datisi,0,1,0,0
5_45,5,N1-c-M1,45,0,injuries,Invalid Filler,Darii*,3,2,All broken bones are injuries,Some sunburns are injuries,Some sunburns are broken bones,NA,11374,Darii,0,1,0,0
5_46,5,N1-c-M1,46,0,magazines,Polysemy,Datisi,3,2,All magazines are recyclable,Some magazines are media corporations ,Some media corporations are recyclable,NA,13256,Datisi,0,1,0,0
5_47,5,N1-c-M1,47,1,burgers,Valid Filler,Datisi,3,2,All burgers have protein,Some burgers are drive-thru orders,Some drive-thru orders have protein,NA,13479,Datisi,1,1,0,0
5_48,5,N1-c-M1,48,0,college,Polysemy,Dimatis,3,2,Some funding sources are colleges,All colleges are places filled with desks,Some places filled with desks are funding sources,NA,14487,Dimatis,0,1,0,0
5_49,5,N1-c-M1,49,0,board,Homonymy,Darii,3,2,All boards are wooden planks,Some governing organizations are boards,Some governing organizations are wooden planks,NA,13583,Darii,0,1,0,0
5_50,5,N1-c-M1,50,0,steaks,Invalid Filler,Datisi*,3,2,All rotten ribeyes are steaks,Some steaks are delicious meals,Some delicious meals are rotten ribeyes,NA,12255,Datisi,0,1,0,0
5_51,5,N1-c-M1,51,0,shapes,Invalid Filler,Datisi*,3,2,All road signs are shapes,Some shapes are cylinders,Some cylinders are road signs,NA,13881,Datisi,0,1,0,0
5_52,5,N1-c-M1,52,1,clowns,Valid Filler,Dimatis,3,2,Some jugglers are clowns ,All clowns are performers,Some performers are jugglers,NA,13325,Dimatis,1,1,0,0
5_53,5,N1-c-M1,53,0,Wave,Homonymy,Darii,3,2,All waves are water,Some gestures are waves,Some gestures are water,NA,13231,Darii,0,1,0,0
5_54,5,N1-c-M1,54,0,funerals,Invalid Filler,Disamis*,3,2,Some funerals are family gatherings,All anonymous burials are funerals,Some anonymous burials are family gatherings,NA,13351,Disamis,0,1,0,0
5_55,5,N1-c-M1,55,0,actors,Invalid Filler,Disamis*,3,2,Some actors are women,All male leads are actors,Some male leads are women,NA,15064,Disamis,0,1,0,0
5_56,5,N1-c-M1,56,1,school,Polysemy,Datisi,3,2,All schools have hallways,Some schools are employers,Some employers have hallways,NA,12559,Datisi,0,0,0,0
6_1,6,N1-c-M1,1,1,letter,Polysemy,Disamis,3,2,Some letters are crumpled,All letters are communications,Some communications are crumpled,NA,5577,Disamis,0,0,0,0
6_2,6,N1-c-M1,2,0,toilets,Invalid Filler,Datisi*,3,2,All outhouses are toilets,Some toilets are urinals ,Some urinals are outhouses,NA,5215,Datisi,0,1,0,0
6_3,6,N1-c-M1,3,1,dresses,Invalid Filler,Dimatis*,3,2,Some cocktail outfits are dresses,All ball gowns are dresses ,Some ball gowns are cocktail outfits,NA,3535,Dimatis,0,0,0,0
6_4,6,N1-c-M1,4,1,stones,Invalid Filler,Disamis*,3,2,Some stones are pebbles,All boulders are stones,Some boulders are pebbles,NA,2389,Disamis,0,0,0,0
6_5,6,N1-c-M1,5,0,cabinet,Homonymy,Disamis,3,2,Some cabinets are antique furniture,All cabinets are political appointments,Some political appointments are antique furniture,NA,1959,Disamis,0,1,0,0
6_6,6,N1-c-M1,6,0,sausages,Invalid Filler,Disamis*,3,2,Some sausages are chili dogs,All pepperonis are sausages,Some pepperonis are chili dogs,NA,1807,Disamis,0,1,0,0
6_7,6,N1-c-M1,7,1,rifles,Valid Filler,Datisi,3,2,All rifles are guns,Some rifles are safety hazards,Some safety hazards are guns,NA,2031,Datisi,1,1,0,0
6_8,6,N1-c-M1,8,1,dances,Invalid Filler,Dimatis*,3,2,Some mating rituals are dances,All ballets are dances ,Some ballets are mating rituals ,NA,1888,Dimatis,0,0,0,0
6_9,6,N1-c-M1,9,0,lunch,Polysemy,Darii,3,2,All lunches are breaks,Some sandwiches are lunches,Some sandwiches are breaks ,NA,1736,Darii,0,1,0,0
6_10,6,N1-c-M1,10,0,dinner,Polysemy,Datisi,3,2,All dinners happen after four o'clock,Some dinners are meatloafs,Some meatloafs happen after four o'clock,NA,3782,Datisi,0,1,0,0
6_11,6,N1-c-M1,11,1,rock,Homonymy,Disamis,3,2,Some rock is marble,All rock is music,Some music is marble,NA,2335,Disamis,0,0,0,0
6_12,6,N1-c-M1,12,0,ring,Homonymy,Dimatis,3,2,Some accessories are rings,All rings are sounds,Some sounds are accessories,NA,1737,Dimatis,0,1,0,0
6_13,6,N1-c-M1,13,0,company,Polysemy,Darii,3,2,All companies are buildings,Some tech giants are companies,Some tech giants are buildings,NA,1518,Darii,0,1,0,0
6_14,6,N1-c-M1,14,0,picnic,Polysemy,Disamis,3,2,Some picnics are romantic,All picnics are prepared foods,Some prepared foods are romantic,NA,1976,Disamis,0,1,0,0
6_15,6,N1-c-M1,15,0,dolls,Valid Filler,Dimatis,3,2,Some toys are dolls ,All dolls are man made objects,Some man made objects are toys,NA,2081,Dimatis,1,0,0,0
6_16,6,N1-c-M1,16,0,grapes,Valid Filler,Datisi,3,2,All grapes are fruits,Some grapes are snacks,Some snacks are fruits ,NA,2078,Datisi,1,0,0,0
6_17,6,N1-c-M1,17,0,suit,Homonymy,Datisi,3,2,All suits are dress attire,Some suits are court proceedings,Some court proceedings are dress attire,NA,1694,Datisi,0,1,0,0
6_18,6,N1-c-M1,18,0,ball,Homonymy,Darii,3,2,All balls are toys,Some birthday parties are balls,Some senior proms are toys,NA,2000,Darii,0,1,0,0
6_19,6,N1-c-M1,19,0,star,Homonymy,Disamis,3,2,Some stars are red dwarfs,All stars are famous people,Some famous people are red dwarfs,NA,1920,Disamis,0,1,0,0
6_20,6,N1-c-M1,20,0,mugs,Valid Filler,Disamis,3,2,Some mugs are ceramics,All mugs are cups ,Some cups are ceramics,NA,2006,Disamis,1,0,0,0
6_21,6,N1-c-M1,21,0,mothers,Invalid Filler,Dimatis*,3,2,Some teens are mothers,All grandmas are mothers ,Some grandmas are teens,NA,2207,Dimatis,0,1,0,0
6_22,6,N1-c-M1,22,0,breakfast,Polysemy,Dimatis,3,2,Some meetings are breakfasts,All breakfasts are nutrients,Some nutrients are meetings,NA,1832,Dimatis,0,1,0,0
6_23,6,N1-c-M1,23,0,swords,Valid Filler,Datisi,3,2,All swords are weapons,Some swords are museum pieces,Some museum pieces are weapons,NA,1709,Datisi,1,0,0,0
6_24,6,N1-c-M1,24,1,statues,Valid Filler,Disamis,3,2,Some statues are bronzes,All statues are sculptures,Some sculptures are bronzes,NA,2415,Disamis,1,1,0,0
6_25,6,N1-c-M1,25,1,thieves,Invalid Filler,Darii*,3,2,All mob bosses are thieves,Some children are thieves,Some children are mob bosses,NA,3625,Darii,0,0,0,0
6_26,6,N1-c-M1,26,1,city,Polysemy,Disamis,3,2,Some cities are corrupt,All cities are groups of buildings,Some groups of buildings are corrupt,NA,2137,Disamis,0,0,0,0
6_27,6,N1-c-M1,27,1,novel,Polysemy,Dimatis,3,2,Some flammable objects are novels,All novels are fictions,Some fictions are flammable objects,NA,2236,Dimatis,0,0,0,0
6_28,6,N1-c-M1,28,1,poets,Valid Filler,Disamis,3,2,Some poets are teachers,All poets are writers ,Some writers are teachers,NA,2151,Disamis,1,1,0,0
6_29,6,N1-c-M1,29,0,match,Homonymy,Datisi,3,2,All matches are combustible,Some matches are pay-per-view broadcasts,Some pay-per-view broadcasts are combustible,NA,2071,Datisi,0,1,0,0
6_30,6,N1-c-M1,30,0,colors,Invalid Filler,Datisi*,3,2,All shades of neon green are colors ,Some colors are pastels,Some pastels are shades of neon green ,NA,4591,Datisi,0,1,0,0
6_31,6,N1-c-M1,31,0,singers,Valid Filler,Dimatis,3,2,Some YouTubers are singers,All singers are musicians,Some musicians are YouTubers,NA,3088,Dimatis,1,0,0,0
6_32,6,N1-c-M1,32,0,antiques,Invalid Filler,Dimatis*,3,2,Some pieces of jewelry are antiques,All medieval manuscripts are antiques  ,Some medieval manuscripts are pieces of jewelry,NA,3742,Dimatis,0,1,0,0
6_33,6,N1-c-M1,33,1,liars,Valid Filler,Darii,3,2,All liars are humans,Some criminals are liars ,Some criminals are humans,NA,4407,Darii,1,1,0,0
6_34,6,N1-c-M1,34,1,peppers,Invalid Filler,Darii*,3,2,All jalapenos are peppers ,Some yellow vegetables are peppers,Some yellow vegetables are jalapenos,NA,5239,Darii,0,0,0,0
6_35,6,N1-c-M1,35,1,widows,Valid Filler,Darii,3,2,All widows are women,Some parents are widows ,Some parents are women,NA,3967,Darii,1,1,0,0
6_36,6,N1-c-M1,36,1,ponies,Valid Filler,Disamis,3,2,Some ponies are thoroughbreds,All ponies are neighing animals,Some neighing animals are thoroughbreds,NA,2241,Disamis,1,1,0,0
6_37,6,N1-c-M1,37,1,change,Homonymy,Dimatis,3,2,Some transformation is change,All change is money,Some money is transformation,NA,5775,Dimatis,0,0,0,0
6_38,6,N1-c-M1,38,1,spices,Invalid Filler,Darii*,3,2,All mustard seeds are spices,Some dried roots are spices ,Some dried roots are mustard seeds,NA,2038,Darii,0,0,0,0
6_39,6,N1-c-M1,39,1,trucks,Valid Filler,Darii,3,2,All trucks are vehicles,Some cars are trucks ,Some cars are vehicles,NA,1936,Darii,1,1,0,0
6_40,6,N1-c-M1,40,1,doughnuts,Valid Filler,Dimatis,3,2,Some pastries are doughnuts ,All doughnuts are sugary foods,Some sugary foods are pastries,NA,3887,Dimatis,1,1,0,0
6_41,6,N1-c-M1,41,1,book,Polysemy,Darii,3,2,All books are bound,Some exposés are books,Some exposés are bound,NA,4751,Darii,0,0,0,0
6_42,6,N1-c-M1,42,1,suitcases,Valid Filler,Darii,3,2,All suitcases are luggage,Some bags are suitcases,Some bags are luggage,NA,2321,Darii,1,1,0,0
6_43,6,N1-c-M1,43,0,bat,Homonymy,Dimatis,3,2,Some sporting goods are bats,All bats are animals,Some animals are sporting goods,NA,2558,Dimatis,0,1,0,0
6_44,6,N1-c-M1,44,1,ruler,Homonymy,Datisi,3,2,All rulers are standard lengths,Some rulers are queens,Some queens are standard lengths,NA,2239,Datisi,0,0,0,0
6_45,6,N1-c-M1,45,1,injuries,Invalid Filler,Darii*,3,2,All broken bones are injuries,Some sunburns are injuries,Some sunburns are broken bones,NA,3878,Darii,0,0,0,0
6_46,6,N1-c-M1,46,1,magazines,Polysemy,Datisi,3,2,All magazines are recyclable,Some magazines are media corporations ,Some media corporations are recyclable,NA,5575,Datisi,0,0,0,0
6_47,6,N1-c-M1,47,0,burgers,Valid Filler,Datisi,3,2,All burgers have protein,Some burgers are drive-thru orders,Some drive-thru orders have protein,NA,1768,Datisi,1,0,0,0
6_48,6,N1-c-M1,48,1,college,Polysemy,Dimatis,3,2,Some funding sources are colleges,All colleges are places filled with desks,Some places filled with desks are funding sources,NA,2377,Dimatis,0,0,0,0
6_49,6,N1-c-M1,49,1,board,Homonymy,Darii,3,2,All boards are wooden planks,Some governing organizations are boards,Some governing organizations are wooden planks,NA,4605,Darii,0,0,0,0
6_50,6,N1-c-M1,50,0,steaks,Invalid Filler,Datisi*,3,2,All rotten ribeyes are steaks,Some steaks are delicious meals,Some delicious meals are rotten ribeyes,NA,1697,Datisi,0,1,0,0
6_51,6,N1-c-M1,51,1,shapes,Invalid Filler,Datisi*,3,2,All road signs are shapes,Some shapes are cylinders,Some cylinders are road signs,NA,2437,Datisi,0,0,0,0
6_52,6,N1-c-M1,52,1,clowns,Valid Filler,Dimatis,3,2,Some jugglers are clowns ,All clowns are performers,Some performers are jugglers,NA,2248,Dimatis,1,1,0,0
6_53,6,N1-c-M1,53,1,Wave,Homonymy,Darii,3,2,All waves are water,Some gestures are waves,Some gestures are water,NA,2575,Darii,0,0,0,0
6_54,6,N1-c-M1,54,0,funerals,Invalid Filler,Disamis*,3,2,Some funerals are family gatherings,All anonymous burials are funerals,Some anonymous burials are family gatherings,NA,3366,Disamis,0,1,0,0
6_55,6,N1-c-M1,55,1,actors,Invalid Filler,Disamis*,3,2,Some actors are women,All male leads are actors,Some male leads are women,NA,10200,Disamis,0,0,0,0
6_56,6,N1-c-M1,56,1,school,Polysemy,Datisi,3,2,All schools have hallways,Some schools are employers,Some employers have hallways,NA,2039,Datisi,0,0,0,0
7_1,7,N1-c-M1,1,1,letter,Polysemy,Disamis,3,2,Some letters are crumpled,All letters are communications,Some communications are crumpled,NA,4727,Disamis,0,0,0,0
7_2,7,N1-c-M1,2,1,toilets,Invalid Filler,Datisi*,3,2,All outhouses are toilets,Some toilets are urinals ,Some urinals are outhouses,NA,3670,Datisi,0,0,0,0
7_3,7,N1-c-M1,3,0,dresses,Invalid Filler,Dimatis*,3,2,Some cocktail outfits are dresses,All ball gowns are dresses ,Some ball gowns are cocktail outfits,NA,3167,Dimatis,0,1,0,0
7_4,7,N1-c-M1,4,0,stones,Invalid Filler,Disamis*,3,2,Some stones are pebbles,All boulders are stones,Some boulders are pebbles,NA,3222,Disamis,0,1,0,0
7_5,7,N1-c-M1,5,1,cabinet,Homonymy,Disamis,3,2,Some cabinets are antique furniture,All cabinets are political appointments,Some political appointments are antique furniture,NA,2543,Disamis,0,0,0,0
7_6,7,N1-c-M1,6,0,sausages,Invalid Filler,Disamis*,3,2,Some sausages are chili dogs,All pepperonis are sausages,Some pepperonis are chili dogs,NA,2359,Disamis,0,1,0,0
7_7,7,N1-c-M1,7,0,rifles,Valid Filler,Datisi,3,2,All rifles are guns,Some rifles are safety hazards,Some safety hazards are guns,NA,3415,Datisi,1,0,0,0
7_8,7,N1-c-M1,8,1,dances,Invalid Filler,Dimatis*,3,2,Some mating rituals are dances,All ballets are dances ,Some ballets are mating rituals ,NA,2279,Dimatis,0,0,0,0
7_9,7,N1-c-M1,9,1,lunch,Polysemy,Darii,3,2,All lunches are breaks,Some sandwiches are lunches,Some sandwiches are breaks ,NA,3295,Darii,0,0,0,0
7_10,7,N1-c-M1,10,0,dinner,Polysemy,Datisi,3,2,All dinners happen after four o'clock,Some dinners are meatloafs,Some meatloafs happen after four o'clock,NA,9704,Datisi,0,1,0,0
7_11,7,N1-c-M1,11,1,rock,Homonymy,Disamis,3,2,Some rock is marble,All rock is music,Some music is marble,NA,2752,Disamis,0,0,0,0
7_12,7,N1-c-M1,12,1,ring,Homonymy,Dimatis,3,2,Some accessories are rings,All rings are sounds,Some sounds are accessories,NA,2958,Dimatis,0,0,0,0
7_13,7,N1-c-M1,13,1,company,Polysemy,Darii,3,2,All companies are buildings,Some tech giants are companies,Some tech giants are buildings,NA,2623,Darii,0,0,0,0
7_14,7,N1-c-M1,14,1,picnic,Polysemy,Disamis,3,2,Some picnics are romantic,All picnics are prepared foods,Some prepared foods are romantic,NA,7351,Disamis,0,0,0,0
7_15,7,N1-c-M1,15,0,dolls,Valid Filler,Dimatis,3,2,Some toys are dolls ,All dolls are man made objects,Some man made objects are toys,NA,1775,Dimatis,1,0,0,0
7_16,7,N1-c-M1,16,1,grapes,Valid Filler,Datisi,3,2,All grapes are fruits,Some grapes are snacks,Some snacks are fruits ,NA,3784,Datisi,1,1,0,0
7_17,7,N1-c-M1,17,1,suit,Homonymy,Datisi,3,2,All suits are dress attire,Some suits are court proceedings,Some court proceedings are dress attire,NA,2719,Datisi,0,0,0,0
7_18,7,N1-c-M1,18,1,ball,Homonymy,Darii,3,2,All balls are toys,Some birthday parties are balls,Some senior proms are toys,NA,2039,Darii,0,0,0,0
7_19,7,N1-c-M1,19,0,star,Homonymy,Disamis,3,2,Some stars are red dwarfs,All stars are famous people,Some famous people are red dwarfs,NA,11095,Disamis,0,1,0,0
7_20,7,N1-c-M1,20,1,mugs,Valid Filler,Disamis,3,2,Some mugs are ceramics,All mugs are cups ,Some cups are ceramics,NA,2391,Disamis,1,1,0,0
7_21,7,N1-c-M1,21,0,mothers,Invalid Filler,Dimatis*,3,2,Some teens are mothers,All grandmas are mothers ,Some grandmas are teens,NA,2856,Dimatis,0,1,0,0
7_22,7,N1-c-M1,22,1,breakfast,Polysemy,Dimatis,3,2,Some meetings are breakfasts,All breakfasts are nutrients,Some nutrients are meetings,NA,2430,Dimatis,0,0,0,0
7_23,7,N1-c-M1,23,1,swords,Valid Filler,Datisi,3,2,All swords are weapons,Some swords are museum pieces,Some museum pieces are weapons,NA,3975,Datisi,1,1,0,0
7_24,7,N1-c-M1,24,0,statues,Valid Filler,Disamis,3,2,Some statues are bronzes,All statues are sculptures,Some sculptures are bronzes,NA,4551,Disamis,1,0,0,0
7_25,7,N1-c-M1,25,1,thieves,Invalid Filler,Darii*,3,2,All mob bosses are thieves,Some children are thieves,Some children are mob bosses,NA,2607,Darii,0,0,0,0
7_26,7,N1-c-M1,26,1,city,Polysemy,Disamis,3,2,Some cities are corrupt,All cities are groups of buildings,Some groups of buildings are corrupt,NA,3991,Disamis,0,0,0,0
7_27,7,N1-c-M1,27,0,novel,Polysemy,Dimatis,3,2,Some flammable objects are novels,All novels are fictions,Some fictions are flammable objects,NA,3391,Dimatis,0,1,0,0
7_28,7,N1-c-M1,28,1,poets,Valid Filler,Disamis,3,2,Some poets are teachers,All poets are writers ,Some writers are teachers,NA,3400,Disamis,1,1,0,0
7_29,7,N1-c-M1,29,1,match,Homonymy,Datisi,3,2,All matches are combustible,Some matches are pay-per-view broadcasts,Some pay-per-view broadcasts are combustible,NA,2335,Datisi,0,0,0,0
7_30,7,N1-c-M1,30,0,colors,Invalid Filler,Datisi*,3,2,All shades of neon green are colors ,Some colors are pastels,Some pastels are shades of neon green ,NA,1942,Datisi,0,1,0,0
7_31,7,N1-c-M1,31,1,singers,Valid Filler,Dimatis,3,2,Some YouTubers are singers,All singers are musicians,Some musicians are YouTubers,NA,2631,Dimatis,1,1,0,0
7_32,7,N1-c-M1,32,1,antiques,Invalid Filler,Dimatis*,3,2,Some pieces of jewelry are antiques,All medieval manuscripts are antiques  ,Some medieval manuscripts are pieces of jewelry,NA,4103,Dimatis,0,0,0,0
7_33,7,N1-c-M1,33,0,liars,Valid Filler,Darii,3,2,All liars are humans,Some criminals are liars ,Some criminals are humans,NA,2352,Darii,1,0,0,0
7_34,7,N1-c-M1,34,1,peppers,Invalid Filler,Darii*,3,2,All jalapenos are peppers ,Some yellow vegetables are peppers,Some yellow vegetables are jalapenos,NA,1807,Darii,0,0,0,0
7_35,7,N1-c-M1,35,1,widows,Valid Filler,Darii,3,2,All widows are women,Some parents are widows ,Some parents are women,NA,2336,Darii,1,1,0,0
7_36,7,N1-c-M1,36,0,ponies,Valid Filler,Disamis,3,2,Some ponies are thoroughbreds,All ponies are neighing animals,Some neighing animals are thoroughbreds,NA,2502,Disamis,1,0,0,0
7_37,7,N1-c-M1,37,1,change,Homonymy,Dimatis,3,2,Some transformation is change,All change is money,Some money is transformation,NA,4560,Dimatis,0,0,0,0
7_38,7,N1-c-M1,38,1,spices,Invalid Filler,Darii*,3,2,All mustard seeds are spices,Some dried roots are spices ,Some dried roots are mustard seeds,NA,4254,Darii,0,0,0,0
7_39,7,N1-c-M1,39,1,trucks,Valid Filler,Darii,3,2,All trucks are vehicles,Some cars are trucks ,Some cars are vehicles,NA,3208,Darii,1,1,0,0
7_40,7,N1-c-M1,40,1,doughnuts,Valid Filler,Dimatis,3,2,Some pastries are doughnuts ,All doughnuts are sugary foods,Some sugary foods are pastries,NA,2519,Dimatis,1,1,0,0
7_41,7,N1-c-M1,41,0,book,Polysemy,Darii,3,2,All books are bound,Some exposés are books,Some exposés are bound,NA,2864,Darii,0,1,0,0
7_42,7,N1-c-M1,42,1,suitcases,Valid Filler,Darii,3,2,All suitcases are luggage,Some bags are suitcases,Some bags are luggage,NA,4279,Darii,1,1,0,0
7_43,7,N1-c-M1,43,1,bat,Homonymy,Dimatis,3,2,Some sporting goods are bats,All bats are animals,Some animals are sporting goods,NA,2224,Dimatis,0,0,0,0
7_44,7,N1-c-M1,44,1,ruler,Homonymy,Datisi,3,2,All rulers are standard lengths,Some rulers are queens,Some queens are standard lengths,NA,2894,Datisi,0,0,0,0
7_45,7,N1-c-M1,45,0,injuries,Invalid Filler,Darii*,3,2,All broken bones are injuries,Some sunburns are injuries,Some sunburns are broken bones,NA,2447,Darii,0,1,0,0
7_46,7,N1-c-M1,46,1,magazines,Polysemy,Datisi,3,2,All magazines are recyclable,Some magazines are media corporations ,Some media corporations are recyclable,NA,4383,Datisi,0,0,0,0
7_47,7,N1-c-M1,47,1,burgers,Valid Filler,Datisi,3,2,All burgers have protein,Some burgers are drive-thru orders,Some drive-thru orders have protein,NA,7296,Datisi,1,1,0,0
7_48,7,N1-c-M1,48,1,college,Polysemy,Dimatis,3,2,Some funding sources are colleges,All colleges are places filled with desks,Some places filled with desks are funding sources,NA,2678,Dimatis,0,0,0,0
7_49,7,N1-c-M1,49,0,board,Homonymy,Darii,3,2,All boards are wooden planks,Some governing organizations are boards,Some governing organizations are wooden planks,NA,2112,Darii,0,1,0,0
7_50,7,N1-c-M1,50,1,steaks,Invalid Filler,Datisi*,3,2,All rotten ribeyes are steaks,Some steaks are delicious meals,Some delicious meals are rotten ribeyes,NA,2311,Datisi,0,0,0,0
7_51,7,N1-c-M1,51,1,shapes,Invalid Filler,Datisi*,3,2,All road signs are shapes,Some shapes are cylinders,Some cylinders are road signs,NA,1760,Datisi,0,0,0,0
7_52,7,N1-c-M1,52,0,clowns,Valid Filler,Dimatis,3,2,Some jugglers are clowns ,All clowns are performers,Some performers are jugglers,NA,2168,Dimatis,1,0,0,0
7_53,7,N1-c-M1,53,1,Wave,Homonymy,Darii,3,2,All waves are water,Some gestures are waves,Some gestures are water,NA,1848,Darii,0,0,0,0
7_54,7,N1-c-M1,54,1,funerals,Invalid Filler,Disamis*,3,2,Some funerals are family gatherings,All anonymous burials are funerals,Some anonymous burials are family gatherings,NA,2704,Disamis,0,0,0,0
7_55,7,N1-c-M1,55,0,actors,Invalid Filler,Disamis*,3,2,Some actors are women,All male leads are actors,Some male leads are women,NA,4928,Disamis,0,1,0,0
7_56,7,N1-c-M1,56,1,school,Polysemy,Datisi,3,2,All schools have hallways,Some schools are employers,Some employers have hallways,NA,2616,Datisi,0,0,0,0
8_1,8,N1-c-M1,1,0,magazines,Polysemy,Disamis,1,2,Some magazines are coffee-stained,All magazines are subscriptions,Some subscriptions are coffee-stained,NA,5246,Disamis,0,1,0,0
8_2,8,N1-c-M1,2,0,sausages,Invalid Filler,Datisi*,1,2,All chili dogs are sausages,Some sausages are salamis,Some salamis are chili dogs,NA,2647,Datisi,0,1,0,0
8_3,8,N1-c-M1,3,0,spices,Invalid Filler,Dimatis*,1,2,Some dried roots are spices ,All mustard seeds are spices ,Some mustard seeds are dried roots,NA,7718,Dimatis,0,1,0,0
8_4,8,N1-c-M1,4,0,shapes,Invalid Filler,Disamis*,1,2,Some shapes are triangles,All squares are shapes,Some squares are triangles,NA,2544,Disamis,0,1,0,0
8_5,8,N1-c-M1,5,0,ruler,Homonymy,Disamis,1,2,Some rulers are kings,All rulers are standard lengths,Some standard lengths are kings,NA,4579,Disamis,0,1,0,0
8_6,8,N1-c-M1,6,1,toilets,Invalid Filler,Disamis*,1,2,Some toilets are coed,All urinals are toilets,Some urinals are coed,NA,10985,Disamis,0,0,0,0
8_7,8,N1-c-M1,7,1,statues,Valid Filler,Datisi,1,2,All statues are sculptures,Some statues are bronzes,Some bronzes are sculptures,NA,2761,Datisi,1,1,0,0
8_8,8,N1-c-M1,8,0,peppers,Invalid Filler,Dimatis*,1,2,Some yellow vegetables are peppers ,All jalapenos are peppers,Some jalapenos are yellow vegetables,NA,2464,Dimatis,0,1,0,0
8_9,8,N1-c-M1,9,0,breakfast,Polysemy,Darii,1,2,All breakfasts are under three hours,Some smoothies are breakfasts,Some smoothies are under three hours,NA,2617,Darii,0,1,0,0
8_10,8,N1-c-M1,10,0,picnic,Polysemy,Datisi,1,2,All picnics happen in nature,Some picnics are salads,Some salads happen in nature,NA,3243,Datisi,0,1,0,0
8_11,8,N1-c-M1,11,0,suit,Homonymy,Disamis,1,2,Some suits have multiple defendants,All suits are dress attire,Some dress attire has multiple defendants,NA,2833,Disamis,0,1,0,0
8_12,8,N1-c-M1,12,0,ball,Homonymy,Dimatis,1,2,Some parties are balls,All balls are toys,Some toys are parties,NA,3201,Dimatis,0,1,0,0
8_13,8,N1-c-M1,13,0,college,Polysemy,Darii,1,2,All colleges grant degrees,Some historic buildings are colleges,Some historic buildings grant degrees,NA,9951,Darii,0,1,0,0
8_14,8,N1-c-M1,14,0,dinner,Polysemy,Disamis,1,2,Some dinners are black tie,All dinners are foods,Some foods are black tie,NA,5142,Disamis,0,1,0,0
8_15,8,N1-c-M1,15,1,liars,Valid Filler,Dimatis,1,2,Some criminals are liars ,All liars are humans,Some humans are criminals ,NA,2829,Dimatis,1,1,0,0
8_16,8,N1-c-M1,16,1,poets,Valid Filler,Datisi,1,2,All poets are writers ,Some poets are teachers,Some teachers are writers,NA,2953,Datisi,1,1,0,0
8_17,8,N1-c-M1,17,0,rock,Homonymy,Datisi,1,2,All rock has guitars,Some rock is marble,Some marble has guitars,NA,2182,Datisi,0,1,0,0
8_18,8,N1-c-M1,18,0,ring,Homonymy,Darii,1,2,All rings are sounds,Some accessories are rings,Some accessories are sounds,NA,2900,Darii,0,1,0,0
8_19,8,N1-c-M1,19,0,match,Homonymy,Disamis,1,2,Some matches are pay-per-view,All matches are fire starters,Some fire starters are pay-per-view,NA,2768,Disamis,0,1,0,0
8_20,8,N1-c-M1,20,1,swords,Valid Filler,Disamis,1,2,Some swords are decorative,All swords are weapons ,Some weapons are decorative ,NA,3038,Disamis,1,1,0,0
8_21,8,N1-c-M1,21,0,thieves,Invalid Filler,Dimatis*,1,2,Some children are thieves,All mob bosses are thieves,Some mob bosses are children,NA,2902,Dimatis,0,1,0,0
8_22,8,N1-c-M1,22,0,lunch,Polysemy,Dimatis,1,2,Some breaks are lunches,All lunches are foods,Some foods are breaks,NA,2527,Dimatis,0,1,0,0
8_23,8,N1-c-M1,23,1,mugs,Valid Filler,Datisi,1,2,All mugs are cups ,Some mugs are ceramics,Some ceramics are cups ,NA,2682,Datisi,1,1,0,0
8_24,8,N1-c-M1,24,1,rifles,Valid Filler,Disamis,1,2,Some rifles are for hunting,All rifles are guns ,Some guns are for hunting,NA,2198,Disamis,1,1,0,0
8_25,8,N1-c-M1,25,0,mothers,Invalid Filler,Darii*,1,2,All grandmothers are mothers,Some teens are mothers,Some teens are grandmothers,NA,5206,Darii,0,1,0,0
8_26,8,N1-c-M1,26,0,school,Polysemy,Disamis,1,2,Some schools are rectangular,All schools are employers,Some employers are rectangular,NA,2611,Disamis,0,1,0,0
8_27,8,N1-c-M1,27,0,book,Polysemy,Dimatis,1,2,Some doorstops are books,All books are pieces of intellectual property,Some pieces of intellectual property are doorstops,NA,4015,Dimatis,0,1,0,0
8_28,8,N1-c-M1,28,1,grapes,Valid Filler,Disamis,1,2,Some grapes are red ,All grapes are fruits ,Some fruits are red ,NA,2447,Disamis,1,1,0,0
8_29,8,N1-c-M1,29,0,star,Homonymy,Datisi,1,2,All stars have autographs,Some stars are red dwarfs,Some red dwarfs have autographs,NA,2264,Datisi,0,1,0,0
8_30,8,N1-c-M1,30,0,actors,Invalid Filler,Datisi*,1,2,All male leads are actors,Some actors are women,Some women are male leads,NA,3339,Datisi,0,1,0,0
8_31,8,N1-c-M1,31,1,widows,Valid Filler,Dimatis,1,2,Some parents are widows ,All widows are women,Some women are parents,NA,2773,Dimatis,1,1,0,0
8_32,8,N1-c-M1,32,0,injuries,Invalid Filler,Dimatis*,1,2,Some sunburns are injuries,All broken bones are injuries,Some broken bones are sunburns,NA,2330,Dimatis,0,1,0,0
8_33,8,N1-c-M1,33,1,dolls,Valid Filler,Darii,1,2,All dolls are man made,Some toys are dolls ,Some toys are man made,NA,2662,Darii,1,1,0,0
8_34,8,N1-c-M1,34,0,dances,Invalid Filler,Darii*,1,2,All ballets are dances ,Some mating rituals are dances ,Some mating rituals are ballets,NA,2598,Darii,0,1,0,0
8_35,8,N1-c-M1,35,1,singers,Valid Filler,Darii,1,2,All singers are vocalists ,Some guitarists are singers,Some guitarists are vocalists,NA,2797,Darii,1,1,0,0
8_36,8,N1-c-M1,36,1,burgers,Valid Filler,Disamis,1,2,Some burgers are overcooked ,All burgers are sandwiches,Some sandwiches are overcooked ,NA,4090,Disamis,1,1,0,0
8_37,8,N1-c-M1,37,0,Wave,Homonymy,Dimatis,1,2,Some gestures are waves,All waves are liquids,Some liquids are gestures,NA,2040,Dimatis,0,1,0,0
8_38,8,N1-c-M1,38,0,dresses,Invalid Filler,Darii*,1,2,All ball gowns are dresses ,Some cocktail outfits are dresses,Some cocktail outfits are ball gowns,NA,9311,Darii,0,1,0,0
8_39,8,N1-c-M1,39,1,doughnuts,Valid Filler,Darii,1,2,All doughnuts are sugary ,Some pastries are doughnuts ,Some pastries are sugary,NA,3202,Darii,1,1,0,0
8_40,8,N1-c-M1,40,1,trucks,Valid Filler,Dimatis,1,2,Some cars are trucks ,All trucks are vehicles,Some vehicles are cars ,NA,2304,Dimatis,1,1,0,0
8_41,8,N1-c-M1,41,0,novel,Polysemy,Darii,1,2,All novels are flammable,Some debuts are novels,Some debuts are flammable,NA,2489,Darii,0,1,0,0
8_42,8,N1-c-M1,42,1,clowns,Valid Filler,Darii,1,2,All clowns can juggle ,Some circus performers are clowns ,Some circus performers can juggle,NA,3746,Darii,1,1,0,0
8_43,8,N1-c-M1,43,0,board,Homonymy,Dimatis,1,2,Some governing organizations are boards,All boards are wooden planks,Some wooden planks are governing organizations,NA,2612,Dimatis,0,1,0,0
8_44,8,N1-c-M1,44,0,cabinet,Homonymy,Datisi,1,2,All cabinets are political appointments,Some cabinets are shelving units,Some shelving units are political appointments,NA,2798,Datisi,0,1,0,0
8_45,8,N1-c-M1,45,0,antiques,Invalid Filler,Darii*,1,2,All medieval manuscripts are antiques ,Some pieces of jewelry are antiques ,Some pieces of jewelry are medieval manuscripts,NA,2231,Darii,0,1,0,0
8_46,8,N1-c-M1,46,1,letter,Polysemy,Datisi,1,2,All letters have stamps,Some letters are rejections,Some rejections have stamps,NA,7390,Datisi,0,0,0,0
8_47,8,N1-c-M1,47,1,ponies,Valid Filler,Datisi,1,2,All ponies neigh,Some ponies are thoroughbreds,Some thoroughbreds neigh,NA,4327,Datisi,1,1,0,0
8_48,8,N1-c-M1,48,0,company,Polysemy,Dimatis,1,2,Some storefronts are companies,All companies are hierarchies,Some hierarchies are storefronts,NA,2275,Dimatis,0,1,0,0
8_49,8,N1-c-M1,49,1,bat,Homonymy,Darii,1,2,All bats share a common ancestor,Some sporting goods are bats,Some sporting goods share a common ancestor,NA,7987,Darii,0,0,0,0
8_50,8,N1-c-M1,50,0,funerals,Invalid Filler,Datisi*,1,2,All open-casket services are funerals,Some funerals are anonymous burials,Some anonymous burials are open-casket services,NA,8137,Datisi,0,1,0,0
8_51,8,N1-c-M1,51,0,stones,Invalid Filler,Datisi*,1,2,All pebbles are stones,Some stones are boulders,Some boulders are pebbles,NA,4558,Datisi,0,1,0,0
8_52,8,N1-c-M1,52,1,suitcases,Valid Filler,Dimatis,1,2,Some bags are suitcases,All suitcases are pieces of luggage,Some pieces of luggage are bags,NA,2189,Dimatis,1,1,0,0
8_53,8,N1-c-M1,53,1,change,Homonymy,Darii,1,2,All change is money,Some surprises are change,Some surprises are money,NA,2518,Darii,0,0,0,0
8_54,8,N1-c-M1,54,0,steaks,Invalid Filler,Disamis*,1,2,Some steaks are filet mignons,All ribeyes are steaks,Some ribeyes are filet mignons,NA,9361,Disamis,0,1,0,0
8_55,8,N1-c-M1,55,0,colors,Invalid Filler,Disamis*,1,2,Some colors are primary ,All shades of purple are colors ,Some shades of purple are primary,NA,5533,Disamis,0,1,0,0
8_56,8,N1-c-M1,56,0,city,Polysemy,Datisi,1,2,All cities are bureaucracies,Some cities are graffitied places,Some graffitied places are bureaucracies,NA,3779,Datisi,0,1,0,0
9_1,9,N1-c-M1,1,0,board,Homonymy,Darii,3,1,All boards are wooden planks,Some governing organizations are boards,Some governing organizations are wooden planks,NA,12979,Darii,0,1,0,0
9_2,9,N1-c-M1,2,0,swords,Valid Filler,Datisi,3,1,All swords are weapons,Some swords are museum pieces,Some museum pieces are weapons,NA,6144,Datisi,1,0,0,0
9_3,9,N1-c-M1,3,0,Wave,Homonymy,Darii,3,1,All waves are water,Some gestures are waves,Some gestures are water,NA,5534,Darii,0,1,0,0
9_4,9,N1-c-M1,4,0,colors,Invalid Filler,Datisi*,3,1,All shades of neon green are colors ,Some colors are pastels,Some pastels are shades of neon green ,NA,11228,Datisi,0,1,0,0
9_5,9,N1-c-M1,5,0,shapes,Invalid Filler,Datisi*,3,1,All road signs are shapes,Some shapes are cylinders,Some cylinders are road signs,NA,8625,Datisi,0,1,0,0
9_6,9,N1-c-M1,6,1,dolls,Valid Filler,Dimatis,3,1,Some toys are dolls ,All dolls are man made objects,Some man made objects are toys,NA,8109,Dimatis,1,1,0,0
9_7,9,N1-c-M1,7,0,steaks,Invalid Filler,Datisi*,3,1,All rotten ribeyes are steaks,Some steaks are delicious meals,Some delicious meals are rotten ribeyes,NA,9048,Datisi,0,1,0,0
9_8,9,N1-c-M1,8,0,company,Polysemy,Darii,3,1,All companies are buildings,Some tech giants are companies,Some tech giants are buildings,NA,10514,Darii,0,1,0,0
9_9,9,N1-c-M1,9,1,thieves,Invalid Filler,Darii*,3,1,All mob bosses are thieves,Some children are thieves,Some children are mob bosses,NA,9227,Darii,0,0,0,0
9_10,9,N1-c-M1,10,0,dinner,Polysemy,Datisi,3,1,All dinners happen after four o'clock,Some dinners are meatloafs,Some meatloafs happen after four o'clock,NA,10923,Datisi,0,1,0,0
9_11,9,N1-c-M1,11,0,cabinet,Homonymy,Disamis,3,1,Some cabinets are antique furniture,All cabinets are political appointments,Some political appointments are antique furniture,NA,8520,Disamis,0,1,0,0
9_12,9,N1-c-M1,12,1,mugs,Valid Filler,Disamis,3,1,Some mugs are ceramics,All mugs are cups ,Some cups are ceramics,NA,6509,Disamis,1,1,0,0
9_13,9,N1-c-M1,13,0,suit,Homonymy,Datisi,3,1,All suits are dress attire,Some suits are court proceedings,Some court proceedings are dress attire,NA,11779,Datisi,0,1,0,0
9_14,9,N1-c-M1,14,0,city,Polysemy,Disamis,3,1,Some cities are corrupt,All cities are groups of buildings,Some groups of buildings are corrupt,NA,10230,Disamis,0,1,0,0
9_15,9,N1-c-M1,15,0,mothers,Invalid Filler,Dimatis*,3,1,Some teens are mothers,All grandmas are mothers ,Some grandmas are teens,NA,5988,Dimatis,0,1,0,0
9_16,9,N1-c-M1,16,1,school,Polysemy,Datisi,3,1,All schools have hallways,Some schools are employers,Some employers have hallways,NA,6410,Datisi,0,0,0,0
9_17,9,N1-c-M1,17,1,widows,Valid Filler,Darii,3,1,All widows are women,Some parents are widows ,Some parents are women,NA,6330,Darii,1,1,0,0
9_18,9,N1-c-M1,18,0,change,Homonymy,Dimatis,3,1,Some transformation is change,All change is money,Some money is transformation,NA,7410,Dimatis,0,1,0,0
9_19,9,N1-c-M1,19,1,clowns,Valid Filler,Dimatis,3,1,Some jugglers are clowns ,All clowns are performers,Some performers are jugglers,NA,6549,Dimatis,1,1,0,0
9_20,9,N1-c-M1,20,0,book,Polysemy,Darii,3,1,All books are bound,Some exposés are books,Some exposés are bound,NA,17843,Darii,0,1,0,0
9_21,9,N1-c-M1,21,0,spices,Invalid Filler,Darii*,3,1,All mustard seeds are spices,Some dried roots are spices ,Some dried roots are mustard seeds,NA,7310,Darii,0,1,0,0
9_22,9,N1-c-M1,22,1,poets,Valid Filler,Disamis,3,1,Some poets are teachers,All poets are writers ,Some writers are teachers,NA,4777,Disamis,1,1,0,0
9_23,9,N1-c-M1,23,1,college,Polysemy,Dimatis,3,1,Some funding sources are colleges,All colleges are places filled with desks,Some places filled with desks are funding sources,NA,11529,Dimatis,0,0,0,0
9_24,9,N1-c-M1,24,1,suitcases,Valid Filler,Darii,3,1,All suitcases are luggage,Some bags are suitcases,Some bags are luggage,NA,5709,Darii,1,1,0,0
9_25,9,N1-c-M1,25,1,match,Homonymy,Datisi,3,1,All matches are combustible,Some matches are pay-per-view broadcasts,Some pay-per-view broadcasts are combustible,NA,9349,Datisi,0,0,0,0
9_26,9,N1-c-M1,26,1,antiques,Invalid Filler,Dimatis*,3,1,Some pieces of jewelry are antiques,All medieval manuscripts are antiques  ,Some medieval manuscripts are pieces of jewelry,NA,7853,Dimatis,0,0,0,0
9_27,9,N1-c-M1,27,0,magazines,Polysemy,Datisi,3,1,All magazines are recyclable,Some magazines are media corporations ,Some media corporations are recyclable,NA,5075,Datisi,0,1,0,0
9_28,9,N1-c-M1,28,1,statues,Valid Filler,Disamis,3,1,Some statues are bronzes,All statues are sculptures,Some sculptures are bronzes,NA,6915,Disamis,1,1,0,0
9_29,9,N1-c-M1,29,0,lunch,Polysemy,Darii,3,1,All lunches are breaks,Some sandwiches are lunches,Some sandwiches are breaks ,NA,6901,Darii,0,1,0,0
9_30,9,N1-c-M1,30,1,bat,Homonymy,Dimatis,3,1,Some sporting goods are bats,All bats are animals,Some animals are sporting goods,NA,11520,Dimatis,0,0,0,0
9_31,9,N1-c-M1,31,0,doughnuts,Valid Filler,Dimatis,3,1,Some pastries are doughnuts ,All doughnuts are sugary foods,Some sugary foods are pastries,NA,8696,Dimatis,1,0,0,0
9_32,9,N1-c-M1,32,0,dresses,Invalid Filler,Dimatis*,3,1,Some cocktail outfits are dresses,All ball gowns are dresses ,Some ball gowns are cocktail outfits,NA,5758,Dimatis,0,1,0,0
9_33,9,N1-c-M1,33,1,ponies,Valid Filler,Disamis,3,1,Some ponies are thoroughbreds,All ponies are neighing animals,Some neighing animals are thoroughbreds,NA,7493,Disamis,1,1,0,0
9_34,9,N1-c-M1,34,1,funerals,Invalid Filler,Disamis*,3,1,Some funerals are family gatherings,All anonymous burials are funerals,Some anonymous burials are family gatherings,NA,10062,Disamis,0,0,0,0
9_35,9,N1-c-M1,35,1,star,Homonymy,Disamis,3,1,Some stars are red dwarfs,All stars are famous people,Some famous people are red dwarfs,NA,5528,Disamis,0,0,0,0
9_36,9,N1-c-M1,36,0,ring,Homonymy,Dimatis,3,1,Some accessories are rings,All rings are sounds,Some sounds are accessories,NA,7974,Dimatis,0,1,0,0
9_37,9,N1-c-M1,37,1,picnic,Polysemy,Disamis,3,1,Some picnics are romantic,All picnics are prepared foods,Some prepared foods are romantic,NA,6440,Disamis,0,0,0,0
9_38,9,N1-c-M1,38,1,liars,Valid Filler,Darii,3,1,All liars are humans,Some criminals are liars ,Some criminals are humans,NA,5437,Darii,1,1,0,0
9_39,9,N1-c-M1,39,0,breakfast,Polysemy,Dimatis,3,1,Some meetings are breakfasts,All breakfasts are nutrients,Some nutrients are meetings,NA,6837,Dimatis,0,1,0,0
9_40,9,N1-c-M1,40,1,grapes,Valid Filler,Datisi,3,1,All grapes are fruits,Some grapes are snacks,Some snacks are fruits ,NA,11298,Datisi,1,1,0,0
9_41,9,N1-c-M1,41,0,ruler,Homonymy,Datisi,3,1,All rulers are standard lengths,Some rulers are queens,Some queens are standard lengths,NA,6697,Datisi,0,1,0,0
9_42,9,N1-c-M1,42,0,toilets,Invalid Filler,Datisi*,3,1,All outhouses are toilets,Some toilets are urinals ,Some urinals are outhouses,NA,6427,Datisi,0,1,0,0
9_43,9,N1-c-M1,43,1,burgers,Valid Filler,Datisi,3,1,All burgers have protein,Some burgers are drive-thru orders,Some drive-thru orders have protein,NA,12517,Datisi,1,1,0,0
9_44,9,N1-c-M1,44,0,dances,Invalid Filler,Dimatis*,3,1,Some mating rituals are dances,All ballets are dances ,Some ballets are mating rituals ,NA,5819,Dimatis,0,1,0,0
9_45,9,N1-c-M1,45,0,rock,Homonymy,Disamis,3,1,Some rock is marble,All rock is music,Some music is marble,NA,4797,Disamis,0,1,0,0
9_46,9,N1-c-M1,46,1,rifles,Valid Filler,Datisi,3,1,All rifles are guns,Some rifles are safety hazards,Some safety hazards are guns,NA,5209,Datisi,1,1,0,0
9_47,9,N1-c-M1,47,0,injuries,Invalid Filler,Darii*,3,1,All broken bones are injuries,Some sunburns are injuries,Some sunburns are broken bones,NA,12257,Darii,0,1,0,0
9_48,9,N1-c-M1,48,-99,stones,Invalid Filler,Disamis*,3,1,Some stones are pebbles,All boulders are stones,Some boulders are pebbles,NA,120004,Disamis,0,0,0,1
9_49,9,N1-c-M1,49,1,trucks,Valid Filler,Darii,3,1,All trucks are vehicles,Some cars are trucks ,Some cars are vehicles,NA,10250,Darii,1,1,0,0
9_50,9,N1-c-M1,50,0,actors,Invalid Filler,Disamis*,3,1,Some actors are women,All male leads are actors,Some male leads are women,NA,7673,Disamis,0,1,0,0
9_51,9,N1-c-M1,51,1,singers,Valid Filler,Dimatis,3,1,Some YouTubers are singers,All singers are musicians,Some musicians are YouTubers,NA,12696,Dimatis,1,1,0,0
9_52,9,N1-c-M1,52,1,novel,Polysemy,Dimatis,3,1,Some flammable objects are novels,All novels are fictions,Some fictions are flammable objects,NA,4876,Dimatis,0,0,0,0
9_53,9,N1-c-M1,53,1,letter,Polysemy,Disamis,3,1,Some letters are crumpled,All letters are communications,Some communications are crumpled,NA,6365,Disamis,0,0,0,0
9_54,9,N1-c-M1,54,0,sausages,Invalid Filler,Disamis*,3,1,Some sausages are chili dogs,All pepperonis are sausages,Some pepperonis are chili dogs,NA,6063,Disamis,0,1,0,0
9_55,9,N1-c-M1,55,0,peppers,Invalid Filler,Darii*,3,1,All jalapenos are peppers ,Some yellow vegetables are peppers,Some yellow vegetables are jalapenos,NA,10324,Darii,0,1,0,0
9_56,9,N1-c-M1,56,1,ball,Homonymy,Darii,3,1,All balls are toys,Some birthday parties are balls,Some senior proms are toys,NA,7474,Darii,0,0,0,0
10_1,10,N1-c-M1,1,1,novel,Polysemy,Disamis,2,2,Some novels weigh over a pound,All novels are stories,Some stories weigh over a pound,NA,11676,Disamis,0,0,0,0
10_2,10,N1-c-M1,2,0,thieves,Invalid Filler,Datisi*,2,2,All mob bosses are thieves,Some thieves are children,Some children are mob bosses,NA,3843,Datisi,0,1,0,0
10_3,10,N1-c-M1,3,0,steaks,Invalid Filler,Dimatis*,2,2,Some delicious entrées are steaks,All rotten ribeyes are steaks,Some rotten ribeyes are delicious entrées,NA,10433,Dimatis,0,1,0,0
10_4,10,N1-c-M1,4,1,dances,Invalid Filler,Disamis*,2,2,Some dances are mating rituals ,All ballets are dances,Some ballets are mating rituals ,NA,5101,Disamis,0,0,0,0
10_5,10,N1-c-M1,5,0,ring,Homonymy,Disamis,2,2,Some rings are made of gold,All rings are sounds,Some sounds are made of gold,NA,3614,Disamis,0,1,0,0
10_6,10,N1-c-M1,6,0,mothers,Invalid Filler,Disamis*,2,2,Some mothers are teens,All grandmas are mothers,Some grandmas are teens,NA,3742,Disamis,0,1,0,0
10_7,10,N1-c-M1,7,1,suitcases,Valid Filler,Datisi,2,2,All suitcases are pieces of luggage,Some suitcases are bags,Some bags are pieces of luggage,NA,4118,Datisi,1,1,0,0
10_8,10,N1-c-M1,8,0,shapes,Invalid Filler,Dimatis*,2,2,Some road signs are shapes,All cylinders are shapes,Some cylinders are road signs,NA,6046,Dimatis,0,1,0,0
10_9,10,N1-c-M1,9,0,picnic,Polysemy,Darii,2,2,All picnics happen in nature,Some salads are picnics,Some salads happen in nature,NA,4530,Darii,0,1,0,0
10_10,10,N1-c-M1,10,0,lunch,Polysemy,Datisi,2,2,All lunches are breaks,Some lunches are soups,Some soups are breaks,NA,5107,Datisi,0,1,0,0
10_11,10,N1-c-M1,11,0,bat,Homonymy,Disamis,2,2,Some bats are made for softball,All bats are animals,Some animals are made for softball,NA,6453,Disamis,0,1,0,0
10_12,10,N1-c-M1,12,0,ruler,Homonymy,Dimatis,2,2,Some queens are rulers,All rulers are standard lengths,Some standard lengths are queens,NA,4756,Dimatis,0,1,0,0
10_13,10,N1-c-M1,13,1,city,Polysemy,Darii,2,2,All cities are bureaucracies,Some graffitied places are cities,Some graffitied places are bureaucracies,NA,6698,Darii,0,0,0,0
10_14,10,N1-c-M1,14,0,breakfast,Polysemy,Disamis,2,2,Some breakfasts are under an hour,All breakfasts are nutrients,Some nutrients are under an hour,NA,3611,Disamis,0,1,0,0
10_15,10,N1-c-M1,15,1,grapes,Valid Filler,Dimatis,2,2,Some snacks are grapes,All grapes are fruits ,Some fruits are snacks,NA,2969,Dimatis,1,1,0,0
10_16,10,N1-c-M1,16,1,liars,Valid Filler,Datisi,2,2,All liars are humans,Some liars are criminals,Some criminals are humans,NA,3605,Datisi,1,1,0,0
10_17,10,N1-c-M1,17,0,board,Homonymy,Datisi,2,2,All boards are wooden planks,Some boards are governing organizations,Some governing organizations are wooden planks,NA,6155,Datisi,0,1,0,0
10_18,10,N1-c-M1,18,0,cabinet,Homonymy,Darii,2,2,All cabinets are political appointments,Some shelving units are cabinets,Some shelving units are political appointments,NA,4905,Darii,0,1,0,0
10_19,10,N1-c-M1,19,1,change,Homonymy,Disamis,2,2,Some change is transformation,All change is money,Some money is transformation,NA,6737,Disamis,0,0,0,0
10_20,10,N1-c-M1,20,1,doughnuts,Valid Filler,Disamis,2,2,Some doughnuts are glazed,All doughnuts are sugary foods,Some sugary foods are glazed,NA,4582,Disamis,1,1,0,0
10_21,10,N1-c-M1,21,0,toilets,Invalid Filler,Dimatis*,2,2,Some seats are toilets ,All urinals are toilets,Some urinals are seats,NA,11509,Dimatis,0,1,0,0
10_22,10,N1-c-M1,22,0,dinner,Polysemy,Dimatis,2,2,Some black tie events are dinners,All dinners are foods,Some foods are black tie events,NA,5117,Dimatis,0,1,0,0
10_23,10,N1-c-M1,23,1,trucks,Valid Filler,Datisi,2,2,All trucks are vehicles,Some trucks are big rigs,Some big rigs are vehicles,NA,4316,Datisi,1,1,0,0
10_24,10,N1-c-M1,24,1,clowns,Valid Filler,Disamis,2,2,Some clowns are mimes,All clowns are entertainers,Some entertainers are mimes,NA,3490,Disamis,1,1,0,0
10_25,10,N1-c-M1,25,0,sausages,Invalid Filler,Darii*,2,2,All chili dogs are sausages,Some pizza toppings are sausages,Some pizza toppings are chili dogs,NA,4323,Darii,0,1,0,0
10_26,10,N1-c-M1,26,0,college,Polysemy,Disamis,2,2,Some colleges have chancellors,All colleges are groups of buildings,Some groups of buildings have chancellors,NA,4740,Disamis,0,1,0,0
10_27,10,N1-c-M1,27,0,magazines,Polysemy,Dimatis,2,2,Some recyclables are magazines,All magazines are subscriptions,Some subscriptions are recyclables,NA,5299,Dimatis,0,1,0,0
10_28,10,N1-c-M1,28,1,dolls,Valid Filler,Disamis,2,2,Some dolls are toys,All dolls are man made objects,Some man made objects are toys,NA,4039,Disamis,1,1,0,0
10_29,10,N1-c-M1,29,0,wave,Homonymy,Datisi,2,2,All waves are water,Some waves are gestures,Some gestures are water,NA,3672,Datisi,0,1,0,0
10_30,10,N1-c-M1,30,0,injuries,Invalid Filler,Datisi*,2,2,All broken bones are injuries,Some injuries are sunburns,Some sunburns are broken bones,NA,4172,Datisi,0,1,0,0
10_31,10,N1-c-M1,31,1,burgers,Valid Filler,Dimatis,2,2,Some entrées are burgers,All burgers are sandwiches,Some sandwiches are entrées,NA,3640,Dimatis,1,1,0,0
10_32,10,N1-c-M1,32,0,colors,Invalid Filler,Dimatis*,2,2,Some pastels are colors,All shade of neon green are colors ,Some shades of neon green are pastels,NA,7031,Dimatis,0,1,0,0
10_33,10,N1-c-M1,33,1,poets,Valid Filler,Darii,2,2,All poets are writers ,Some teachers are poets,Some teachers are writers,NA,3605,Darii,1,1,0,0
10_34,10,N1-c-M1,34,0,stones,Invalid Filler,Darii*,2,2,All boulders are stones,Some paperweights are stones,Some paperweights are boulders,NA,4591,Darii,0,1,0,0
10_35,10,N1-c-M1,35,1,ponies,Valid Filler,Darii,2,2,All ponies neigh,Some thoroughbreds are ponies,Some thoroughbreds neigh,NA,3309,Darii,1,1,0,0
10_36,10,N1-c-M1,36,1,singers,Valid Filler,Disamis,2,2,Some singers are guitarists,All singers are vocalists,Some vocalists are guitarists,NA,3867,Disamis,1,1,0,0
10_37,10,N1-c-M1,37,0,match,Homonymy,Dimatis,2,2,Some pay-per-view broadcasts are matches,All matches are fire starters,Some fire starters are pay-per-view broadcasts,NA,6700,Dimatis,0,1,0,0
10_38,10,N1-c-M1,38,0,funerals,Invalid Filler,Darii*,2,2,All anonymous burials are funerals,Some family gatherings are funerals,Some family gatherings are anonymous burials,NA,5350,Darii,0,1,0,0
10_39,10,N1-c-M1,39,1,mugs,Valid Filler,Darii,2,2,All mugs are cups ,Some ceramics are mugs,Some ceramics are cups ,NA,2808,Darii,1,1,0,0
10_40,10,N1-c-M1,40,1,swords,Valid Filler,Dimatis,2,2,Some sharp things are swords,All swords are weapons,Some weapons are sharp things,NA,2904,Dimatis,1,1,0,0
10_41,10,N1-c-M1,41,1,letter,Polysemy,Darii,2,2,All letters have stamps,Some rejections are letters,Some rejections have stamps,NA,5555,Darii,0,0,0,0
10_42,10,N1-c-M1,42,1,statues,Valid Filler,Darii,2,2,All statues are sculptures,Some artworks are statues,Some artworks are sculptures,NA,3443,Darii,1,1,0,0
10_43,10,N1-c-M1,43,0,suit,Homonymy,Dimatis,2,2,Some court proceedings are suits,All suits are formal outfits,Some formal outfits are court proceedings,NA,4787,Dimatis,0,1,0,0
10_44,10,N1-c-M1,44,0,ball,Homonymy,Datisi,2,2,All balls are toys,Some balls are senior proms,Some senior proms are toys,NA,4600,Datisi,0,1,0,0
10_45,10,N1-c-M1,45,0,actors,Invalid Filler,Darii*,2,2,All male leads are actors,Some women are actors,Some women are male leads,NA,5235,Darii,0,1,0,0
10_46,10,N1-c-M1,46,1,book,Polysemy,Datisi,2,2,All books are printed,Some books are romances,Some romances are printed,NA,3977,Datisi,0,0,0,0
10_47,10,N1-c-M1,47,1,widows,Valid Filler,Datisi,2,2,All widows are women,Some widows are parents,Some parents are women,NA,3119,Datisi,1,1,0,0
10_48,10,N1-c-M1,48,0,school,Polysemy,Dimatis,2,2,Some rectangular buildings are schools,All schools are employers,Some employers are rectangular buildings,NA,4051,Dimatis,0,1,0,0
10_49,10,N1-c-M1,49,0,rock,Homonymy,Darii,2,2,All rock has guitars,Some marble is rock,Some marble has guitars,NA,4518,Darii,0,1,0,0
10_50,10,N1-c-M1,50,0,spices,Invalid Filler,Datisi*,2,2,All mustard seeds are spices ,Some spices are dried roots ,Some dried roots are mustard seeds,NA,4803,Datisi,0,1,0,0
10_51,10,N1-c-M1,51,0,peppers,Invalid Filler,Datisi*,2,2,All jalapenos are peppers,Some peppers are yellow vegetables ,Some yellow vegetables are jalapenos,NA,8036,Datisi,0,1,0,0
10_52,10,N1-c-M1,52,1,rifles,Valid Filler,Dimatis,2,2,Some safety hazards are rifles,All rifles are guns,Some guns are safety hazards,NA,2901,Dimatis,1,1,0,0
10_53,10,N1-c-M1,53,0,star,Homonymy,Darii,2,2,All stars have autographs,Some red dwarfs are stars,Some red dwarfs have autographs,NA,3679,Darii,0,1,0,0
10_54,10,N1-c-M1,54,1,dresses,Invalid Filler,Disamis*,2,2,Some dresses are cocktail outfits,All ball gowns are dresses ,Some ball gowns are cocktail outfits,NA,4826,Disamis,0,0,0,0
10_55,10,N1-c-M1,55,0,antiques,Invalid Filler,Disamis*,2,2,Some antiques are pieces of jewelry,All medieval manuscripts are antiques ,Some medieval manuscripts are pieces of jewelry,NA,4545,Disamis,0,1,0,0
10_56,10,N1-c-M1,56,0,company,Polysemy,Datisi,2,2,All companies are buildings,Some companies are hierarchies,Some hierarchies are buildings,NA,3920,Datisi,0,1,0,0
11_1,11,N1-c-M1,1,1,book,Polysemy,Disamis,4,2,Some books are doorstops,All books are pieces of intellectual property,Some pieces of intellectual property are doorstops,NA,5254,Disamis,0,0,0,0
11_2,11,N1-c-M1,2,0,mothers,Invalid Filler,Datisi*,4,2,All grandmas are mothers ,Some mothers are teens,Some teens are grandmas,NA,2835,Datisi,0,1,0,0
11_3,11,N1-c-M1,3,0,funerals,Invalid Filler,Dimatis*,4,2,Some family gatherings are funerals,All anonymous burials are funerals,Some anonymous burials are family gatherings,NA,3119,Dimatis,0,1,0,0
11_4,11,N1-c-M1,4,0,peppers,Invalid Filler,Disamis*,4,2,Some peppers are yellow vegetables ,All jalapenos are peppers,Some jalapenos are yellow vegetables,NA,4993,Disamis,0,1,0,0
11_5,11,N1-c-M1,5,0,ball,Homonymy,Disamis,4,2,Some balls are senior proms,All balls are toys,Some toys are senior proms,NA,2207,Disamis,0,1,0,0
11_6,11,N1-c-M1,6,0,thieves,Invalid Filler,Disamis*,4,2,Some thieves are children,All mob bosses are thieves,Some mob bosses are children,NA,1926,Disamis,0,1,0,0
11_7,11,N1-c-M1,7,1,clowns,Valid Filler,Datisi,4,2,All clowns are entertainers,Some clowns are mimes,Some mimes are entertainers,NA,2475,Datisi,1,1,0,0
11_8,11,N1-c-M1,8,1,stones,Invalid Filler,Dimatis*,4,2,Some paperweights are stones,All boulders are stones,Some boulders are paperweights,NA,2534,Dimatis,0,0,0,0
11_9,11,N1-c-M1,9,1,dinner,Polysemy,Darii,4,2,All dinners happen after four o'clock,Some lasagnas are dinners,Some lasagnas happen after four o'clock,NA,2371,Darii,0,0,0,0
11_10,11,N1-c-M1,10,1,breakfast,Polysemy,Datisi,4,2,All breakfasts are under three hours,Some breakfasts are smoothies,Some smoothies are under three hours,NA,3564,Datisi,0,0,0,0
11_11,11,N1-c-M1,11,0,board,Homonymy,Disamis,4,2,Some boards are governing organizations,All boards are wooden planks,Some wooden planks are governing organizations,NA,2100,Disamis,0,1,0,0
11_12,11,N1-c-M1,12,0,cabinet,Homonymy,Dimatis,4,2,Some shelving units are cabinets,All cabinets are political appointments,Some political appointments are shelving units,NA,2231,Dimatis,0,1,0,0
11_13,11,N1-c-M1,13,1,school,Polysemy,Darii,4,2,All schools have classrooms,Some employers are schools,Some employers have classrooms,NA,2642,Darii,0,0,0,0
11_14,11,N1-c-M1,14,1,lunch,Polysemy,Disamis,4,2,Some lunches are breaks,All lunches are foods,Some foods are breaks,NA,2692,Disamis,0,0,0,0
11_15,11,N1-c-M1,15,1,poets,Valid Filler,Dimatis,4,2,Some teachers are poets,All poets are writers ,Some writers are teachers,NA,2065,Dimatis,1,1,0,0
11_16,11,N1-c-M1,16,1,dolls,Valid Filler,Datisi,4,2,All dolls are man made,Some dolls are toys,Some toys are man made,NA,2269,Datisi,1,1,0,0
11_17,11,N1-c-M1,17,0,bat,Homonymy,Datisi,4,2,All bats are animals,Some bats are sporting goods,Some sporting goods are animals,NA,3208,Datisi,0,1,0,0
11_18,11,N1-c-M1,18,1,ruler,Homonymy,Darii,4,2,All rulers are standard lengths,Some queens are rulers,Some queens are standard lengths,NA,3040,Darii,0,0,0,0
11_19,11,N1-c-M1,19,0,Wave,Homonymy,Disamis,4,2,Some waves are gestures,All waves are liquids,Some liquids are gestures,NA,1960,Disamis,0,1,0,0
11_20,11,N1-c-M1,20,1,trucks,Valid Filler,Disamis,4,2,Some trucks are big rigs,All trucks are vehicles,Some vehicles are big rigs,NA,2155,Disamis,1,1,0,0
11_21,11,N1-c-M1,21,0,sausages,Invalid Filler,Dimatis*,4,2,Some pizza toppings are sausages,All chili dogs are sausages,Some chili dogs are pizza toppings,NA,2697,Dimatis,0,1,0,0
11_22,11,N1-c-M1,22,1,picnic,Polysemy,Dimatis,4,2,Some summertime activities are picnics,All picnics are prepared foods,Some prepared foods are summertime activities,NA,2257,Dimatis,0,0,0,0
11_23,11,N1-c-M1,23,1,doughnuts,Valid Filler,Datisi,4,2,All doughnuts are sugary ,Some doughnuts are treats,Some treats are sugary,NA,2287,Datisi,1,1,0,0
11_24,11,N1-c-M1,24,1,suitcases,Valid Filler,Disamis,4,2,Some suitcases are bags,All suitcases are pieces of luggage,Some pieces of luggage are bags,NA,2313,Disamis,1,1,0,0
11_25,11,N1-c-M1,25,0,toilets,Invalid Filler,Darii*,4,2,All urinals are toilets,Some seats are toilets,Some seats are urinals,NA,2783,Darii,0,1,0,0
11_26,11,N1-c-M1,26,1,company,Polysemy,Disamis,4,2,Some companies are in city centers,All companies are hierarchies,Some hierarchies are in city centers,NA,2662,Disamis,0,0,0,0
11_27,11,N1-c-M1,27,1,letter,Polysemy,Dimatis,4,2,Some papers are letters,All letters are communications,Some communications are papers,NA,2093,Dimatis,0,0,0,0
11_28,11,N1-c-M1,28,1,liars,Valid Filler,Disamis,4,2,Some liars are criminals,All liars are humans,Some humans are criminals ,NA,2202,Disamis,1,1,0,0
11_29,11,N1-c-M1,29,0,change,Homonymy,Datisi,4,2,All change is money,Some change is transformation,Some transformation is money,NA,3015,Datisi,0,1,0,0
11_30,11,N1-c-M1,30,0,antiques,Invalid Filler,Datisi*,4,2,All medieval manuscripts are antiques ,Some antiques are pieces of jewelry,Some pieces of jewelry are medieval manuscripts,NA,2106,Datisi,0,1,0,0
11_31,11,N1-c-M1,31,1,ponies,Valid Filler,Dimatis,4,2,Some thoroughbreds are ponies,All ponies are neighing animals,Some neighing animals are thoroughbreds,NA,2287,Dimatis,1,1,0,0
11_32,11,N1-c-M1,32,0,actors,Invalid Filler,Dimatis*,4,2,Some women are actors,All male leads are actors,Some male leads are women,NA,2570,Dimatis,0,1,0,0
11_33,11,N1-c-M1,33,1,grapes,Valid Filler,Darii,4,2,All grapes are fruits ,Some snacks are grapes,Some snacks are fruits,NA,2074,Darii,1,1,0,0
11_34,11,N1-c-M1,34,0,shapes,Invalid Filler,Darii*,4,2,All cylinders are shapes,Some road signs are shapes,Some road signs are cylinders,NA,3186,Darii,0,1,0,0
11_35,11,N1-c-M1,35,1,burgers,Valid Filler,Darii,4,2,All burgers have protein,Some entrées are burgers,Some entrées have protein,NA,2213,Darii,1,1,0,0
11_36,11,N1-c-M1,36,1,widows,Valid Filler,Disamis,4,2,Some widows are parents,All widows are women,Some women are parents,NA,2118,Disamis,1,1,0,0
11_37,11,N1-c-M1,37,0,star,Homonymy,Dimatis,4,2,Some celestial objects are stars,All stars are famous people,Some famous people are celestial objects,NA,2105,Dimatis,0,1,0,0
11_38,11,N1-c-M1,38,0,steaks,Invalid Filler,Darii*,4,2,All rotten ribeyes are steaks,Some delicious meals are steaks,Some delicoius meals are rotten ribeyes,NA,3689,Darii,0,1,0,0
11_39,11,N1-c-M1,39,1,swords,Valid Filler,Darii,4,2,All swords are weapons,Some sharp objects are swords,Some sharp objects are weapons,NA,2013,Darii,1,1,0,0
11_40,11,N1-c-M1,40,1,mugs,Valid Filler,Dimatis,4,2,Some ceramics are mugs,All mugs are cups ,Some cups are ceramics,NA,2020,Dimatis,1,1,0,0
11_41,11,N1-c-M1,41,0,magazines,Polysemy,Darii,4,2,All magazines are recyclable,Some media corporations are magazines,Some media corporations are recyclable,NA,1868,Darii,0,1,0,0
11_42,11,N1-c-M1,42,0,rifles,Valid Filler,Darii,4,2,All rifles are guns,Some safety hazards are rifles,Some safety hazards are guns,NA,2167,Darii,1,0,0,0
11_43,11,N1-c-M1,43,0,rock,Homonymy,Dimatis,4,2,Some marble is rock,All rock is music,Some music is marble,NA,2024,Dimatis,0,1,0,0
11_44,11,N1-c-M1,44,1,ring,Homonymy,Datisi,4,2,All rings are sounds,Some rings are accessories,Some accessories are sounds,NA,2626,Datisi,0,0,0,0
11_45,11,N1-c-M1,45,0,colors,Invalid Filler,Darii*,4,2,Some pastels are colors,All shades of neon green are colors ,Some shades of neon green are pastels,NA,2458,Darii,0,1,0,0
11_46,11,N1-c-M1,46,0,novel,Polysemy,Datisi,4,2,All novels are flammable,Some novels are debuts,Some debuts are flammable,NA,2064,Datisi,0,1,0,0
11_47,11,N1-c-M1,47,1,singers,Valid Filler,Datisi,4,2,All singers are performers,Some singers are men,Some men are performers,NA,1981,Datisi,1,1,0,0
11_48,11,N1-c-M1,48,1,city,Polysemy,Dimatis,4,2,Some bureaucracies are cities,All cities are graffitied places,Some graffitied places are bureaucracies,NA,2560,Dimatis,0,0,0,0
11_49,11,N1-c-M1,49,1,suit,Homonymy,Darii,4,2,All suits are dress attire,Some court proceedings are suits,Some court proceedings are dress attire,NA,2187,Darii,0,0,0,0
11_50,11,N1-c-M1,50,0,dresses,Invalid Filler,Datisi*,4,2,All ball gowns are dresses ,Some dresses are cocktail outfits,Some cocktail outfits are ball gowns,NA,3455,Datisi,0,1,0,0
11_51,11,N1-c-M1,51,0,dances,Invalid Filler,Datisi*,4,2,All ballets are dances ,Some dances are mating rituals,Some mating rituals are ballets ,NA,2111,Datisi,0,1,0,0
11_52,11,N1-c-M1,52,0,statues,Valid Filler,Dimatis,4,2,Some bronzes are statues,All statues are sculptures,Some sculptures are bronzes,NA,2142,Dimatis,1,0,0,0
11_53,11,N1-c-M1,53,0,match,Homonymy,Darii,4,2,All matches are combustible,Some pay-per-view broadcasts are matches,Some pay-per-view broadcasts are combustible,NA,2196,Darii,0,1,0,0
11_54,11,N1-c-M1,54,0,spices,Invalid Filler,Disamis*,4,2,Some spices are dried roots,All mustard seeds are spices ,Some mustard seeds are dried roots,NA,2657,Disamis,0,1,0,0
11_55,11,N1-c-M1,55,0,injuries,Invalid Filler,Disamis*,4,2,Some injuries are sunburns,All broken bones are injuries,Some broken bones are sunburns,NA,1959,Disamis,0,1,0,0
11_56,11,N1-c-M1,56,1,college,Polysemy,Datisi,4,2,All colleges grant degrees,Some colleges are historic buildings,Some historic buildings grant degrees,NA,2381,Datisi,0,0,0,0
12_1,12,N1-c-M1,1,0,magazines,Polysemy,Disamis,1,2,Some magazines are coffee-stained,All magazines are subscriptions,Some subscriptions are coffee-stained,NA,6653,Disamis,0,1,0,0
12_2,12,N1-c-M1,2,0,sausages,Invalid Filler,Datisi*,1,2,All chili dogs are sausages,Some sausages are salamis,Some salamis are chili dogs,NA,3295,Datisi,0,1,0,0
12_3,12,N1-c-M1,3,1,spices,Invalid Filler,Dimatis*,1,2,Some dried roots are spices ,All mustard seeds are spices ,Some mustard seeds are dried roots,NA,3817,Dimatis,0,0,0,0
12_4,12,N1-c-M1,4,0,shapes,Invalid Filler,Disamis*,1,2,Some shapes are triangles,All squares are shapes,Some squares are triangles,NA,4590,Disamis,0,1,0,0
12_5,12,N1-c-M1,5,0,ruler,Homonymy,Disamis,1,2,Some rulers are kings,All rulers are standard lengths,Some standard lengths are kings,NA,4287,Disamis,0,1,0,0
12_6,12,N1-c-M1,6,0,toilets,Invalid Filler,Disamis*,1,2,Some toilets are coed,All urinals are toilets,Some urinals are coed,NA,3491,Disamis,0,1,0,0
12_7,12,N1-c-M1,7,1,statues,Valid Filler,Datisi,1,2,All statues are sculptures,Some statues are bronzes,Some bronzes are sculptures,NA,2531,Datisi,1,1,0,0
12_8,12,N1-c-M1,8,1,peppers,Invalid Filler,Dimatis*,1,2,Some yellow vegetables are peppers ,All jalapenos are peppers,Some jalapenos are yellow vegetables,NA,3976,Dimatis,0,0,0,0
12_9,12,N1-c-M1,9,1,breakfast,Polysemy,Darii,1,2,All breakfasts are under three hours,Some smoothies are breakfasts,Some smoothies are under three hours,NA,3328,Darii,0,0,0,0
12_10,12,N1-c-M1,10,1,picnic,Polysemy,Datisi,1,2,All picnics happen in nature,Some picnics are salads,Some salads happen in nature,NA,3022,Datisi,0,0,0,0
12_11,12,N1-c-M1,11,1,suit,Homonymy,Disamis,1,2,Some suits have multiple defendants,All suits are dress attire,Some dress attire has multiple defendants,NA,3120,Disamis,0,0,0,0
12_12,12,N1-c-M1,12,0,ball,Homonymy,Dimatis,1,2,Some parties are balls,All balls are toys,Some toys are parties,NA,2928,Dimatis,0,1,0,0
12_13,12,N1-c-M1,13,1,college,Polysemy,Darii,1,2,All colleges grant degrees,Some historic buildings are colleges,Some historic buildings grant degrees,NA,3157,Darii,0,0,0,0
12_14,12,N1-c-M1,14,0,dinner,Polysemy,Disamis,1,2,Some dinners are black tie,All dinners are foods,Some foods are black tie,NA,3103,Disamis,0,1,0,0
12_15,12,N1-c-M1,15,1,liars,Valid Filler,Dimatis,1,2,Some criminals are liars ,All liars are humans,Some humans are criminals ,NA,2471,Dimatis,1,1,0,0
12_16,12,N1-c-M1,16,1,poets,Valid Filler,Datisi,1,2,All poets are writers ,Some poets are teachers,Some teachers are writers,NA,2288,Datisi,1,1,0,0
12_17,12,N1-c-M1,17,0,rock,Homonymy,Datisi,1,2,All rock has guitars,Some rock is marble,Some marble has guitars,NA,2166,Datisi,0,1,0,0
12_18,12,N1-c-M1,18,1,ring,Homonymy,Darii,1,2,All rings are sounds,Some accessories are rings,Some accessories are sounds,NA,3568,Darii,0,0,0,0
12_19,12,N1-c-M1,19,0,match,Homonymy,Disamis,1,2,Some matches are pay-per-view,All matches are fire starters,Some fire starters are pay-per-view,NA,2799,Disamis,0,1,0,0
12_20,12,N1-c-M1,20,1,swords,Valid Filler,Disamis,1,2,Some swords are decorative,All swords are weapons ,Some weapons are decorative ,NA,2975,Disamis,1,1,0,0
12_21,12,N1-c-M1,21,0,thieves,Invalid Filler,Dimatis*,1,2,Some children are thieves,All mob bosses are thieves,Some mob bosses are children,NA,3711,Dimatis,0,1,0,0
12_22,12,N1-c-M1,22,0,lunch,Polysemy,Dimatis,1,2,Some breaks are lunches,All lunches are foods,Some foods are breaks,NA,5120,Dimatis,0,1,0,0
12_23,12,N1-c-M1,23,1,mugs,Valid Filler,Datisi,1,2,All mugs are cups ,Some mugs are ceramics,Some ceramics are cups ,NA,3327,Datisi,1,1,0,0
12_24,12,N1-c-M1,24,1,rifles,Valid Filler,Disamis,1,2,Some rifles are for hunting,All rifles are guns ,Some guns are for hunting,NA,2687,Disamis,1,1,0,0
12_25,12,N1-c-M1,25,0,mothers,Invalid Filler,Darii*,1,2,All grandmothers are mothers,Some teens are mothers,Some teens are grandmothers,NA,2638,Darii,0,1,0,0
12_26,12,N1-c-M1,26,0,school,Polysemy,Disamis,1,2,Some schools are rectangular,All schools are employers,Some employers are rectangular,NA,2592,Disamis,0,1,0,0
12_27,12,N1-c-M1,27,0,book,Polysemy,Dimatis,1,2,Some doorstops are books,All books are pieces of intellectual property,Some pieces of intellectual property are doorstops,NA,3280,Dimatis,0,1,0,0
12_28,12,N1-c-M1,28,1,grapes,Valid Filler,Disamis,1,2,Some grapes are red ,All grapes are fruits ,Some fruits are red ,NA,4055,Disamis,1,1,0,0
12_29,12,N1-c-M1,29,0,star,Homonymy,Datisi,1,2,All stars have autographs,Some stars are red dwarfs,Some red dwarfs have autographs,NA,8872,Datisi,0,1,0,0
12_30,12,N1-c-M1,30,0,actors,Invalid Filler,Datisi*,1,2,All male leads are actors,Some actors are women,Some women are male leads,NA,3003,Datisi,0,1,0,0
12_31,12,N1-c-M1,31,1,widows,Valid Filler,Dimatis,1,2,Some parents are widows ,All widows are women,Some women are parents,NA,2507,Dimatis,1,1,0,0
12_32,12,N1-c-M1,32,1,injuries,Invalid Filler,Dimatis*,1,2,Some sunburns are injuries,All broken bones are injuries,Some broken bones are sunburns,NA,2903,Dimatis,0,0,0,0
12_33,12,N1-c-M1,33,1,dolls,Valid Filler,Darii,1,2,All dolls are man made,Some toys are dolls ,Some toys are man made,NA,2799,Darii,1,1,0,0
12_34,12,N1-c-M1,34,0,dances,Invalid Filler,Darii*,1,2,All ballets are dances ,Some mating rituals are dances ,Some mating rituals are ballets,NA,2104,Darii,0,1,0,0
12_35,12,N1-c-M1,35,1,singers,Valid Filler,Darii,1,2,All singers are vocalists ,Some guitarists are singers,Some guitarists are vocalists,NA,2504,Darii,1,1,0,0
12_36,12,N1-c-M1,36,1,burgers,Valid Filler,Disamis,1,2,Some burgers are overcooked ,All burgers are sandwiches,Some sandwiches are overcooked ,NA,2318,Disamis,1,1,0,0
12_37,12,N1-c-M1,37,0,Wave,Homonymy,Dimatis,1,2,Some gestures are waves,All waves are liquids,Some liquids are gestures,NA,2262,Dimatis,0,1,0,0
12_38,12,N1-c-M1,38,0,dresses,Invalid Filler,Darii*,1,2,All ball gowns are dresses ,Some cocktail outfits are dresses,Some cocktail outfits are ball gowns,NA,2864,Darii,0,1,0,0
12_39,12,N1-c-M1,39,1,doughnuts,Valid Filler,Darii,1,2,All doughnuts are sugary ,Some pastries are doughnuts ,Some pastries are sugary,NA,2455,Darii,1,1,0,0
12_40,12,N1-c-M1,40,1,trucks,Valid Filler,Dimatis,1,2,Some cars are trucks ,All trucks are vehicles,Some vehicles are cars ,NA,2599,Dimatis,1,1,0,0
12_41,12,N1-c-M1,41,0,novel,Polysemy,Darii,1,2,All novels are flammable,Some debuts are novels,Some debuts are flammable,NA,2431,Darii,0,1,0,0
12_42,12,N1-c-M1,42,0,clowns,Valid Filler,Darii,1,2,All clowns can juggle ,Some circus performers are clowns ,Some circus performers can juggle,NA,3480,Darii,1,0,0,0
12_43,12,N1-c-M1,43,1,board,Homonymy,Dimatis,1,2,Some governing organizations are boards,All boards are wooden planks,Some wooden planks are governing organizations,NA,2432,Dimatis,0,0,0,0
12_44,12,N1-c-M1,44,0,cabinet,Homonymy,Datisi,1,2,All cabinets are political appointments,Some cabinets are shelving units,Some shelving units are political appointments,NA,3958,Datisi,0,1,0,0
12_45,12,N1-c-M1,45,1,antiques,Invalid Filler,Darii*,1,2,All medieval manuscripts are antiques ,Some pieces of jewelry are antiques ,Some pieces of jewelry are medieval manuscripts,NA,2376,Darii,0,0,0,0
12_46,12,N1-c-M1,46,0,letter,Polysemy,Datisi,1,2,All letters have stamps,Some letters are rejections,Some rejections have stamps,NA,2359,Datisi,0,1,0,0
12_47,12,N1-c-M1,47,0,ponies,Valid Filler,Datisi,1,2,All ponies neigh,Some ponies are thoroughbreds,Some thoroughbreds neigh,NA,2382,Datisi,1,0,0,0
12_48,12,N1-c-M1,48,0,company,Polysemy,Dimatis,1,2,Some storefronts are companies,All companies are hierarchies,Some hierarchies are storefronts,NA,2103,Dimatis,0,1,0,0
12_49,12,N1-c-M1,49,1,bat,Homonymy,Darii,1,2,All bats share a common ancestor,Some sporting goods are bats,Some sporting goods share a common ancestor,NA,3393,Darii,0,0,0,0
12_50,12,N1-c-M1,50,0,funerals,Invalid Filler,Datisi*,1,2,All open-casket services are funerals,Some funerals are anonymous burials,Some anonymous burials are open-casket services,NA,3030,Datisi,0,1,0,0
12_51,12,N1-c-M1,51,0,stones,Invalid Filler,Datisi*,1,2,All pebbles are stones,Some stones are boulders,Some boulders are pebbles,NA,2191,Datisi,0,1,0,0
12_52,12,N1-c-M1,52,1,suitcases,Valid Filler,Dimatis,1,2,Some bags are suitcases,All suitcases are pieces of luggage,Some pieces of luggage are bags,NA,2647,Dimatis,1,1,0,0
12_53,12,N1-c-M1,53,1,change,Homonymy,Darii,1,2,All change is money,Some surprises are change,Some surprises are money,NA,3352,Darii,0,0,0,0
12_54,12,N1-c-M1,54,0,steaks,Invalid Filler,Disamis*,1,2,Some steaks are filet mignons,All ribeyes are steaks,Some ribeyes are filet mignons,NA,2350,Disamis,0,1,0,0
12_55,12,N1-c-M1,55,1,colors,Invalid Filler,Disamis*,1,2,Some colors are primary ,All shades of purple are colors ,Some shades of purple are primary,NA,3632,Disamis,0,0,0,0
12_56,12,N1-c-M1,56,0,city,Polysemy,Datisi,1,2,All cities are bureaucracies,Some cities are graffitied places,Some graffitied places are bureaucracies,NA,2757,Datisi,0,1,0,0
13_1,13,N1-c-M1,1,0,magazines,Polysemy,Disamis,1,2,Some magazines are coffee-stained,All magazines are subscriptions,Some subscriptions are coffee-stained,NA,25599,Disamis,0,1,0,0
13_2,13,N1-c-M1,2,0,sausages,Invalid Filler,Datisi*,1,2,All chili dogs are sausages,Some sausages are salamis,Some salamis are chili dogs,NA,54784,Datisi,0,1,0,0
13_3,13,N1-c-M1,3,0,spices,Invalid Filler,Dimatis*,1,2,Some dried roots are spices ,All mustard seeds are spices ,Some mustard seeds are dried roots,NA,20782,Dimatis,0,1,0,0
13_4,13,N1-c-M1,4,0,shapes,Invalid Filler,Disamis*,1,2,Some shapes are triangles,All squares are shapes,Some squares are triangles,NA,26408,Disamis,0,1,0,0
13_5,13,N1-c-M1,5,0,ruler,Homonymy,Disamis,1,2,Some rulers are kings,All rulers are standard lengths,Some standard lengths are kings,NA,22237,Disamis,0,1,0,0
13_6,13,N1-c-M1,6,1,toilets,Invalid Filler,Disamis*,1,2,Some toilets are coed,All urinals are toilets,Some urinals are coed,NA,43073,Disamis,0,0,0,0
13_7,13,N1-c-M1,7,0,statues,Valid Filler,Datisi,1,2,All statues are sculptures,Some statues are bronzes,Some bronzes are sculptures,NA,26741,Datisi,1,0,0,0
13_8,13,N1-c-M1,8,1,peppers,Invalid Filler,Dimatis*,1,2,Some yellow vegetables are peppers ,All jalapenos are peppers,Some jalapenos are yellow vegetables,NA,10157,Dimatis,0,0,0,0
13_9,13,N1-c-M1,9,1,breakfast,Polysemy,Darii,1,2,All breakfasts are under three hours,Some smoothies are breakfasts,Some smoothies are under three hours,NA,42958,Darii,0,0,0,0
13_10,13,N1-c-M1,10,1,picnic,Polysemy,Datisi,1,2,All picnics happen in nature,Some picnics are salads,Some salads happen in nature,NA,11818,Datisi,0,0,0,0
13_11,13,N1-c-M1,11,1,suit,Homonymy,Disamis,1,2,Some suits have multiple defendants,All suits are dress attire,Some dress attire has multiple defendants,NA,52817,Disamis,0,0,0,0
13_12,13,N1-c-M1,12,0,ball,Homonymy,Dimatis,1,2,Some parties are balls,All balls are toys,Some toys are parties,NA,48323,Dimatis,0,1,0,0
13_13,13,N1-c-M1,13,1,college,Polysemy,Darii,1,2,All colleges grant degrees,Some historic buildings are colleges,Some historic buildings grant degrees,NA,8552,Darii,0,0,0,0
13_14,13,N1-c-M1,14,0,dinner,Polysemy,Disamis,1,2,Some dinners are black tie,All dinners are foods,Some foods are black tie,NA,37969,Disamis,0,1,0,0
13_15,13,N1-c-M1,15,1,liars,Valid Filler,Dimatis,1,2,Some criminals are liars ,All liars are humans,Some humans are criminals ,NA,4986,Dimatis,1,1,0,0
13_16,13,N1-c-M1,16,1,poets,Valid Filler,Datisi,1,2,All poets are writers ,Some poets are teachers,Some teachers are writers,NA,4598,Datisi,1,1,0,0
13_17,13,N1-c-M1,17,0,rock,Homonymy,Datisi,1,2,All rock has guitars,Some rock is marble,Some marble has guitars,NA,36350,Datisi,0,1,0,0
13_18,13,N1-c-M1,18,1,ring,Homonymy,Darii,1,2,All rings are sounds,Some accessories are rings,Some accessories are sounds,NA,10810,Darii,0,0,0,0
13_19,13,N1-c-M1,19,0,match,Homonymy,Disamis,1,2,Some matches are pay-per-view,All matches are fire starters,Some fire starters are pay-per-view,NA,47757,Disamis,0,1,0,0
13_20,13,N1-c-M1,20,1,swords,Valid Filler,Disamis,1,2,Some swords are decorative,All swords are weapons ,Some weapons are decorative ,NA,6983,Disamis,1,1,0,0
13_21,13,N1-c-M1,21,1,thieves,Invalid Filler,Dimatis*,1,2,Some children are thieves,All mob bosses are thieves,Some mob bosses are children,NA,32427,Dimatis,0,0,0,0
13_22,13,N1-c-M1,22,0,lunch,Polysemy,Dimatis,1,2,Some breaks are lunches,All lunches are foods,Some foods are breaks,NA,14062,Dimatis,0,1,0,0
13_23,13,N1-c-M1,23,1,mugs,Valid Filler,Datisi,1,2,All mugs are cups ,Some mugs are ceramics,Some ceramics are cups ,NA,4969,Datisi,1,1,0,0
13_24,13,N1-c-M1,24,1,rifles,Valid Filler,Disamis,1,2,Some rifles are for hunting,All rifles are guns ,Some guns are for hunting,NA,5847,Disamis,1,1,0,0
13_25,13,N1-c-M1,25,1,mothers,Invalid Filler,Darii*,1,2,All grandmothers are mothers,Some teens are mothers,Some teens are grandmothers,NA,10133,Darii,0,0,0,0
13_26,13,N1-c-M1,26,0,school,Polysemy,Disamis,1,2,Some schools are rectangular,All schools are employers,Some employers are rectangular,NA,8359,Disamis,0,1,0,0
13_27,13,N1-c-M1,27,0,book,Polysemy,Dimatis,1,2,Some doorstops are books,All books are pieces of intellectual property,Some pieces of intellectual property are doorstops,NA,34410,Dimatis,0,1,0,0
13_28,13,N1-c-M1,28,1,grapes,Valid Filler,Disamis,1,2,Some grapes are red ,All grapes are fruits ,Some fruits are red ,NA,8285,Disamis,1,1,0,0
13_29,13,N1-c-M1,29,1,star,Homonymy,Datisi,1,2,All stars have autographs,Some stars are red dwarfs,Some red dwarfs have autographs,NA,19646,Datisi,0,0,0,0
13_30,13,N1-c-M1,30,1,actors,Invalid Filler,Datisi*,1,2,All male leads are actors,Some actors are women,Some women are male leads,NA,12307,Datisi,0,0,0,0
13_31,13,N1-c-M1,31,1,widows,Valid Filler,Dimatis,1,2,Some parents are widows ,All widows are women,Some women are parents,NA,4091,Dimatis,1,1,0,0
13_32,13,N1-c-M1,32,0,injuries,Invalid Filler,Dimatis*,1,2,Some sunburns are injuries,All broken bones are injuries,Some broken bones are sunburns,NA,7746,Dimatis,0,1,0,0
13_33,13,N1-c-M1,33,1,dolls,Valid Filler,Darii,1,2,All dolls are man made,Some toys are dolls ,Some toys are man made,NA,3928,Darii,1,1,0,0
13_34,13,N1-c-M1,34,1,dances,Invalid Filler,Darii*,1,2,All ballets are dances ,Some mating rituals are dances ,Some mating rituals are ballets,NA,52982,Darii,0,0,0,0
13_35,13,N1-c-M1,35,1,singers,Valid Filler,Darii,1,2,All singers are vocalists ,Some guitarists are singers,Some guitarists are vocalists,NA,7634,Darii,1,1,0,0
13_36,13,N1-c-M1,36,0,burgers,Valid Filler,Disamis,1,2,Some burgers are overcooked ,All burgers are sandwiches,Some sandwiches are overcooked ,NA,11624,Disamis,1,0,0,0
13_37,13,N1-c-M1,37,1,Wave,Homonymy,Dimatis,1,2,Some gestures are waves,All waves are liquids,Some liquids are gestures,NA,15887,Dimatis,0,0,0,0
13_38,13,N1-c-M1,38,1,dresses,Invalid Filler,Darii*,1,2,All ball gowns are dresses ,Some cocktail outfits are dresses,Some cocktail outfits are ball gowns,NA,54244,Darii,0,0,0,0
13_39,13,N1-c-M1,39,1,doughnuts,Valid Filler,Darii,1,2,All doughnuts are sugary ,Some pastries are doughnuts ,Some pastries are sugary,NA,6357,Darii,1,1,0,0
13_40,13,N1-c-M1,40,1,trucks,Valid Filler,Dimatis,1,2,Some cars are trucks ,All trucks are vehicles,Some vehicles are cars ,NA,8078,Dimatis,1,1,0,0
13_41,13,N1-c-M1,41,0,novel,Polysemy,Darii,1,2,All novels are flammable,Some debuts are novels,Some debuts are flammable,NA,33651,Darii,0,1,0,0
13_42,13,N1-c-M1,42,1,clowns,Valid Filler,Darii,1,2,All clowns can juggle ,Some circus performers are clowns ,Some circus performers can juggle,NA,22849,Darii,1,1,0,0
13_43,13,N1-c-M1,43,0,board,Homonymy,Dimatis,1,2,Some governing organizations are boards,All boards are wooden planks,Some wooden planks are governing organizations,NA,28571,Dimatis,0,1,0,0
13_44,13,N1-c-M1,44,1,cabinet,Homonymy,Datisi,1,2,All cabinets are political appointments,Some cabinets are shelving units,Some shelving units are political appointments,NA,21407,Datisi,0,0,0,0
13_45,13,N1-c-M1,45,1,antiques,Invalid Filler,Darii*,1,2,All medieval manuscripts are antiques ,Some pieces of jewelry are antiques ,Some pieces of jewelry are medieval manuscripts,NA,12690,Darii,0,0,0,0
13_46,13,N1-c-M1,46,1,letter,Polysemy,Datisi,1,2,All letters have stamps,Some letters are rejections,Some rejections have stamps,NA,6057,Datisi,0,0,0,0
13_47,13,N1-c-M1,47,1,ponies,Valid Filler,Datisi,1,2,All ponies neigh,Some ponies are thoroughbreds,Some thoroughbreds neigh,NA,42337,Datisi,1,1,0,0
13_48,13,N1-c-M1,48,0,company,Polysemy,Dimatis,1,2,Some storefronts are companies,All companies are hierarchies,Some hierarchies are storefronts,NA,35571,Dimatis,0,1,0,0
13_49,13,N1-c-M1,49,1,bat,Homonymy,Darii,1,2,All bats share a common ancestor,Some sporting goods are bats,Some sporting goods share a common ancestor,NA,6744,Darii,0,0,0,0
13_50,13,N1-c-M1,50,0,funerals,Invalid Filler,Datisi*,1,2,All open-casket services are funerals,Some funerals are anonymous burials,Some anonymous burials are open-casket services,NA,14804,Datisi,0,1,0,0
13_51,13,N1-c-M1,51,1,stones,Invalid Filler,Datisi*,1,2,All pebbles are stones,Some stones are boulders,Some boulders are pebbles,NA,64122,Datisi,0,0,0,0
13_52,13,N1-c-M1,52,1,suitcases,Valid Filler,Dimatis,1,2,Some bags are suitcases,All suitcases are pieces of luggage,Some pieces of luggage are bags,NA,8833,Dimatis,1,1,0,0
13_53,13,N1-c-M1,53,1,change,Homonymy,Darii,1,2,All change is money,Some surprises are change,Some surprises are money,NA,4473,Darii,0,0,0,0
13_54,13,N1-c-M1,54,0,steaks,Invalid Filler,Disamis*,1,2,Some steaks are filet mignons,All ribeyes are steaks,Some ribeyes are filet mignons,NA,29740,Disamis,0,1,0,0
13_55,13,N1-c-M1,55,1,colors,Invalid Filler,Disamis*,1,2,Some colors are primary ,All shades of purple are colors ,Some shades of purple are primary,NA,10032,Disamis,0,0,0,0
13_56,13,N1-c-M1,56,0,city,Polysemy,Datisi,1,2,All cities are bureaucracies,Some cities are graffitied places,Some graffitied places are bureaucracies,NA,32558,Datisi,0,1,0,0
14_1,14,N1-c-M1,1,0,magazines,Polysemy,Disamis,1,2,Some magazines are coffee-stained,All magazines are subscriptions,Some subscriptions are coffee-stained,NA,5791,Disamis,0,1,0,0
14_2,14,N1-c-M1,2,0,sausages,Invalid Filler,Datisi*,1,2,All chili dogs are sausages,Some sausages are salamis,Some salamis are chili dogs,NA,3583,Datisi,0,1,0,0
14_3,14,N1-c-M1,3,0,spices,Invalid Filler,Dimatis*,1,2,Some dried roots are spices ,All mustard seeds are spices ,Some mustard seeds are dried roots,NA,4784,Dimatis,0,1,0,0
14_4,14,N1-c-M1,4,0,shapes,Invalid Filler,Disamis*,1,2,Some shapes are triangles,All squares are shapes,Some squares are triangles,NA,2383,Disamis,0,1,0,0
14_5,14,N1-c-M1,5,0,ruler,Homonymy,Disamis,1,2,Some rulers are kings,All rulers are standard lengths,Some standard lengths are kings,NA,3708,Disamis,0,1,0,0
14_6,14,N1-c-M1,6,0,toilets,Invalid Filler,Disamis*,1,2,Some toilets are coed,All urinals are toilets,Some urinals are coed,NA,4259,Disamis,0,1,0,0
14_7,14,N1-c-M1,7,0,statues,Valid Filler,Datisi,1,2,All statues are sculptures,Some statues are bronzes,Some bronzes are sculptures,NA,5918,Datisi,1,0,0,0
14_8,14,N1-c-M1,8,0,peppers,Invalid Filler,Dimatis*,1,2,Some yellow vegetables are peppers ,All jalapenos are peppers,Some jalapenos are yellow vegetables,NA,5808,Dimatis,0,1,0,0
14_9,14,N1-c-M1,9,1,breakfast,Polysemy,Darii,1,2,All breakfasts are under three hours,Some smoothies are breakfasts,Some smoothies are under three hours,NA,4777,Darii,0,0,0,0
14_10,14,N1-c-M1,10,1,picnic,Polysemy,Datisi,1,2,All picnics happen in nature,Some picnics are salads,Some salads happen in nature,NA,6354,Datisi,0,0,0,0
14_11,14,N1-c-M1,11,1,suit,Homonymy,Disamis,1,2,Some suits have multiple defendants,All suits are dress attire,Some dress attire has multiple defendants,NA,7702,Disamis,0,0,0,0
14_12,14,N1-c-M1,12,0,ball,Homonymy,Dimatis,1,2,Some parties are balls,All balls are toys,Some toys are parties,NA,5545,Dimatis,0,1,0,0
14_13,14,N1-c-M1,13,1,college,Polysemy,Darii,1,2,All colleges grant degrees,Some historic buildings are colleges,Some historic buildings grant degrees,NA,5341,Darii,0,0,0,0
14_14,14,N1-c-M1,14,0,dinner,Polysemy,Disamis,1,2,Some dinners are black tie,All dinners are foods,Some foods are black tie,NA,8333,Disamis,0,1,0,0
14_15,14,N1-c-M1,15,1,liars,Valid Filler,Dimatis,1,2,Some criminals are liars ,All liars are humans,Some humans are criminals ,NA,4030,Dimatis,1,1,0,0
14_16,14,N1-c-M1,16,1,poets,Valid Filler,Datisi,1,2,All poets are writers ,Some poets are teachers,Some teachers are writers,NA,2469,Datisi,1,1,0,0
14_17,14,N1-c-M1,17,0,rock,Homonymy,Datisi,1,2,All rock has guitars,Some rock is marble,Some marble has guitars,NA,2184,Datisi,0,1,0,0
14_18,14,N1-c-M1,18,0,ring,Homonymy,Darii,1,2,All rings are sounds,Some accessories are rings,Some accessories are sounds,NA,3920,Darii,0,1,0,0
14_19,14,N1-c-M1,19,0,match,Homonymy,Disamis,1,2,Some matches are pay-per-view,All matches are fire starters,Some fire starters are pay-per-view,NA,3578,Disamis,0,1,0,0
14_20,14,N1-c-M1,20,1,swords,Valid Filler,Disamis,1,2,Some swords are decorative,All swords are weapons ,Some weapons are decorative ,NA,2608,Disamis,1,1,0,0
14_21,14,N1-c-M1,21,1,thieves,Invalid Filler,Dimatis*,1,2,Some children are thieves,All mob bosses are thieves,Some mob bosses are children,NA,3335,Dimatis,0,0,0,0
14_22,14,N1-c-M1,22,0,lunch,Polysemy,Dimatis,1,2,Some breaks are lunches,All lunches are foods,Some foods are breaks,NA,55718,Dimatis,0,1,0,0
14_23,14,N1-c-M1,23,1,mugs,Valid Filler,Datisi,1,2,All mugs are cups ,Some mugs are ceramics,Some ceramics are cups ,NA,3785,Datisi,1,1,0,0
14_24,14,N1-c-M1,24,1,rifles,Valid Filler,Disamis,1,2,Some rifles are for hunting,All rifles are guns ,Some guns are for hunting,NA,2433,Disamis,1,1,0,0
14_25,14,N1-c-M1,25,0,mothers,Invalid Filler,Darii*,1,2,All grandmothers are mothers,Some teens are mothers,Some teens are grandmothers,NA,4167,Darii,0,1,0,0
14_26,14,N1-c-M1,26,0,school,Polysemy,Disamis,1,2,Some schools are rectangular,All schools are employers,Some employers are rectangular,NA,7961,Disamis,0,1,0,0
14_27,14,N1-c-M1,27,0,book,Polysemy,Dimatis,1,2,Some doorstops are books,All books are pieces of intellectual property,Some pieces of intellectual property are doorstops,NA,15456,Dimatis,0,1,0,0
14_28,14,N1-c-M1,28,1,grapes,Valid Filler,Disamis,1,2,Some grapes are red ,All grapes are fruits ,Some fruits are red ,NA,2033,Disamis,1,1,0,0
14_29,14,N1-c-M1,29,0,star,Homonymy,Datisi,1,2,All stars have autographs,Some stars are red dwarfs,Some red dwarfs have autographs,NA,2318,Datisi,0,1,0,0
14_30,14,N1-c-M1,30,0,actors,Invalid Filler,Datisi*,1,2,All male leads are actors,Some actors are women,Some women are male leads,NA,2850,Datisi,0,1,0,0
14_31,14,N1-c-M1,31,1,widows,Valid Filler,Dimatis,1,2,Some parents are widows ,All widows are women,Some women are parents,NA,3593,Dimatis,1,1,0,0
14_32,14,N1-c-M1,32,0,injuries,Invalid Filler,Dimatis*,1,2,Some sunburns are injuries,All broken bones are injuries,Some broken bones are sunburns,NA,3143,Dimatis,0,1,0,0
14_33,14,N1-c-M1,33,1,dolls,Valid Filler,Darii,1,2,All dolls are man made,Some toys are dolls ,Some toys are man made,NA,3849,Darii,1,1,0,0
14_34,14,N1-c-M1,34,0,dances,Invalid Filler,Darii*,1,2,All ballets are dances ,Some mating rituals are dances ,Some mating rituals are ballets,NA,4003,Darii,0,1,0,0
14_35,14,N1-c-M1,35,1,singers,Valid Filler,Darii,1,2,All singers are vocalists ,Some guitarists are singers,Some guitarists are vocalists,NA,2574,Darii,1,1,0,0
14_36,14,N1-c-M1,36,1,burgers,Valid Filler,Disamis,1,2,Some burgers are overcooked ,All burgers are sandwiches,Some sandwiches are overcooked ,NA,2342,Disamis,1,1,0,0
14_37,14,N1-c-M1,37,0,Wave,Homonymy,Dimatis,1,2,Some gestures are waves,All waves are liquids,Some liquids are gestures,NA,11697,Dimatis,0,1,0,0
14_38,14,N1-c-M1,38,0,dresses,Invalid Filler,Darii*,1,2,All ball gowns are dresses ,Some cocktail outfits are dresses,Some cocktail outfits are ball gowns,NA,3885,Darii,0,1,0,0
14_39,14,N1-c-M1,39,1,doughnuts,Valid Filler,Darii,1,2,All doughnuts are sugary ,Some pastries are doughnuts ,Some pastries are sugary,NA,2984,Darii,1,1,0,0
14_40,14,N1-c-M1,40,1,trucks,Valid Filler,Dimatis,1,2,Some cars are trucks ,All trucks are vehicles,Some vehicles are cars ,NA,2716,Dimatis,1,1,0,0
14_41,14,N1-c-M1,41,0,novel,Polysemy,Darii,1,2,All novels are flammable,Some debuts are novels,Some debuts are flammable,NA,7239,Darii,0,1,0,0
14_42,14,N1-c-M1,42,1,clowns,Valid Filler,Darii,1,2,All clowns can juggle ,Some circus performers are clowns ,Some circus performers can juggle,NA,2089,Darii,1,1,0,0
14_43,14,N1-c-M1,43,0,board,Homonymy,Dimatis,1,2,Some governing organizations are boards,All boards are wooden planks,Some wooden planks are governing organizations,NA,3551,Dimatis,0,1,0,0
14_44,14,N1-c-M1,44,0,cabinet,Homonymy,Datisi,1,2,All cabinets are political appointments,Some cabinets are shelving units,Some shelving units are political appointments,NA,2949,Datisi,0,1,0,0
14_45,14,N1-c-M1,45,0,antiques,Invalid Filler,Darii*,1,2,All medieval manuscripts are antiques ,Some pieces of jewelry are antiques ,Some pieces of jewelry are medieval manuscripts,NA,3760,Darii,0,1,0,0
14_46,14,N1-c-M1,46,1,letter,Polysemy,Datisi,1,2,All letters have stamps,Some letters are rejections,Some rejections have stamps,NA,4860,Datisi,0,0,0,0
14_47,14,N1-c-M1,47,1,ponies,Valid Filler,Datisi,1,2,All ponies neigh,Some ponies are thoroughbreds,Some thoroughbreds neigh,NA,12414,Datisi,1,1,0,0
14_48,14,N1-c-M1,48,0,company,Polysemy,Dimatis,1,2,Some storefronts are companies,All companies are hierarchies,Some hierarchies are storefronts,NA,2925,Dimatis,0,1,0,0
14_49,14,N1-c-M1,49,0,bat,Homonymy,Darii,1,2,All bats share a common ancestor,Some sporting goods are bats,Some sporting goods share a common ancestor,NA,5210,Darii,0,1,0,0
14_50,14,N1-c-M1,50,1,funerals,Invalid Filler,Datisi*,1,2,All open-casket services are funerals,Some funerals are anonymous burials,Some anonymous burials are open-casket services,NA,3793,Datisi,0,0,0,0
14_51,14,N1-c-M1,51,0,stones,Invalid Filler,Datisi*,1,2,All pebbles are stones,Some stones are boulders,Some boulders are pebbles,NA,7470,Datisi,0,1,0,0
14_52,14,N1-c-M1,52,1,suitcases,Valid Filler,Dimatis,1,2,Some bags are suitcases,All suitcases are pieces of luggage,Some pieces of luggage are bags,NA,5209,Dimatis,1,1,0,0
14_53,14,N1-c-M1,53,1,change,Homonymy,Darii,1,2,All change is money,Some surprises are change,Some surprises are money,NA,2484,Darii,0,0,0,0
14_54,14,N1-c-M1,54,0,steaks,Invalid Filler,Disamis*,1,2,Some steaks are filet mignons,All ribeyes are steaks,Some ribeyes are filet mignons,NA,3285,Disamis,0,1,0,0
14_55,14,N1-c-M1,55,0,colors,Invalid Filler,Disamis*,1,2,Some colors are primary ,All shades of purple are colors ,Some shades of purple are primary,NA,8420,Disamis,0,1,0,0
14_56,14,N1-c-M1,56,0,city,Polysemy,Datisi,1,2,All cities are bureaucracies,Some cities are graffitied places,Some graffitied places are bureaucracies,NA,8588,Datisi,0,1,0,0
15_1,15,N1-c-M1,1,1,letter,Polysemy,Disamis,3,2,Some letters are crumpled,All letters are communications,Some communications are crumpled,NA,49815,Disamis,0,0,1,1
15_2,15,N1-c-M1,2,1,toilets,Invalid Filler,Datisi*,3,2,All outhouses are toilets,Some toilets are urinals ,Some urinals are outhouses,NA,20413,Datisi,0,0,1,1
15_3,15,N1-c-M1,3,0,dresses,Invalid Filler,Dimatis*,3,2,Some cocktail outfits are dresses,All ball gowns are dresses ,Some ball gowns are cocktail outfits,NA,76335,Dimatis,0,1,1,1
15_4,15,N1-c-M1,4,0,stones,Invalid Filler,Disamis*,3,2,Some stones are pebbles,All boulders are stones,Some boulders are pebbles,NA,11509,Disamis,0,1,1,1
15_5,15,N1-c-M1,5,0,cabinet,Homonymy,Disamis,3,2,Some cabinets are antique furniture,All cabinets are political appointments,Some political appointments are antique furniture,NA,17102,Disamis,0,1,1,1
15_6,15,N1-c-M1,6,0,sausages,Invalid Filler,Disamis*,3,2,Some sausages are chili dogs,All pepperonis are sausages,Some pepperonis are chili dogs,NA,48445,Disamis,0,1,1,1
15_7,15,N1-c-M1,7,1,rifles,Valid Filler,Datisi,3,2,All rifles are guns,Some rifles are safety hazards,Some safety hazards are guns,NA,13475,Datisi,1,1,1,1
15_8,15,N1-c-M1,8,0,dances,Invalid Filler,Dimatis*,3,2,Some mating rituals are dances,All ballets are dances ,Some ballets are mating rituals ,NA,69520,Dimatis,0,1,1,1
15_9,15,N1-c-M1,9,0,lunch,Polysemy,Darii,3,2,All lunches are breaks,Some sandwiches are lunches,Some sandwiches are breaks ,NA,12056,Darii,0,1,1,1
15_10,15,N1-c-M1,10,0,dinner,Polysemy,Datisi,3,2,All dinners happen after four o'clock,Some dinners are meatloafs,Some meatloafs happen after four o'clock,NA,10567,Datisi,0,1,1,1
15_11,15,N1-c-M1,11,0,rock,Homonymy,Disamis,3,2,Some rock is marble,All rock is music,Some music is marble,NA,13036,Disamis,0,1,1,1
15_12,15,N1-c-M1,12,0,ring,Homonymy,Dimatis,3,2,Some accessories are rings,All rings are sounds,Some sounds are accessories,NA,19498,Dimatis,0,1,1,1
15_13,15,N1-c-M1,13,1,company,Polysemy,Darii,3,2,All companies are buildings,Some tech giants are companies,Some tech giants are buildings,NA,33110,Darii,0,0,1,1
15_14,15,N1-c-M1,14,1,picnic,Polysemy,Disamis,3,2,Some picnics are romantic,All picnics are prepared foods,Some prepared foods are romantic,NA,37630,Disamis,0,0,1,1
15_15,15,N1-c-M1,15,1,dolls,Valid Filler,Dimatis,3,2,Some toys are dolls ,All dolls are man made objects,Some man made objects are toys,NA,25015,Dimatis,1,1,1,1
15_16,15,N1-c-M1,16,1,grapes,Valid Filler,Datisi,3,2,All grapes are fruits,Some grapes are snacks,Some snacks are fruits ,NA,4955,Datisi,1,1,1,1
15_17,15,N1-c-M1,17,1,suit,Homonymy,Datisi,3,2,All suits are dress attire,Some suits are court proceedings,Some court proceedings are dress attire,NA,50497,Datisi,0,0,1,1
15_18,15,N1-c-M1,18,0,ball,Homonymy,Darii,3,2,All balls are toys,Some birthday parties are balls,Some senior proms are toys,NA,9780,Darii,0,1,1,1
15_19,15,N1-c-M1,19,0,star,Homonymy,Disamis,3,2,Some stars are red dwarfs,All stars are famous people,Some famous people are red dwarfs,NA,54680,Disamis,0,1,1,1
15_20,15,N1-c-M1,20,1,mugs,Valid Filler,Disamis,3,2,Some mugs are ceramics,All mugs are cups ,Some cups are ceramics,NA,6419,Disamis,1,1,1,1
15_21,15,N1-c-M1,21,0,mothers,Invalid Filler,Dimatis*,3,2,Some teens are mothers,All grandmas are mothers ,Some grandmas are teens,NA,7778,Dimatis,0,1,1,1
15_22,15,N1-c-M1,22,0,breakfast,Polysemy,Dimatis,3,2,Some meetings are breakfasts,All breakfasts are nutrients,Some nutrients are meetings,NA,16743,Dimatis,0,1,1,1
15_23,15,N1-c-M1,23,1,swords,Valid Filler,Datisi,3,2,All swords are weapons,Some swords are museum pieces,Some museum pieces are weapons,NA,8151,Datisi,1,1,1,1
15_24,15,N1-c-M1,24,1,statues,Valid Filler,Disamis,3,2,Some statues are bronzes,All statues are sculptures,Some sculptures are bronzes,NA,9241,Disamis,1,1,1,1
15_25,15,N1-c-M1,25,1,thieves,Invalid Filler,Darii*,3,2,All mob bosses are thieves,Some children are thieves,Some children are mob bosses,NA,33427,Darii,0,0,1,1
15_26,15,N1-c-M1,26,0,city,Polysemy,Disamis,3,2,Some cities are corrupt,All cities are groups of buildings,Some groups of buildings are corrupt,NA,75039,Disamis,0,1,1,1
15_27,15,N1-c-M1,27,0,novel,Polysemy,Dimatis,3,2,Some flammable objects are novels,All novels are fictions,Some fictions are flammable objects,NA,18162,Dimatis,0,1,1,1
15_28,15,N1-c-M1,28,1,poets,Valid Filler,Disamis,3,2,Some poets are teachers,All poets are writers ,Some writers are teachers,NA,7332,Disamis,1,1,1,1
15_29,15,N1-c-M1,29,0,match,Homonymy,Datisi,3,2,All matches are combustible,Some matches are pay-per-view broadcasts,Some pay-per-view broadcasts are combustible,NA,8011,Datisi,0,1,1,1
15_30,15,N1-c-M1,30,0,colors,Invalid Filler,Datisi*,3,2,All shades of neon green are colors ,Some colors are pastels,Some pastels are shades of neon green ,NA,26414,Datisi,0,1,1,1
15_31,15,N1-c-M1,31,1,singers,Valid Filler,Dimatis,3,2,Some YouTubers are singers,All singers are musicians,Some musicians are YouTubers,NA,19192,Dimatis,1,1,1,1
15_32,15,N1-c-M1,32,1,antiques,Invalid Filler,Dimatis*,3,2,Some pieces of jewelry are antiques,All medieval manuscripts are antiques  ,Some medieval manuscripts are pieces of jewelry,NA,26857,Dimatis,0,0,1,1
15_33,15,N1-c-M1,33,1,liars,Valid Filler,Darii,3,2,All liars are humans,Some criminals are liars ,Some criminals are humans,NA,8337,Darii,1,1,1,1
15_34,15,N1-c-M1,34,1,peppers,Invalid Filler,Darii*,3,2,All jalapenos are peppers ,Some yellow vegetables are peppers,Some yellow vegetables are jalapenos,NA,23094,Darii,0,0,1,1
15_35,15,N1-c-M1,35,1,widows,Valid Filler,Darii,3,2,All widows are women,Some parents are widows ,Some parents are women,NA,6377,Darii,1,1,1,1
15_36,15,N1-c-M1,36,1,ponies,Valid Filler,Disamis,3,2,Some ponies are thoroughbreds,All ponies are neighing animals,Some neighing animals are thoroughbreds,NA,55467,Disamis,1,1,1,1
15_37,15,N1-c-M1,37,1,change,Homonymy,Dimatis,3,2,Some transformation is change,All change is money,Some money is transformation,NA,31073,Dimatis,0,0,1,1
15_38,15,N1-c-M1,38,0,spices,Invalid Filler,Darii*,3,2,All mustard seeds are spices,Some dried roots are spices ,Some dried roots are mustard seeds,NA,90220,Darii,0,1,1,1
15_39,15,N1-c-M1,39,1,trucks,Valid Filler,Darii,3,2,All trucks are vehicles,Some cars are trucks ,Some cars are vehicles,NA,7736,Darii,1,1,1,1
15_40,15,N1-c-M1,40,1,doughnuts,Valid Filler,Dimatis,3,2,Some pastries are doughnuts ,All doughnuts are sugary foods,Some sugary foods are pastries,NA,9078,Dimatis,1,1,1,1
15_41,15,N1-c-M1,41,1,book,Polysemy,Darii,3,2,All books are bound,Some exposés are books,Some exposés are bound,NA,65063,Darii,0,0,1,1
15_42,15,N1-c-M1,42,1,suitcases,Valid Filler,Darii,3,2,All suitcases are luggage,Some bags are suitcases,Some bags are luggage,NA,8050,Darii,1,1,1,1
15_43,15,N1-c-M1,43,0,bat,Homonymy,Dimatis,3,2,Some sporting goods are bats,All bats are animals,Some animals are sporting goods,NA,9448,Dimatis,0,1,1,1
15_44,15,N1-c-M1,44,0,ruler,Homonymy,Datisi,3,2,All rulers are standard lengths,Some rulers are queens,Some queens are standard lengths,NA,20806,Datisi,0,1,1,1
15_45,15,N1-c-M1,45,0,injuries,Invalid Filler,Darii*,3,2,All broken bones are injuries,Some sunburns are injuries,Some sunburns are broken bones,NA,9340,Darii,0,1,1,1
15_46,15,N1-c-M1,46,0,magazines,Polysemy,Datisi,3,2,All magazines are recyclable,Some magazines are media corporations ,Some media corporations are recyclable,NA,7849,Datisi,0,1,1,1
15_47,15,N1-c-M1,47,1,burgers,Valid Filler,Datisi,3,2,All burgers have protein,Some burgers are drive-thru orders,Some drive-thru orders have protein,NA,13168,Datisi,1,1,1,1
15_48,15,N1-c-M1,48,1,college,Polysemy,Dimatis,3,2,Some funding sources are colleges,All colleges are places filled with desks,Some places filled with desks are funding sources,NA,16338,Dimatis,0,0,1,1
15_49,15,N1-c-M1,49,1,board,Homonymy,Darii,3,2,All boards are wooden planks,Some governing organizations are boards,Some governing organizations are wooden planks,NA,21725,Darii,0,0,1,1
15_50,15,N1-c-M1,50,0,steaks,Invalid Filler,Datisi*,3,2,All rotten ribeyes are steaks,Some steaks are delicious meals,Some delicious meals are rotten ribeyes,NA,10116,Datisi,0,1,1,1
15_51,15,N1-c-M1,51,1,shapes,Invalid Filler,Datisi*,3,2,All road signs are shapes,Some shapes are cylinders,Some cylinders are road signs,NA,35819,Datisi,0,0,1,1
15_52,15,N1-c-M1,52,1,clowns,Valid Filler,Dimatis,3,2,Some jugglers are clowns ,All clowns are performers,Some performers are jugglers,NA,6737,Dimatis,1,1,1,1
15_53,15,N1-c-M1,53,0,Wave,Homonymy,Darii,3,2,All waves are water,Some gestures are waves,Some gestures are water,NA,70725,Darii,0,1,1,1
15_54,15,N1-c-M1,54,1,funerals,Invalid Filler,Disamis*,3,2,Some funerals are family gatherings,All anonymous burials are funerals,Some anonymous burials are family gatherings,NA,38771,Disamis,0,0,1,1
15_55,15,N1-c-M1,55,0,actors,Invalid Filler,Disamis*,3,2,Some actors are women,All male leads are actors,Some male leads are women,NA,39048,Disamis,0,1,1,1
15_56,15,N1-c-M1,56,1,school,Polysemy,Datisi,3,2,All schools have hallways,Some schools are employers,Some employers have hallways,NA,9688,Datisi,0,0,1,1
16_1,16,N1-c-M1,1,0,magazines,Polysemy,Disamis,1,2,Some magazines are coffee-stained,All magazines are subscriptions,Some subscriptions are coffee-stained,NA,5900,Disamis,0,1,0,0
16_2,16,N1-c-M1,2,0,sausages,Invalid Filler,Datisi*,1,2,All chili dogs are sausages,Some sausages are salamis,Some salamis are chili dogs,NA,4409,Datisi,0,1,0,0
16_3,16,N1-c-M1,3,1,spices,Invalid Filler,Dimatis*,1,2,Some dried roots are spices ,All mustard seeds are spices ,Some mustard seeds are dried roots,NA,4009,Dimatis,0,0,0,0
16_4,16,N1-c-M1,4,0,shapes,Invalid Filler,Disamis*,1,2,Some shapes are triangles,All squares are shapes,Some squares are triangles,NA,4643,Disamis,0,1,0,0
16_5,16,N1-c-M1,5,0,ruler,Homonymy,Disamis,1,2,Some rulers are kings,All rulers are standard lengths,Some standard lengths are kings,NA,5897,Disamis,0,1,0,0
16_6,16,N1-c-M1,6,1,toilets,Invalid Filler,Disamis*,1,2,Some toilets are coed,All urinals are toilets,Some urinals are coed,NA,4460,Disamis,0,0,0,0
16_7,16,N1-c-M1,7,1,statues,Valid Filler,Datisi,1,2,All statues are sculptures,Some statues are bronzes,Some bronzes are sculptures,NA,4025,Datisi,1,1,0,0
16_8,16,N1-c-M1,8,0,peppers,Invalid Filler,Dimatis*,1,2,Some yellow vegetables are peppers ,All jalapenos are peppers,Some jalapenos are yellow vegetables,NA,8757,Dimatis,0,1,0,0
16_9,16,N1-c-M1,9,1,breakfast,Polysemy,Darii,1,2,All breakfasts are under three hours,Some smoothies are breakfasts,Some smoothies are under three hours,NA,5639,Darii,0,0,0,0
16_10,16,N1-c-M1,10,1,picnic,Polysemy,Datisi,1,2,All picnics happen in nature,Some picnics are salads,Some salads happen in nature,NA,6292,Datisi,0,0,0,0
16_11,16,N1-c-M1,11,0,suit,Homonymy,Disamis,1,2,Some suits have multiple defendants,All suits are dress attire,Some dress attire has multiple defendants,NA,5628,Disamis,0,1,0,0
16_12,16,N1-c-M1,12,0,ball,Homonymy,Dimatis,1,2,Some parties are balls,All balls are toys,Some toys are parties,NA,4704,Dimatis,0,1,0,0
16_13,16,N1-c-M1,13,1,college,Polysemy,Darii,1,2,All colleges grant degrees,Some historic buildings are colleges,Some historic buildings grant degrees,NA,5190,Darii,0,0,0,0
16_14,16,N1-c-M1,14,1,dinner,Polysemy,Disamis,1,2,Some dinners are black tie,All dinners are foods,Some foods are black tie,NA,9181,Disamis,0,0,0,0
16_15,16,N1-c-M1,15,1,liars,Valid Filler,Dimatis,1,2,Some criminals are liars ,All liars are humans,Some humans are criminals ,NA,3375,Dimatis,1,1,0,0
16_16,16,N1-c-M1,16,1,poets,Valid Filler,Datisi,1,2,All poets are writers ,Some poets are teachers,Some teachers are writers,NA,3412,Datisi,1,1,0,0
16_17,16,N1-c-M1,17,0,rock,Homonymy,Datisi,1,2,All rock has guitars,Some rock is marble,Some marble has guitars,NA,3208,Datisi,0,1,0,0
16_18,16,N1-c-M1,18,1,ring,Homonymy,Darii,1,2,All rings are sounds,Some accessories are rings,Some accessories are sounds,NA,5046,Darii,0,0,0,0
16_19,16,N1-c-M1,19,0,match,Homonymy,Disamis,1,2,Some matches are pay-per-view,All matches are fire starters,Some fire starters are pay-per-view,NA,4616,Disamis,0,1,0,0
16_20,16,N1-c-M1,20,1,swords,Valid Filler,Disamis,1,2,Some swords are decorative,All swords are weapons ,Some weapons are decorative ,NA,4448,Disamis,1,1,0,0
16_21,16,N1-c-M1,21,0,thieves,Invalid Filler,Dimatis*,1,2,Some children are thieves,All mob bosses are thieves,Some mob bosses are children,NA,4365,Dimatis,0,1,0,0
16_22,16,N1-c-M1,22,0,lunch,Polysemy,Dimatis,1,2,Some breaks are lunches,All lunches are foods,Some foods are breaks,NA,4150,Dimatis,0,1,0,0
16_23,16,N1-c-M1,23,1,mugs,Valid Filler,Datisi,1,2,All mugs are cups ,Some mugs are ceramics,Some ceramics are cups ,NA,3251,Datisi,1,1,0,0
16_24,16,N1-c-M1,24,1,rifles,Valid Filler,Disamis,1,2,Some rifles are for hunting,All rifles are guns ,Some guns are for hunting,NA,3695,Disamis,1,1,0,0
16_25,16,N1-c-M1,25,0,mothers,Invalid Filler,Darii*,1,2,All grandmothers are mothers,Some teens are mothers,Some teens are grandmothers,NA,4164,Darii,0,1,0,0
16_26,16,N1-c-M1,26,0,school,Polysemy,Disamis,1,2,Some schools are rectangular,All schools are employers,Some employers are rectangular,NA,3366,Disamis,0,1,0,0
16_27,16,N1-c-M1,27,1,book,Polysemy,Dimatis,1,2,Some doorstops are books,All books are pieces of intellectual property,Some pieces of intellectual property are doorstops,NA,9216,Dimatis,0,0,0,0
16_28,16,N1-c-M1,28,1,grapes,Valid Filler,Disamis,1,2,Some grapes are red ,All grapes are fruits ,Some fruits are red ,NA,3234,Disamis,1,1,0,0
16_29,16,N1-c-M1,29,0,star,Homonymy,Datisi,1,2,All stars have autographs,Some stars are red dwarfs,Some red dwarfs have autographs,NA,6266,Datisi,0,1,0,0
16_30,16,N1-c-M1,30,0,actors,Invalid Filler,Datisi*,1,2,All male leads are actors,Some actors are women,Some women are male leads,NA,4942,Datisi,0,1,0,0
16_31,16,N1-c-M1,31,1,widows,Valid Filler,Dimatis,1,2,Some parents are widows ,All widows are women,Some women are parents,NA,3578,Dimatis,1,1,0,0
16_32,16,N1-c-M1,32,0,injuries,Invalid Filler,Dimatis*,1,2,Some sunburns are injuries,All broken bones are injuries,Some broken bones are sunburns,NA,4185,Dimatis,0,1,0,0
16_33,16,N1-c-M1,33,1,dolls,Valid Filler,Darii,1,2,All dolls are man made,Some toys are dolls ,Some toys are man made,NA,4168,Darii,1,1,0,0
16_34,16,N1-c-M1,34,1,dances,Invalid Filler,Darii*,1,2,All ballets are dances ,Some mating rituals are dances ,Some mating rituals are ballets,NA,7072,Darii,0,0,0,0
16_35,16,N1-c-M1,35,1,singers,Valid Filler,Darii,1,2,All singers are vocalists ,Some guitarists are singers,Some guitarists are vocalists,NA,3352,Darii,1,1,0,0
16_36,16,N1-c-M1,36,1,burgers,Valid Filler,Disamis,1,2,Some burgers are overcooked ,All burgers are sandwiches,Some sandwiches are overcooked ,NA,5954,Disamis,1,1,0,0
16_37,16,N1-c-M1,37,0,Wave,Homonymy,Dimatis,1,2,Some gestures are waves,All waves are liquids,Some liquids are gestures,NA,3132,Dimatis,0,1,0,0
16_38,16,N1-c-M1,38,1,dresses,Invalid Filler,Darii*,1,2,All ball gowns are dresses ,Some cocktail outfits are dresses,Some cocktail outfits are ball gowns,NA,9690,Darii,0,0,0,0
16_39,16,N1-c-M1,39,1,doughnuts,Valid Filler,Darii,1,2,All doughnuts are sugary ,Some pastries are doughnuts ,Some pastries are sugary,NA,5347,Darii,1,1,0,0
16_40,16,N1-c-M1,40,1,trucks,Valid Filler,Dimatis,1,2,Some cars are trucks ,All trucks are vehicles,Some vehicles are cars ,NA,2636,Dimatis,1,1,0,0
16_41,16,N1-c-M1,41,0,novel,Polysemy,Darii,1,2,All novels are flammable,Some debuts are novels,Some debuts are flammable,NA,3894,Darii,0,1,0,0
16_42,16,N1-c-M1,42,1,clowns,Valid Filler,Darii,1,2,All clowns can juggle ,Some circus performers are clowns ,Some circus performers can juggle,NA,3297,Darii,1,1,0,0
16_43,16,N1-c-M1,43,0,board,Homonymy,Dimatis,1,2,Some governing organizations are boards,All boards are wooden planks,Some wooden planks are governing organizations,NA,4161,Dimatis,0,1,0,0
16_44,16,N1-c-M1,44,0,cabinet,Homonymy,Datisi,1,2,All cabinets are political appointments,Some cabinets are shelving units,Some shelving units are political appointments,NA,3953,Datisi,0,1,0,0
16_45,16,N1-c-M1,45,0,antiques,Invalid Filler,Darii*,1,2,All medieval manuscripts are antiques ,Some pieces of jewelry are antiques ,Some pieces of jewelry are medieval manuscripts,NA,3718,Darii,0,1,0,0
16_46,16,N1-c-M1,46,1,letter,Polysemy,Datisi,1,2,All letters have stamps,Some letters are rejections,Some rejections have stamps,NA,3913,Datisi,0,0,0,0
16_47,16,N1-c-M1,47,1,ponies,Valid Filler,Datisi,1,2,All ponies neigh,Some ponies are thoroughbreds,Some thoroughbreds neigh,NA,5805,Datisi,1,1,0,0
16_48,16,N1-c-M1,48,0,company,Polysemy,Dimatis,1,2,Some storefronts are companies,All companies are hierarchies,Some hierarchies are storefronts,NA,3369,Dimatis,0,1,0,0
16_49,16,N1-c-M1,49,0,bat,Homonymy,Darii,1,2,All bats share a common ancestor,Some sporting goods are bats,Some sporting goods share a common ancestor,NA,3612,Darii,0,1,0,0
16_50,16,N1-c-M1,50,1,funerals,Invalid Filler,Datisi*,1,2,All open-casket services are funerals,Some funerals are anonymous burials,Some anonymous burials are open-casket services,NA,8719,Datisi,0,0,0,0
16_51,16,N1-c-M1,51,0,stones,Invalid Filler,Datisi*,1,2,All pebbles are stones,Some stones are boulders,Some boulders are pebbles,NA,5830,Datisi,0,1,0,0
16_52,16,N1-c-M1,52,1,suitcases,Valid Filler,Dimatis,1,2,Some bags are suitcases,All suitcases are pieces of luggage,Some pieces of luggage are bags,NA,3494,Dimatis,1,1,0,0
16_53,16,N1-c-M1,53,1,change,Homonymy,Darii,1,2,All change is money,Some surprises are change,Some surprises are money,NA,3505,Darii,0,0,0,0
16_54,16,N1-c-M1,54,0,steaks,Invalid Filler,Disamis*,1,2,Some steaks are filet mignons,All ribeyes are steaks,Some ribeyes are filet mignons,NA,4863,Disamis,0,1,0,0
16_55,16,N1-c-M1,55,0,colors,Invalid Filler,Disamis*,1,2,Some colors are primary ,All shades of purple are colors ,Some shades of purple are primary,NA,9162,Disamis,0,1,0,0
16_56,16,N1-c-M1,56,0,city,Polysemy,Datisi,1,2,All cities are bureaucracies,Some cities are graffitied places,Some graffitied places are bureaucracies,NA,4553,Datisi,0,1,0,0
17_1,17,N1-c-M1,1,0,bat,Homonymy,Darii,1,1,All bats share a common ancestor,Some sporting goods are bats,Some sporting goods share a common ancestor,NA,16552,Darii,0,1,0,0
17_2,17,N1-c-M1,2,1,mugs,Valid Filler,Datisi,1,1,All mugs are cups ,Some mugs are ceramics,Some ceramics are cups ,NA,9432,Datisi,1,1,0,0
17_3,17,N1-c-M1,3,0,change,Homonymy,Darii,1,1,All change is money,Some surprises are change,Some surprises are money,NA,12738,Darii,0,1,0,0
17_4,17,N1-c-M1,4,1,actors,Invalid Filler,Datisi*,1,1,All male leads are actors,Some actors are women,Some women are male leads,NA,11396,Datisi,0,0,0,0
17_5,17,N1-c-M1,5,0,stones,Invalid Filler,Datisi*,1,1,All pebbles are stones,Some stones are boulders,Some boulders are pebbles,NA,11516,Datisi,0,1,0,0
17_6,17,N1-c-M1,6,1,liars,Valid Filler,Dimatis,1,1,Some criminals are liars ,All liars are humans,Some humans are criminals ,NA,14068,Dimatis,1,1,0,0
17_7,17,N1-c-M1,7,1,funerals,Invalid Filler,Datisi*,1,1,All open-casket services are funerals,Some funerals are anonymous burials,Some anonymous burials are open-casket services,NA,13387,Datisi,0,0,0,0
17_8,17,N1-c-M1,8,0,college,Polysemy,Darii,1,1,All colleges grant degrees,Some historic buildings are colleges,Some historic buildings grant degrees,NA,14403,Darii,0,1,0,0
17_9,17,N1-c-M1,9,0,mothers,Invalid Filler,Darii*,1,1,All grandmothers are mothers,Some teens are mothers,Some teens are grandmothers,NA,15449,Darii,0,1,0,0
17_10,17,N1-c-M1,10,0,picnic,Polysemy,Datisi,1,1,All picnics happen in nature,Some picnics are salads,Some salads happen in nature,NA,14471,Datisi,0,1,0,0
17_11,17,N1-c-M1,11,0,ruler,Homonymy,Disamis,1,1,Some rulers are kings,All rulers are standard lengths,Some standard lengths are kings,NA,25011,Disamis,0,1,0,0
17_12,17,N1-c-M1,12,1,swords,Valid Filler,Disamis,1,1,Some swords are decorative,All swords are weapons ,Some weapons are decorative ,NA,15573,Disamis,1,1,0,0
17_13,17,N1-c-M1,13,0,rock,Homonymy,Datisi,1,1,All rock has guitars,Some rock is marble,Some marble has guitars,NA,16550,Datisi,0,1,0,0
17_14,17,N1-c-M1,14,0,school,Polysemy,Disamis,1,1,Some schools are rectangular,All schools are employers,Some employers are rectangular,NA,9129,Disamis,0,1,0,0
17_15,17,N1-c-M1,15,0,thieves,Invalid Filler,Dimatis*,1,1,Some children are thieves,All mob bosses are thieves,Some mob bosses are children,NA,5293,Dimatis,0,1,0,0
17_16,17,N1-c-M1,16,0,city,Polysemy,Datisi,1,1,All cities are bureaucracies,Some cities are graffitied places,Some graffitied places are bureaucracies,NA,5953,Datisi,0,1,0,0
17_17,17,N1-c-M1,17,1,singers,Valid Filler,Darii,1,1,All singers are vocalists ,Some guitarists are singers,Some guitarists are vocalists,NA,3834,Darii,1,1,0,0
17_18,17,N1-c-M1,18,0,Wave,Homonymy,Dimatis,1,1,Some gestures are waves,All waves are liquids,Some liquids are gestures,NA,4195,Dimatis,0,1,0,0
17_19,17,N1-c-M1,19,1,suitcases,Valid Filler,Dimatis,1,1,Some bags are suitcases,All suitcases are pieces of luggage,Some pieces of luggage are bags,NA,3626,Dimatis,1,1,0,0
17_20,17,N1-c-M1,20,0,novel,Polysemy,Darii,1,1,All novels are flammable,Some debuts are novels,Some debuts are flammable,NA,5438,Darii,0,1,0,0
17_21,17,N1-c-M1,21,0,dresses,Invalid Filler,Darii*,1,1,All ball gowns are dresses ,Some cocktail outfits are dresses,Some cocktail outfits are ball gowns,NA,3709,Darii,0,1,0,0
17_22,17,N1-c-M1,22,1,grapes,Valid Filler,Disamis,1,1,Some grapes are red ,All grapes are fruits ,Some fruits are red ,NA,3114,Disamis,1,1,0,0
17_23,17,N1-c-M1,23,0,company,Polysemy,Dimatis,1,1,Some storefronts are companies,All companies are hierarchies,Some hierarchies are storefronts,NA,3510,Dimatis,0,1,0,0
17_24,17,N1-c-M1,24,0,clowns,Valid Filler,Darii,1,1,All clowns can juggle ,Some circus performers are clowns ,Some circus performers can juggle,NA,4435,Darii,1,0,0,0
17_25,17,N1-c-M1,25,0,star,Homonymy,Datisi,1,1,All stars have autographs,Some stars are red dwarfs,Some red dwarfs have autographs,NA,3272,Datisi,0,1,0,0
17_26,17,N1-c-M1,26,0,injuries,Invalid Filler,Dimatis*,1,1,Some sunburns are injuries,All broken bones are injuries,Some broken bones are sunburns,NA,4290,Dimatis,0,1,0,0
17_27,17,N1-c-M1,27,1,letter,Polysemy,Datisi,1,1,All letters have stamps,Some letters are rejections,Some rejections have stamps,NA,5609,Datisi,0,0,0,0
17_28,17,N1-c-M1,28,1,rifles,Valid Filler,Disamis,1,1,Some rifles are for hunting,All rifles are guns ,Some guns are for hunting,NA,5016,Disamis,1,1,0,0
17_29,17,N1-c-M1,29,0,breakfast,Polysemy,Darii,1,1,All breakfasts are under three hours,Some smoothies are breakfasts,Some smoothies are under three hours,NA,8604,Darii,0,1,0,0
17_30,17,N1-c-M1,30,0,board,Homonymy,Dimatis,1,1,Some governing organizations are boards,All boards are wooden planks,Some wooden planks are governing organizations,NA,4220,Dimatis,0,1,0,0
17_31,17,N1-c-M1,31,1,trucks,Valid Filler,Dimatis,1,1,Some cars are trucks ,All trucks are vehicles,Some vehicles are cars ,NA,4227,Dimatis,1,1,0,0
17_32,17,N1-c-M1,32,0,spices,Invalid Filler,Dimatis*,1,1,Some dried roots are spices ,All mustard seeds are spices ,Some mustard seeds are dried roots,NA,3575,Dimatis,0,1,0,0
17_33,17,N1-c-M1,33,1,burgers,Valid Filler,Disamis,1,1,Some burgers are overcooked ,All burgers are sandwiches,Some sandwiches are overcooked ,NA,3612,Disamis,1,1,0,0
17_34,17,N1-c-M1,34,0,steaks,Invalid Filler,Disamis*,1,1,Some steaks are filet mignons,All ribeyes are steaks,Some ribeyes are filet mignons,NA,3694,Disamis,0,1,0,0
17_35,17,N1-c-M1,35,0,match,Homonymy,Disamis,1,1,Some matches are pay-per-view,All matches are fire starters,Some fire starters are pay-per-view,NA,4053,Disamis,0,1,0,0
17_36,17,N1-c-M1,36,0,ball,Homonymy,Dimatis,1,1,Some parties are balls,All balls are toys,Some toys are parties,NA,3352,Dimatis,0,1,0,0
17_37,17,N1-c-M1,37,0,dinner,Polysemy,Disamis,1,1,Some dinners are black tie,All dinners are foods,Some foods are black tie,NA,3295,Disamis,0,1,0,0
17_38,17,N1-c-M1,38,1,dolls,Valid Filler,Darii,1,1,All dolls are man made,Some toys are dolls ,Some toys are man made,NA,4843,Darii,1,1,0,0
17_39,17,N1-c-M1,39,0,lunch,Polysemy,Dimatis,1,1,Some breaks are lunches,All lunches are foods,Some foods are breaks,NA,3311,Dimatis,0,1,0,0
17_40,17,N1-c-M1,40,1,poets,Valid Filler,Datisi,1,1,All poets are writers ,Some poets are teachers,Some teachers are writers,NA,3404,Datisi,1,1,0,0
17_41,17,N1-c-M1,41,0,cabinet,Homonymy,Datisi,1,1,All cabinets are political appointments,Some cabinets are shelving units,Some shelving units are political appointments,NA,3963,Datisi,0,1,0,0
17_42,17,N1-c-M1,42,0,sausages,Invalid Filler,Datisi*,1,1,All chili dogs are sausages,Some sausages are salamis,Some salamis are chili dogs,NA,6491,Datisi,0,1,0,0
17_43,17,N1-c-M1,43,0,ponies,Valid Filler,Datisi,1,1,All ponies neigh,Some ponies are thoroughbreds,Some thoroughbreds neigh,NA,4205,Datisi,1,0,0,0
17_44,17,N1-c-M1,44,0,peppers,Invalid Filler,Dimatis*,1,1,Some yellow vegetables are peppers ,All jalapenos are peppers,Some jalapenos are yellow vegetables,NA,3993,Dimatis,0,1,0,0
17_45,17,N1-c-M1,45,0,suit,Homonymy,Disamis,1,1,Some suits have multiple defendants,All suits are dress attire,Some dress attire has multiple defendants,NA,4153,Disamis,0,1,0,0
17_46,17,N1-c-M1,46,0,statues,Valid Filler,Datisi,1,1,All statues are sculptures,Some statues are bronzes,Some bronzes are sculptures,NA,5831,Datisi,1,0,0,0
17_47,17,N1-c-M1,47,0,antiques,Invalid Filler,Darii*,1,1,All medieval manuscripts are antiques ,Some pieces of jewelry are antiques ,Some pieces of jewelry are medieval manuscripts,NA,5048,Darii,0,1,0,0
17_48,17,N1-c-M1,48,0,shapes,Invalid Filler,Disamis*,1,1,Some shapes are triangles,All squares are shapes,Some squares are triangles,NA,3513,Disamis,0,1,0,0
17_49,17,N1-c-M1,49,1,doughnuts,Valid Filler,Darii,1,1,All doughnuts are sugary ,Some pastries are doughnuts ,Some pastries are sugary,NA,7868,Darii,1,1,0,0
17_50,17,N1-c-M1,50,0,colors,Invalid Filler,Disamis*,1,1,Some colors are primary ,All shades of purple are colors ,Some shades of purple are primary,NA,6641,Disamis,0,1,0,0
17_51,17,N1-c-M1,51,1,widows,Valid Filler,Dimatis,1,1,Some parents are widows ,All widows are women,Some women are parents,NA,3803,Dimatis,1,1,0,0
17_52,17,N1-c-M1,52,0,book,Polysemy,Dimatis,1,1,Some doorstops are books,All books are pieces of intellectual property,Some pieces of intellectual property are doorstops,NA,4517,Dimatis,0,1,0,0
17_53,17,N1-c-M1,53,0,magazines,Polysemy,Disamis,1,1,Some magazines are coffee-stained,All magazines are subscriptions,Some subscriptions are coffee-stained,NA,4703,Disamis,0,1,0,0
17_54,17,N1-c-M1,54,0,toilets,Invalid Filler,Disamis*,1,1,Some toilets are coed,All urinals are toilets,Some urinals are coed,NA,3239,Disamis,0,1,0,0
17_55,17,N1-c-M1,55,0,dances,Invalid Filler,Darii*,1,1,All ballets are dances ,Some mating rituals are dances ,Some mating rituals are ballets,NA,3529,Darii,0,1,0,0
17_56,17,N1-c-M1,56,0,ring,Homonymy,Darii,1,1,All rings are sounds,Some accessories are rings,Some accessories are sounds,NA,5647,Darii,0,1,0,0
18_1,18,N1-c-M1,1,1,letter,Polysemy,Disamis,3,2,Some letters are crumpled,All letters are communications,Some communications are crumpled,NA,6121,Disamis,0,0,0,0
18_2,18,N1-c-M1,2,0,toilets,Invalid Filler,Datisi*,3,2,All outhouses are toilets,Some toilets are urinals ,Some urinals are outhouses,NA,8932,Datisi,0,1,0,0
18_3,18,N1-c-M1,3,0,dresses,Invalid Filler,Dimatis*,3,2,Some cocktail outfits are dresses,All ball gowns are dresses ,Some ball gowns are cocktail outfits,NA,8852,Dimatis,0,1,0,0
18_4,18,N1-c-M1,4,0,stones,Invalid Filler,Disamis*,3,2,Some stones are pebbles,All boulders are stones,Some boulders are pebbles,NA,2927,Disamis,0,1,0,0
18_5,18,N1-c-M1,5,0,cabinet,Homonymy,Disamis,3,2,Some cabinets are antique furniture,All cabinets are political appointments,Some political appointments are antique furniture,NA,3627,Disamis,0,1,0,0
18_6,18,N1-c-M1,6,0,sausages,Invalid Filler,Disamis*,3,2,Some sausages are chili dogs,All pepperonis are sausages,Some pepperonis are chili dogs,NA,3147,Disamis,0,1,0,0
18_7,18,N1-c-M1,7,1,rifles,Valid Filler,Datisi,3,2,All rifles are guns,Some rifles are safety hazards,Some safety hazards are guns,NA,5031,Datisi,1,1,0,0
18_8,18,N1-c-M1,8,0,dances,Invalid Filler,Dimatis*,3,2,Some mating rituals are dances,All ballets are dances ,Some ballets are mating rituals ,NA,5063,Dimatis,0,1,0,0
18_9,18,N1-c-M1,9,0,lunch,Polysemy,Darii,3,2,All lunches are breaks,Some sandwiches are lunches,Some sandwiches are breaks ,NA,4229,Darii,0,1,0,0
18_10,18,N1-c-M1,10,1,dinner,Polysemy,Datisi,3,2,All dinners happen after four o'clock,Some dinners are meatloafs,Some meatloafs happen after four o'clock,NA,5131,Datisi,0,0,0,0
18_11,18,N1-c-M1,11,0,rock,Homonymy,Disamis,3,2,Some rock is marble,All rock is music,Some music is marble,NA,5107,Disamis,0,1,0,0
18_12,18,N1-c-M1,12,0,ring,Homonymy,Dimatis,3,2,Some accessories are rings,All rings are sounds,Some sounds are accessories,NA,3550,Dimatis,0,1,0,0
18_13,18,N1-c-M1,13,0,company,Polysemy,Darii,3,2,All companies are buildings,Some tech giants are companies,Some tech giants are buildings,NA,5390,Darii,0,1,0,0
18_14,18,N1-c-M1,14,1,picnic,Polysemy,Disamis,3,2,Some picnics are romantic,All picnics are prepared foods,Some prepared foods are romantic,NA,4628,Disamis,0,0,0,0
18_15,18,N1-c-M1,15,1,dolls,Valid Filler,Dimatis,3,2,Some toys are dolls ,All dolls are man made objects,Some man made objects are toys,NA,4191,Dimatis,1,1,0,0
18_16,18,N1-c-M1,16,1,grapes,Valid Filler,Datisi,3,2,All grapes are fruits,Some grapes are snacks,Some snacks are fruits ,NA,3116,Datisi,1,1,0,0
18_17,18,N1-c-M1,17,0,suit,Homonymy,Datisi,3,2,All suits are dress attire,Some suits are court proceedings,Some court proceedings are dress attire,NA,3732,Datisi,0,1,0,0
18_18,18,N1-c-M1,18,0,ball,Homonymy,Darii,3,2,All balls are toys,Some birthday parties are balls,Some senior proms are toys,NA,3533,Darii,0,1,0,0
18_19,18,N1-c-M1,19,0,star,Homonymy,Disamis,3,2,Some stars are red dwarfs,All stars are famous people,Some famous people are red dwarfs,NA,8018,Disamis,0,1,0,0
18_20,18,N1-c-M1,20,1,mugs,Valid Filler,Disamis,3,2,Some mugs are ceramics,All mugs are cups ,Some cups are ceramics,NA,4050,Disamis,1,1,0,0
18_21,18,N1-c-M1,21,0,mothers,Invalid Filler,Dimatis*,3,2,Some teens are mothers,All grandmas are mothers ,Some grandmas are teens,NA,2910,Dimatis,0,1,0,0
18_22,18,N1-c-M1,22,0,breakfast,Polysemy,Dimatis,3,2,Some meetings are breakfasts,All breakfasts are nutrients,Some nutrients are meetings,NA,3466,Dimatis,0,1,0,0
18_23,18,N1-c-M1,23,1,swords,Valid Filler,Datisi,3,2,All swords are weapons,Some swords are museum pieces,Some museum pieces are weapons,NA,3262,Datisi,1,1,0,0
18_24,18,N1-c-M1,24,1,statues,Valid Filler,Disamis,3,2,Some statues are bronzes,All statues are sculptures,Some sculptures are bronzes,NA,3972,Disamis,1,1,0,0
18_25,18,N1-c-M1,25,0,thieves,Invalid Filler,Darii*,3,2,All mob bosses are thieves,Some children are thieves,Some children are mob bosses,NA,3210,Darii,0,1,0,0
18_26,18,N1-c-M1,26,0,city,Polysemy,Disamis,3,2,Some cities are corrupt,All cities are groups of buildings,Some groups of buildings are corrupt,NA,4888,Disamis,0,1,0,0
18_27,18,N1-c-M1,27,1,novel,Polysemy,Dimatis,3,2,Some flammable objects are novels,All novels are fictions,Some fictions are flammable objects,NA,10364,Dimatis,0,0,0,0
18_28,18,N1-c-M1,28,1,poets,Valid Filler,Disamis,3,2,Some poets are teachers,All poets are writers ,Some writers are teachers,NA,3552,Disamis,1,1,0,0
18_29,18,N1-c-M1,29,0,match,Homonymy,Datisi,3,2,All matches are combustible,Some matches are pay-per-view broadcasts,Some pay-per-view broadcasts are combustible,NA,4391,Datisi,0,1,0,0
18_30,18,N1-c-M1,30,0,colors,Invalid Filler,Datisi*,3,2,All shades of neon green are colors ,Some colors are pastels,Some pastels are shades of neon green ,NA,4139,Datisi,0,1,0,0
18_31,18,N1-c-M1,31,1,singers,Valid Filler,Dimatis,3,2,Some YouTubers are singers,All singers are musicians,Some musicians are YouTubers,NA,3580,Dimatis,1,1,0,0
18_32,18,N1-c-M1,32,0,antiques,Invalid Filler,Dimatis*,3,2,Some pieces of jewelry are antiques,All medieval manuscripts are antiques  ,Some medieval manuscripts are pieces of jewelry,NA,3948,Dimatis,0,1,0,0
18_33,18,N1-c-M1,33,1,liars,Valid Filler,Darii,3,2,All liars are humans,Some criminals are liars ,Some criminals are humans,NA,3358,Darii,1,1,0,0
18_34,18,N1-c-M1,34,1,peppers,Invalid Filler,Darii*,3,2,All jalapenos are peppers ,Some yellow vegetables are peppers,Some yellow vegetables are jalapenos,NA,10035,Darii,0,0,0,0
18_35,18,N1-c-M1,35,1,widows,Valid Filler,Darii,3,2,All widows are women,Some parents are widows ,Some parents are women,NA,3142,Darii,1,1,0,0
18_36,18,N1-c-M1,36,1,ponies,Valid Filler,Disamis,3,2,Some ponies are thoroughbreds,All ponies are neighing animals,Some neighing animals are thoroughbreds,NA,5559,Disamis,1,1,0,0
18_37,18,N1-c-M1,37,0,change,Homonymy,Dimatis,3,2,Some transformation is change,All change is money,Some money is transformation,NA,2935,Dimatis,0,1,0,0
18_38,18,N1-c-M1,38,0,spices,Invalid Filler,Darii*,3,2,All mustard seeds are spices,Some dried roots are spices ,Some dried roots are mustard seeds,NA,3533,Darii,0,1,0,0
18_39,18,N1-c-M1,39,1,trucks,Valid Filler,Darii,3,2,All trucks are vehicles,Some cars are trucks ,Some cars are vehicles,NA,16426,Darii,1,1,0,0
18_40,18,N1-c-M1,40,1,doughnuts,Valid Filler,Dimatis,3,2,Some pastries are doughnuts ,All doughnuts are sugary foods,Some sugary foods are pastries,NA,3650,Dimatis,1,1,0,0
18_41,18,N1-c-M1,41,1,book,Polysemy,Darii,3,2,All books are bound,Some exposés are books,Some exposés are bound,NA,3601,Darii,0,0,0,0
18_42,18,N1-c-M1,42,1,suitcases,Valid Filler,Darii,3,2,All suitcases are luggage,Some bags are suitcases,Some bags are luggage,NA,2961,Darii,1,1,0,0
18_43,18,N1-c-M1,43,0,bat,Homonymy,Dimatis,3,2,Some sporting goods are bats,All bats are animals,Some animals are sporting goods,NA,3347,Dimatis,0,1,0,0
18_44,18,N1-c-M1,44,1,ruler,Homonymy,Datisi,3,2,All rulers are standard lengths,Some rulers are queens,Some queens are standard lengths,NA,5977,Datisi,0,0,0,0
18_45,18,N1-c-M1,45,0,injuries,Invalid Filler,Darii*,3,2,All broken bones are injuries,Some sunburns are injuries,Some sunburns are broken bones,NA,2980,Darii,0,1,0,0
18_46,18,N1-c-M1,46,0,magazines,Polysemy,Datisi,3,2,All magazines are recyclable,Some magazines are media corporations ,Some media corporations are recyclable,NA,3645,Datisi,0,1,0,0
18_47,18,N1-c-M1,47,1,burgers,Valid Filler,Datisi,3,2,All burgers have protein,Some burgers are drive-thru orders,Some drive-thru orders have protein,NA,4852,Datisi,1,1,0,0
18_48,18,N1-c-M1,48,0,college,Polysemy,Dimatis,3,2,Some funding sources are colleges,All colleges are places filled with desks,Some places filled with desks are funding sources,NA,7222,Dimatis,0,1,0,0
18_49,18,N1-c-M1,49,0,board,Homonymy,Darii,3,2,All boards are wooden planks,Some governing organizations are boards,Some governing organizations are wooden planks,NA,3835,Darii,0,1,0,0
18_50,18,N1-c-M1,50,0,steaks,Invalid Filler,Datisi*,3,2,All rotten ribeyes are steaks,Some steaks are delicious meals,Some delicious meals are rotten ribeyes,NA,5404,Datisi,0,1,0,0
18_51,18,N1-c-M1,51,0,shapes,Invalid Filler,Datisi*,3,2,All road signs are shapes,Some shapes are cylinders,Some cylinders are road signs,NA,11323,Datisi,0,1,0,0
18_52,18,N1-c-M1,52,1,clowns,Valid Filler,Dimatis,3,2,Some jugglers are clowns ,All clowns are performers,Some performers are jugglers,NA,2909,Dimatis,1,1,0,0
18_53,18,N1-c-M1,53,0,Wave,Homonymy,Darii,3,2,All waves are water,Some gestures are waves,Some gestures are water,NA,2342,Darii,0,1,0,0
18_54,18,N1-c-M1,54,0,funerals,Invalid Filler,Disamis*,3,2,Some funerals are family gatherings,All anonymous burials are funerals,Some anonymous burials are family gatherings,NA,9224,Disamis,0,1,0,0
18_55,18,N1-c-M1,55,0,actors,Invalid Filler,Disamis*,3,2,Some actors are women,All male leads are actors,Some male leads are women,NA,7795,Disamis,0,1,0,0
18_56,18,N1-c-M1,56,0,school,Polysemy,Datisi,3,2,All schools have hallways,Some schools are employers,Some employers have hallways,NA,3968,Datisi,0,1,0,0
19_1,19,N1-c-M1,1,1,letter,Polysemy,Disamis,3,2,Some letters are crumpled,All letters are communications,Some communications are crumpled,NA,6504,Disamis,0,0,0,0
19_2,19,N1-c-M1,2,1,toilets,Invalid Filler,Datisi*,3,2,All outhouses are toilets,Some toilets are urinals ,Some urinals are outhouses,NA,5466,Datisi,0,0,0,0
19_3,19,N1-c-M1,3,1,dresses,Invalid Filler,Dimatis*,3,2,Some cocktail outfits are dresses,All ball gowns are dresses ,Some ball gowns are cocktail outfits,NA,3675,Dimatis,0,0,0,0
19_4,19,N1-c-M1,4,0,stones,Invalid Filler,Disamis*,3,2,Some stones are pebbles,All boulders are stones,Some boulders are pebbles,NA,3933,Disamis,0,1,0,0
19_5,19,N1-c-M1,5,0,cabinet,Homonymy,Disamis,3,2,Some cabinets are antique furniture,All cabinets are political appointments,Some political appointments are antique furniture,NA,4381,Disamis,0,1,0,0
19_6,19,N1-c-M1,6,0,sausages,Invalid Filler,Disamis*,3,2,Some sausages are chili dogs,All pepperonis are sausages,Some pepperonis are chili dogs,NA,2985,Disamis,0,1,0,0
19_7,19,N1-c-M1,7,1,rifles,Valid Filler,Datisi,3,2,All rifles are guns,Some rifles are safety hazards,Some safety hazards are guns,NA,8354,Datisi,1,1,0,0
19_8,19,N1-c-M1,8,1,dances,Invalid Filler,Dimatis*,3,2,Some mating rituals are dances,All ballets are dances ,Some ballets are mating rituals ,NA,5083,Dimatis,0,0,0,0
19_9,19,N1-c-M1,9,0,lunch,Polysemy,Darii,3,2,All lunches are breaks,Some sandwiches are lunches,Some sandwiches are breaks ,NA,4637,Darii,0,1,0,0
19_10,19,N1-c-M1,10,1,dinner,Polysemy,Datisi,3,2,All dinners happen after four o'clock,Some dinners are meatloafs,Some meatloafs happen after four o'clock,NA,3258,Datisi,0,0,0,0
19_11,19,N1-c-M1,11,0,rock,Homonymy,Disamis,3,2,Some rock is marble,All rock is music,Some music is marble,NA,3383,Disamis,0,1,0,0
19_12,19,N1-c-M1,12,0,ring,Homonymy,Dimatis,3,2,Some accessories are rings,All rings are sounds,Some sounds are accessories,NA,41924,Dimatis,0,1,0,0
19_13,19,N1-c-M1,13,0,company,Polysemy,Darii,3,2,All companies are buildings,Some tech giants are companies,Some tech giants are buildings,NA,3802,Darii,0,1,0,0
19_14,19,N1-c-M1,14,1,picnic,Polysemy,Disamis,3,2,Some picnics are romantic,All picnics are prepared foods,Some prepared foods are romantic,NA,2947,Disamis,0,0,0,0
19_15,19,N1-c-M1,15,1,dolls,Valid Filler,Dimatis,3,2,Some toys are dolls ,All dolls are man made objects,Some man made objects are toys,NA,3258,Dimatis,1,1,0,0
19_16,19,N1-c-M1,16,1,grapes,Valid Filler,Datisi,3,2,All grapes are fruits,Some grapes are snacks,Some snacks are fruits ,NA,3408,Datisi,1,1,0,0
19_17,19,N1-c-M1,17,0,suit,Homonymy,Datisi,3,2,All suits are dress attire,Some suits are court proceedings,Some court proceedings are dress attire,NA,4381,Datisi,0,1,0,0
19_18,19,N1-c-M1,18,0,ball,Homonymy,Darii,3,2,All balls are toys,Some birthday parties are balls,Some senior proms are toys,NA,2978,Darii,0,1,0,0
19_19,19,N1-c-M1,19,0,star,Homonymy,Disamis,3,2,Some stars are red dwarfs,All stars are famous people,Some famous people are red dwarfs,NA,3557,Disamis,0,1,0,0
19_20,19,N1-c-M1,20,1,mugs,Valid Filler,Disamis,3,2,Some mugs are ceramics,All mugs are cups ,Some cups are ceramics,NA,10908,Disamis,1,1,0,0
19_21,19,N1-c-M1,21,0,mothers,Invalid Filler,Dimatis*,3,2,Some teens are mothers,All grandmas are mothers ,Some grandmas are teens,NA,2550,Dimatis,0,1,0,0
19_22,19,N1-c-M1,22,0,breakfast,Polysemy,Dimatis,3,2,Some meetings are breakfasts,All breakfasts are nutrients,Some nutrients are meetings,NA,3300,Dimatis,0,1,0,0
19_23,19,N1-c-M1,23,1,swords,Valid Filler,Datisi,3,2,All swords are weapons,Some swords are museum pieces,Some museum pieces are weapons,NA,3629,Datisi,1,1,0,0
19_24,19,N1-c-M1,24,1,statues,Valid Filler,Disamis,3,2,Some statues are bronzes,All statues are sculptures,Some sculptures are bronzes,NA,3312,Disamis,1,1,0,0
19_25,19,N1-c-M1,25,0,thieves,Invalid Filler,Darii*,3,2,All mob bosses are thieves,Some children are thieves,Some children are mob bosses,NA,4966,Darii,0,1,0,0
19_26,19,N1-c-M1,26,1,city,Polysemy,Disamis,3,2,Some cities are corrupt,All cities are groups of buildings,Some groups of buildings are corrupt,NA,8000,Disamis,0,0,0,0
19_27,19,N1-c-M1,27,0,novel,Polysemy,Dimatis,3,2,Some flammable objects are novels,All novels are fictions,Some fictions are flammable objects,NA,3621,Dimatis,0,1,0,0
19_28,19,N1-c-M1,28,1,poets,Valid Filler,Disamis,3,2,Some poets are teachers,All poets are writers ,Some writers are teachers,NA,6194,Disamis,1,1,0,0
19_29,19,N1-c-M1,29,0,match,Homonymy,Datisi,3,2,All matches are combustible,Some matches are pay-per-view broadcasts,Some pay-per-view broadcasts are combustible,NA,3873,Datisi,0,1,0,0
19_30,19,N1-c-M1,30,0,colors,Invalid Filler,Datisi*,3,2,All shades of neon green are colors ,Some colors are pastels,Some pastels are shades of neon green ,NA,3327,Datisi,0,1,0,0
19_31,19,N1-c-M1,31,1,singers,Valid Filler,Dimatis,3,2,Some YouTubers are singers,All singers are musicians,Some musicians are YouTubers,NA,3702,Dimatis,1,1,0,0
19_32,19,N1-c-M1,32,0,antiques,Invalid Filler,Dimatis*,3,2,Some pieces of jewelry are antiques,All medieval manuscripts are antiques  ,Some medieval manuscripts are pieces of jewelry,NA,55858,Dimatis,0,1,0,0
19_33,19,N1-c-M1,33,1,liars,Valid Filler,Darii,3,2,All liars are humans,Some criminals are liars ,Some criminals are humans,NA,2616,Darii,1,1,0,0
19_34,19,N1-c-M1,34,1,peppers,Invalid Filler,Darii*,3,2,All jalapenos are peppers ,Some yellow vegetables are peppers,Some yellow vegetables are jalapenos,NA,5237,Darii,0,0,0,0
19_35,19,N1-c-M1,35,1,widows,Valid Filler,Darii,3,2,All widows are women,Some parents are widows ,Some parents are women,NA,2988,Darii,1,1,0,0
19_36,19,N1-c-M1,36,1,ponies,Valid Filler,Disamis,3,2,Some ponies are thoroughbreds,All ponies are neighing animals,Some neighing animals are thoroughbreds,NA,3648,Disamis,1,1,0,0
19_37,19,N1-c-M1,37,0,change,Homonymy,Dimatis,3,2,Some transformation is change,All change is money,Some money is transformation,NA,4413,Dimatis,0,1,0,0
19_38,19,N1-c-M1,38,1,spices,Invalid Filler,Darii*,3,2,All mustard seeds are spices,Some dried roots are spices ,Some dried roots are mustard seeds,NA,3756,Darii,0,0,0,0
19_39,19,N1-c-M1,39,1,trucks,Valid Filler,Darii,3,2,All trucks are vehicles,Some cars are trucks ,Some cars are vehicles,NA,2533,Darii,1,1,0,0
19_40,19,N1-c-M1,40,1,doughnuts,Valid Filler,Dimatis,3,2,Some pastries are doughnuts ,All doughnuts are sugary foods,Some sugary foods are pastries,NA,4975,Dimatis,1,1,0,0
19_41,19,N1-c-M1,41,0,book,Polysemy,Darii,3,2,All books are bound,Some exposés are books,Some exposés are bound,NA,3563,Darii,0,1,0,0
19_42,19,N1-c-M1,42,1,suitcases,Valid Filler,Darii,3,2,All suitcases are luggage,Some bags are suitcases,Some bags are luggage,NA,10921,Darii,1,1,0,0
19_43,19,N1-c-M1,43,0,bat,Homonymy,Dimatis,3,2,Some sporting goods are bats,All bats are animals,Some animals are sporting goods,NA,4629,Dimatis,0,1,0,0
19_44,19,N1-c-M1,44,0,ruler,Homonymy,Datisi,3,2,All rulers are standard lengths,Some rulers are queens,Some queens are standard lengths,NA,4458,Datisi,0,1,0,0
19_45,19,N1-c-M1,45,0,injuries,Invalid Filler,Darii*,3,2,All broken bones are injuries,Some sunburns are injuries,Some sunburns are broken bones,NA,3079,Darii,0,1,0,0
19_46,19,N1-c-M1,46,0,magazines,Polysemy,Datisi,3,2,All magazines are recyclable,Some magazines are media corporations ,Some media corporations are recyclable,NA,4867,Datisi,0,1,0,0
19_47,19,N1-c-M1,47,1,burgers,Valid Filler,Datisi,3,2,All burgers have protein,Some burgers are drive-thru orders,Some drive-thru orders have protein,NA,3667,Datisi,1,1,0,0
19_48,19,N1-c-M1,48,1,college,Polysemy,Dimatis,3,2,Some funding sources are colleges,All colleges are places filled with desks,Some places filled with desks are funding sources,NA,5353,Dimatis,0,0,0,0
19_49,19,N1-c-M1,49,0,board,Homonymy,Darii,3,2,All boards are wooden planks,Some governing organizations are boards,Some governing organizations are wooden planks,NA,3005,Darii,0,1,0,0
19_50,19,N1-c-M1,50,0,steaks,Invalid Filler,Datisi*,3,2,All rotten ribeyes are steaks,Some steaks are delicious meals,Some delicious meals are rotten ribeyes,NA,4982,Datisi,0,1,0,0
19_51,19,N1-c-M1,51,0,shapes,Invalid Filler,Datisi*,3,2,All road signs are shapes,Some shapes are cylinders,Some cylinders are road signs,NA,18548,Datisi,0,1,0,0
19_52,19,N1-c-M1,52,1,clowns,Valid Filler,Dimatis,3,2,Some jugglers are clowns ,All clowns are performers,Some performers are jugglers,NA,3340,Dimatis,1,1,0,0
19_53,19,N1-c-M1,53,0,Wave,Homonymy,Darii,3,2,All waves are water,Some gestures are waves,Some gestures are water,NA,3993,Darii,0,1,0,0
19_54,19,N1-c-M1,54,1,funerals,Invalid Filler,Disamis*,3,2,Some funerals are family gatherings,All anonymous burials are funerals,Some anonymous burials are family gatherings,NA,6859,Disamis,0,0,0,0
19_55,19,N1-c-M1,55,1,actors,Invalid Filler,Disamis*,3,2,Some actors are women,All male leads are actors,Some male leads are women,NA,3399,Disamis,0,0,0,0
19_56,19,N1-c-M1,56,1,school,Polysemy,Datisi,3,2,All schools have hallways,Some schools are employers,Some employers have hallways,NA,3301,Datisi,0,0,0,0
20_1,20,N1-c-M1,1,1,letter,Polysemy,Disamis,3,2,Some letters are crumpled,All letters are communications,Some communications are crumpled,NA,4692,Disamis,0,0,1,1
20_2,20,N1-c-M1,2,1,toilets,Invalid Filler,Datisi*,3,2,All outhouses are toilets,Some toilets are urinals ,Some urinals are outhouses,NA,2409,Datisi,0,0,1,1
20_3,20,N1-c-M1,3,0,dresses,Invalid Filler,Dimatis*,3,2,Some cocktail outfits are dresses,All ball gowns are dresses ,Some ball gowns are cocktail outfits,NA,4327,Dimatis,0,1,1,1
20_4,20,N1-c-M1,4,1,stones,Invalid Filler,Disamis*,3,2,Some stones are pebbles,All boulders are stones,Some boulders are pebbles,NA,4539,Disamis,0,0,1,1
20_5,20,N1-c-M1,5,0,cabinet,Homonymy,Disamis,3,2,Some cabinets are antique furniture,All cabinets are political appointments,Some political appointments are antique furniture,NA,2473,Disamis,0,1,1,1
20_6,20,N1-c-M1,6,1,sausages,Invalid Filler,Disamis*,3,2,Some sausages are chili dogs,All pepperonis are sausages,Some pepperonis are chili dogs,NA,2749,Disamis,0,0,1,1
20_7,20,N1-c-M1,7,1,rifles,Valid Filler,Datisi,3,2,All rifles are guns,Some rifles are safety hazards,Some safety hazards are guns,NA,2463,Datisi,1,1,1,1
20_8,20,N1-c-M1,8,1,dances,Invalid Filler,Dimatis*,3,2,Some mating rituals are dances,All ballets are dances ,Some ballets are mating rituals ,NA,2201,Dimatis,0,0,1,1
20_9,20,N1-c-M1,9,1,lunch,Polysemy,Darii,3,2,All lunches are breaks,Some sandwiches are lunches,Some sandwiches are breaks ,NA,3013,Darii,0,0,1,1
20_10,20,N1-c-M1,10,1,dinner,Polysemy,Datisi,3,2,All dinners happen after four o'clock,Some dinners are meatloafs,Some meatloafs happen after four o'clock,NA,6269,Datisi,0,0,1,1
20_11,20,N1-c-M1,11,1,rock,Homonymy,Disamis,3,2,Some rock is marble,All rock is music,Some music is marble,NA,4989,Disamis,0,0,1,1
20_12,20,N1-c-M1,12,0,ring,Homonymy,Dimatis,3,2,Some accessories are rings,All rings are sounds,Some sounds are accessories,NA,2730,Dimatis,0,1,1,1
20_13,20,N1-c-M1,13,0,company,Polysemy,Darii,3,2,All companies are buildings,Some tech giants are companies,Some tech giants are buildings,NA,3141,Darii,0,1,1,1
20_14,20,N1-c-M1,14,0,picnic,Polysemy,Disamis,3,2,Some picnics are romantic,All picnics are prepared foods,Some prepared foods are romantic,NA,6783,Disamis,0,1,1,1
20_15,20,N1-c-M1,15,1,dolls,Valid Filler,Dimatis,3,2,Some toys are dolls ,All dolls are man made objects,Some man made objects are toys,NA,2799,Dimatis,1,1,1,1
20_16,20,N1-c-M1,16,1,grapes,Valid Filler,Datisi,3,2,All grapes are fruits,Some grapes are snacks,Some snacks are fruits ,NA,2820,Datisi,1,1,1,1
20_17,20,N1-c-M1,17,1,suit,Homonymy,Datisi,3,2,All suits are dress attire,Some suits are court proceedings,Some court proceedings are dress attire,NA,2556,Datisi,0,0,1,1
20_18,20,N1-c-M1,18,0,ball,Homonymy,Darii,3,2,All balls are toys,Some birthday parties are balls,Some senior proms are toys,NA,2371,Darii,0,1,1,1
20_19,20,N1-c-M1,19,1,star,Homonymy,Disamis,3,2,Some stars are red dwarfs,All stars are famous people,Some famous people are red dwarfs,NA,4785,Disamis,0,0,1,1
20_20,20,N1-c-M1,20,1,mugs,Valid Filler,Disamis,3,2,Some mugs are ceramics,All mugs are cups ,Some cups are ceramics,NA,2800,Disamis,1,1,1,1
20_21,20,N1-c-M1,21,1,mothers,Invalid Filler,Dimatis*,3,2,Some teens are mothers,All grandmas are mothers ,Some grandmas are teens,NA,2648,Dimatis,0,0,1,1
20_22,20,N1-c-M1,22,1,breakfast,Polysemy,Dimatis,3,2,Some meetings are breakfasts,All breakfasts are nutrients,Some nutrients are meetings,NA,2228,Dimatis,0,0,1,1
20_23,20,N1-c-M1,23,1,swords,Valid Filler,Datisi,3,2,All swords are weapons,Some swords are museum pieces,Some museum pieces are weapons,NA,3839,Datisi,1,1,1,1
20_24,20,N1-c-M1,24,1,statues,Valid Filler,Disamis,3,2,Some statues are bronzes,All statues are sculptures,Some sculptures are bronzes,NA,2728,Disamis,1,1,1,1
20_25,20,N1-c-M1,25,1,thieves,Invalid Filler,Darii*,3,2,All mob bosses are thieves,Some children are thieves,Some children are mob bosses,NA,3337,Darii,0,0,1,1
20_26,20,N1-c-M1,26,1,city,Polysemy,Disamis,3,2,Some cities are corrupt,All cities are groups of buildings,Some groups of buildings are corrupt,NA,2403,Disamis,0,0,1,1
20_27,20,N1-c-M1,27,1,novel,Polysemy,Dimatis,3,2,Some flammable objects are novels,All novels are fictions,Some fictions are flammable objects,NA,3886,Dimatis,0,0,1,1
20_28,20,N1-c-M1,28,1,poets,Valid Filler,Disamis,3,2,Some poets are teachers,All poets are writers ,Some writers are teachers,NA,2199,Disamis,1,1,1,1
20_29,20,N1-c-M1,29,1,match,Homonymy,Datisi,3,2,All matches are combustible,Some matches are pay-per-view broadcasts,Some pay-per-view broadcasts are combustible,NA,2670,Datisi,0,0,1,1
20_30,20,N1-c-M1,30,1,colors,Invalid Filler,Datisi*,3,2,All shades of neon green are colors ,Some colors are pastels,Some pastels are shades of neon green ,NA,3459,Datisi,0,0,1,1
20_31,20,N1-c-M1,31,1,singers,Valid Filler,Dimatis,3,2,Some YouTubers are singers,All singers are musicians,Some musicians are YouTubers,NA,2218,Dimatis,1,1,1,1
20_32,20,N1-c-M1,32,0,antiques,Invalid Filler,Dimatis*,3,2,Some pieces of jewelry are antiques,All medieval manuscripts are antiques  ,Some medieval manuscripts are pieces of jewelry,NA,2148,Dimatis,0,1,1,1
20_33,20,N1-c-M1,33,1,liars,Valid Filler,Darii,3,2,All liars are humans,Some criminals are liars ,Some criminals are humans,NA,2037,Darii,1,1,1,1
20_34,20,N1-c-M1,34,1,peppers,Invalid Filler,Darii*,3,2,All jalapenos are peppers ,Some yellow vegetables are peppers,Some yellow vegetables are jalapenos,NA,2331,Darii,0,0,1,1
20_35,20,N1-c-M1,35,0,widows,Valid Filler,Darii,3,2,All widows are women,Some parents are widows ,Some parents are women,NA,3451,Darii,1,0,1,1
20_36,20,N1-c-M1,36,1,ponies,Valid Filler,Disamis,3,2,Some ponies are thoroughbreds,All ponies are neighing animals,Some neighing animals are thoroughbreds,NA,3908,Disamis,1,1,1,1
20_37,20,N1-c-M1,37,1,change,Homonymy,Dimatis,3,2,Some transformation is change,All change is money,Some money is transformation,NA,3432,Dimatis,0,0,1,1
20_38,20,N1-c-M1,38,1,spices,Invalid Filler,Darii*,3,2,All mustard seeds are spices,Some dried roots are spices ,Some dried roots are mustard seeds,NA,2566,Darii,0,0,1,1
20_39,20,N1-c-M1,39,1,trucks,Valid Filler,Darii,3,2,All trucks are vehicles,Some cars are trucks ,Some cars are vehicles,NA,2289,Darii,1,1,1,1
20_40,20,N1-c-M1,40,1,doughnuts,Valid Filler,Dimatis,3,2,Some pastries are doughnuts ,All doughnuts are sugary foods,Some sugary foods are pastries,NA,2229,Dimatis,1,1,1,1
20_41,20,N1-c-M1,41,1,book,Polysemy,Darii,3,2,All books are bound,Some exposés are books,Some exposés are bound,NA,2514,Darii,0,0,1,1
20_42,20,N1-c-M1,42,0,suitcases,Valid Filler,Darii,3,2,All suitcases are luggage,Some bags are suitcases,Some bags are luggage,NA,6110,Darii,1,0,1,1
20_43,20,N1-c-M1,43,1,bat,Homonymy,Dimatis,3,2,Some sporting goods are bats,All bats are animals,Some animals are sporting goods,NA,3919,Dimatis,0,0,1,1
20_44,20,N1-c-M1,44,1,ruler,Homonymy,Datisi,3,2,All rulers are standard lengths,Some rulers are queens,Some queens are standard lengths,NA,3587,Datisi,0,0,1,1
20_45,20,N1-c-M1,45,0,injuries,Invalid Filler,Darii*,3,2,All broken bones are injuries,Some sunburns are injuries,Some sunburns are broken bones,NA,2285,Darii,0,1,1,1
20_46,20,N1-c-M1,46,1,magazines,Polysemy,Datisi,3,2,All magazines are recyclable,Some magazines are media corporations ,Some media corporations are recyclable,NA,2668,Datisi,0,0,1,1
20_47,20,N1-c-M1,47,0,burgers,Valid Filler,Datisi,3,2,All burgers have protein,Some burgers are drive-thru orders,Some drive-thru orders have protein,NA,2119,Datisi,1,0,1,1
20_48,20,N1-c-M1,48,1,college,Polysemy,Dimatis,3,2,Some funding sources are colleges,All colleges are places filled with desks,Some places filled with desks are funding sources,NA,2716,Dimatis,0,0,1,1
20_49,20,N1-c-M1,49,1,board,Homonymy,Darii,3,2,All boards are wooden planks,Some governing organizations are boards,Some governing organizations are wooden planks,NA,4198,Darii,0,0,1,1
20_50,20,N1-c-M1,50,1,steaks,Invalid Filler,Datisi*,3,2,All rotten ribeyes are steaks,Some steaks are delicious meals,Some delicious meals are rotten ribeyes,NA,2350,Datisi,0,0,1,1
20_51,20,N1-c-M1,51,1,shapes,Invalid Filler,Datisi*,3,2,All road signs are shapes,Some shapes are cylinders,Some cylinders are road signs,NA,2421,Datisi,0,0,1,1
20_52,20,N1-c-M1,52,0,clowns,Valid Filler,Dimatis,3,2,Some jugglers are clowns ,All clowns are performers,Some performers are jugglers,NA,3911,Dimatis,1,0,1,1
20_53,20,N1-c-M1,53,1,Wave,Homonymy,Darii,3,2,All waves are water,Some gestures are waves,Some gestures are water,NA,2135,Darii,0,0,1,1
20_54,20,N1-c-M1,54,1,funerals,Invalid Filler,Disamis*,3,2,Some funerals are family gatherings,All anonymous burials are funerals,Some anonymous burials are family gatherings,NA,2230,Disamis,0,0,1,1
20_55,20,N1-c-M1,55,1,actors,Invalid Filler,Disamis*,3,2,Some actors are women,All male leads are actors,Some male leads are women,NA,3643,Disamis,0,0,1,1
20_56,20,N1-c-M1,56,1,school,Polysemy,Datisi,3,2,All schools have hallways,Some schools are employers,Some employers have hallways,NA,2260,Datisi,0,0,1,1
21_1,21,N1-c-M1,1,0,magazines,Polysemy,Disamis,1,2,Some magazines are coffee-stained,All magazines are subscriptions,Some subscriptions are coffee-stained,NA,4625,Disamis,0,1,0,0
21_2,21,N1-c-M1,2,0,sausages,Invalid Filler,Datisi*,1,2,All chili dogs are sausages,Some sausages are salamis,Some salamis are chili dogs,NA,2606,Datisi,0,1,0,0
21_3,21,N1-c-M1,3,0,spices,Invalid Filler,Dimatis*,1,2,Some dried roots are spices ,All mustard seeds are spices ,Some mustard seeds are dried roots,NA,4881,Dimatis,0,1,0,0
21_4,21,N1-c-M1,4,0,shapes,Invalid Filler,Disamis*,1,2,Some shapes are triangles,All squares are shapes,Some squares are triangles,NA,4991,Disamis,0,1,0,0
21_5,21,N1-c-M1,5,0,ruler,Homonymy,Disamis,1,2,Some rulers are kings,All rulers are standard lengths,Some standard lengths are kings,NA,4680,Disamis,0,1,0,0
21_6,21,N1-c-M1,6,1,toilets,Invalid Filler,Disamis*,1,2,Some toilets are coed,All urinals are toilets,Some urinals are coed,NA,4290,Disamis,0,0,0,0
21_7,21,N1-c-M1,7,1,statues,Valid Filler,Datisi,1,2,All statues are sculptures,Some statues are bronzes,Some bronzes are sculptures,NA,2391,Datisi,1,1,0,0
21_8,21,N1-c-M1,8,1,peppers,Invalid Filler,Dimatis*,1,2,Some yellow vegetables are peppers ,All jalapenos are peppers,Some jalapenos are yellow vegetables,NA,5101,Dimatis,0,0,0,0
21_9,21,N1-c-M1,9,1,breakfast,Polysemy,Darii,1,2,All breakfasts are under three hours,Some smoothies are breakfasts,Some smoothies are under three hours,NA,3537,Darii,0,0,0,0
21_10,21,N1-c-M1,10,1,picnic,Polysemy,Datisi,1,2,All picnics happen in nature,Some picnics are salads,Some salads happen in nature,NA,3428,Datisi,0,0,0,0
21_11,21,N1-c-M1,11,1,suit,Homonymy,Disamis,1,2,Some suits have multiple defendants,All suits are dress attire,Some dress attire has multiple defendants,NA,6133,Disamis,0,0,0,0
21_12,21,N1-c-M1,12,0,ball,Homonymy,Dimatis,1,2,Some parties are balls,All balls are toys,Some toys are parties,NA,2736,Dimatis,0,1,0,0
21_13,21,N1-c-M1,13,0,college,Polysemy,Darii,1,2,All colleges grant degrees,Some historic buildings are colleges,Some historic buildings grant degrees,NA,5418,Darii,0,1,0,0
21_14,21,N1-c-M1,14,0,dinner,Polysemy,Disamis,1,2,Some dinners are black tie,All dinners are foods,Some foods are black tie,NA,4059,Disamis,0,1,0,0
21_15,21,N1-c-M1,15,1,liars,Valid Filler,Dimatis,1,2,Some criminals are liars ,All liars are humans,Some humans are criminals ,NA,2776,Dimatis,1,1,0,0
21_16,21,N1-c-M1,16,1,poets,Valid Filler,Datisi,1,2,All poets are writers ,Some poets are teachers,Some teachers are writers,NA,1829,Datisi,1,1,0,0
21_17,21,N1-c-M1,17,0,rock,Homonymy,Datisi,1,2,All rock has guitars,Some rock is marble,Some marble has guitars,NA,1879,Datisi,0,1,0,0
21_18,21,N1-c-M1,18,0,ring,Homonymy,Darii,1,2,All rings are sounds,Some accessories are rings,Some accessories are sounds,NA,2570,Darii,0,1,0,0
21_19,21,N1-c-M1,19,0,match,Homonymy,Disamis,1,2,Some matches are pay-per-view,All matches are fire starters,Some fire starters are pay-per-view,NA,3934,Disamis,0,1,0,0
21_20,21,N1-c-M1,20,1,swords,Valid Filler,Disamis,1,2,Some swords are decorative,All swords are weapons ,Some weapons are decorative ,NA,2295,Disamis,1,1,0,0
21_21,21,N1-c-M1,21,0,thieves,Invalid Filler,Dimatis*,1,2,Some children are thieves,All mob bosses are thieves,Some mob bosses are children,NA,5117,Dimatis,0,1,0,0
21_22,21,N1-c-M1,22,0,lunch,Polysemy,Dimatis,1,2,Some breaks are lunches,All lunches are foods,Some foods are breaks,NA,2445,Dimatis,0,1,0,0
21_23,21,N1-c-M1,23,1,mugs,Valid Filler,Datisi,1,2,All mugs are cups ,Some mugs are ceramics,Some ceramics are cups ,NA,2716,Datisi,1,1,0,0
21_24,21,N1-c-M1,24,1,rifles,Valid Filler,Disamis,1,2,Some rifles are for hunting,All rifles are guns ,Some guns are for hunting,NA,2731,Disamis,1,1,0,0
21_25,21,N1-c-M1,25,0,mothers,Invalid Filler,Darii*,1,2,All grandmothers are mothers,Some teens are mothers,Some teens are grandmothers,NA,2896,Darii,0,1,0,0
21_26,21,N1-c-M1,26,0,school,Polysemy,Disamis,1,2,Some schools are rectangular,All schools are employers,Some employers are rectangular,NA,2641,Disamis,0,1,0,0
21_27,21,N1-c-M1,27,0,book,Polysemy,Dimatis,1,2,Some doorstops are books,All books are pieces of intellectual property,Some pieces of intellectual property are doorstops,NA,2861,Dimatis,0,1,0,0
21_28,21,N1-c-M1,28,1,grapes,Valid Filler,Disamis,1,2,Some grapes are red ,All grapes are fruits ,Some fruits are red ,NA,1604,Disamis,1,1,0,0
21_29,21,N1-c-M1,29,0,star,Homonymy,Datisi,1,2,All stars have autographs,Some stars are red dwarfs,Some red dwarfs have autographs,NA,2360,Datisi,0,1,0,0
21_30,21,N1-c-M1,30,1,actors,Invalid Filler,Datisi*,1,2,All male leads are actors,Some actors are women,Some women are male leads,NA,5887,Datisi,0,0,0,0
21_31,21,N1-c-M1,31,1,widows,Valid Filler,Dimatis,1,2,Some parents are widows ,All widows are women,Some women are parents,NA,1794,Dimatis,1,1,0,0
21_32,21,N1-c-M1,32,0,injuries,Invalid Filler,Dimatis*,1,2,Some sunburns are injuries,All broken bones are injuries,Some broken bones are sunburns,NA,2000,Dimatis,0,1,0,0
21_33,21,N1-c-M1,33,1,dolls,Valid Filler,Darii,1,2,All dolls are man made,Some toys are dolls ,Some toys are man made,NA,1763,Darii,1,1,0,0
21_34,21,N1-c-M1,34,1,dances,Invalid Filler,Darii*,1,2,All ballets are dances ,Some mating rituals are dances ,Some mating rituals are ballets,NA,2806,Darii,0,0,0,0
21_35,21,N1-c-M1,35,1,singers,Valid Filler,Darii,1,2,All singers are vocalists ,Some guitarists are singers,Some guitarists are vocalists,NA,2660,Darii,1,1,0,0
21_36,21,N1-c-M1,36,1,burgers,Valid Filler,Disamis,1,2,Some burgers are overcooked ,All burgers are sandwiches,Some sandwiches are overcooked ,NA,2200,Disamis,1,1,0,0
21_37,21,N1-c-M1,37,1,Wave,Homonymy,Dimatis,1,2,Some gestures are waves,All waves are liquids,Some liquids are gestures,NA,4666,Dimatis,0,0,0,0
21_38,21,N1-c-M1,38,1,dresses,Invalid Filler,Darii*,1,2,All ball gowns are dresses ,Some cocktail outfits are dresses,Some cocktail outfits are ball gowns,NA,4685,Darii,0,0,0,0
21_39,21,N1-c-M1,39,1,doughnuts,Valid Filler,Darii,1,2,All doughnuts are sugary ,Some pastries are doughnuts ,Some pastries are sugary,NA,2075,Darii,1,1,0,0
21_40,21,N1-c-M1,40,1,trucks,Valid Filler,Dimatis,1,2,Some cars are trucks ,All trucks are vehicles,Some vehicles are cars ,NA,1443,Dimatis,1,1,0,0
21_41,21,N1-c-M1,41,0,novel,Polysemy,Darii,1,2,All novels are flammable,Some debuts are novels,Some debuts are flammable,NA,1764,Darii,0,1,0,0
21_42,21,N1-c-M1,42,1,clowns,Valid Filler,Darii,1,2,All clowns can juggle ,Some circus performers are clowns ,Some circus performers can juggle,NA,1793,Darii,1,1,0,0
21_43,21,N1-c-M1,43,0,board,Homonymy,Dimatis,1,2,Some governing organizations are boards,All boards are wooden planks,Some wooden planks are governing organizations,NA,4074,Dimatis,0,1,0,0
21_44,21,N1-c-M1,44,0,cabinet,Homonymy,Datisi,1,2,All cabinets are political appointments,Some cabinets are shelving units,Some shelving units are political appointments,NA,10353,Datisi,0,1,0,0
21_45,21,N1-c-M1,45,0,antiques,Invalid Filler,Darii*,1,2,All medieval manuscripts are antiques ,Some pieces of jewelry are antiques ,Some pieces of jewelry are medieval manuscripts,NA,2651,Darii,0,1,0,0
21_46,21,N1-c-M1,46,1,letter,Polysemy,Datisi,1,2,All letters have stamps,Some letters are rejections,Some rejections have stamps,NA,2641,Datisi,0,0,0,0
21_47,21,N1-c-M1,47,1,ponies,Valid Filler,Datisi,1,2,All ponies neigh,Some ponies are thoroughbreds,Some thoroughbreds neigh,NA,3753,Datisi,1,1,0,0
21_48,21,N1-c-M1,48,0,company,Polysemy,Dimatis,1,2,Some storefronts are companies,All companies are hierarchies,Some hierarchies are storefronts,NA,2801,Dimatis,0,1,0,0
21_49,21,N1-c-M1,49,1,bat,Homonymy,Darii,1,2,All bats share a common ancestor,Some sporting goods are bats,Some sporting goods share a common ancestor,NA,3252,Darii,0,0,0,0
21_50,21,N1-c-M1,50,1,funerals,Invalid Filler,Datisi*,1,2,All open-casket services are funerals,Some funerals are anonymous burials,Some anonymous burials are open-casket services,NA,7301,Datisi,0,0,0,0
21_51,21,N1-c-M1,51,1,stones,Invalid Filler,Datisi*,1,2,All pebbles are stones,Some stones are boulders,Some boulders are pebbles,NA,5011,Datisi,0,0,0,0
21_52,21,N1-c-M1,52,1,suitcases,Valid Filler,Dimatis,1,2,Some bags are suitcases,All suitcases are pieces of luggage,Some pieces of luggage are bags,NA,2310,Dimatis,1,1,0,0
21_53,21,N1-c-M1,53,1,change,Homonymy,Darii,1,2,All change is money,Some surprises are change,Some surprises are money,NA,1709,Darii,0,0,0,0
21_54,21,N1-c-M1,54,0,steaks,Invalid Filler,Disamis*,1,2,Some steaks are filet mignons,All ribeyes are steaks,Some ribeyes are filet mignons,NA,3623,Disamis,0,1,0,0
21_55,21,N1-c-M1,55,0,colors,Invalid Filler,Disamis*,1,2,Some colors are primary ,All shades of purple are colors ,Some shades of purple are primary,NA,2750,Disamis,0,1,0,0
21_56,21,N1-c-M1,56,0,city,Polysemy,Datisi,1,2,All cities are bureaucracies,Some cities are graffitied places,Some graffitied places are bureaucracies,NA,4625,Datisi,0,1,0,0
22_1,22,N1-c-M1,1,0,novel,Polysemy,Disamis,2,2,Some novels weigh over a pound,All novels are stories,Some stories weigh over a pound,NA,3913,Disamis,0,1,0,0
22_2,22,N1-c-M1,2,0,thieves,Invalid Filler,Datisi*,2,2,All mob bosses are thieves,Some thieves are children,Some children are mob bosses,NA,2681,Datisi,0,1,0,0
22_3,22,N1-c-M1,3,0,steaks,Invalid Filler,Dimatis*,2,2,Some delicious entrées are steaks,All rotten ribeyes are steaks,Some rotten ribeyes are delicious entrées,NA,3434,Dimatis,0,1,0,0
22_4,22,N1-c-M1,4,1,dances,Invalid Filler,Disamis*,2,2,Some dances are mating rituals ,All ballets are dances,Some ballets are mating rituals ,NA,4530,Disamis,0,0,0,0
22_5,22,N1-c-M1,5,0,ring,Homonymy,Disamis,2,2,Some rings are made of gold,All rings are sounds,Some sounds are made of gold,NA,2915,Disamis,0,1,0,0
22_6,22,N1-c-M1,6,0,mothers,Invalid Filler,Disamis*,2,2,Some mothers are teens,All grandmas are mothers,Some grandmas are teens,NA,3564,Disamis,0,1,0,0
22_7,22,N1-c-M1,7,1,suitcases,Valid Filler,Datisi,2,2,All suitcases are pieces of luggage,Some suitcases are bags,Some bags are pieces of luggage,NA,2932,Datisi,1,1,0,0
22_8,22,N1-c-M1,8,0,shapes,Invalid Filler,Dimatis*,2,2,Some road signs are shapes,All cylinders are shapes,Some cylinders are road signs,NA,18014,Dimatis,0,1,0,0
22_9,22,N1-c-M1,9,1,picnic,Polysemy,Darii,2,2,All picnics happen in nature,Some salads are picnics,Some salads happen in nature,NA,3182,Darii,0,0,0,0
22_10,22,N1-c-M1,10,0,lunch,Polysemy,Datisi,2,2,All lunches are breaks,Some lunches are soups,Some soups are breaks,NA,2298,Datisi,0,1,0,0
22_11,22,N1-c-M1,11,0,bat,Homonymy,Disamis,2,2,Some bats are made for softball,All bats are animals,Some animals are made for softball,NA,2434,Disamis,0,1,0,0
22_12,22,N1-c-M1,12,0,ruler,Homonymy,Dimatis,2,2,Some queens are rulers,All rulers are standard lengths,Some standard lengths are queens,NA,2350,Dimatis,0,1,0,0
22_13,22,N1-c-M1,13,0,city,Polysemy,Darii,2,2,All cities are bureaucracies,Some graffitied places are cities,Some graffitied places are bureaucracies,NA,5649,Darii,0,1,0,0
22_14,22,N1-c-M1,14,0,breakfast,Polysemy,Disamis,2,2,Some breakfasts are under an hour,All breakfasts are nutrients,Some nutrients are under an hour,NA,2414,Disamis,0,1,0,0
22_15,22,N1-c-M1,15,1,grapes,Valid Filler,Dimatis,2,2,Some snacks are grapes,All grapes are fruits ,Some fruits are snacks,NA,2198,Dimatis,1,1,0,0
22_16,22,N1-c-M1,16,1,liars,Valid Filler,Datisi,2,2,All liars are humans,Some liars are criminals,Some criminals are humans,NA,2084,Datisi,1,1,0,0
22_17,22,N1-c-M1,17,0,board,Homonymy,Datisi,2,2,All boards are wooden planks,Some boards are governing organizations,Some governing organizations are wooden planks,NA,2781,Datisi,0,1,0,0
22_18,22,N1-c-M1,18,0,cabinet,Homonymy,Darii,2,2,All cabinets are political appointments,Some shelving units are cabinets,Some shelving units are political appointments,NA,2382,Darii,0,1,0,0
22_19,22,N1-c-M1,19,0,change,Homonymy,Disamis,2,2,Some change is transformation,All change is money,Some money is transformation,NA,2232,Disamis,0,1,0,0
22_20,22,N1-c-M1,20,1,doughnuts,Valid Filler,Disamis,2,2,Some doughnuts are glazed,All doughnuts are sugary foods,Some sugary foods are glazed,NA,2618,Disamis,1,1,0,0
22_21,22,N1-c-M1,21,0,toilets,Invalid Filler,Dimatis*,2,2,Some seats are toilets ,All urinals are toilets,Some urinals are seats,NA,3596,Dimatis,0,1,0,0
22_22,22,N1-c-M1,22,0,dinner,Polysemy,Dimatis,2,2,Some black tie events are dinners,All dinners are foods,Some foods are black tie events,NA,2584,Dimatis,0,1,0,0
22_23,22,N1-c-M1,23,1,trucks,Valid Filler,Datisi,2,2,All trucks are vehicles,Some trucks are big rigs,Some big rigs are vehicles,NA,2214,Datisi,1,1,0,0
22_24,22,N1-c-M1,24,1,clowns,Valid Filler,Disamis,2,2,Some clowns are mimes,All clowns are entertainers,Some entertainers are mimes,NA,2450,Disamis,1,1,0,0
22_25,22,N1-c-M1,25,1,sausages,Invalid Filler,Darii*,2,2,All chili dogs are sausages,Some pizza toppings are sausages,Some pizza toppings are chili dogs,NA,3299,Darii,0,0,0,0
22_26,22,N1-c-M1,26,0,college,Polysemy,Disamis,2,2,Some colleges have chancellors,All colleges are groups of buildings,Some groups of buildings have chancellors,NA,2866,Disamis,0,1,0,0
22_27,22,N1-c-M1,27,0,magazines,Polysemy,Dimatis,2,2,Some recyclables are magazines,All magazines are subscriptions,Some subscriptions are recyclables,NA,2383,Dimatis,0,1,0,0
22_28,22,N1-c-M1,28,1,dolls,Valid Filler,Disamis,2,2,Some dolls are toys,All dolls are man made objects,Some man made objects are toys,NA,2830,Disamis,1,1,0,0
22_29,22,N1-c-M1,29,0,wave,Homonymy,Datisi,2,2,All waves are water,Some waves are gestures,Some gestures are water,NA,2233,Datisi,0,1,0,0
22_30,22,N1-c-M1,30,0,injuries,Invalid Filler,Datisi*,2,2,All broken bones are injuries,Some injuries are sunburns,Some sunburns are broken bones,NA,2382,Datisi,0,1,0,0
22_31,22,N1-c-M1,31,1,burgers,Valid Filler,Dimatis,2,2,Some entrées are burgers,All burgers are sandwiches,Some sandwiches are entrées,NA,2132,Dimatis,1,1,0,0
22_32,22,N1-c-M1,32,0,colors,Invalid Filler,Dimatis*,2,2,Some pastels are colors,All shade of neon green are colors ,Some shades of neon green are pastels,NA,3835,Dimatis,0,1,0,0
22_33,22,N1-c-M1,33,1,poets,Valid Filler,Darii,2,2,All poets are writers ,Some teachers are poets,Some teachers are writers,NA,2096,Darii,1,1,0,0
22_34,22,N1-c-M1,34,1,stones,Invalid Filler,Darii*,2,2,All boulders are stones,Some paperweights are stones,Some paperweights are boulders,NA,2216,Darii,0,0,0,0
22_35,22,N1-c-M1,35,1,ponies,Valid Filler,Darii,2,2,All ponies neigh,Some thoroughbreds are ponies,Some thoroughbreds neigh,NA,2400,Darii,1,1,0,0
22_36,22,N1-c-M1,36,1,singers,Valid Filler,Disamis,2,2,Some singers are guitarists,All singers are vocalists,Some vocalists are guitarists,NA,2246,Disamis,1,1,0,0
22_37,22,N1-c-M1,37,0,match,Homonymy,Dimatis,2,2,Some pay-per-view broadcasts are matches,All matches are fire starters,Some fire starters are pay-per-view broadcasts,NA,2814,Dimatis,0,1,0,0
22_38,22,N1-c-M1,38,0,funerals,Invalid Filler,Darii*,2,2,All anonymous burials are funerals,Some family gatherings are funerals,Some family gatherings are anonymous burials,NA,3250,Darii,0,1,0,0
22_39,22,N1-c-M1,39,1,mugs,Valid Filler,Darii,2,2,All mugs are cups ,Some ceramics are mugs,Some ceramics are cups ,NA,2313,Darii,1,1,0,0
22_40,22,N1-c-M1,40,1,swords,Valid Filler,Dimatis,2,2,Some sharp things are swords,All swords are weapons,Some weapons are sharp things,NA,2099,Dimatis,1,1,0,0
22_41,22,N1-c-M1,41,0,letter,Polysemy,Darii,2,2,All letters have stamps,Some rejections are letters,Some rejections have stamps,NA,2218,Darii,0,1,0,0
22_42,22,N1-c-M1,42,1,statues,Valid Filler,Darii,2,2,All statues are sculptures,Some artworks are statues,Some artworks are sculptures,NA,2164,Darii,1,1,0,0
22_43,22,N1-c-M1,43,0,suit,Homonymy,Dimatis,2,2,Some court proceedings are suits,All suits are formal outfits,Some formal outfits are court proceedings,NA,2265,Dimatis,0,1,0,0
22_44,22,N1-c-M1,44,0,ball,Homonymy,Datisi,2,2,All balls are toys,Some balls are senior proms,Some senior proms are toys,NA,2266,Datisi,0,1,0,0
22_45,22,N1-c-M1,45,1,actors,Invalid Filler,Darii*,2,2,All male leads are actors,Some women are actors,Some women are male leads,NA,5317,Darii,0,0,0,0
22_46,22,N1-c-M1,46,1,book,Polysemy,Datisi,2,2,All books are printed,Some books are romances,Some romances are printed,NA,3296,Datisi,0,0,0,0
22_47,22,N1-c-M1,47,1,widows,Valid Filler,Datisi,2,2,All widows are women,Some widows are parents,Some parents are women,NA,2133,Datisi,1,1,0,0
22_48,22,N1-c-M1,48,0,school,Polysemy,Dimatis,2,2,Some rectangular buildings are schools,All schools are employers,Some employers are rectangular buildings,NA,2832,Dimatis,0,1,0,0
22_49,22,N1-c-M1,49,0,rock,Homonymy,Darii,2,2,All rock has guitars,Some marble is rock,Some marble has guitars,NA,2868,Darii,0,1,0,0
22_50,22,N1-c-M1,50,0,spices,Invalid Filler,Datisi*,2,2,All mustard seeds are spices ,Some spices are dried roots ,Some dried roots are mustard seeds,NA,5196,Datisi,0,1,0,0
22_51,22,N1-c-M1,51,1,peppers,Invalid Filler,Datisi*,2,2,All jalapenos are peppers,Some peppers are yellow vegetables ,Some yellow vegetables are jalapenos,NA,2515,Datisi,0,0,0,0
22_52,22,N1-c-M1,52,1,rifles,Valid Filler,Dimatis,2,2,Some safety hazards are rifles,All rifles are guns,Some guns are safety hazards,NA,2499,Dimatis,1,1,0,0
22_53,22,N1-c-M1,53,1,star,Homonymy,Darii,2,2,All stars have autographs,Some red dwarfs are stars,Some red dwarfs have autographs,NA,2483,Darii,0,0,0,0
22_54,22,N1-c-M1,54,1,dresses,Invalid Filler,Disamis*,2,2,Some dresses are cocktail outfits,All ball gowns are dresses ,Some ball gowns are cocktail outfits,NA,2666,Disamis,0,0,0,0
22_55,22,N1-c-M1,55,0,antiques,Invalid Filler,Disamis*,2,2,Some antiques are pieces of jewelry,All medieval manuscripts are antiques ,Some medieval manuscripts are pieces of jewelry,NA,2716,Disamis,0,1,0,0
22_56,22,N1-c-M1,56,0,company,Polysemy,Datisi,2,2,All companies are buildings,Some companies are hierarchies,Some hierarchies are buildings,NA,2082,Datisi,0,1,0,0
23_1,23,N1-c-M1,1,0,bat,Homonymy,Darii,1,1,All bats share a common ancestor,Some sporting goods are bats,Some sporting goods share a common ancestor,NA,4932,Darii,0,1,0,0
23_2,23,N1-c-M1,2,1,mugs,Valid Filler,Datisi,1,1,All mugs are cups ,Some mugs are ceramics,Some ceramics are cups ,NA,3364,Datisi,1,1,0,0
23_3,23,N1-c-M1,3,1,change,Homonymy,Darii,1,1,All change is money,Some surprises are change,Some surprises are money,NA,3000,Darii,0,0,0,0
23_4,23,N1-c-M1,4,1,actors,Invalid Filler,Datisi*,1,1,All male leads are actors,Some actors are women,Some women are male leads,NA,3582,Datisi,0,0,0,0
23_5,23,N1-c-M1,5,0,stones,Invalid Filler,Datisi*,1,1,All pebbles are stones,Some stones are boulders,Some boulders are pebbles,NA,2882,Datisi,0,1,0,0
23_6,23,N1-c-M1,6,1,liars,Valid Filler,Dimatis,1,1,Some criminals are liars ,All liars are humans,Some humans are criminals ,NA,2598,Dimatis,1,1,0,0
23_7,23,N1-c-M1,7,0,funerals,Invalid Filler,Datisi*,1,1,All open-casket services are funerals,Some funerals are anonymous burials,Some anonymous burials are open-casket services,NA,5049,Datisi,0,1,0,0
23_8,23,N1-c-M1,8,1,college,Polysemy,Darii,1,1,All colleges grant degrees,Some historic buildings are colleges,Some historic buildings grant degrees,NA,6214,Darii,0,0,0,0
23_9,23,N1-c-M1,9,0,mothers,Invalid Filler,Darii*,1,1,All grandmothers are mothers,Some teens are mothers,Some teens are grandmothers,NA,5017,Darii,0,1,0,0
23_10,23,N1-c-M1,10,0,picnic,Polysemy,Datisi,1,1,All picnics happen in nature,Some picnics are salads,Some salads happen in nature,NA,2817,Datisi,0,1,0,0
23_11,23,N1-c-M1,11,0,ruler,Homonymy,Disamis,1,1,Some rulers are kings,All rulers are standard lengths,Some standard lengths are kings,NA,5248,Disamis,0,1,0,0
23_12,23,N1-c-M1,12,1,swords,Valid Filler,Disamis,1,1,Some swords are decorative,All swords are weapons ,Some weapons are decorative ,NA,2799,Disamis,1,1,0,0
23_13,23,N1-c-M1,13,0,rock,Homonymy,Datisi,1,1,All rock has guitars,Some rock is marble,Some marble has guitars,NA,3482,Datisi,0,1,0,0
23_14,23,N1-c-M1,14,0,school,Polysemy,Disamis,1,1,Some schools are rectangular,All schools are employers,Some employers are rectangular,NA,2465,Disamis,0,1,0,0
23_15,23,N1-c-M1,15,0,thieves,Invalid Filler,Dimatis*,1,1,Some children are thieves,All mob bosses are thieves,Some mob bosses are children,NA,2332,Dimatis,0,1,0,0
23_16,23,N1-c-M1,16,0,city,Polysemy,Datisi,1,1,All cities are bureaucracies,Some cities are graffitied places,Some graffitied places are bureaucracies,NA,4382,Datisi,0,1,0,0
23_17,23,N1-c-M1,17,1,singers,Valid Filler,Darii,1,1,All singers are vocalists ,Some guitarists are singers,Some guitarists are vocalists,NA,2198,Darii,1,1,0,0
23_18,23,N1-c-M1,18,0,Wave,Homonymy,Dimatis,1,1,Some gestures are waves,All waves are liquids,Some liquids are gestures,NA,2481,Dimatis,0,1,0,0
23_19,23,N1-c-M1,19,1,suitcases,Valid Filler,Dimatis,1,1,Some bags are suitcases,All suitcases are pieces of luggage,Some pieces of luggage are bags,NA,2617,Dimatis,1,1,0,0
23_20,23,N1-c-M1,20,0,novel,Polysemy,Darii,1,1,All novels are flammable,Some debuts are novels,Some debuts are flammable,NA,2332,Darii,0,1,0,0
23_21,23,N1-c-M1,21,1,dresses,Invalid Filler,Darii*,1,1,All ball gowns are dresses ,Some cocktail outfits are dresses,Some cocktail outfits are ball gowns,NA,3533,Darii,0,0,0,0
23_22,23,N1-c-M1,22,1,grapes,Valid Filler,Disamis,1,1,Some grapes are red ,All grapes are fruits ,Some fruits are red ,NA,2482,Disamis,1,1,0,0
23_23,23,N1-c-M1,23,0,company,Polysemy,Dimatis,1,1,Some storefronts are companies,All companies are hierarchies,Some hierarchies are storefronts,NA,2316,Dimatis,0,1,0,0
23_24,23,N1-c-M1,24,1,clowns,Valid Filler,Darii,1,1,All clowns can juggle ,Some circus performers are clowns ,Some circus performers can juggle,NA,2464,Darii,1,1,0,0
23_25,23,N1-c-M1,25,0,star,Homonymy,Datisi,1,1,All stars have autographs,Some stars are red dwarfs,Some red dwarfs have autographs,NA,2482,Datisi,0,1,0,0
23_26,23,N1-c-M1,26,0,injuries,Invalid Filler,Dimatis*,1,1,Some sunburns are injuries,All broken bones are injuries,Some broken bones are sunburns,NA,2765,Dimatis,0,1,0,0
23_27,23,N1-c-M1,27,0,letter,Polysemy,Datisi,1,1,All letters have stamps,Some letters are rejections,Some rejections have stamps,NA,2249,Datisi,0,1,0,0
23_28,23,N1-c-M1,28,1,rifles,Valid Filler,Disamis,1,1,Some rifles are for hunting,All rifles are guns ,Some guns are for hunting,NA,2565,Disamis,1,1,0,0
23_29,23,N1-c-M1,29,0,breakfast,Polysemy,Darii,1,1,All breakfasts are under three hours,Some smoothies are breakfasts,Some smoothies are under three hours,NA,2465,Darii,0,1,0,0
23_30,23,N1-c-M1,30,0,board,Homonymy,Dimatis,1,1,Some governing organizations are boards,All boards are wooden planks,Some wooden planks are governing organizations,NA,2716,Dimatis,0,1,0,0
23_31,23,N1-c-M1,31,1,trucks,Valid Filler,Dimatis,1,1,Some cars are trucks ,All trucks are vehicles,Some vehicles are cars ,NA,3432,Dimatis,1,1,0,0
23_32,23,N1-c-M1,32,0,spices,Invalid Filler,Dimatis*,1,1,Some dried roots are spices ,All mustard seeds are spices ,Some mustard seeds are dried roots,NA,2698,Dimatis,0,1,0,0
23_33,23,N1-c-M1,33,0,burgers,Valid Filler,Disamis,1,1,Some burgers are overcooked ,All burgers are sandwiches,Some sandwiches are overcooked ,NA,4983,Disamis,1,0,0,0
23_34,23,N1-c-M1,34,0,steaks,Invalid Filler,Disamis*,1,1,Some steaks are filet mignons,All ribeyes are steaks,Some ribeyes are filet mignons,NA,3232,Disamis,0,1,0,0
23_35,23,N1-c-M1,35,0,match,Homonymy,Disamis,1,1,Some matches are pay-per-view,All matches are fire starters,Some fire starters are pay-per-view,NA,3589,Disamis,0,1,0,0
23_36,23,N1-c-M1,36,0,ball,Homonymy,Dimatis,1,1,Some parties are balls,All balls are toys,Some toys are parties,NA,2209,Dimatis,0,1,0,0
23_37,23,N1-c-M1,37,0,dinner,Polysemy,Disamis,1,1,Some dinners are black tie,All dinners are foods,Some foods are black tie,NA,2816,Disamis,0,1,0,0
23_38,23,N1-c-M1,38,1,dolls,Valid Filler,Darii,1,1,All dolls are man made,Some toys are dolls ,Some toys are man made,NA,2764,Darii,1,1,0,0
23_39,23,N1-c-M1,39,0,lunch,Polysemy,Dimatis,1,1,Some breaks are lunches,All lunches are foods,Some foods are breaks,NA,2233,Dimatis,0,1,0,0
23_40,23,N1-c-M1,40,1,poets,Valid Filler,Datisi,1,1,All poets are writers ,Some poets are teachers,Some teachers are writers,NA,2115,Datisi,1,1,0,0
23_41,23,N1-c-M1,41,0,cabinet,Homonymy,Datisi,1,1,All cabinets are political appointments,Some cabinets are shelving units,Some shelving units are political appointments,NA,2883,Datisi,0,1,0,0
23_42,23,N1-c-M1,42,0,sausages,Invalid Filler,Datisi*,1,1,All chili dogs are sausages,Some sausages are salamis,Some salamis are chili dogs,NA,2599,Datisi,0,1,0,0
23_43,23,N1-c-M1,43,1,ponies,Valid Filler,Datisi,1,1,All ponies neigh,Some ponies are thoroughbreds,Some thoroughbreds neigh,NA,3315,Datisi,1,1,0,0
23_44,23,N1-c-M1,44,0,peppers,Invalid Filler,Dimatis*,1,1,Some yellow vegetables are peppers ,All jalapenos are peppers,Some jalapenos are yellow vegetables,NA,2615,Dimatis,0,1,0,0
23_45,23,N1-c-M1,45,0,suit,Homonymy,Disamis,1,1,Some suits have multiple defendants,All suits are dress attire,Some dress attire has multiple defendants,NA,2818,Disamis,0,1,0,0
23_46,23,N1-c-M1,46,0,statues,Valid Filler,Datisi,1,1,All statues are sculptures,Some statues are bronzes,Some bronzes are sculptures,NA,5549,Datisi,1,0,0,0
23_47,23,N1-c-M1,47,0,antiques,Invalid Filler,Darii*,1,1,All medieval manuscripts are antiques ,Some pieces of jewelry are antiques ,Some pieces of jewelry are medieval manuscripts,NA,3032,Darii,0,1,0,0
23_48,23,N1-c-M1,48,0,shapes,Invalid Filler,Disamis*,1,1,Some shapes are triangles,All squares are shapes,Some squares are triangles,NA,2166,Disamis,0,1,0,0
23_49,23,N1-c-M1,49,1,doughnuts,Valid Filler,Darii,1,1,All doughnuts are sugary ,Some pastries are doughnuts ,Some pastries are sugary,NA,2332,Darii,1,1,0,0
23_50,23,N1-c-M1,50,0,colors,Invalid Filler,Disamis*,1,1,Some colors are primary ,All shades of purple are colors ,Some shades of purple are primary,NA,3697,Disamis,0,1,0,0
23_51,23,N1-c-M1,51,1,widows,Valid Filler,Dimatis,1,1,Some parents are widows ,All widows are women,Some women are parents,NA,2550,Dimatis,1,1,0,0
23_52,23,N1-c-M1,52,0,book,Polysemy,Dimatis,1,1,Some doorstops are books,All books are pieces of intellectual property,Some pieces of intellectual property are doorstops,NA,4516,Dimatis,0,1,0,0
23_53,23,N1-c-M1,53,0,magazines,Polysemy,Disamis,1,1,Some magazines are coffee-stained,All magazines are subscriptions,Some subscriptions are coffee-stained,NA,2831,Disamis,0,1,0,0
23_54,23,N1-c-M1,54,0,toilets,Invalid Filler,Disamis*,1,1,Some toilets are coed,All urinals are toilets,Some urinals are coed,NA,2866,Disamis,0,1,0,0
23_55,23,N1-c-M1,55,0,dances,Invalid Filler,Darii*,1,1,All ballets are dances ,Some mating rituals are dances ,Some mating rituals are ballets,NA,2981,Darii,0,1,0,0
23_56,23,N1-c-M1,56,0,ring,Homonymy,Darii,1,1,All rings are sounds,Some accessories are rings,Some accessories are sounds,NA,2651,Darii,0,1,0,0
24_1,24,N1-c-M1,1,0,board,Homonymy,Darii,3,1,All boards are wooden planks,Some governing organizations are boards,Some governing organizations are wooden planks,NA,6115,Darii,0,1,0,0
24_2,24,N1-c-M1,2,1,swords,Valid Filler,Datisi,3,1,All swords are weapons,Some swords are museum pieces,Some museum pieces are weapons,NA,3882,Datisi,1,1,0,0
24_3,24,N1-c-M1,3,0,Wave,Homonymy,Darii,3,1,All waves are water,Some gestures are waves,Some gestures are water,NA,3014,Darii,0,1,0,0
24_4,24,N1-c-M1,4,1,colors,Invalid Filler,Datisi*,3,1,All shades of neon green are colors ,Some colors are pastels,Some pastels are shades of neon green ,NA,4580,Datisi,0,0,0,0
24_5,24,N1-c-M1,5,0,shapes,Invalid Filler,Datisi*,3,1,All road signs are shapes,Some shapes are cylinders,Some cylinders are road signs,NA,5948,Datisi,0,1,0,0
24_6,24,N1-c-M1,6,1,dolls,Valid Filler,Dimatis,3,1,Some toys are dolls ,All dolls are man made objects,Some man made objects are toys,NA,3912,Dimatis,1,1,0,0
24_7,24,N1-c-M1,7,0,steaks,Invalid Filler,Datisi*,3,1,All rotten ribeyes are steaks,Some steaks are delicious meals,Some delicious meals are rotten ribeyes,NA,4973,Datisi,0,1,0,0
24_8,24,N1-c-M1,8,0,company,Polysemy,Darii,3,1,All companies are buildings,Some tech giants are companies,Some tech giants are buildings,NA,3359,Darii,0,1,0,0
24_9,24,N1-c-M1,9,0,thieves,Invalid Filler,Darii*,3,1,All mob bosses are thieves,Some children are thieves,Some children are mob bosses,NA,3307,Darii,0,1,0,0
24_10,24,N1-c-M1,10,1,dinner,Polysemy,Datisi,3,1,All dinners happen after four o'clock,Some dinners are meatloafs,Some meatloafs happen after four o'clock,NA,7022,Datisi,0,0,0,0
24_11,24,N1-c-M1,11,0,cabinet,Homonymy,Disamis,3,1,Some cabinets are antique furniture,All cabinets are political appointments,Some political appointments are antique furniture,NA,2931,Disamis,0,1,0,0
24_12,24,N1-c-M1,12,1,mugs,Valid Filler,Disamis,3,1,Some mugs are ceramics,All mugs are cups ,Some cups are ceramics,NA,4603,Disamis,1,1,0,0
24_13,24,N1-c-M1,13,0,suit,Homonymy,Datisi,3,1,All suits are dress attire,Some suits are court proceedings,Some court proceedings are dress attire,NA,3365,Datisi,0,1,0,0
24_14,24,N1-c-M1,14,0,city,Polysemy,Disamis,3,1,Some cities are corrupt,All cities are groups of buildings,Some groups of buildings are corrupt,NA,3102,Disamis,0,1,0,0
24_15,24,N1-c-M1,15,0,mothers,Invalid Filler,Dimatis*,3,1,Some teens are mothers,All grandmas are mothers ,Some grandmas are teens,NA,3088,Dimatis,0,1,0,0
24_16,24,N1-c-M1,16,1,school,Polysemy,Datisi,3,1,All schools have hallways,Some schools are employers,Some employers have hallways,NA,5300,Datisi,0,0,0,0
24_17,24,N1-c-M1,17,1,widows,Valid Filler,Darii,3,1,All widows are women,Some parents are widows ,Some parents are women,NA,3277,Darii,1,1,0,0
24_18,24,N1-c-M1,18,0,change,Homonymy,Dimatis,3,1,Some transformation is change,All change is money,Some money is transformation,NA,4155,Dimatis,0,1,0,0
24_19,24,N1-c-M1,19,1,clowns,Valid Filler,Dimatis,3,1,Some jugglers are clowns ,All clowns are performers,Some performers are jugglers,NA,3750,Dimatis,1,1,0,0
24_20,24,N1-c-M1,20,0,book,Polysemy,Darii,3,1,All books are bound,Some exposés are books,Some exposés are bound,NA,4178,Darii,0,1,0,0
24_21,24,N1-c-M1,21,0,spices,Invalid Filler,Darii*,3,1,All mustard seeds are spices,Some dried roots are spices ,Some dried roots are mustard seeds,NA,5769,Darii,0,1,0,0
24_22,24,N1-c-M1,22,1,poets,Valid Filler,Disamis,3,1,Some poets are teachers,All poets are writers ,Some writers are teachers,NA,2817,Disamis,1,1,0,0
24_23,24,N1-c-M1,23,0,college,Polysemy,Dimatis,3,1,Some funding sources are colleges,All colleges are places filled with desks,Some places filled with desks are funding sources,NA,3857,Dimatis,0,1,0,0
24_24,24,N1-c-M1,24,1,suitcases,Valid Filler,Darii,3,1,All suitcases are luggage,Some bags are suitcases,Some bags are luggage,NA,4427,Darii,1,1,0,0
24_25,24,N1-c-M1,25,0,match,Homonymy,Datisi,3,1,All matches are combustible,Some matches are pay-per-view broadcasts,Some pay-per-view broadcasts are combustible,NA,2818,Datisi,0,1,0,0
24_26,24,N1-c-M1,26,0,antiques,Invalid Filler,Dimatis*,3,1,Some pieces of jewelry are antiques,All medieval manuscripts are antiques  ,Some medieval manuscripts are pieces of jewelry,NA,9124,Dimatis,0,1,0,0
24_27,24,N1-c-M1,27,0,magazines,Polysemy,Datisi,3,1,All magazines are recyclable,Some magazines are media corporations ,Some media corporations are recyclable,NA,2617,Datisi,0,1,0,0
24_28,24,N1-c-M1,28,1,statues,Valid Filler,Disamis,3,1,Some statues are bronzes,All statues are sculptures,Some sculptures are bronzes,NA,4698,Disamis,1,1,0,0
24_29,24,N1-c-M1,29,0,lunch,Polysemy,Darii,3,1,All lunches are breaks,Some sandwiches are lunches,Some sandwiches are breaks ,NA,2284,Darii,0,1,0,0
24_30,24,N1-c-M1,30,0,bat,Homonymy,Dimatis,3,1,Some sporting goods are bats,All bats are animals,Some animals are sporting goods,NA,2684,Dimatis,0,1,0,0
24_31,24,N1-c-M1,31,1,doughnuts,Valid Filler,Dimatis,3,1,Some pastries are doughnuts ,All doughnuts are sugary foods,Some sugary foods are pastries,NA,2532,Dimatis,1,1,0,0
24_32,24,N1-c-M1,32,0,dresses,Invalid Filler,Dimatis*,3,1,Some cocktail outfits are dresses,All ball gowns are dresses ,Some ball gowns are cocktail outfits,NA,6227,Dimatis,0,1,0,0
24_33,24,N1-c-M1,33,0,ponies,Valid Filler,Disamis,3,1,Some ponies are thoroughbreds,All ponies are neighing animals,Some neighing animals are thoroughbreds,NA,7029,Disamis,1,0,0,0
24_34,24,N1-c-M1,34,0,funerals,Invalid Filler,Disamis*,3,1,Some funerals are family gatherings,All anonymous burials are funerals,Some anonymous burials are family gatherings,NA,11235,Disamis,0,1,0,0
24_35,24,N1-c-M1,35,0,star,Homonymy,Disamis,3,1,Some stars are red dwarfs,All stars are famous people,Some famous people are red dwarfs,NA,5495,Disamis,0,1,0,0
24_36,24,N1-c-M1,36,0,ring,Homonymy,Dimatis,3,1,Some accessories are rings,All rings are sounds,Some sounds are accessories,NA,3642,Dimatis,0,1,0,0
24_37,24,N1-c-M1,37,0,picnic,Polysemy,Disamis,3,1,Some picnics are romantic,All picnics are prepared foods,Some prepared foods are romantic,NA,6022,Disamis,0,1,0,0
24_38,24,N1-c-M1,38,1,liars,Valid Filler,Darii,3,1,All liars are humans,Some criminals are liars ,Some criminals are humans,NA,3444,Darii,1,1,0,0
24_39,24,N1-c-M1,39,0,breakfast,Polysemy,Dimatis,3,1,Some meetings are breakfasts,All breakfasts are nutrients,Some nutrients are meetings,NA,2071,Dimatis,0,1,0,0
24_40,24,N1-c-M1,40,1,grapes,Valid Filler,Datisi,3,1,All grapes are fruits,Some grapes are snacks,Some snacks are fruits ,NA,2284,Datisi,1,1,0,0
24_41,24,N1-c-M1,41,0,ruler,Homonymy,Datisi,3,1,All rulers are standard lengths,Some rulers are queens,Some queens are standard lengths,NA,2860,Datisi,0,1,0,0
24_42,24,N1-c-M1,42,0,toilets,Invalid Filler,Datisi*,3,1,All outhouses are toilets,Some toilets are urinals ,Some urinals are outhouses,NA,6356,Datisi,0,1,0,0
24_43,24,N1-c-M1,43,1,burgers,Valid Filler,Datisi,3,1,All burgers have protein,Some burgers are drive-thru orders,Some drive-thru orders have protein,NA,3643,Datisi,1,1,0,0
24_44,24,N1-c-M1,44,0,dances,Invalid Filler,Dimatis*,3,1,Some mating rituals are dances,All ballets are dances ,Some ballets are mating rituals ,NA,2996,Dimatis,0,1,0,0
24_45,24,N1-c-M1,45,0,rock,Homonymy,Disamis,3,1,Some rock is marble,All rock is music,Some music is marble,NA,2277,Disamis,0,1,0,0
24_46,24,N1-c-M1,46,1,rifles,Valid Filler,Datisi,3,1,All rifles are guns,Some rifles are safety hazards,Some safety hazards are guns,NA,3459,Datisi,1,1,0,0
24_47,24,N1-c-M1,47,0,injuries,Invalid Filler,Darii*,3,1,All broken bones are injuries,Some sunburns are injuries,Some sunburns are broken bones,NA,2559,Darii,0,1,0,0
24_48,24,N1-c-M1,48,0,stones,Invalid Filler,Disamis*,3,1,Some stones are pebbles,All boulders are stones,Some boulders are pebbles,NA,3702,Disamis,0,1,0,0
24_49,24,N1-c-M1,49,1,trucks,Valid Filler,Darii,3,1,All trucks are vehicles,Some cars are trucks ,Some cars are vehicles,NA,2103,Darii,1,1,0,0
24_50,24,N1-c-M1,50,0,actors,Invalid Filler,Disamis*,3,1,Some actors are women,All male leads are actors,Some male leads are women,NA,6062,Disamis,0,1,0,0
24_51,24,N1-c-M1,51,1,singers,Valid Filler,Dimatis,3,1,Some YouTubers are singers,All singers are musicians,Some musicians are YouTubers,NA,3593,Dimatis,1,1,0,0
24_52,24,N1-c-M1,52,0,novel,Polysemy,Dimatis,3,1,Some flammable objects are novels,All novels are fictions,Some fictions are flammable objects,NA,4326,Dimatis,0,1,0,0
24_53,24,N1-c-M1,53,0,letter,Polysemy,Disamis,3,1,Some letters are crumpled,All letters are communications,Some communications are crumpled,NA,2596,Disamis,0,1,0,0
24_54,24,N1-c-M1,54,0,sausages,Invalid Filler,Disamis*,3,1,Some sausages are chili dogs,All pepperonis are sausages,Some pepperonis are chili dogs,NA,2526,Disamis,0,1,0,0
24_55,24,N1-c-M1,55,0,peppers,Invalid Filler,Darii*,3,1,All jalapenos are peppers ,Some yellow vegetables are peppers,Some yellow vegetables are jalapenos,NA,4077,Darii,0,1,0,0
24_56,24,N1-c-M1,56,0,ball,Homonymy,Darii,3,1,All balls are toys,Some birthday parties are balls,Some senior proms are toys,NA,3771,Darii,0,1,0,0
25_1,25,N1-c-M1,1,0,book,Polysemy,Disamis,4,2,Some books are doorstops,All books are pieces of intellectual property,Some pieces of intellectual property are doorstops,NA,3694,Disamis,0,1,0,0
25_2,25,N1-c-M1,2,0,mothers,Invalid Filler,Datisi*,4,2,All grandmas are mothers ,Some mothers are teens,Some teens are grandmas,NA,3318,Datisi,0,1,0,0
25_3,25,N1-c-M1,3,0,funerals,Invalid Filler,Dimatis*,4,2,Some family gatherings are funerals,All anonymous burials are funerals,Some anonymous burials are family gatherings,NA,4245,Dimatis,0,1,0,0
25_4,25,N1-c-M1,4,0,peppers,Invalid Filler,Disamis*,4,2,Some peppers are yellow vegetables ,All jalapenos are peppers,Some jalapenos are yellow vegetables,NA,5303,Disamis,0,1,0,0
25_5,25,N1-c-M1,5,0,ball,Homonymy,Disamis,4,2,Some balls are senior proms,All balls are toys,Some toys are senior proms,NA,1941,Disamis,0,1,0,0
25_6,25,N1-c-M1,6,0,thieves,Invalid Filler,Disamis*,4,2,Some thieves are children,All mob bosses are thieves,Some mob bosses are children,NA,2373,Disamis,0,1,0,0
25_7,25,N1-c-M1,7,1,clowns,Valid Filler,Datisi,4,2,All clowns are entertainers,Some clowns are mimes,Some mimes are entertainers,NA,2401,Datisi,1,1,0,0
25_8,25,N1-c-M1,8,0,stones,Invalid Filler,Dimatis*,4,2,Some paperweights are stones,All boulders are stones,Some boulders are paperweights,NA,3391,Dimatis,0,1,0,0
25_9,25,N1-c-M1,9,1,dinner,Polysemy,Darii,4,2,All dinners happen after four o'clock,Some lasagnas are dinners,Some lasagnas happen after four o'clock,NA,4497,Darii,0,0,0,0
25_10,25,N1-c-M1,10,0,breakfast,Polysemy,Datisi,4,2,All breakfasts are under three hours,Some breakfasts are smoothies,Some smoothies are under three hours,NA,2316,Datisi,0,1,0,0
25_11,25,N1-c-M1,11,0,board,Homonymy,Disamis,4,2,Some boards are governing organizations,All boards are wooden planks,Some wooden planks are governing organizations,NA,2204,Disamis,0,1,0,0
25_12,25,N1-c-M1,12,0,cabinet,Homonymy,Dimatis,4,2,Some shelving units are cabinets,All cabinets are political appointments,Some political appointments are shelving units,NA,1958,Dimatis,0,1,0,0
25_13,25,N1-c-M1,13,1,school,Polysemy,Darii,4,2,All schools have classrooms,Some employers are schools,Some employers have classrooms,NA,2626,Darii,0,0,0,0
25_14,25,N1-c-M1,14,0,lunch,Polysemy,Disamis,4,2,Some lunches are breaks,All lunches are foods,Some foods are breaks,NA,2078,Disamis,0,1,0,0
25_15,25,N1-c-M1,15,1,poets,Valid Filler,Dimatis,4,2,Some teachers are poets,All poets are writers ,Some writers are teachers,NA,1990,Dimatis,1,1,0,0
25_16,25,N1-c-M1,16,1,dolls,Valid Filler,Datisi,4,2,All dolls are man made,Some dolls are toys,Some toys are man made,NA,1975,Datisi,1,1,0,0
25_17,25,N1-c-M1,17,0,bat,Homonymy,Datisi,4,2,All bats are animals,Some bats are sporting goods,Some sporting goods are animals,NA,1767,Datisi,0,1,0,0
25_18,25,N1-c-M1,18,0,ruler,Homonymy,Darii,4,2,All rulers are standard lengths,Some queens are rulers,Some queens are standard lengths,NA,1989,Darii,0,1,0,0
25_19,25,N1-c-M1,19,0,Wave,Homonymy,Disamis,4,2,Some waves are gestures,All waves are liquids,Some liquids are gestures,NA,1594,Disamis,0,1,0,0
25_20,25,N1-c-M1,20,1,trucks,Valid Filler,Disamis,4,2,Some trucks are big rigs,All trucks are vehicles,Some vehicles are big rigs,NA,2657,Disamis,1,1,0,0
25_21,25,N1-c-M1,21,1,sausages,Invalid Filler,Dimatis*,4,2,Some pizza toppings are sausages,All chili dogs are sausages,Some chili dogs are pizza toppings,NA,3749,Dimatis,0,0,0,0
25_22,25,N1-c-M1,22,1,picnic,Polysemy,Dimatis,4,2,Some summertime activities are picnics,All picnics are prepared foods,Some prepared foods are summertime activities,NA,4261,Dimatis,0,0,0,0
25_23,25,N1-c-M1,23,1,doughnuts,Valid Filler,Datisi,4,2,All doughnuts are sugary ,Some doughnuts are treats,Some treats are sugary,NA,1846,Datisi,1,1,0,0
25_24,25,N1-c-M1,24,1,suitcases,Valid Filler,Disamis,4,2,Some suitcases are bags,All suitcases are pieces of luggage,Some pieces of luggage are bags,NA,2404,Disamis,1,1,0,0
25_25,25,N1-c-M1,25,0,toilets,Invalid Filler,Darii*,4,2,All urinals are toilets,Some seats are toilets,Some seats are urinals,NA,5134,Darii,0,1,0,0
25_26,25,N1-c-M1,26,0,company,Polysemy,Disamis,4,2,Some companies are in city centers,All companies are hierarchies,Some hierarchies are in city centers,NA,2517,Disamis,0,1,0,0
25_27,25,N1-c-M1,27,1,letter,Polysemy,Dimatis,4,2,Some papers are letters,All letters are communications,Some communications are papers,NA,3454,Dimatis,0,0,0,0
25_28,25,N1-c-M1,28,1,liars,Valid Filler,Disamis,4,2,Some liars are criminals,All liars are humans,Some humans are criminals ,NA,1718,Disamis,1,1,0,0
25_29,25,N1-c-M1,29,0,change,Homonymy,Datisi,4,2,All change is money,Some change is transformation,Some transformation is money,NA,1838,Datisi,0,1,0,0
25_30,25,N1-c-M1,30,0,antiques,Invalid Filler,Datisi*,4,2,All medieval manuscripts are antiques ,Some antiques are pieces of jewelry,Some pieces of jewelry are medieval manuscripts,NA,2133,Datisi,0,1,0,0
25_31,25,N1-c-M1,31,1,ponies,Valid Filler,Dimatis,4,2,Some thoroughbreds are ponies,All ponies are neighing animals,Some neighing animals are thoroughbreds,NA,2858,Dimatis,1,1,0,0
25_32,25,N1-c-M1,32,0,actors,Invalid Filler,Dimatis*,4,2,Some women are actors,All male leads are actors,Some male leads are women,NA,4903,Dimatis,0,1,0,0
25_33,25,N1-c-M1,33,1,grapes,Valid Filler,Darii,4,2,All grapes are fruits ,Some snacks are grapes,Some snacks are fruits,NA,1678,Darii,1,1,0,0
25_34,25,N1-c-M1,34,0,shapes,Invalid Filler,Darii*,4,2,All cylinders are shapes,Some road signs are shapes,Some road signs are cylinders,NA,3958,Darii,0,1,0,0
25_35,25,N1-c-M1,35,1,burgers,Valid Filler,Darii,4,2,All burgers have protein,Some entrées are burgers,Some entrées have protein,NA,1839,Darii,1,1,0,0
25_36,25,N1-c-M1,36,1,widows,Valid Filler,Disamis,4,2,Some widows are parents,All widows are women,Some women are parents,NA,1966,Disamis,1,1,0,0
25_37,25,N1-c-M1,37,0,star,Homonymy,Dimatis,4,2,Some celestial objects are stars,All stars are famous people,Some famous people are celestial objects,NA,2061,Dimatis,0,1,0,0
25_38,25,N1-c-M1,38,0,steaks,Invalid Filler,Darii*,4,2,All rotten ribeyes are steaks,Some delicious meals are steaks,Some delicoius meals are rotten ribeyes,NA,1807,Darii,0,1,0,0
25_39,25,N1-c-M1,39,1,swords,Valid Filler,Darii,4,2,All swords are weapons,Some sharp objects are swords,Some sharp objects are weapons,NA,1963,Darii,1,1,0,0
25_40,25,N1-c-M1,40,1,mugs,Valid Filler,Dimatis,4,2,Some ceramics are mugs,All mugs are cups ,Some cups are ceramics,NA,2637,Dimatis,1,1,0,0
25_41,25,N1-c-M1,41,0,magazines,Polysemy,Darii,4,2,All magazines are recyclable,Some media corporations are magazines,Some media corporations are recyclable,NA,2388,Darii,0,1,0,0
25_42,25,N1-c-M1,42,1,rifles,Valid Filler,Darii,4,2,All rifles are guns,Some safety hazards are rifles,Some safety hazards are guns,NA,2740,Darii,1,1,0,0
25_43,25,N1-c-M1,43,0,rock,Homonymy,Dimatis,4,2,Some marble is rock,All rock is music,Some music is marble,NA,1625,Dimatis,0,1,0,0
25_44,25,N1-c-M1,44,0,ring,Homonymy,Datisi,4,2,All rings are sounds,Some rings are accessories,Some accessories are sounds,NA,2189,Datisi,0,1,0,0
25_45,25,N1-c-M1,45,0,colors,Invalid Filler,Darii*,4,2,Some pastels are colors,All shades of neon green are colors ,Some shades of neon green are pastels,NA,2444,Darii,0,1,0,0
25_46,25,N1-c-M1,46,0,novel,Polysemy,Datisi,4,2,All novels are flammable,Some novels are debuts,Some debuts are flammable,NA,1831,Datisi,0,1,0,0
25_47,25,N1-c-M1,47,1,singers,Valid Filler,Datisi,4,2,All singers are performers,Some singers are men,Some men are performers,NA,1952,Datisi,1,1,0,0
25_48,25,N1-c-M1,48,0,city,Polysemy,Dimatis,4,2,Some bureaucracies are cities,All cities are graffitied places,Some graffitied places are bureaucracies,NA,2130,Dimatis,0,1,0,0
25_49,25,N1-c-M1,49,0,suit,Homonymy,Darii,4,2,All suits are dress attire,Some court proceedings are suits,Some court proceedings are dress attire,NA,4737,Darii,0,1,0,0
25_50,25,N1-c-M1,50,1,dresses,Invalid Filler,Datisi*,4,2,All ball gowns are dresses ,Some dresses are cocktail outfits,Some cocktail outfits are ball gowns,NA,4441,Datisi,0,0,0,0
25_51,25,N1-c-M1,51,0,dances,Invalid Filler,Datisi*,4,2,All ballets are dances ,Some dances are mating rituals,Some mating rituals are ballets ,NA,1628,Datisi,0,1,0,0
25_52,25,N1-c-M1,52,1,statues,Valid Filler,Dimatis,4,2,Some bronzes are statues,All statues are sculptures,Some sculptures are bronzes,NA,1766,Dimatis,1,1,0,0
25_53,25,N1-c-M1,53,0,match,Homonymy,Darii,4,2,All matches are combustible,Some pay-per-view broadcasts are matches,Some pay-per-view broadcasts are combustible,NA,1806,Darii,0,1,0,0
25_54,25,N1-c-M1,54,0,spices,Invalid Filler,Disamis*,4,2,Some spices are dried roots,All mustard seeds are spices ,Some mustard seeds are dried roots,NA,3853,Disamis,0,1,0,0
25_55,25,N1-c-M1,55,0,injuries,Invalid Filler,Disamis*,4,2,Some injuries are sunburns,All broken bones are injuries,Some broken bones are sunburns,NA,1614,Disamis,0,1,0,0
25_56,25,N1-c-M1,56,1,college,Polysemy,Datisi,4,2,All colleges grant degrees,Some colleges are historic buildings,Some historic buildings grant degrees,NA,2812,Datisi,0,0,0,0
26_1,26,N1-c-M1,1,0,rock,Homonymy,Darii,2,1,All rock has guitars,Some marble is rock,Some marble has guitars,NA,5071,Darii,0,1,0,0
26_2,26,N1-c-M1,2,0,trucks,Valid Filler,Datisi,2,1,All trucks are vehicles,Some trucks are big rigs,Some big rigs are vehicles,NA,5490,Datisi,1,0,0,0
26_3,26,N1-c-M1,3,0,star,Homonymy,Darii,2,1,All stars have autographs,Some red dwarfs are stars,Some red dwarfs have autographs,NA,5346,Darii,0,1,0,0
26_4,26,N1-c-M1,4,0,injuries,Invalid Filler,Datisi*,2,1,All broken bones are injuries,Some injuries are sunburns,Some sunburns are broken bones,NA,5124,Datisi,0,1,0,0
26_5,26,N1-c-M1,5,1,peppers,Invalid Filler,Datisi*,2,1,All jalapenos are peppers,Some peppers are yellow vegetables ,Some yellow vegetables are jalapenos,NA,28665,Datisi,0,0,0,0
26_6,26,N1-c-M1,6,1,grapes,Valid Filler,Dimatis,2,1,Some snacks are grapes,All grapes are fruits ,Some fruits are snacks,NA,8028,Dimatis,1,1,0,0
26_7,26,N1-c-M1,7,0,spices,Invalid Filler,Datisi*,2,1,All mustard seeds are spices ,Some spices are dried roots ,Some dried roots are mustard seeds,NA,18005,Datisi,0,1,0,0
26_8,26,N1-c-M1,8,1,city,Polysemy,Darii,2,1,All cities are bureaucracies,Some graffitied places are cities,Some graffitied places are bureaucracies,NA,19209,Darii,0,0,0,0
26_9,26,N1-c-M1,9,1,sausages,Invalid Filler,Darii*,2,1,All chili dogs are sausages,Some pizza toppings are sausages,Some pizza toppings are chili dogs,NA,30254,Darii,0,0,0,0
26_10,26,N1-c-M1,10,0,lunch,Polysemy,Datisi,2,1,All lunches are breaks,Some lunches are soups,Some soups are breaks,NA,3796,Datisi,0,1,0,0
26_11,26,N1-c-M1,11,0,ring,Homonymy,Disamis,2,1,Some rings are made of gold,All rings are sounds,Some sounds are made of gold,NA,3482,Disamis,0,1,0,0
26_12,26,N1-c-M1,12,1,doughnuts,Valid Filler,Disamis,2,1,Some doughnuts are glazed,All doughnuts are sugary foods,Some sugary foods are glazed,NA,3996,Disamis,1,1,0,0
26_13,26,N1-c-M1,13,0,board,Homonymy,Datisi,2,1,All boards are wooden planks,Some boards are governing organizations,Some governing organizations are wooden planks,NA,3380,Datisi,0,1,0,0
26_14,26,N1-c-M1,14,0,college,Polysemy,Disamis,2,1,Some colleges have chancellors,All colleges are groups of buildings,Some groups of buildings have chancellors,NA,5867,Disamis,0,1,0,0
26_15,26,N1-c-M1,15,0,toilets,Invalid Filler,Dimatis*,2,1,Some seats are toilets ,All urinals are toilets,Some urinals are seats,NA,6987,Dimatis,0,1,0,0
26_16,26,N1-c-M1,16,0,company,Polysemy,Datisi,2,1,All companies are buildings,Some companies are hierarchies,Some hierarchies are buildings,NA,4244,Datisi,0,1,0,0
26_17,26,N1-c-M1,17,0,ponies,Valid Filler,Darii,2,1,All ponies neigh,Some thoroughbreds are ponies,Some thoroughbreds neigh,NA,9670,Darii,1,0,0,0
26_18,26,N1-c-M1,18,0,match,Homonymy,Dimatis,2,1,Some pay-per-view broadcasts are matches,All matches are fire starters,Some fire starters are pay-per-view broadcasts,NA,6764,Dimatis,0,1,0,0
26_19,26,N1-c-M1,19,1,rifles,Valid Filler,Dimatis,2,1,Some safety hazards are rifles,All rifles are guns,Some guns are safety hazards,NA,6418,Dimatis,1,1,0,0
26_20,26,N1-c-M1,20,1,letter,Polysemy,Darii,2,1,All letters have stamps,Some rejections are letters,Some rejections have stamps,NA,4576,Darii,0,0,0,0
26_21,26,N1-c-M1,21,1,funerals,Invalid Filler,Darii*,2,1,All anonymous burials are funerals,Some family gatherings are funerals,Some family gatherings are anonymous burials,NA,4361,Darii,0,0,0,0
26_22,26,N1-c-M1,22,1,dolls,Valid Filler,Disamis,2,1,Some dolls are toys,All dolls are man made objects,Some man made objects are toys,NA,3493,Disamis,1,1,0,0
26_23,26,N1-c-M1,23,0,school,Polysemy,Dimatis,2,1,Some rectangular buildings are schools,All schools are employers,Some employers are rectangular buildings,NA,5556,Dimatis,0,1,0,0
26_24,26,N1-c-M1,24,1,statues,Valid Filler,Darii,2,1,All statues are sculptures,Some artworks are statues,Some artworks are sculptures,NA,3225,Darii,1,1,0,0
26_25,26,N1-c-M1,25,0,wave,Homonymy,Datisi,2,1,All waves are water,Some waves are gestures,Some gestures are water,NA,6396,Datisi,0,1,0,0
26_26,26,N1-c-M1,26,0,colors,Invalid Filler,Dimatis*,2,1,Some pastels are colors,All shade of neon green are colors ,Some shades of neon green are pastels,NA,67654,Dimatis,0,1,0,0
26_27,26,N1-c-M1,27,0,book,Polysemy,Datisi,2,1,All books are printed,Some books are romances,Some romances are printed,NA,10921,Datisi,0,1,0,0
26_28,26,N1-c-M1,28,1,clowns,Valid Filler,Disamis,2,1,Some clowns are mimes,All clowns are entertainers,Some entertainers are mimes,NA,12554,Disamis,1,1,0,0
26_29,26,N1-c-M1,29,0,picnic,Polysemy,Darii,2,1,All picnics happen in nature,Some salads are picnics,Some salads happen in nature,NA,7110,Darii,0,1,0,0
26_30,26,N1-c-M1,30,0,suit,Homonymy,Dimatis,2,1,Some court proceedings are suits,All suits are formal outfits,Some formal outfits are court proceedings,NA,7084,Dimatis,0,1,0,0
26_31,26,N1-c-M1,31,1,swords,Valid Filler,Dimatis,2,1,Some sharp things are swords,All swords are weapons,Some weapons are sharp things,NA,3899,Dimatis,1,1,0,0
26_32,26,N1-c-M1,32,0,steaks,Invalid Filler,Dimatis*,2,1,Some delicious entrées are steaks,All rotten ribeyes are steaks,Some rotten ribeyes are delicious entrées,NA,3734,Dimatis,0,1,0,0
26_33,26,N1-c-M1,33,1,singers,Valid Filler,Disamis,2,1,Some singers are guitarists,All singers are vocalists,Some vocalists are guitarists,NA,5309,Disamis,1,1,0,0
26_34,26,N1-c-M1,34,0,dresses,Invalid Filler,Disamis*,2,1,Some dresses are cocktail outfits,All ball gowns are dresses ,Some ball gowns are cocktail outfits,NA,4826,Disamis,0,1,0,0
26_35,26,N1-c-M1,35,1,change,Homonymy,Disamis,2,1,Some change is transformation,All change is money,Some money is transformation,NA,5880,Disamis,0,0,0,0
26_36,26,N1-c-M1,36,0,ruler,Homonymy,Dimatis,2,1,Some queens are rulers,All rulers are standard lengths,Some standard lengths are queens,NA,4620,Dimatis,0,1,0,0
26_37,26,N1-c-M1,37,0,breakfast,Polysemy,Disamis,2,1,Some breakfasts are under an hour,All breakfasts are nutrients,Some nutrients are under an hour,NA,3849,Disamis,0,1,0,0
26_38,26,N1-c-M1,38,1,poets,Valid Filler,Darii,2,1,All poets are writers ,Some teachers are poets,Some teachers are writers,NA,3319,Darii,1,1,0,0
26_39,26,N1-c-M1,39,0,dinner,Polysemy,Dimatis,2,1,Some black tie events are dinners,All dinners are foods,Some foods are black tie events,NA,5337,Dimatis,0,1,0,0
26_40,26,N1-c-M1,40,1,liars,Valid Filler,Datisi,2,1,All liars are humans,Some liars are criminals,Some criminals are humans,NA,3803,Datisi,1,1,0,0
26_41,26,N1-c-M1,41,0,ball,Homonymy,Datisi,2,1,All balls are toys,Some balls are senior proms,Some senior proms are toys,NA,5404,Datisi,0,1,0,0
26_42,26,N1-c-M1,42,0,thieves,Invalid Filler,Datisi*,2,1,All mob bosses are thieves,Some thieves are children,Some children are mob bosses,NA,6054,Datisi,0,1,0,0
26_43,26,N1-c-M1,43,1,widows,Valid Filler,Datisi,2,1,All widows are women,Some widows are parents,Some parents are women,NA,3478,Datisi,1,1,0,0
26_44,26,N1-c-M1,44,1,shapes,Invalid Filler,Dimatis*,2,1,Some road signs are shapes,All cylinders are shapes,Some cylinders are road signs,NA,3917,Dimatis,0,0,0,0
26_45,26,N1-c-M1,45,0,bat,Homonymy,Disamis,2,1,Some bats are made for softball,All bats are animals,Some animals are made for softball,NA,3629,Disamis,0,1,0,0
26_46,26,N1-c-M1,46,1,suitcases,Valid Filler,Datisi,2,1,All suitcases are pieces of luggage,Some suitcases are bags,Some bags are pieces of luggage,NA,3157,Datisi,1,1,0,0
26_47,26,N1-c-M1,47,0,actors,Invalid Filler,Darii*,2,1,All male leads are actors,Some women are actors,Some women are male leads,NA,3683,Darii,0,1,0,0
26_48,26,N1-c-M1,48,0,dances,Invalid Filler,Disamis*,2,1,Some dances are mating rituals ,All ballets are dances,Some ballets are mating rituals ,NA,7549,Disamis,0,1,0,0
26_49,26,N1-c-M1,49,1,mugs,Valid Filler,Darii,2,1,All mugs are cups ,Some ceramics are mugs,Some ceramics are cups ,NA,3153,Darii,1,1,0,0
26_50,26,N1-c-M1,50,0,antiques,Invalid Filler,Disamis*,2,1,Some antiques are pieces of jewelry,All medieval manuscripts are antiques ,Some medieval manuscripts are pieces of jewelry,NA,5009,Disamis,0,1,0,0
26_51,26,N1-c-M1,51,1,burgers,Valid Filler,Dimatis,2,1,Some entrées are burgers,All burgers are sandwiches,Some sandwiches are entrées,NA,42253,Dimatis,1,1,0,0
26_52,26,N1-c-M1,52,0,magazines,Polysemy,Dimatis,2,1,Some recyclables are magazines,All magazines are subscriptions,Some subscriptions are recyclables,NA,6458,Dimatis,0,1,0,0
26_53,26,N1-c-M1,53,0,novel,Polysemy,Disamis,2,1,Some novels weigh over a pound,All novels are stories,Some stories weigh over a pound,NA,9799,Disamis,0,1,0,0
26_54,26,N1-c-M1,54,0,mothers,Invalid Filler,Disamis*,2,1,Some mothers are teens,All grandmas are mothers,Some grandmas are teens,NA,4072,Disamis,0,1,0,0
26_55,26,N1-c-M1,55,0,stones,Invalid Filler,Darii*,2,1,All boulders are stones,Some paperweights are stones,Some paperweights are boulders,NA,5703,Darii,0,1,0,0
26_56,26,N1-c-M1,56,0,cabinet,Homonymy,Darii,2,1,All cabinets are political appointments,Some shelving units are cabinets,Some shelving units are political appointments,NA,5337,Darii,0,1,0,0
27_1,27,N1-c-M1,1,1,novel,Polysemy,Disamis,2,2,Some novels weigh over a pound,All novels are stories,Some stories weigh over a pound,NA,13046,Disamis,0,0,0,0
27_2,27,N1-c-M1,2,1,thieves,Invalid Filler,Datisi*,2,2,All mob bosses are thieves,Some thieves are children,Some children are mob bosses,NA,7728,Datisi,0,0,0,0
27_3,27,N1-c-M1,3,0,steaks,Invalid Filler,Dimatis*,2,2,Some delicious entrées are steaks,All rotten ribeyes are steaks,Some rotten ribeyes are delicious entrées,NA,6769,Dimatis,0,1,0,0
27_4,27,N1-c-M1,4,0,dances,Invalid Filler,Disamis*,2,2,Some dances are mating rituals ,All ballets are dances,Some ballets are mating rituals ,NA,6989,Disamis,0,1,0,0
27_5,27,N1-c-M1,5,0,ring,Homonymy,Disamis,2,2,Some rings are made of gold,All rings are sounds,Some sounds are made of gold,NA,8778,Disamis,0,1,0,0
27_6,27,N1-c-M1,6,0,mothers,Invalid Filler,Disamis*,2,2,Some mothers are teens,All grandmas are mothers,Some grandmas are teens,NA,4520,Disamis,0,1,0,0
27_7,27,N1-c-M1,7,1,suitcases,Valid Filler,Datisi,2,2,All suitcases are pieces of luggage,Some suitcases are bags,Some bags are pieces of luggage,NA,6368,Datisi,1,1,0,0
27_8,27,N1-c-M1,8,1,shapes,Invalid Filler,Dimatis*,2,2,Some road signs are shapes,All cylinders are shapes,Some cylinders are road signs,NA,7760,Dimatis,0,0,0,0
27_9,27,N1-c-M1,9,0,picnic,Polysemy,Darii,2,2,All picnics happen in nature,Some salads are picnics,Some salads happen in nature,NA,5134,Darii,0,1,0,0
27_10,27,N1-c-M1,10,0,lunch,Polysemy,Datisi,2,2,All lunches are breaks,Some lunches are soups,Some soups are breaks,NA,4707,Datisi,0,1,0,0
27_11,27,N1-c-M1,11,0,bat,Homonymy,Disamis,2,2,Some bats are made for softball,All bats are animals,Some animals are made for softball,NA,4460,Disamis,0,1,0,0
27_12,27,N1-c-M1,12,0,ruler,Homonymy,Dimatis,2,2,Some queens are rulers,All rulers are standard lengths,Some standard lengths are queens,NA,10049,Dimatis,0,1,0,0
27_13,27,N1-c-M1,13,0,city,Polysemy,Darii,2,2,All cities are bureaucracies,Some graffitied places are cities,Some graffitied places are bureaucracies,NA,24509,Darii,0,1,0,0
27_14,27,N1-c-M1,14,0,breakfast,Polysemy,Disamis,2,2,Some breakfasts are under an hour,All breakfasts are nutrients,Some nutrients are under an hour,NA,8957,Disamis,0,1,0,0
27_15,27,N1-c-M1,15,0,grapes,Valid Filler,Dimatis,2,2,Some snacks are grapes,All grapes are fruits ,Some fruits are snacks,NA,7629,Dimatis,1,0,0,0
27_16,27,N1-c-M1,16,1,liars,Valid Filler,Datisi,2,2,All liars are humans,Some liars are criminals,Some criminals are humans,NA,4748,Datisi,1,1,0,0
27_17,27,N1-c-M1,17,0,board,Homonymy,Datisi,2,2,All boards are wooden planks,Some boards are governing organizations,Some governing organizations are wooden planks,NA,14267,Datisi,0,1,0,0
27_18,27,N1-c-M1,18,0,cabinet,Homonymy,Darii,2,2,All cabinets are political appointments,Some shelving units are cabinets,Some shelving units are political appointments,NA,8863,Darii,0,1,0,0
27_19,27,N1-c-M1,19,1,change,Homonymy,Disamis,2,2,Some change is transformation,All change is money,Some money is transformation,NA,8617,Disamis,0,0,0,0
27_20,27,N1-c-M1,20,0,doughnuts,Valid Filler,Disamis,2,2,Some doughnuts are glazed,All doughnuts are sugary foods,Some sugary foods are glazed,NA,11519,Disamis,1,0,0,0
27_21,27,N1-c-M1,21,0,toilets,Invalid Filler,Dimatis*,2,2,Some seats are toilets ,All urinals are toilets,Some urinals are seats,NA,4744,Dimatis,0,1,0,0
27_22,27,N1-c-M1,22,0,dinner,Polysemy,Dimatis,2,2,Some black tie events are dinners,All dinners are foods,Some foods are black tie events,NA,5176,Dimatis,0,1,0,0
27_23,27,N1-c-M1,23,0,trucks,Valid Filler,Datisi,2,2,All trucks are vehicles,Some trucks are big rigs,Some big rigs are vehicles,NA,6764,Datisi,1,0,0,0
27_24,27,N1-c-M1,24,0,clowns,Valid Filler,Disamis,2,2,Some clowns are mimes,All clowns are entertainers,Some entertainers are mimes,NA,8053,Disamis,1,0,0,0
27_25,27,N1-c-M1,25,0,sausages,Invalid Filler,Darii*,2,2,All chili dogs are sausages,Some pizza toppings are sausages,Some pizza toppings are chili dogs,NA,8678,Darii,0,1,0,0
27_26,27,N1-c-M1,26,0,college,Polysemy,Disamis,2,2,Some colleges have chancellors,All colleges are groups of buildings,Some groups of buildings have chancellors,NA,6410,Disamis,0,1,0,0
27_27,27,N1-c-M1,27,0,magazines,Polysemy,Dimatis,2,2,Some recyclables are magazines,All magazines are subscriptions,Some subscriptions are recyclables,NA,8714,Dimatis,0,1,0,0
27_28,27,N1-c-M1,28,1,dolls,Valid Filler,Disamis,2,2,Some dolls are toys,All dolls are man made objects,Some man made objects are toys,NA,5393,Disamis,1,1,0,0
27_29,27,N1-c-M1,29,0,wave,Homonymy,Datisi,2,2,All waves are water,Some waves are gestures,Some gestures are water,NA,5213,Datisi,0,1,0,0
27_30,27,N1-c-M1,30,0,injuries,Invalid Filler,Datisi*,2,2,All broken bones are injuries,Some injuries are sunburns,Some sunburns are broken bones,NA,6698,Datisi,0,1,0,0
27_31,27,N1-c-M1,31,0,burgers,Valid Filler,Dimatis,2,2,Some entrées are burgers,All burgers are sandwiches,Some sandwiches are entrées,NA,8311,Dimatis,1,0,0,0
27_32,27,N1-c-M1,32,0,colors,Invalid Filler,Dimatis*,2,2,Some pastels are colors,All shade of neon green are colors ,Some shades of neon green are pastels,NA,12625,Dimatis,0,1,0,0
27_33,27,N1-c-M1,33,1,poets,Valid Filler,Darii,2,2,All poets are writers ,Some teachers are poets,Some teachers are writers,NA,4603,Darii,1,1,0,0
27_34,27,N1-c-M1,34,0,stones,Invalid Filler,Darii*,2,2,All boulders are stones,Some paperweights are stones,Some paperweights are boulders,NA,6823,Darii,0,1,0,0
27_35,27,N1-c-M1,35,0,ponies,Valid Filler,Darii,2,2,All ponies neigh,Some thoroughbreds are ponies,Some thoroughbreds neigh,NA,10106,Darii,1,0,0,0
27_36,27,N1-c-M1,36,1,singers,Valid Filler,Disamis,2,2,Some singers are guitarists,All singers are vocalists,Some vocalists are guitarists,NA,6589,Disamis,1,1,0,0
27_37,27,N1-c-M1,37,0,match,Homonymy,Dimatis,2,2,Some pay-per-view broadcasts are matches,All matches are fire starters,Some fire starters are pay-per-view broadcasts,NA,9333,Dimatis,0,1,0,0
27_38,27,N1-c-M1,38,0,funerals,Invalid Filler,Darii*,2,2,All anonymous burials are funerals,Some family gatherings are funerals,Some family gatherings are anonymous burials,NA,6785,Darii,0,1,0,0
27_39,27,N1-c-M1,39,1,mugs,Valid Filler,Darii,2,2,All mugs are cups ,Some ceramics are mugs,Some ceramics are cups ,NA,4866,Darii,1,1,0,0
27_40,27,N1-c-M1,40,1,swords,Valid Filler,Dimatis,2,2,Some sharp things are swords,All swords are weapons,Some weapons are sharp things,NA,11481,Dimatis,1,1,0,0
27_41,27,N1-c-M1,41,0,letter,Polysemy,Darii,2,2,All letters have stamps,Some rejections are letters,Some rejections have stamps,NA,7461,Darii,0,1,0,0
27_42,27,N1-c-M1,42,1,statues,Valid Filler,Darii,2,2,All statues are sculptures,Some artworks are statues,Some artworks are sculptures,NA,5183,Darii,1,1,0,0
27_43,27,N1-c-M1,43,0,suit,Homonymy,Dimatis,2,2,Some court proceedings are suits,All suits are formal outfits,Some formal outfits are court proceedings,NA,9284,Dimatis,0,1,0,0
27_44,27,N1-c-M1,44,0,ball,Homonymy,Datisi,2,2,All balls are toys,Some balls are senior proms,Some senior proms are toys,NA,5121,Datisi,0,1,0,0
27_45,27,N1-c-M1,45,1,actors,Invalid Filler,Darii*,2,2,All male leads are actors,Some women are actors,Some women are male leads,NA,7183,Darii,0,0,0,0
27_46,27,N1-c-M1,46,0,book,Polysemy,Datisi,2,2,All books are printed,Some books are romances,Some romances are printed,NA,3864,Datisi,0,1,0,0
27_47,27,N1-c-M1,47,1,widows,Valid Filler,Datisi,2,2,All widows are women,Some widows are parents,Some parents are women,NA,4510,Datisi,1,1,0,0
27_48,27,N1-c-M1,48,0,school,Polysemy,Dimatis,2,2,Some rectangular buildings are schools,All schools are employers,Some employers are rectangular buildings,NA,4985,Dimatis,0,1,0,0
27_49,27,N1-c-M1,49,0,rock,Homonymy,Darii,2,2,All rock has guitars,Some marble is rock,Some marble has guitars,NA,4906,Darii,0,1,0,0
27_50,27,N1-c-M1,50,0,spices,Invalid Filler,Datisi*,2,2,All mustard seeds are spices ,Some spices are dried roots ,Some dried roots are mustard seeds,NA,12605,Datisi,0,1,0,0
27_51,27,N1-c-M1,51,1,peppers,Invalid Filler,Datisi*,2,2,All jalapenos are peppers,Some peppers are yellow vegetables ,Some yellow vegetables are jalapenos,NA,6679,Datisi,0,0,0,0
27_52,27,N1-c-M1,52,1,rifles,Valid Filler,Dimatis,2,2,Some safety hazards are rifles,All rifles are guns,Some guns are safety hazards,NA,6688,Dimatis,1,1,0,0
27_53,27,N1-c-M1,53,1,star,Homonymy,Darii,2,2,All stars have autographs,Some red dwarfs are stars,Some red dwarfs have autographs,NA,6734,Darii,0,0,0,0
27_54,27,N1-c-M1,54,0,dresses,Invalid Filler,Disamis*,2,2,Some dresses are cocktail outfits,All ball gowns are dresses ,Some ball gowns are cocktail outfits,NA,5845,Disamis,0,1,0,0
27_55,27,N1-c-M1,55,0,antiques,Invalid Filler,Disamis*,2,2,Some antiques are pieces of jewelry,All medieval manuscripts are antiques ,Some medieval manuscripts are pieces of jewelry,NA,6858,Disamis,0,1,0,0
27_56,27,N1-c-M1,56,0,company,Polysemy,Datisi,2,2,All companies are buildings,Some companies are hierarchies,Some hierarchies are buildings,NA,4381,Datisi,0,1,0,0
28_1,28,N1-c-M1,1,1,bat,Homonymy,Darii,1,1,All bats share a common ancestor,Some sporting goods are bats,Some sporting goods share a common ancestor,NA,8115,Darii,0,0,0,0
28_2,28,N1-c-M1,2,1,mugs,Valid Filler,Datisi,1,1,All mugs are cups ,Some mugs are ceramics,Some ceramics are cups ,NA,2917,Datisi,1,1,0,0
28_3,28,N1-c-M1,3,1,change,Homonymy,Darii,1,1,All change is money,Some surprises are change,Some surprises are money,NA,2461,Darii,0,0,0,0
28_4,28,N1-c-M1,4,1,actors,Invalid Filler,Datisi*,1,1,All male leads are actors,Some actors are women,Some women are male leads,NA,14190,Datisi,0,0,0,0
28_5,28,N1-c-M1,5,0,stones,Invalid Filler,Datisi*,1,1,All pebbles are stones,Some stones are boulders,Some boulders are pebbles,NA,2218,Datisi,0,1,0,0
28_6,28,N1-c-M1,6,1,liars,Valid Filler,Dimatis,1,1,Some criminals are liars ,All liars are humans,Some humans are criminals ,NA,3780,Dimatis,1,1,0,0
28_7,28,N1-c-M1,7,0,funerals,Invalid Filler,Datisi*,1,1,All open-casket services are funerals,Some funerals are anonymous burials,Some anonymous burials are open-casket services,NA,5125,Datisi,0,1,0,0
28_8,28,N1-c-M1,8,1,college,Polysemy,Darii,1,1,All colleges grant degrees,Some historic buildings are colleges,Some historic buildings grant degrees,NA,4190,Darii,0,0,0,0
28_9,28,N1-c-M1,9,1,mothers,Invalid Filler,Darii*,1,1,All grandmothers are mothers,Some teens are mothers,Some teens are grandmothers,NA,3946,Darii,0,0,0,0
28_10,28,N1-c-M1,10,0,picnic,Polysemy,Datisi,1,1,All picnics happen in nature,Some picnics are salads,Some salads happen in nature,NA,10437,Datisi,0,1,0,0
28_11,28,N1-c-M1,11,0,ruler,Homonymy,Disamis,1,1,Some rulers are kings,All rulers are standard lengths,Some standard lengths are kings,NA,3718,Disamis,0,1,0,0
28_12,28,N1-c-M1,12,1,swords,Valid Filler,Disamis,1,1,Some swords are decorative,All swords are weapons ,Some weapons are decorative ,NA,2912,Disamis,1,1,0,0
28_13,28,N1-c-M1,13,0,rock,Homonymy,Datisi,1,1,All rock has guitars,Some rock is marble,Some marble has guitars,NA,4205,Datisi,0,1,0,0
28_14,28,N1-c-M1,14,0,school,Polysemy,Disamis,1,1,Some schools are rectangular,All schools are employers,Some employers are rectangular,NA,3107,Disamis,0,1,0,0
28_15,28,N1-c-M1,15,0,thieves,Invalid Filler,Dimatis*,1,1,Some children are thieves,All mob bosses are thieves,Some mob bosses are children,NA,2516,Dimatis,0,1,0,0
28_16,28,N1-c-M1,16,1,city,Polysemy,Datisi,1,1,All cities are bureaucracies,Some cities are graffitied places,Some graffitied places are bureaucracies,NA,4737,Datisi,0,0,0,0
28_17,28,N1-c-M1,17,1,singers,Valid Filler,Darii,1,1,All singers are vocalists ,Some guitarists are singers,Some guitarists are vocalists,NA,3710,Darii,1,1,0,0
28_18,28,N1-c-M1,18,0,Wave,Homonymy,Dimatis,1,1,Some gestures are waves,All waves are liquids,Some liquids are gestures,NA,3090,Dimatis,0,1,0,0
28_19,28,N1-c-M1,19,1,suitcases,Valid Filler,Dimatis,1,1,Some bags are suitcases,All suitcases are pieces of luggage,Some pieces of luggage are bags,NA,3207,Dimatis,1,1,0,0
28_20,28,N1-c-M1,20,0,novel,Polysemy,Darii,1,1,All novels are flammable,Some debuts are novels,Some debuts are flammable,NA,2697,Darii,0,1,0,0
28_21,28,N1-c-M1,21,1,dresses,Invalid Filler,Darii*,1,1,All ball gowns are dresses ,Some cocktail outfits are dresses,Some cocktail outfits are ball gowns,NA,4255,Darii,0,0,0,0
28_22,28,N1-c-M1,22,1,grapes,Valid Filler,Disamis,1,1,Some grapes are red ,All grapes are fruits ,Some fruits are red ,NA,2665,Disamis,1,1,0,0
28_23,28,N1-c-M1,23,0,company,Polysemy,Dimatis,1,1,Some storefronts are companies,All companies are hierarchies,Some hierarchies are storefronts,NA,3825,Dimatis,0,1,0,0
28_24,28,N1-c-M1,24,1,clowns,Valid Filler,Darii,1,1,All clowns can juggle ,Some circus performers are clowns ,Some circus performers can juggle,NA,2174,Darii,1,1,0,0
28_25,28,N1-c-M1,25,0,star,Homonymy,Datisi,1,1,All stars have autographs,Some stars are red dwarfs,Some red dwarfs have autographs,NA,2643,Datisi,0,1,0,0
28_26,28,N1-c-M1,26,0,injuries,Invalid Filler,Dimatis*,1,1,Some sunburns are injuries,All broken bones are injuries,Some broken bones are sunburns,NA,2494,Dimatis,0,1,0,0
28_27,28,N1-c-M1,27,1,letter,Polysemy,Datisi,1,1,All letters have stamps,Some letters are rejections,Some rejections have stamps,NA,4261,Datisi,0,0,0,0
28_28,28,N1-c-M1,28,1,rifles,Valid Filler,Disamis,1,1,Some rifles are for hunting,All rifles are guns ,Some guns are for hunting,NA,2446,Disamis,1,1,0,0
28_29,28,N1-c-M1,29,1,breakfast,Polysemy,Darii,1,1,All breakfasts are under three hours,Some smoothies are breakfasts,Some smoothies are under three hours,NA,4363,Darii,0,0,0,0
28_30,28,N1-c-M1,30,0,board,Homonymy,Dimatis,1,1,Some governing organizations are boards,All boards are wooden planks,Some wooden planks are governing organizations,NA,2842,Dimatis,0,1,0,0
28_31,28,N1-c-M1,31,1,trucks,Valid Filler,Dimatis,1,1,Some cars are trucks ,All trucks are vehicles,Some vehicles are cars ,NA,2095,Dimatis,1,1,0,0
28_32,28,N1-c-M1,32,0,spices,Invalid Filler,Dimatis*,1,1,Some dried roots are spices ,All mustard seeds are spices ,Some mustard seeds are dried roots,NA,2585,Dimatis,0,1,0,0
28_33,28,N1-c-M1,33,1,burgers,Valid Filler,Disamis,1,1,Some burgers are overcooked ,All burgers are sandwiches,Some sandwiches are overcooked ,NA,2446,Disamis,1,1,0,0
28_34,28,N1-c-M1,34,0,steaks,Invalid Filler,Disamis*,1,1,Some steaks are filet mignons,All ribeyes are steaks,Some ribeyes are filet mignons,NA,3292,Disamis,0,1,0,0
28_35,28,N1-c-M1,35,0,match,Homonymy,Disamis,1,1,Some matches are pay-per-view,All matches are fire starters,Some fire starters are pay-per-view,NA,3029,Disamis,0,1,0,0
28_36,28,N1-c-M1,36,0,ball,Homonymy,Dimatis,1,1,Some parties are balls,All balls are toys,Some toys are parties,NA,2342,Dimatis,0,1,0,0
28_37,28,N1-c-M1,37,0,dinner,Polysemy,Disamis,1,1,Some dinners are black tie,All dinners are foods,Some foods are black tie,NA,3099,Disamis,0,1,0,0
28_38,28,N1-c-M1,38,1,dolls,Valid Filler,Darii,1,1,All dolls are man made,Some toys are dolls ,Some toys are man made,NA,2577,Darii,1,1,0,0
28_39,28,N1-c-M1,39,0,lunch,Polysemy,Dimatis,1,1,Some breaks are lunches,All lunches are foods,Some foods are breaks,NA,1958,Dimatis,0,1,0,0
28_40,28,N1-c-M1,40,1,poets,Valid Filler,Datisi,1,1,All poets are writers ,Some poets are teachers,Some teachers are writers,NA,1904,Datisi,1,1,0,0
28_41,28,N1-c-M1,41,0,cabinet,Homonymy,Datisi,1,1,All cabinets are political appointments,Some cabinets are shelving units,Some shelving units are political appointments,NA,2557,Datisi,0,1,0,0
28_42,28,N1-c-M1,42,0,sausages,Invalid Filler,Datisi*,1,1,All chili dogs are sausages,Some sausages are salamis,Some salamis are chili dogs,NA,2333,Datisi,0,1,0,0
28_43,28,N1-c-M1,43,1,ponies,Valid Filler,Datisi,1,1,All ponies neigh,Some ponies are thoroughbreds,Some thoroughbreds neigh,NA,2879,Datisi,1,1,0,0
28_44,28,N1-c-M1,44,0,peppers,Invalid Filler,Dimatis*,1,1,Some yellow vegetables are peppers ,All jalapenos are peppers,Some jalapenos are yellow vegetables,NA,4500,Dimatis,0,1,0,0
28_45,28,N1-c-M1,45,0,suit,Homonymy,Disamis,1,1,Some suits have multiple defendants,All suits are dress attire,Some dress attire has multiple defendants,NA,4106,Disamis,0,1,0,0
28_46,28,N1-c-M1,46,1,statues,Valid Filler,Datisi,1,1,All statues are sculptures,Some statues are bronzes,Some bronzes are sculptures,NA,2948,Datisi,1,1,0,0
28_47,28,N1-c-M1,47,0,antiques,Invalid Filler,Darii*,1,1,All medieval manuscripts are antiques ,Some pieces of jewelry are antiques ,Some pieces of jewelry are medieval manuscripts,NA,3067,Darii,0,1,0,0
28_48,28,N1-c-M1,48,0,shapes,Invalid Filler,Disamis*,1,1,Some shapes are triangles,All squares are shapes,Some squares are triangles,NA,2420,Disamis,0,1,0,0
28_49,28,N1-c-M1,49,1,doughnuts,Valid Filler,Darii,1,1,All doughnuts are sugary ,Some pastries are doughnuts ,Some pastries are sugary,NA,2805,Darii,1,1,0,0
28_50,28,N1-c-M1,50,0,colors,Invalid Filler,Disamis*,1,1,Some colors are primary ,All shades of purple are colors ,Some shades of purple are primary,NA,3370,Disamis,0,1,0,0
28_51,28,N1-c-M1,51,1,widows,Valid Filler,Dimatis,1,1,Some parents are widows ,All widows are women,Some women are parents,NA,2196,Dimatis,1,1,0,0
28_52,28,N1-c-M1,52,0,book,Polysemy,Dimatis,1,1,Some doorstops are books,All books are pieces of intellectual property,Some pieces of intellectual property are doorstops,NA,2778,Dimatis,0,1,0,0
28_53,28,N1-c-M1,53,0,magazines,Polysemy,Disamis,1,1,Some magazines are coffee-stained,All magazines are subscriptions,Some subscriptions are coffee-stained,NA,2923,Disamis,0,1,0,0
28_54,28,N1-c-M1,54,1,toilets,Invalid Filler,Disamis*,1,1,Some toilets are coed,All urinals are toilets,Some urinals are coed,NA,2382,Disamis,0,0,0,0
28_55,28,N1-c-M1,55,1,dances,Invalid Filler,Darii*,1,1,All ballets are dances ,Some mating rituals are dances ,Some mating rituals are ballets,NA,4331,Darii,0,0,0,0
28_56,28,N1-c-M1,56,0,ring,Homonymy,Darii,1,1,All rings are sounds,Some accessories are rings,Some accessories are sounds,NA,2235,Darii,0,1,0,0
29_1,29,N1-c-M1,1,0,rock,Homonymy,Darii,2,1,All rock has guitars,Some marble is rock,Some marble has guitars,NA,19830,Darii,0,1,0,0
29_2,29,N1-c-M1,2,1,trucks,Valid Filler,Datisi,2,1,All trucks are vehicles,Some trucks are big rigs,Some big rigs are vehicles,NA,9764,Datisi,1,1,0,0
29_3,29,N1-c-M1,3,0,star,Homonymy,Darii,2,1,All stars have autographs,Some red dwarfs are stars,Some red dwarfs have autographs,NA,10079,Darii,0,1,0,0
29_4,29,N1-c-M1,4,0,injuries,Invalid Filler,Datisi*,2,1,All broken bones are injuries,Some injuries are sunburns,Some sunburns are broken bones,NA,9710,Datisi,0,1,0,0
29_5,29,N1-c-M1,5,0,peppers,Invalid Filler,Datisi*,2,1,All jalapenos are peppers,Some peppers are yellow vegetables ,Some yellow vegetables are jalapenos,NA,9740,Datisi,0,1,0,0
29_6,29,N1-c-M1,6,1,grapes,Valid Filler,Dimatis,2,1,Some snacks are grapes,All grapes are fruits ,Some fruits are snacks,NA,11089,Dimatis,1,1,0,0
29_7,29,N1-c-M1,7,0,spices,Invalid Filler,Datisi*,2,1,All mustard seeds are spices ,Some spices are dried roots ,Some dried roots are mustard seeds,NA,8872,Datisi,0,1,0,0
29_8,29,N1-c-M1,8,0,city,Polysemy,Darii,2,1,All cities are bureaucracies,Some graffitied places are cities,Some graffitied places are bureaucracies,NA,12550,Darii,0,1,0,0
29_9,29,N1-c-M1,9,0,sausages,Invalid Filler,Darii*,2,1,All chili dogs are sausages,Some pizza toppings are sausages,Some pizza toppings are chili dogs,NA,8413,Darii,0,1,0,0
29_10,29,N1-c-M1,10,0,lunch,Polysemy,Datisi,2,1,All lunches are breaks,Some lunches are soups,Some soups are breaks,NA,8671,Datisi,0,1,0,0
29_11,29,N1-c-M1,11,0,ring,Homonymy,Disamis,2,1,Some rings are made of gold,All rings are sounds,Some sounds are made of gold,NA,9883,Disamis,0,1,0,0
29_12,29,N1-c-M1,12,1,doughnuts,Valid Filler,Disamis,2,1,Some doughnuts are glazed,All doughnuts are sugary foods,Some sugary foods are glazed,NA,10586,Disamis,1,1,0,0
29_13,29,N1-c-M1,13,0,board,Homonymy,Datisi,2,1,All boards are wooden planks,Some boards are governing organizations,Some governing organizations are wooden planks,NA,9130,Datisi,0,1,0,0
29_14,29,N1-c-M1,14,1,college,Polysemy,Disamis,2,1,Some colleges have chancellors,All colleges are groups of buildings,Some groups of buildings have chancellors,NA,1164,Disamis,0,0,0,0
29_15,29,N1-c-M1,15,0,toilets,Invalid Filler,Dimatis*,2,1,Some seats are toilets ,All urinals are toilets,Some urinals are seats,NA,4606,Dimatis,0,1,0,0
29_16,29,N1-c-M1,16,0,company,Polysemy,Datisi,2,1,All companies are buildings,Some companies are hierarchies,Some hierarchies are buildings,NA,11104,Datisi,0,1,0,0
29_17,29,N1-c-M1,17,1,ponies,Valid Filler,Darii,2,1,All ponies neigh,Some thoroughbreds are ponies,Some thoroughbreds neigh,NA,8290,Darii,1,1,0,0
29_18,29,N1-c-M1,18,0,match,Homonymy,Dimatis,2,1,Some pay-per-view broadcasts are matches,All matches are fire starters,Some fire starters are pay-per-view broadcasts,NA,12892,Dimatis,0,1,0,0
29_19,29,N1-c-M1,19,1,rifles,Valid Filler,Dimatis,2,1,Some safety hazards are rifles,All rifles are guns,Some guns are safety hazards,NA,4275,Dimatis,1,1,0,0
29_20,29,N1-c-M1,20,1,letter,Polysemy,Darii,2,1,All letters have stamps,Some rejections are letters,Some rejections have stamps,NA,3208,Darii,0,0,0,0
29_21,29,N1-c-M1,21,0,funerals,Invalid Filler,Darii*,2,1,All anonymous burials are funerals,Some family gatherings are funerals,Some family gatherings are anonymous burials,NA,36659,Darii,0,1,0,0
29_22,29,N1-c-M1,22,1,dolls,Valid Filler,Disamis,2,1,Some dolls are toys,All dolls are man made objects,Some man made objects are toys,NA,8812,Disamis,1,1,0,0
29_23,29,N1-c-M1,23,1,school,Polysemy,Dimatis,2,1,Some rectangular buildings are schools,All schools are employers,Some employers are rectangular buildings,NA,15163,Dimatis,0,0,0,0
29_24,29,N1-c-M1,24,1,statues,Valid Filler,Darii,2,1,All statues are sculptures,Some artworks are statues,Some artworks are sculptures,NA,5646,Darii,1,1,0,0
29_25,29,N1-c-M1,25,1,wave,Homonymy,Datisi,2,1,All waves are water,Some waves are gestures,Some gestures are water,NA,2236,Datisi,0,0,0,0
29_26,29,N1-c-M1,26,0,colors,Invalid Filler,Dimatis*,2,1,Some pastels are colors,All shade of neon green are colors ,Some shades of neon green are pastels,NA,2584,Dimatis,0,1,0,0
29_27,29,N1-c-M1,27,1,book,Polysemy,Datisi,2,1,All books are printed,Some books are romances,Some romances are printed,NA,10939,Datisi,0,0,0,0
29_28,29,N1-c-M1,28,1,clowns,Valid Filler,Disamis,2,1,Some clowns are mimes,All clowns are entertainers,Some entertainers are mimes,NA,12295,Disamis,1,1,0,0
29_29,29,N1-c-M1,29,1,picnic,Polysemy,Darii,2,1,All picnics happen in nature,Some salads are picnics,Some salads happen in nature,NA,14251,Darii,0,0,0,0
29_30,29,N1-c-M1,30,0,suit,Homonymy,Dimatis,2,1,Some court proceedings are suits,All suits are formal outfits,Some formal outfits are court proceedings,NA,2258,Dimatis,0,1,0,0
29_31,29,N1-c-M1,31,0,swords,Valid Filler,Dimatis,2,1,Some sharp things are swords,All swords are weapons,Some weapons are sharp things,NA,1630,Dimatis,1,0,0,0
29_32,29,N1-c-M1,32,0,steaks,Invalid Filler,Dimatis*,2,1,Some delicious entrées are steaks,All rotten ribeyes are steaks,Some rotten ribeyes are delicious entrées,NA,12635,Dimatis,0,1,0,0
29_33,29,N1-c-M1,33,1,singers,Valid Filler,Disamis,2,1,Some singers are guitarists,All singers are vocalists,Some vocalists are guitarists,NA,7913,Disamis,1,1,0,0
29_34,29,N1-c-M1,34,0,dresses,Invalid Filler,Disamis*,2,1,Some dresses are cocktail outfits,All ball gowns are dresses ,Some ball gowns are cocktail outfits,NA,7157,Disamis,0,1,0,0
29_35,29,N1-c-M1,35,0,change,Homonymy,Disamis,2,1,Some change is transformation,All change is money,Some money is transformation,NA,7411,Disamis,0,1,0,0
29_36,29,N1-c-M1,36,0,ruler,Homonymy,Dimatis,2,1,Some queens are rulers,All rulers are standard lengths,Some standard lengths are queens,NA,8038,Dimatis,0,1,0,0
29_37,29,N1-c-M1,37,0,breakfast,Polysemy,Disamis,2,1,Some breakfasts are under an hour,All breakfasts are nutrients,Some nutrients are under an hour,NA,8082,Disamis,0,1,0,0
29_38,29,N1-c-M1,38,1,poets,Valid Filler,Darii,2,1,All poets are writers ,Some teachers are poets,Some teachers are writers,NA,8643,Darii,1,1,0,0
29_39,29,N1-c-M1,39,0,dinner,Polysemy,Dimatis,2,1,Some black tie events are dinners,All dinners are foods,Some foods are black tie events,NA,12067,Dimatis,0,1,0,0
29_40,29,N1-c-M1,40,1,liars,Valid Filler,Datisi,2,1,All liars are humans,Some liars are criminals,Some criminals are humans,NA,7241,Datisi,1,1,0,0
29_41,29,N1-c-M1,41,0,ball,Homonymy,Datisi,2,1,All balls are toys,Some balls are senior proms,Some senior proms are toys,NA,7370,Datisi,0,1,0,0
29_42,29,N1-c-M1,42,1,thieves,Invalid Filler,Datisi*,2,1,All mob bosses are thieves,Some thieves are children,Some children are mob bosses,NA,8567,Datisi,0,0,0,0
29_43,29,N1-c-M1,43,1,widows,Valid Filler,Datisi,2,1,All widows are women,Some widows are parents,Some parents are women,NA,9646,Datisi,1,1,0,0
29_44,29,N1-c-M1,44,1,shapes,Invalid Filler,Dimatis*,2,1,Some road signs are shapes,All cylinders are shapes,Some cylinders are road signs,NA,7561,Dimatis,0,0,0,0
29_45,29,N1-c-M1,45,0,bat,Homonymy,Disamis,2,1,Some bats are made for softball,All bats are animals,Some animals are made for softball,NA,7647,Disamis,0,1,0,0
29_46,29,N1-c-M1,46,1,suitcases,Valid Filler,Datisi,2,1,All suitcases are pieces of luggage,Some suitcases are bags,Some bags are pieces of luggage,NA,9810,Datisi,1,1,0,0
29_47,29,N1-c-M1,47,0,actors,Invalid Filler,Darii*,2,1,All male leads are actors,Some women are actors,Some women are male leads,NA,17016,Darii,0,1,0,0
29_48,29,N1-c-M1,48,0,dances,Invalid Filler,Disamis*,2,1,Some dances are mating rituals ,All ballets are dances,Some ballets are mating rituals ,NA,10106,Disamis,0,1,0,0
29_49,29,N1-c-M1,49,1,mugs,Valid Filler,Darii,2,1,All mugs are cups ,Some ceramics are mugs,Some ceramics are cups ,NA,8318,Darii,1,1,0,0
29_50,29,N1-c-M1,50,0,antiques,Invalid Filler,Disamis*,2,1,Some antiques are pieces of jewelry,All medieval manuscripts are antiques ,Some medieval manuscripts are pieces of jewelry,NA,7681,Disamis,0,1,0,0
29_51,29,N1-c-M1,51,1,burgers,Valid Filler,Dimatis,2,1,Some entrées are burgers,All burgers are sandwiches,Some sandwiches are entrées,NA,9882,Dimatis,1,1,0,0
29_52,29,N1-c-M1,52,1,magazines,Polysemy,Dimatis,2,1,Some recyclables are magazines,All magazines are subscriptions,Some subscriptions are recyclables,NA,8404,Dimatis,0,0,0,0
29_53,29,N1-c-M1,53,1,novel,Polysemy,Disamis,2,1,Some novels weigh over a pound,All novels are stories,Some stories weigh over a pound,NA,9799,Disamis,0,0,0,0
29_54,29,N1-c-M1,54,0,mothers,Invalid Filler,Disamis*,2,1,Some mothers are teens,All grandmas are mothers,Some grandmas are teens,NA,4229,Disamis,0,1,0,0
29_55,29,N1-c-M1,55,1,stones,Invalid Filler,Darii*,2,1,All boulders are stones,Some paperweights are stones,Some paperweights are boulders,NA,5817,Darii,0,0,0,0
29_56,29,N1-c-M1,56,0,cabinet,Homonymy,Darii,2,1,All cabinets are political appointments,Some shelving units are cabinets,Some shelving units are political appointments,NA,9557,Darii,0,1,0,0
30_1,30,N1-c-M1,1,-99,suit,Homonymy,Darii,4,1,All suits are dress attire,Some court proceedings are suits,Some court proceedings are dress attire,NA,125033,Darii,0,0,0,1
30_2,30,N1-c-M1,2,-99,doughnuts,Valid Filler,Datisi,4,1,All doughnuts are sugary ,Some doughnuts are treats,Some treats are sugary,NA,179973,Datisi,1,0,0,1
30_3,30,N1-c-M1,3,-99,match,Homonymy,Darii,4,1,All matches are combustible,Some pay-per-view broadcasts are matches,Some pay-per-view broadcasts are combustible,NA,120046,Darii,0,0,0,1
30_4,30,N1-c-M1,4,-99,antiques,Invalid Filler,Datisi*,4,1,All medieval manuscripts are antiques ,Some antiques are pieces of jewelry,Some pieces of jewelry are medieval manuscripts,NA,179939,Datisi,0,0,0,1
30_5,30,N1-c-M1,5,-99,dances,Invalid Filler,Datisi*,4,1,All ballets are dances ,Some dances are mating rituals,Some mating rituals are ballets ,NA,120059,Datisi,0,0,0,1
30_6,30,N1-c-M1,6,-99,poets,Valid Filler,Dimatis,4,1,Some teachers are poets,All poets are writers ,Some writers are teachers,NA,179978,Dimatis,1,0,0,1
30_7,30,N1-c-M1,7,1,dresses,Invalid Filler,Datisi*,4,1,All ball gowns are dresses ,Some dresses are cocktail outfits,Some cocktail outfits are ball gowns,NA,96974,Datisi,0,0,0,0
30_8,30,N1-c-M1,8,1,school,Polysemy,Darii,4,1,All schools have classrooms,Some employers are schools,Some employers have classrooms,NA,3322,Darii,0,0,0,0
30_9,30,N1-c-M1,9,0,toilets,Invalid Filler,Darii*,4,1,All urinals are toilets,Some seats are toilets,Some seats are urinals,NA,2916,Darii,0,1,0,0
30_10,30,N1-c-M1,10,0,breakfast,Polysemy,Datisi,4,1,All breakfasts are under three hours,Some breakfasts are smoothies,Some smoothies are under three hours,NA,3064,Datisi,0,1,0,0
30_11,30,N1-c-M1,11,0,ball,Homonymy,Disamis,4,1,Some balls are senior proms,All balls are toys,Some toys are senior proms,NA,4900,Disamis,0,1,0,0
30_12,30,N1-c-M1,12,1,trucks,Valid Filler,Disamis,4,1,Some trucks are big rigs,All trucks are vehicles,Some vehicles are big rigs,NA,2450,Disamis,1,1,0,0
30_13,30,N1-c-M1,13,0,bat,Homonymy,Datisi,4,1,All bats are animals,Some bats are sporting goods,Some sporting goods are animals,NA,2266,Datisi,0,1,0,0
30_14,30,N1-c-M1,14,1,company,Polysemy,Disamis,4,1,Some companies are in city centers,All companies are hierarchies,Some hierarchies are in city centers,NA,2364,Disamis,0,0,0,0
30_15,30,N1-c-M1,15,0,sausages,Invalid Filler,Dimatis*,4,1,Some pizza toppings are sausages,All chili dogs are sausages,Some chili dogs are pizza toppings,NA,2762,Dimatis,0,1,0,0
30_16,30,N1-c-M1,16,1,college,Polysemy,Datisi,4,1,All colleges grant degrees,Some colleges are historic buildings,Some historic buildings grant degrees,NA,3543,Datisi,0,0,0,0
30_17,30,N1-c-M1,17,1,burgers,Valid Filler,Darii,4,1,All burgers have protein,Some entrées are burgers,Some entrées have protein,NA,1921,Darii,1,1,0,0
30_18,30,N1-c-M1,18,0,star,Homonymy,Dimatis,4,1,Some celestial objects are stars,All stars are famous people,Some famous people are celestial objects,NA,2464,Dimatis,0,1,0,0
30_19,30,N1-c-M1,19,1,statues,Valid Filler,Dimatis,4,1,Some bronzes are statues,All statues are sculptures,Some sculptures are bronzes,NA,2191,Dimatis,1,1,0,0
30_20,30,N1-c-M1,20,1,magazines,Polysemy,Darii,4,1,All magazines are recyclable,Some media corporations are magazines,Some media corporations are recyclable,NA,4254,Darii,0,0,0,0
30_21,30,N1-c-M1,21,0,steaks,Invalid Filler,Darii*,4,1,All rotten ribeyes are steaks,Some delicious meals are steaks,Some delicoius meals are rotten ribeyes,NA,4373,Darii,0,1,0,0
30_22,30,N1-c-M1,22,1,liars,Valid Filler,Disamis,4,1,Some liars are criminals,All liars are humans,Some humans are criminals ,NA,3290,Disamis,1,1,0,0
30_23,30,N1-c-M1,23,1,city,Polysemy,Dimatis,4,1,Some bureaucracies are cities,All cities are graffitied places,Some graffitied places are bureaucracies,NA,6729,Dimatis,0,0,0,0
30_24,30,N1-c-M1,24,1,rifles,Valid Filler,Darii,4,1,All rifles are guns,Some safety hazards are rifles,Some safety hazards are guns,NA,6971,Darii,1,1,0,0
30_25,30,N1-c-M1,25,0,change,Homonymy,Datisi,4,1,All change is money,Some change is transformation,Some transformation is money,NA,5008,Datisi,0,1,0,0
30_26,30,N1-c-M1,26,0,actors,Invalid Filler,Dimatis*,4,1,Some women are actors,All male leads are actors,Some male leads are women,NA,3471,Dimatis,0,1,0,0
30_27,30,N1-c-M1,27,0,novel,Polysemy,Datisi,4,1,All novels are flammable,Some novels are debuts,Some debuts are flammable,NA,3896,Datisi,0,1,0,0
30_28,30,N1-c-M1,28,1,suitcases,Valid Filler,Disamis,4,1,Some suitcases are bags,All suitcases are pieces of luggage,Some pieces of luggage are bags,NA,2301,Disamis,1,1,0,0
30_29,30,N1-c-M1,29,1,dinner,Polysemy,Darii,4,1,All dinners happen after four o'clock,Some lasagnas are dinners,Some lasagnas happen after four o'clock,NA,2230,Darii,0,0,0,0
30_30,30,N1-c-M1,30,0,rock,Homonymy,Dimatis,4,1,Some marble is rock,All rock is music,Some music is marble,NA,2252,Dimatis,0,1,0,0
30_31,30,N1-c-M1,31,1,mugs,Valid Filler,Dimatis,4,1,Some ceramics are mugs,All mugs are cups ,Some cups are ceramics,NA,1961,Dimatis,1,1,0,0
30_32,30,N1-c-M1,32,1,funerals,Invalid Filler,Dimatis*,4,1,Some family gatherings are funerals,All anonymous burials are funerals,Some anonymous burials are family gatherings,NA,4188,Dimatis,0,0,0,0
30_33,30,N1-c-M1,33,1,widows,Valid Filler,Disamis,4,1,Some widows are parents,All widows are women,Some women are parents,NA,1750,Disamis,1,1,0,0
30_34,30,N1-c-M1,34,0,spices,Invalid Filler,Disamis*,4,1,Some spices are dried roots,All mustard seeds are spices ,Some mustard seeds are dried roots,NA,3655,Disamis,0,1,0,0
30_35,30,N1-c-M1,35,0,Wave,Homonymy,Disamis,4,1,Some waves are gestures,All waves are liquids,Some liquids are gestures,NA,2274,Disamis,0,1,0,0
30_36,30,N1-c-M1,36,0,cabinet,Homonymy,Dimatis,4,1,Some shelving units are cabinets,All cabinets are political appointments,Some political appointments are shelving units,NA,1906,Dimatis,0,1,0,0
30_37,30,N1-c-M1,37,0,lunch,Polysemy,Disamis,4,1,Some lunches are breaks,All lunches are foods,Some foods are breaks,NA,3376,Disamis,0,1,0,0
30_38,30,N1-c-M1,38,1,grapes,Valid Filler,Darii,4,1,All grapes are fruits ,Some snacks are grapes,Some snacks are fruits,NA,1852,Darii,1,1,0,0
30_39,30,N1-c-M1,39,1,picnic,Polysemy,Dimatis,4,1,Some summertime activities are picnics,All picnics are prepared foods,Some prepared foods are summertime activities,NA,2356,Dimatis,0,0,0,0
30_40,30,N1-c-M1,40,1,dolls,Valid Filler,Datisi,4,1,All dolls are man made,Some dolls are toys,Some toys are man made,NA,1738,Datisi,1,1,0,0
30_41,30,N1-c-M1,41,0,ring,Homonymy,Datisi,4,1,All rings are sounds,Some rings are accessories,Some accessories are sounds,NA,1967,Datisi,0,1,0,0
30_42,30,N1-c-M1,42,0,mothers,Invalid Filler,Datisi*,4,1,All grandmas are mothers ,Some mothers are teens,Some teens are grandmas,NA,3153,Datisi,0,1,0,0
30_43,30,N1-c-M1,43,1,singers,Valid Filler,Datisi,4,1,All singers are performers,Some singers are men,Some men are performers,NA,3557,Datisi,1,1,0,0
30_44,30,N1-c-M1,44,0,stones,Invalid Filler,Dimatis*,4,1,Some paperweights are stones,All boulders are stones,Some boulders are paperweights,NA,3205,Dimatis,0,1,0,0
30_45,30,N1-c-M1,45,0,board,Homonymy,Disamis,4,1,Some boards are governing organizations,All boards are wooden planks,Some wooden planks are governing organizations,NA,1944,Disamis,0,1,0,0
30_46,30,N1-c-M1,46,1,clowns,Valid Filler,Datisi,4,1,All clowns are entertainers,Some clowns are mimes,Some mimes are entertainers,NA,1693,Datisi,1,1,0,0
30_47,30,N1-c-M1,47,0,colors,Invalid Filler,Darii*,4,1,Some pastels are colors,All shades of neon green are colors ,Some shades of neon green are pastels,NA,2483,Darii,0,1,0,0
30_48,30,N1-c-M1,48,0,peppers,Invalid Filler,Disamis*,4,1,Some peppers are yellow vegetables ,All jalapenos are peppers,Some jalapenos are yellow vegetables,NA,2992,Disamis,0,1,0,0
30_49,30,N1-c-M1,49,1,swords,Valid Filler,Darii,4,1,All swords are weapons,Some sharp objects are swords,Some sharp objects are weapons,NA,1743,Darii,1,1,0,0
30_50,30,N1-c-M1,50,0,injuries,Invalid Filler,Disamis*,4,1,Some injuries are sunburns,All broken bones are injuries,Some broken bones are sunburns,NA,1583,Disamis,0,1,0,0
30_51,30,N1-c-M1,51,1,ponies,Valid Filler,Dimatis,4,1,Some thoroughbreds are ponies,All ponies are neighing animals,Some neighing animals are thoroughbreds,NA,2523,Dimatis,1,1,0,0
30_52,30,N1-c-M1,52,1,letter,Polysemy,Dimatis,4,1,Some papers are letters,All letters are communications,Some communications are papers,NA,1709,Dimatis,0,0,0,0
30_53,30,N1-c-M1,53,0,book,Polysemy,Disamis,4,1,Some books are doorstops,All books are pieces of intellectual property,Some pieces of intellectual property are doorstops,NA,2047,Disamis,0,1,0,0
30_54,30,N1-c-M1,54,0,thieves,Invalid Filler,Disamis*,4,1,Some thieves are children,All mob bosses are thieves,Some mob bosses are children,NA,2005,Disamis,0,1,0,0
30_55,30,N1-c-M1,55,0,shapes,Invalid Filler,Darii*,4,1,All cylinders are shapes,Some road signs are shapes,Some road signs are cylinders,NA,2633,Darii,0,1,0,0
30_56,30,N1-c-M1,56,0,ruler,Homonymy,Darii,4,1,All rulers are standard lengths,Some queens are rulers,Some queens are standard lengths,NA,2225,Darii,0,1,0,0
31_1,31,N1-c-M1,1,1,suit,Homonymy,Darii,4,1,All suits are dress attire,Some court proceedings are suits,Some court proceedings are dress attire,NA,10019,Darii,0,0,0,0
31_2,31,N1-c-M1,2,1,doughnuts,Valid Filler,Datisi,4,1,All doughnuts are sugary ,Some doughnuts are treats,Some treats are sugary,NA,4552,Datisi,1,1,0,0
31_3,31,N1-c-M1,3,0,match,Homonymy,Darii,4,1,All matches are combustible,Some pay-per-view broadcasts are matches,Some pay-per-view broadcasts are combustible,NA,4640,Darii,0,1,0,0
31_4,31,N1-c-M1,4,0,antiques,Invalid Filler,Datisi*,4,1,All medieval manuscripts are antiques ,Some antiques are pieces of jewelry,Some pieces of jewelry are medieval manuscripts,NA,5598,Datisi,0,1,0,0
31_5,31,N1-c-M1,5,0,dances,Invalid Filler,Datisi*,4,1,All ballets are dances ,Some dances are mating rituals,Some mating rituals are ballets ,NA,5071,Datisi,0,1,0,0
31_6,31,N1-c-M1,6,1,poets,Valid Filler,Dimatis,4,1,Some teachers are poets,All poets are writers ,Some writers are teachers,NA,3827,Dimatis,1,1,0,0
31_7,31,N1-c-M1,7,0,dresses,Invalid Filler,Datisi*,4,1,All ball gowns are dresses ,Some dresses are cocktail outfits,Some cocktail outfits are ball gowns,NA,7225,Datisi,0,1,0,0
31_8,31,N1-c-M1,8,1,school,Polysemy,Darii,4,1,All schools have classrooms,Some employers are schools,Some employers have classrooms,NA,6318,Darii,0,0,0,0
31_9,31,N1-c-M1,9,0,toilets,Invalid Filler,Darii*,4,1,All urinals are toilets,Some seats are toilets,Some seats are urinals,NA,4462,Darii,0,1,0,0
31_10,31,N1-c-M1,10,0,breakfast,Polysemy,Datisi,4,1,All breakfasts are under three hours,Some breakfasts are smoothies,Some smoothies are under three hours,NA,8198,Datisi,0,1,0,0
31_11,31,N1-c-M1,11,0,ball,Homonymy,Disamis,4,1,Some balls are senior proms,All balls are toys,Some toys are senior proms,NA,8870,Disamis,0,1,0,0
31_12,31,N1-c-M1,12,1,trucks,Valid Filler,Disamis,4,1,Some trucks are big rigs,All trucks are vehicles,Some vehicles are big rigs,NA,3802,Disamis,1,1,0,0
31_13,31,N1-c-M1,13,0,bat,Homonymy,Datisi,4,1,All bats are animals,Some bats are sporting goods,Some sporting goods are animals,NA,7224,Datisi,0,1,0,0
31_14,31,N1-c-M1,14,1,company,Polysemy,Disamis,4,1,Some companies are in city centers,All companies are hierarchies,Some hierarchies are in city centers,NA,7266,Disamis,0,0,0,0
31_15,31,N1-c-M1,15,0,sausages,Invalid Filler,Dimatis*,4,1,Some pizza toppings are sausages,All chili dogs are sausages,Some chili dogs are pizza toppings,NA,4468,Dimatis,0,1,0,0
31_16,31,N1-c-M1,16,0,college,Polysemy,Datisi,4,1,All colleges grant degrees,Some colleges are historic buildings,Some historic buildings grant degrees,NA,6569,Datisi,0,1,0,0
31_17,31,N1-c-M1,17,1,burgers,Valid Filler,Darii,4,1,All burgers have protein,Some entrées are burgers,Some entrées have protein,NA,3154,Darii,1,1,0,0
31_18,31,N1-c-M1,18,0,star,Homonymy,Dimatis,4,1,Some celestial objects are stars,All stars are famous people,Some famous people are celestial objects,NA,5231,Dimatis,0,1,0,0
31_19,31,N1-c-M1,19,1,statues,Valid Filler,Dimatis,4,1,Some bronzes are statues,All statues are sculptures,Some sculptures are bronzes,NA,4221,Dimatis,1,1,0,0
31_20,31,N1-c-M1,20,0,magazines,Polysemy,Darii,4,1,All magazines are recyclable,Some media corporations are magazines,Some media corporations are recyclable,NA,6283,Darii,0,1,0,0
31_21,31,N1-c-M1,21,0,steaks,Invalid Filler,Darii*,4,1,All rotten ribeyes are steaks,Some delicious meals are steaks,Some delicoius meals are rotten ribeyes,NA,5318,Darii,0,1,0,0
31_22,31,N1-c-M1,22,1,liars,Valid Filler,Disamis,4,1,Some liars are criminals,All liars are humans,Some humans are criminals ,NA,3538,Disamis,1,1,0,0
31_23,31,N1-c-M1,23,0,city,Polysemy,Dimatis,4,1,Some bureaucracies are cities,All cities are graffitied places,Some graffitied places are bureaucracies,NA,4530,Dimatis,0,1,0,0
31_24,31,N1-c-M1,24,1,rifles,Valid Filler,Darii,4,1,All rifles are guns,Some safety hazards are rifles,Some safety hazards are guns,NA,5257,Darii,1,1,0,0
31_25,31,N1-c-M1,25,0,change,Homonymy,Datisi,4,1,All change is money,Some change is transformation,Some transformation is money,NA,11577,Datisi,0,1,0,0
31_26,31,N1-c-M1,26,1,actors,Invalid Filler,Dimatis*,4,1,Some women are actors,All male leads are actors,Some male leads are women,NA,6105,Dimatis,0,0,0,0
31_27,31,N1-c-M1,27,1,novel,Polysemy,Datisi,4,1,All novels are flammable,Some novels are debuts,Some debuts are flammable,NA,4085,Datisi,0,0,0,0
31_28,31,N1-c-M1,28,1,suitcases,Valid Filler,Disamis,4,1,Some suitcases are bags,All suitcases are pieces of luggage,Some pieces of luggage are bags,NA,6323,Disamis,1,1,0,0
31_29,31,N1-c-M1,29,1,dinner,Polysemy,Darii,4,1,All dinners happen after four o'clock,Some lasagnas are dinners,Some lasagnas happen after four o'clock,NA,5523,Darii,0,0,0,0
31_30,31,N1-c-M1,30,0,rock,Homonymy,Dimatis,4,1,Some marble is rock,All rock is music,Some music is marble,NA,4444,Dimatis,0,1,0,0
31_31,31,N1-c-M1,31,1,mugs,Valid Filler,Dimatis,4,1,Some ceramics are mugs,All mugs are cups ,Some cups are ceramics,NA,3835,Dimatis,1,1,0,0
31_32,31,N1-c-M1,32,0,funerals,Invalid Filler,Dimatis*,4,1,Some family gatherings are funerals,All anonymous burials are funerals,Some anonymous burials are family gatherings,NA,9447,Dimatis,0,1,0,0
31_33,31,N1-c-M1,33,1,widows,Valid Filler,Disamis,4,1,Some widows are parents,All widows are women,Some women are parents,NA,3444,Disamis,1,1,0,0
31_34,31,N1-c-M1,34,0,spices,Invalid Filler,Disamis*,4,1,Some spices are dried roots,All mustard seeds are spices ,Some mustard seeds are dried roots,NA,8966,Disamis,0,1,0,0
31_35,31,N1-c-M1,35,0,Wave,Homonymy,Disamis,4,1,Some waves are gestures,All waves are liquids,Some liquids are gestures,NA,7431,Disamis,0,1,0,0
31_36,31,N1-c-M1,36,0,cabinet,Homonymy,Dimatis,4,1,Some shelving units are cabinets,All cabinets are political appointments,Some political appointments are shelving units,NA,5501,Dimatis,0,1,0,0
31_37,31,N1-c-M1,37,1,lunch,Polysemy,Disamis,4,1,Some lunches are breaks,All lunches are foods,Some foods are breaks,NA,9254,Disamis,0,0,0,0
31_38,31,N1-c-M1,38,1,grapes,Valid Filler,Darii,4,1,All grapes are fruits ,Some snacks are grapes,Some snacks are fruits,NA,3484,Darii,1,1,0,0
31_39,31,N1-c-M1,39,1,picnic,Polysemy,Dimatis,4,1,Some summertime activities are picnics,All picnics are prepared foods,Some prepared foods are summertime activities,NA,9894,Dimatis,0,0,0,0
31_40,31,N1-c-M1,40,1,dolls,Valid Filler,Datisi,4,1,All dolls are man made,Some dolls are toys,Some toys are man made,NA,5850,Datisi,1,1,0,0
31_41,31,N1-c-M1,41,0,ring,Homonymy,Datisi,4,1,All rings are sounds,Some rings are accessories,Some accessories are sounds,NA,4754,Datisi,0,1,0,0
31_42,31,N1-c-M1,42,0,mothers,Invalid Filler,Datisi*,4,1,All grandmas are mothers ,Some mothers are teens,Some teens are grandmas,NA,3901,Datisi,0,1,0,0
31_43,31,N1-c-M1,43,1,singers,Valid Filler,Datisi,4,1,All singers are performers,Some singers are men,Some men are performers,NA,5531,Datisi,1,1,0,0
31_44,31,N1-c-M1,44,0,stones,Invalid Filler,Dimatis*,4,1,Some paperweights are stones,All boulders are stones,Some boulders are paperweights,NA,4374,Dimatis,0,1,0,0
31_45,31,N1-c-M1,45,0,board,Homonymy,Disamis,4,1,Some boards are governing organizations,All boards are wooden planks,Some wooden planks are governing organizations,NA,8069,Disamis,0,1,0,0
31_46,31,N1-c-M1,46,1,clowns,Valid Filler,Datisi,4,1,All clowns are entertainers,Some clowns are mimes,Some mimes are entertainers,NA,3711,Datisi,1,1,0,0
31_47,31,N1-c-M1,47,0,colors,Invalid Filler,Darii*,4,1,Some pastels are colors,All shades of neon green are colors ,Some shades of neon green are pastels,NA,5306,Darii,0,1,0,0
31_48,31,N1-c-M1,48,0,peppers,Invalid Filler,Disamis*,4,1,Some peppers are yellow vegetables ,All jalapenos are peppers,Some jalapenos are yellow vegetables,NA,14485,Disamis,0,1,0,0
31_49,31,N1-c-M1,49,1,swords,Valid Filler,Darii,4,1,All swords are weapons,Some sharp objects are swords,Some sharp objects are weapons,NA,4020,Darii,1,1,0,0
31_50,31,N1-c-M1,50,0,injuries,Invalid Filler,Disamis*,4,1,Some injuries are sunburns,All broken bones are injuries,Some broken bones are sunburns,NA,3164,Disamis,0,1,0,0
31_51,31,N1-c-M1,51,1,ponies,Valid Filler,Dimatis,4,1,Some thoroughbreds are ponies,All ponies are neighing animals,Some neighing animals are thoroughbreds,NA,4327,Dimatis,1,1,0,0
31_52,31,N1-c-M1,52,1,letter,Polysemy,Dimatis,4,1,Some papers are letters,All letters are communications,Some communications are papers,NA,3527,Dimatis,0,0,0,0
31_53,31,N1-c-M1,53,0,book,Polysemy,Disamis,4,1,Some books are doorstops,All books are pieces of intellectual property,Some pieces of intellectual property are doorstops,NA,8093,Disamis,0,1,0,0
31_54,31,N1-c-M1,54,0,thieves,Invalid Filler,Disamis*,4,1,Some thieves are children,All mob bosses are thieves,Some mob bosses are children,NA,6585,Disamis,0,1,0,0
31_55,31,N1-c-M1,55,0,shapes,Invalid Filler,Darii*,4,1,All cylinders are shapes,Some road signs are shapes,Some road signs are cylinders,NA,6707,Darii,0,1,0,0
31_56,31,N1-c-M1,56,0,ruler,Homonymy,Darii,4,1,All rulers are standard lengths,Some queens are rulers,Some queens are standard lengths,NA,3764,Darii,0,1,0,0
32_1,32,N1-c-M1,1,1,bat,Homonymy,Darii,1,1,All bats share a common ancestor,Some sporting goods are bats,Some sporting goods share a common ancestor,NA,28748,Darii,0,0,0,0
32_2,32,N1-c-M1,2,1,mugs,Valid Filler,Datisi,1,1,All mugs are cups ,Some mugs are ceramics,Some ceramics are cups ,NA,17397,Datisi,1,1,0,0
32_3,32,N1-c-M1,3,1,change,Homonymy,Darii,1,1,All change is money,Some surprises are change,Some surprises are money,NA,15865,Darii,0,0,0,0
32_4,32,N1-c-M1,4,1,actors,Invalid Filler,Datisi*,1,1,All male leads are actors,Some actors are women,Some women are male leads,NA,18972,Datisi,0,0,0,0
32_5,32,N1-c-M1,5,0,stones,Invalid Filler,Datisi*,1,1,All pebbles are stones,Some stones are boulders,Some boulders are pebbles,NA,18975,Datisi,0,1,0,0
32_6,32,N1-c-M1,6,1,liars,Valid Filler,Dimatis,1,1,Some criminals are liars ,All liars are humans,Some humans are criminals ,NA,16951,Dimatis,1,1,0,0
32_7,32,N1-c-M1,7,0,funerals,Invalid Filler,Datisi*,1,1,All open-casket services are funerals,Some funerals are anonymous burials,Some anonymous burials are open-casket services,NA,21822,Datisi,0,1,0,0
32_8,32,N1-c-M1,8,0,college,Polysemy,Darii,1,1,All colleges grant degrees,Some historic buildings are colleges,Some historic buildings grant degrees,NA,19562,Darii,0,1,0,0
32_9,32,N1-c-M1,9,0,mothers,Invalid Filler,Darii*,1,1,All grandmothers are mothers,Some teens are mothers,Some teens are grandmothers,NA,9832,Darii,0,1,0,0
32_10,32,N1-c-M1,10,0,picnic,Polysemy,Datisi,1,1,All picnics happen in nature,Some picnics are salads,Some salads happen in nature,NA,16619,Datisi,0,1,0,0
32_11,32,N1-c-M1,11,0,ruler,Homonymy,Disamis,1,1,Some rulers are kings,All rulers are standard lengths,Some standard lengths are kings,NA,39048,Disamis,0,1,0,0
32_12,32,N1-c-M1,12,1,swords,Valid Filler,Disamis,1,1,Some swords are decorative,All swords are weapons ,Some weapons are decorative ,NA,22231,Disamis,1,1,0,0
32_13,32,N1-c-M1,13,0,rock,Homonymy,Datisi,1,1,All rock has guitars,Some rock is marble,Some marble has guitars,NA,20182,Datisi,0,1,0,0
32_14,32,N1-c-M1,14,0,school,Polysemy,Disamis,1,1,Some schools are rectangular,All schools are employers,Some employers are rectangular,NA,5839,Disamis,0,1,0,0
32_15,32,N1-c-M1,15,0,thieves,Invalid Filler,Dimatis*,1,1,Some children are thieves,All mob bosses are thieves,Some mob bosses are children,NA,15472,Dimatis,0,1,0,0
32_16,32,N1-c-M1,16,1,city,Polysemy,Datisi,1,1,All cities are bureaucracies,Some cities are graffitied places,Some graffitied places are bureaucracies,NA,18856,Datisi,0,0,0,0
32_17,32,N1-c-M1,17,1,singers,Valid Filler,Darii,1,1,All singers are vocalists ,Some guitarists are singers,Some guitarists are vocalists,NA,15592,Darii,1,1,0,0
32_18,32,N1-c-M1,18,0,Wave,Homonymy,Dimatis,1,1,Some gestures are waves,All waves are liquids,Some liquids are gestures,NA,14951,Dimatis,0,1,0,0
32_19,32,N1-c-M1,19,1,suitcases,Valid Filler,Dimatis,1,1,Some bags are suitcases,All suitcases are pieces of luggage,Some pieces of luggage are bags,NA,6063,Dimatis,1,1,0,0
32_20,32,N1-c-M1,20,0,novel,Polysemy,Darii,1,1,All novels are flammable,Some debuts are novels,Some debuts are flammable,NA,17522,Darii,0,1,0,0
32_21,32,N1-c-M1,21,1,dresses,Invalid Filler,Darii*,1,1,All ball gowns are dresses ,Some cocktail outfits are dresses,Some cocktail outfits are ball gowns,NA,8600,Darii,0,0,0,0
32_22,32,N1-c-M1,22,1,grapes,Valid Filler,Disamis,1,1,Some grapes are red ,All grapes are fruits ,Some fruits are red ,NA,3689,Disamis,1,1,0,0
32_23,32,N1-c-M1,23,0,company,Polysemy,Dimatis,1,1,Some storefronts are companies,All companies are hierarchies,Some hierarchies are storefronts,NA,15598,Dimatis,0,1,0,0
32_24,32,N1-c-M1,24,1,clowns,Valid Filler,Darii,1,1,All clowns can juggle ,Some circus performers are clowns ,Some circus performers can juggle,NA,17913,Darii,1,1,0,0
32_25,32,N1-c-M1,25,0,star,Homonymy,Datisi,1,1,All stars have autographs,Some stars are red dwarfs,Some red dwarfs have autographs,NA,16440,Datisi,0,1,0,0
32_26,32,N1-c-M1,26,0,injuries,Invalid Filler,Dimatis*,1,1,Some sunburns are injuries,All broken bones are injuries,Some broken bones are sunburns,NA,15687,Dimatis,0,1,0,0
32_27,32,N1-c-M1,27,1,letter,Polysemy,Datisi,1,1,All letters have stamps,Some letters are rejections,Some rejections have stamps,NA,8853,Datisi,0,0,0,0
32_28,32,N1-c-M1,28,1,rifles,Valid Filler,Disamis,1,1,Some rifles are for hunting,All rifles are guns ,Some guns are for hunting,NA,4548,Disamis,1,1,0,0
32_29,32,N1-c-M1,29,1,breakfast,Polysemy,Darii,1,1,All breakfasts are under three hours,Some smoothies are breakfasts,Some smoothies are under three hours,NA,19413,Darii,0,0,0,0
32_30,32,N1-c-M1,30,0,board,Homonymy,Dimatis,1,1,Some governing organizations are boards,All boards are wooden planks,Some wooden planks are governing organizations,NA,17126,Dimatis,0,1,0,0
32_31,32,N1-c-M1,31,1,trucks,Valid Filler,Dimatis,1,1,Some cars are trucks ,All trucks are vehicles,Some vehicles are cars ,NA,6050,Dimatis,1,1,0,0
32_32,32,N1-c-M1,32,0,spices,Invalid Filler,Dimatis*,1,1,Some dried roots are spices ,All mustard seeds are spices ,Some mustard seeds are dried roots,NA,17258,Dimatis,0,1,0,0
32_33,32,N1-c-M1,33,1,burgers,Valid Filler,Disamis,1,1,Some burgers are overcooked ,All burgers are sandwiches,Some sandwiches are overcooked ,NA,23116,Disamis,1,1,0,0
32_34,32,N1-c-M1,34,0,steaks,Invalid Filler,Disamis*,1,1,Some steaks are filet mignons,All ribeyes are steaks,Some ribeyes are filet mignons,NA,17584,Disamis,0,1,0,0
32_35,32,N1-c-M1,35,0,match,Homonymy,Disamis,1,1,Some matches are pay-per-view,All matches are fire starters,Some fire starters are pay-per-view,NA,14323,Disamis,0,1,0,0
32_36,32,N1-c-M1,36,0,ball,Homonymy,Dimatis,1,1,Some parties are balls,All balls are toys,Some toys are parties,NA,15845,Dimatis,0,1,0,0
32_37,32,N1-c-M1,37,1,dinner,Polysemy,Disamis,1,1,Some dinners are black tie,All dinners are foods,Some foods are black tie,NA,18031,Disamis,0,0,0,0
32_38,32,N1-c-M1,38,1,dolls,Valid Filler,Darii,1,1,All dolls are man made,Some toys are dolls ,Some toys are man made,NA,5093,Darii,1,1,0,0
32_39,32,N1-c-M1,39,0,lunch,Polysemy,Dimatis,1,1,Some breaks are lunches,All lunches are foods,Some foods are breaks,NA,17304,Dimatis,0,1,0,0
32_40,32,N1-c-M1,40,1,poets,Valid Filler,Datisi,1,1,All poets are writers ,Some poets are teachers,Some teachers are writers,NA,7057,Datisi,1,1,0,0
32_41,32,N1-c-M1,41,0,cabinet,Homonymy,Datisi,1,1,All cabinets are political appointments,Some cabinets are shelving units,Some shelving units are political appointments,NA,28099,Datisi,0,1,0,0
32_42,32,N1-c-M1,42,0,sausages,Invalid Filler,Datisi*,1,1,All chili dogs are sausages,Some sausages are salamis,Some salamis are chili dogs,NA,20690,Datisi,0,1,0,0
32_43,32,N1-c-M1,43,1,ponies,Valid Filler,Datisi,1,1,All ponies neigh,Some ponies are thoroughbreds,Some thoroughbreds neigh,NA,16094,Datisi,1,1,0,0
32_44,32,N1-c-M1,44,1,peppers,Invalid Filler,Dimatis*,1,1,Some yellow vegetables are peppers ,All jalapenos are peppers,Some jalapenos are yellow vegetables,NA,18185,Dimatis,0,0,0,0
32_45,32,N1-c-M1,45,0,suit,Homonymy,Disamis,1,1,Some suits have multiple defendants,All suits are dress attire,Some dress attire has multiple defendants,NA,20571,Disamis,0,1,0,0
32_46,32,N1-c-M1,46,1,statues,Valid Filler,Datisi,1,1,All statues are sculptures,Some statues are bronzes,Some bronzes are sculptures,NA,16480,Datisi,1,1,0,0
32_47,32,N1-c-M1,47,0,antiques,Invalid Filler,Darii*,1,1,All medieval manuscripts are antiques ,Some pieces of jewelry are antiques ,Some pieces of jewelry are medieval manuscripts,NA,17268,Darii,0,1,0,0
32_48,32,N1-c-M1,48,0,shapes,Invalid Filler,Disamis*,1,1,Some shapes are triangles,All squares are shapes,Some squares are triangles,NA,15775,Disamis,0,1,0,0
32_49,32,N1-c-M1,49,1,doughnuts,Valid Filler,Darii,1,1,All doughnuts are sugary ,Some pastries are doughnuts ,Some pastries are sugary,NA,3911,Darii,1,1,0,0
32_50,32,N1-c-M1,50,0,colors,Invalid Filler,Disamis*,1,1,Some colors are primary ,All shades of purple are colors ,Some shades of purple are primary,NA,16553,Disamis,0,1,0,0
32_51,32,N1-c-M1,51,1,widows,Valid Filler,Dimatis,1,1,Some parents are widows ,All widows are women,Some women are parents,NA,5931,Dimatis,1,1,0,0
32_52,32,N1-c-M1,52,0,book,Polysemy,Dimatis,1,1,Some doorstops are books,All books are pieces of intellectual property,Some pieces of intellectual property are doorstops,NA,17645,Dimatis,0,1,0,0
32_53,32,N1-c-M1,53,1,magazines,Polysemy,Disamis,1,1,Some magazines are coffee-stained,All magazines are subscriptions,Some subscriptions are coffee-stained,NA,17898,Disamis,0,0,0,0
32_54,32,N1-c-M1,54,1,toilets,Invalid Filler,Disamis*,1,1,Some toilets are coed,All urinals are toilets,Some urinals are coed,NA,16825,Disamis,0,0,0,0
32_55,32,N1-c-M1,55,1,dances,Invalid Filler,Darii*,1,1,All ballets are dances ,Some mating rituals are dances ,Some mating rituals are ballets,NA,19658,Darii,0,0,0,0
32_56,32,N1-c-M1,56,0,ring,Homonymy,Darii,1,1,All rings are sounds,Some accessories are rings,Some accessories are sounds,NA,14728,Darii,0,1,0,0
33_1,33,N1-c-M1,1,1,suit,Homonymy,Darii,4,1,All suits are dress attire,Some court proceedings are suits,Some court proceedings are dress attire,NA,7040,Darii,0,0,0,0
33_2,33,N1-c-M1,2,1,doughnuts,Valid Filler,Datisi,4,1,All doughnuts are sugary ,Some doughnuts are treats,Some treats are sugary,NA,3053,Datisi,1,1,0,0
33_3,33,N1-c-M1,3,0,match,Homonymy,Darii,4,1,All matches are combustible,Some pay-per-view broadcasts are matches,Some pay-per-view broadcasts are combustible,NA,2623,Darii,0,1,0,0
33_4,33,N1-c-M1,4,0,antiques,Invalid Filler,Datisi*,4,1,All medieval manuscripts are antiques ,Some antiques are pieces of jewelry,Some pieces of jewelry are medieval manuscripts,NA,2296,Datisi,0,1,0,0
33_5,33,N1-c-M1,5,0,dances,Invalid Filler,Datisi*,4,1,All ballets are dances ,Some dances are mating rituals,Some mating rituals are ballets ,NA,2967,Datisi,0,1,0,0
33_6,33,N1-c-M1,6,1,poets,Valid Filler,Dimatis,4,1,Some teachers are poets,All poets are writers ,Some writers are teachers,NA,2752,Dimatis,1,1,0,0
33_7,33,N1-c-M1,7,0,dresses,Invalid Filler,Datisi*,4,1,All ball gowns are dresses ,Some dresses are cocktail outfits,Some cocktail outfits are ball gowns,NA,4224,Datisi,0,1,0,0
33_8,33,N1-c-M1,8,1,school,Polysemy,Darii,4,1,All schools have classrooms,Some employers are schools,Some employers have classrooms,NA,3415,Darii,0,0,0,0
33_9,33,N1-c-M1,9,0,toilets,Invalid Filler,Darii*,4,1,All urinals are toilets,Some seats are toilets,Some seats are urinals,NA,3095,Darii,0,1,0,0
33_10,33,N1-c-M1,10,0,breakfast,Polysemy,Datisi,4,1,All breakfasts are under three hours,Some breakfasts are smoothies,Some smoothies are under three hours,NA,3440,Datisi,0,1,0,0
33_11,33,N1-c-M1,11,0,ball,Homonymy,Disamis,4,1,Some balls are senior proms,All balls are toys,Some toys are senior proms,NA,2136,Disamis,0,1,0,0
33_12,33,N1-c-M1,12,1,trucks,Valid Filler,Disamis,4,1,Some trucks are big rigs,All trucks are vehicles,Some vehicles are big rigs,NA,2199,Disamis,1,1,0,0
33_13,33,N1-c-M1,13,0,bat,Homonymy,Datisi,4,1,All bats are animals,Some bats are sporting goods,Some sporting goods are animals,NA,1975,Datisi,0,1,0,0
33_14,33,N1-c-M1,14,0,company,Polysemy,Disamis,4,1,Some companies are in city centers,All companies are hierarchies,Some hierarchies are in city centers,NA,5215,Disamis,0,1,0,0
33_15,33,N1-c-M1,15,0,sausages,Invalid Filler,Dimatis*,4,1,Some pizza toppings are sausages,All chili dogs are sausages,Some chili dogs are pizza toppings,NA,2527,Dimatis,0,1,0,0
33_16,33,N1-c-M1,16,0,college,Polysemy,Datisi,4,1,All colleges grant degrees,Some colleges are historic buildings,Some historic buildings grant degrees,NA,2248,Datisi,0,1,0,0
33_17,33,N1-c-M1,17,1,burgers,Valid Filler,Darii,4,1,All burgers have protein,Some entrées are burgers,Some entrées have protein,NA,2031,Darii,1,1,0,0
33_18,33,N1-c-M1,18,0,star,Homonymy,Dimatis,4,1,Some celestial objects are stars,All stars are famous people,Some famous people are celestial objects,NA,2111,Dimatis,0,1,0,0
33_19,33,N1-c-M1,19,1,statues,Valid Filler,Dimatis,4,1,Some bronzes are statues,All statues are sculptures,Some sculptures are bronzes,NA,1880,Dimatis,1,1,0,0
33_20,33,N1-c-M1,20,0,magazines,Polysemy,Darii,4,1,All magazines are recyclable,Some media corporations are magazines,Some media corporations are recyclable,NA,1871,Darii,0,1,0,0
33_21,33,N1-c-M1,21,0,steaks,Invalid Filler,Darii*,4,1,All rotten ribeyes are steaks,Some delicious meals are steaks,Some delicoius meals are rotten ribeyes,NA,2143,Darii,0,1,0,0
33_22,33,N1-c-M1,22,1,liars,Valid Filler,Disamis,4,1,Some liars are criminals,All liars are humans,Some humans are criminals ,NA,1929,Disamis,1,1,0,0
33_23,33,N1-c-M1,23,0,city,Polysemy,Dimatis,4,1,Some bureaucracies are cities,All cities are graffitied places,Some graffitied places are bureaucracies,NA,3648,Dimatis,0,1,0,0
33_24,33,N1-c-M1,24,1,rifles,Valid Filler,Darii,4,1,All rifles are guns,Some safety hazards are rifles,Some safety hazards are guns,NA,2560,Darii,1,1,0,0
33_25,33,N1-c-M1,25,0,change,Homonymy,Datisi,4,1,All change is money,Some change is transformation,Some transformation is money,NA,2388,Datisi,0,1,0,0
33_26,33,N1-c-M1,26,0,actors,Invalid Filler,Dimatis*,4,1,Some women are actors,All male leads are actors,Some male leads are women,NA,2216,Dimatis,0,1,0,0
33_27,33,N1-c-M1,27,0,novel,Polysemy,Datisi,4,1,All novels are flammable,Some novels are debuts,Some debuts are flammable,NA,1845,Datisi,0,1,0,0
33_28,33,N1-c-M1,28,1,suitcases,Valid Filler,Disamis,4,1,Some suitcases are bags,All suitcases are pieces of luggage,Some pieces of luggage are bags,NA,1855,Disamis,1,1,0,0
33_29,33,N1-c-M1,29,1,dinner,Polysemy,Darii,4,1,All dinners happen after four o'clock,Some lasagnas are dinners,Some lasagnas happen after four o'clock,NA,3121,Darii,0,0,0,0
33_30,33,N1-c-M1,30,0,rock,Homonymy,Dimatis,4,1,Some marble is rock,All rock is music,Some music is marble,NA,1741,Dimatis,0,1,0,0
33_31,33,N1-c-M1,31,1,mugs,Valid Filler,Dimatis,4,1,Some ceramics are mugs,All mugs are cups ,Some cups are ceramics,NA,1879,Dimatis,1,1,0,0
33_32,33,N1-c-M1,32,0,funerals,Invalid Filler,Dimatis*,4,1,Some family gatherings are funerals,All anonymous burials are funerals,Some anonymous burials are family gatherings,NA,2431,Dimatis,0,1,0,0
33_33,33,N1-c-M1,33,1,widows,Valid Filler,Disamis,4,1,Some widows are parents,All widows are women,Some women are parents,NA,2279,Disamis,1,1,0,0
33_34,33,N1-c-M1,34,0,spices,Invalid Filler,Disamis*,4,1,Some spices are dried roots,All mustard seeds are spices ,Some mustard seeds are dried roots,NA,2207,Disamis,0,1,0,0
33_35,33,N1-c-M1,35,0,Wave,Homonymy,Disamis,4,1,Some waves are gestures,All waves are liquids,Some liquids are gestures,NA,1815,Disamis,0,1,0,0
33_36,33,N1-c-M1,36,0,cabinet,Homonymy,Dimatis,4,1,Some shelving units are cabinets,All cabinets are political appointments,Some political appointments are shelving units,NA,2008,Dimatis,0,1,0,0
33_37,33,N1-c-M1,37,0,lunch,Polysemy,Disamis,4,1,Some lunches are breaks,All lunches are foods,Some foods are breaks,NA,1720,Disamis,0,1,0,0
33_38,33,N1-c-M1,38,1,grapes,Valid Filler,Darii,4,1,All grapes are fruits ,Some snacks are grapes,Some snacks are fruits,NA,1927,Darii,1,1,0,0
33_39,33,N1-c-M1,39,0,picnic,Polysemy,Dimatis,4,1,Some summertime activities are picnics,All picnics are prepared foods,Some prepared foods are summertime activities,NA,2255,Dimatis,0,1,0,0
33_40,33,N1-c-M1,40,1,dolls,Valid Filler,Datisi,4,1,All dolls are man made,Some dolls are toys,Some toys are man made,NA,2344,Datisi,1,1,0,0
33_41,33,N1-c-M1,41,0,ring,Homonymy,Datisi,4,1,All rings are sounds,Some rings are accessories,Some accessories are sounds,NA,1855,Datisi,0,1,0,0
33_42,33,N1-c-M1,42,0,mothers,Invalid Filler,Datisi*,4,1,All grandmas are mothers ,Some mothers are teens,Some teens are grandmas,NA,4999,Datisi,0,1,0,0
33_43,33,N1-c-M1,43,1,singers,Valid Filler,Datisi,4,1,All singers are performers,Some singers are men,Some men are performers,NA,2272,Datisi,1,1,0,0
33_44,33,N1-c-M1,44,0,stones,Invalid Filler,Dimatis*,4,1,Some paperweights are stones,All boulders are stones,Some boulders are paperweights,NA,2032,Dimatis,0,1,0,0
33_45,33,N1-c-M1,45,0,board,Homonymy,Disamis,4,1,Some boards are governing organizations,All boards are wooden planks,Some wooden planks are governing organizations,NA,2000,Disamis,0,1,0,0
33_46,33,N1-c-M1,46,1,clowns,Valid Filler,Datisi,4,1,All clowns are entertainers,Some clowns are mimes,Some mimes are entertainers,NA,2399,Datisi,1,1,0,0
33_47,33,N1-c-M1,47,0,colors,Invalid Filler,Darii*,4,1,Some pastels are colors,All shades of neon green are colors ,Some shades of neon green are pastels,NA,2761,Darii,0,1,0,0
33_48,33,N1-c-M1,48,0,peppers,Invalid Filler,Disamis*,4,1,Some peppers are yellow vegetables ,All jalapenos are peppers,Some jalapenos are yellow vegetables,NA,2072,Disamis,0,1,0,0
33_49,33,N1-c-M1,49,1,swords,Valid Filler,Darii,4,1,All swords are weapons,Some sharp objects are swords,Some sharp objects are weapons,NA,2128,Darii,1,1,0,0
33_50,33,N1-c-M1,50,0,injuries,Invalid Filler,Disamis*,4,1,Some injuries are sunburns,All broken bones are injuries,Some broken bones are sunburns,NA,1785,Disamis,0,1,0,0
33_51,33,N1-c-M1,51,1,ponies,Valid Filler,Dimatis,4,1,Some thoroughbreds are ponies,All ponies are neighing animals,Some neighing animals are thoroughbreds,NA,2431,Dimatis,1,1,0,0
33_52,33,N1-c-M1,52,1,letter,Polysemy,Dimatis,4,1,Some papers are letters,All letters are communications,Some communications are papers,NA,2774,Dimatis,0,0,0,0
33_53,33,N1-c-M1,53,0,book,Polysemy,Disamis,4,1,Some books are doorstops,All books are pieces of intellectual property,Some pieces of intellectual property are doorstops,NA,1855,Disamis,0,1,0,0
33_54,33,N1-c-M1,54,0,thieves,Invalid Filler,Disamis*,4,1,Some thieves are children,All mob bosses are thieves,Some mob bosses are children,NA,1884,Disamis,0,1,0,0
33_55,33,N1-c-M1,55,0,shapes,Invalid Filler,Darii*,4,1,All cylinders are shapes,Some road signs are shapes,Some road signs are cylinders,NA,1898,Darii,0,1,0,0
33_56,33,N1-c-M1,56,0,ruler,Homonymy,Darii,4,1,All rulers are standard lengths,Some queens are rulers,Some queens are standard lengths,NA,1755,Darii,0,1,0,0
34_1,34,N1-c-M1,1,0,novel,Polysemy,Disamis,2,2,Some novels weigh over a pound,All novels are stories,Some stories weigh over a pound,NA,8163,Disamis,0,1,0,0
34_2,34,N1-c-M1,2,1,thieves,Invalid Filler,Datisi*,2,2,All mob bosses are thieves,Some thieves are children,Some children are mob bosses,NA,4547,Datisi,0,0,0,0
34_3,34,N1-c-M1,3,0,steaks,Invalid Filler,Dimatis*,2,2,Some delicious entrées are steaks,All rotten ribeyes are steaks,Some rotten ribeyes are delicious entrées,NA,8096,Dimatis,0,1,0,0
34_4,34,N1-c-M1,4,0,dances,Invalid Filler,Disamis*,2,2,Some dances are mating rituals ,All ballets are dances,Some ballets are mating rituals ,NA,5777,Disamis,0,1,0,0
34_5,34,N1-c-M1,5,1,ring,Homonymy,Disamis,2,2,Some rings are made of gold,All rings are sounds,Some sounds are made of gold,NA,6550,Disamis,0,0,0,0
34_6,34,N1-c-M1,6,0,mothers,Invalid Filler,Disamis*,2,2,Some mothers are teens,All grandmas are mothers,Some grandmas are teens,NA,4326,Disamis,0,1,0,0
34_7,34,N1-c-M1,7,1,suitcases,Valid Filler,Datisi,2,2,All suitcases are pieces of luggage,Some suitcases are bags,Some bags are pieces of luggage,NA,5178,Datisi,1,1,0,0
34_8,34,N1-c-M1,8,0,shapes,Invalid Filler,Dimatis*,2,2,Some road signs are shapes,All cylinders are shapes,Some cylinders are road signs,NA,5000,Dimatis,0,1,0,0
34_9,34,N1-c-M1,9,1,picnic,Polysemy,Darii,2,2,All picnics happen in nature,Some salads are picnics,Some salads happen in nature,NA,6723,Darii,0,0,0,0
34_10,34,N1-c-M1,10,0,lunch,Polysemy,Datisi,2,2,All lunches are breaks,Some lunches are soups,Some soups are breaks,NA,4108,Datisi,0,1,0,0
34_11,34,N1-c-M1,11,0,bat,Homonymy,Disamis,2,2,Some bats are made for softball,All bats are animals,Some animals are made for softball,NA,3872,Disamis,0,1,0,0
34_12,34,N1-c-M1,12,0,ruler,Homonymy,Dimatis,2,2,Some queens are rulers,All rulers are standard lengths,Some standard lengths are queens,NA,5129,Dimatis,0,1,0,0
34_13,34,N1-c-M1,13,0,city,Polysemy,Darii,2,2,All cities are bureaucracies,Some graffitied places are cities,Some graffitied places are bureaucracies,NA,6122,Darii,0,1,0,0
34_14,34,N1-c-M1,14,0,breakfast,Polysemy,Disamis,2,2,Some breakfasts are under an hour,All breakfasts are nutrients,Some nutrients are under an hour,NA,5177,Disamis,0,1,0,0
34_15,34,N1-c-M1,15,1,grapes,Valid Filler,Dimatis,2,2,Some snacks are grapes,All grapes are fruits ,Some fruits are snacks,NA,3623,Dimatis,1,1,0,0
34_16,34,N1-c-M1,16,1,liars,Valid Filler,Datisi,2,2,All liars are humans,Some liars are criminals,Some criminals are humans,NA,4509,Datisi,1,1,0,0
34_17,34,N1-c-M1,17,0,board,Homonymy,Datisi,2,2,All boards are wooden planks,Some boards are governing organizations,Some governing organizations are wooden planks,NA,6743,Datisi,0,1,0,0
34_18,34,N1-c-M1,18,0,cabinet,Homonymy,Darii,2,2,All cabinets are political appointments,Some shelving units are cabinets,Some shelving units are political appointments,NA,4813,Darii,0,1,0,0
34_19,34,N1-c-M1,19,1,change,Homonymy,Disamis,2,2,Some change is transformation,All change is money,Some money is transformation,NA,4923,Disamis,0,0,0,0
34_20,34,N1-c-M1,20,1,doughnuts,Valid Filler,Disamis,2,2,Some doughnuts are glazed,All doughnuts are sugary foods,Some sugary foods are glazed,NA,8304,Disamis,1,1,0,0
34_21,34,N1-c-M1,21,0,toilets,Invalid Filler,Dimatis*,2,2,Some seats are toilets ,All urinals are toilets,Some urinals are seats,NA,6987,Dimatis,0,1,0,0
34_22,34,N1-c-M1,22,0,dinner,Polysemy,Dimatis,2,2,Some black tie events are dinners,All dinners are foods,Some foods are black tie events,NA,6306,Dimatis,0,1,0,0
34_23,34,N1-c-M1,23,0,trucks,Valid Filler,Datisi,2,2,All trucks are vehicles,Some trucks are big rigs,Some big rigs are vehicles,NA,4590,Datisi,1,0,0,0
34_24,34,N1-c-M1,24,1,clowns,Valid Filler,Disamis,2,2,Some clowns are mimes,All clowns are entertainers,Some entertainers are mimes,NA,5045,Disamis,1,1,0,0
34_25,34,N1-c-M1,25,0,sausages,Invalid Filler,Darii*,2,2,All chili dogs are sausages,Some pizza toppings are sausages,Some pizza toppings are chili dogs,NA,4010,Darii,0,1,0,0
34_26,34,N1-c-M1,26,0,college,Polysemy,Disamis,2,2,Some colleges have chancellors,All colleges are groups of buildings,Some groups of buildings have chancellors,NA,8079,Disamis,0,1,0,0
34_27,34,N1-c-M1,27,0,magazines,Polysemy,Dimatis,2,2,Some recyclables are magazines,All magazines are subscriptions,Some subscriptions are recyclables,NA,6589,Dimatis,0,1,0,0
34_28,34,N1-c-M1,28,1,dolls,Valid Filler,Disamis,2,2,Some dolls are toys,All dolls are man made objects,Some man made objects are toys,NA,8245,Disamis,1,1,0,0
34_29,34,N1-c-M1,29,0,wave,Homonymy,Datisi,2,2,All waves are water,Some waves are gestures,Some gestures are water,NA,6596,Datisi,0,1,0,0
34_30,34,N1-c-M1,30,0,injuries,Invalid Filler,Datisi*,2,2,All broken bones are injuries,Some injuries are sunburns,Some sunburns are broken bones,NA,4738,Datisi,0,1,0,0
34_31,34,N1-c-M1,31,1,burgers,Valid Filler,Dimatis,2,2,Some entrées are burgers,All burgers are sandwiches,Some sandwiches are entrées,NA,4038,Dimatis,1,1,0,0
34_32,34,N1-c-M1,32,1,colors,Invalid Filler,Dimatis*,2,2,Some pastels are colors,All shade of neon green are colors ,Some shades of neon green are pastels,NA,5992,Dimatis,0,0,0,0
34_33,34,N1-c-M1,33,1,poets,Valid Filler,Darii,2,2,All poets are writers ,Some teachers are poets,Some teachers are writers,NA,3991,Darii,1,1,0,0
34_34,34,N1-c-M1,34,0,stones,Invalid Filler,Darii*,2,2,All boulders are stones,Some paperweights are stones,Some paperweights are boulders,NA,4321,Darii,0,1,0,0
34_35,34,N1-c-M1,35,0,ponies,Valid Filler,Darii,2,2,All ponies neigh,Some thoroughbreds are ponies,Some thoroughbreds neigh,NA,4949,Darii,1,0,0,0
34_36,34,N1-c-M1,36,1,singers,Valid Filler,Disamis,2,2,Some singers are guitarists,All singers are vocalists,Some vocalists are guitarists,NA,6528,Disamis,1,1,0,0
34_37,34,N1-c-M1,37,0,match,Homonymy,Dimatis,2,2,Some pay-per-view broadcasts are matches,All matches are fire starters,Some fire starters are pay-per-view broadcasts,NA,5760,Dimatis,0,1,0,0
34_38,34,N1-c-M1,38,0,funerals,Invalid Filler,Darii*,2,2,All anonymous burials are funerals,Some family gatherings are funerals,Some family gatherings are anonymous burials,NA,10573,Darii,0,1,0,0
34_39,34,N1-c-M1,39,0,mugs,Valid Filler,Darii,2,2,All mugs are cups ,Some ceramics are mugs,Some ceramics are cups ,NA,6348,Darii,1,0,0,0
34_40,34,N1-c-M1,40,1,swords,Valid Filler,Dimatis,2,2,Some sharp things are swords,All swords are weapons,Some weapons are sharp things,NA,4216,Dimatis,1,1,0,0
34_41,34,N1-c-M1,41,0,letter,Polysemy,Darii,2,2,All letters have stamps,Some rejections are letters,Some rejections have stamps,NA,4163,Darii,0,1,0,0
34_42,34,N1-c-M1,42,1,statues,Valid Filler,Darii,2,2,All statues are sculptures,Some artworks are statues,Some artworks are sculptures,NA,3497,Darii,1,1,0,0
34_43,34,N1-c-M1,43,1,suit,Homonymy,Dimatis,2,2,Some court proceedings are suits,All suits are formal outfits,Some formal outfits are court proceedings,NA,4772,Dimatis,0,0,0,0
34_44,34,N1-c-M1,44,0,ball,Homonymy,Datisi,2,2,All balls are toys,Some balls are senior proms,Some senior proms are toys,NA,3954,Datisi,0,1,0,0
34_45,34,N1-c-M1,45,0,actors,Invalid Filler,Darii*,2,2,All male leads are actors,Some women are actors,Some women are male leads,NA,4916,Darii,0,1,0,0
34_46,34,N1-c-M1,46,1,book,Polysemy,Datisi,2,2,All books are printed,Some books are romances,Some romances are printed,NA,6738,Datisi,0,0,0,0
34_47,34,N1-c-M1,47,1,widows,Valid Filler,Datisi,2,2,All widows are women,Some widows are parents,Some parents are women,NA,4380,Datisi,1,1,0,0
34_48,34,N1-c-M1,48,0,school,Polysemy,Dimatis,2,2,Some rectangular buildings are schools,All schools are employers,Some employers are rectangular buildings,NA,7150,Dimatis,0,1,0,0
34_49,34,N1-c-M1,49,0,rock,Homonymy,Darii,2,2,All rock has guitars,Some marble is rock,Some marble has guitars,NA,6595,Darii,0,1,0,0
34_50,34,N1-c-M1,50,0,spices,Invalid Filler,Datisi*,2,2,All mustard seeds are spices ,Some spices are dried roots ,Some dried roots are mustard seeds,NA,6155,Datisi,0,1,0,0
34_51,34,N1-c-M1,51,1,peppers,Invalid Filler,Datisi*,2,2,All jalapenos are peppers,Some peppers are yellow vegetables ,Some yellow vegetables are jalapenos,NA,4199,Datisi,0,0,0,0
34_52,34,N1-c-M1,52,1,rifles,Valid Filler,Dimatis,2,2,Some safety hazards are rifles,All rifles are guns,Some guns are safety hazards,NA,3899,Dimatis,1,1,0,0
34_53,34,N1-c-M1,53,0,star,Homonymy,Darii,2,2,All stars have autographs,Some red dwarfs are stars,Some red dwarfs have autographs,NA,6599,Darii,0,1,0,0
34_54,34,N1-c-M1,54,0,dresses,Invalid Filler,Disamis*,2,2,Some dresses are cocktail outfits,All ball gowns are dresses ,Some ball gowns are cocktail outfits,NA,9887,Disamis,0,1,0,0
34_55,34,N1-c-M1,55,1,antiques,Invalid Filler,Disamis*,2,2,Some antiques are pieces of jewelry,All medieval manuscripts are antiques ,Some medieval manuscripts are pieces of jewelry,NA,6886,Disamis,0,0,0,0
34_56,34,N1-c-M1,56,0,company,Polysemy,Datisi,2,2,All companies are buildings,Some companies are hierarchies,Some hierarchies are buildings,NA,4945,Datisi,0,1,0,0
35_1,35,N1-c-M1,1,0,magazines,Polysemy,Disamis,1,2,Some magazines are coffee-stained,All magazines are subscriptions,Some subscriptions are coffee-stained,NA,34290,Disamis,0,1,0,0
35_2,35,N1-c-M1,2,0,sausages,Invalid Filler,Datisi*,1,2,All chili dogs are sausages,Some sausages are salamis,Some salamis are chili dogs,NA,28203,Datisi,0,1,0,0
35_3,35,N1-c-M1,3,0,spices,Invalid Filler,Dimatis*,1,2,Some dried roots are spices ,All mustard seeds are spices ,Some mustard seeds are dried roots,NA,22621,Dimatis,0,1,0,0
35_4,35,N1-c-M1,4,0,shapes,Invalid Filler,Disamis*,1,2,Some shapes are triangles,All squares are shapes,Some squares are triangles,NA,13408,Disamis,0,1,0,0
35_5,35,N1-c-M1,5,0,ruler,Homonymy,Disamis,1,2,Some rulers are kings,All rulers are standard lengths,Some standard lengths are kings,NA,22927,Disamis,0,1,0,0
35_6,35,N1-c-M1,6,1,toilets,Invalid Filler,Disamis*,1,2,Some toilets are coed,All urinals are toilets,Some urinals are coed,NA,22083,Disamis,0,0,0,0
35_7,35,N1-c-M1,7,1,statues,Valid Filler,Datisi,1,2,All statues are sculptures,Some statues are bronzes,Some bronzes are sculptures,NA,12957,Datisi,1,1,0,0
35_8,35,N1-c-M1,8,0,peppers,Invalid Filler,Dimatis*,1,2,Some yellow vegetables are peppers ,All jalapenos are peppers,Some jalapenos are yellow vegetables,NA,28131,Dimatis,0,1,0,0
35_9,35,N1-c-M1,9,1,breakfast,Polysemy,Darii,1,2,All breakfasts are under three hours,Some smoothies are breakfasts,Some smoothies are under three hours,NA,12697,Darii,0,0,0,0
35_10,35,N1-c-M1,10,1,picnic,Polysemy,Datisi,1,2,All picnics happen in nature,Some picnics are salads,Some salads happen in nature,NA,28235,Datisi,0,0,0,0
35_11,35,N1-c-M1,11,0,suit,Homonymy,Disamis,1,2,Some suits have multiple defendants,All suits are dress attire,Some dress attire has multiple defendants,NA,74811,Disamis,0,1,0,0
35_12,35,N1-c-M1,12,0,ball,Homonymy,Dimatis,1,2,Some parties are balls,All balls are toys,Some toys are parties,NA,17503,Dimatis,0,1,0,0
35_13,35,N1-c-M1,13,0,college,Polysemy,Darii,1,2,All colleges grant degrees,Some historic buildings are colleges,Some historic buildings grant degrees,NA,13298,Darii,0,1,0,0
35_14,35,N1-c-M1,14,0,dinner,Polysemy,Disamis,1,2,Some dinners are black tie,All dinners are foods,Some foods are black tie,NA,11530,Disamis,0,1,0,0
35_15,35,N1-c-M1,15,1,liars,Valid Filler,Dimatis,1,2,Some criminals are liars ,All liars are humans,Some humans are criminals ,NA,6143,Dimatis,1,1,0,0
35_16,35,N1-c-M1,16,1,poets,Valid Filler,Datisi,1,2,All poets are writers ,Some poets are teachers,Some teachers are writers,NA,3211,Datisi,1,1,0,0
35_17,35,N1-c-M1,17,0,rock,Homonymy,Datisi,1,2,All rock has guitars,Some rock is marble,Some marble has guitars,NA,13826,Datisi,0,1,0,0
35_18,35,N1-c-M1,18,0,ring,Homonymy,Darii,1,2,All rings are sounds,Some accessories are rings,Some accessories are sounds,NA,14769,Darii,0,1,0,0
35_19,35,N1-c-M1,19,0,match,Homonymy,Disamis,1,2,Some matches are pay-per-view,All matches are fire starters,Some fire starters are pay-per-view,NA,24779,Disamis,0,1,0,0
35_20,35,N1-c-M1,20,1,swords,Valid Filler,Disamis,1,2,Some swords are decorative,All swords are weapons ,Some weapons are decorative ,NA,12655,Disamis,1,1,0,0
35_21,35,N1-c-M1,21,0,thieves,Invalid Filler,Dimatis*,1,2,Some children are thieves,All mob bosses are thieves,Some mob bosses are children,NA,24923,Dimatis,0,1,0,0
35_22,35,N1-c-M1,22,0,lunch,Polysemy,Dimatis,1,2,Some breaks are lunches,All lunches are foods,Some foods are breaks,NA,23847,Dimatis,0,1,0,0
35_23,35,N1-c-M1,23,1,mugs,Valid Filler,Datisi,1,2,All mugs are cups ,Some mugs are ceramics,Some ceramics are cups ,NA,12716,Datisi,1,1,0,0
35_24,35,N1-c-M1,24,1,rifles,Valid Filler,Disamis,1,2,Some rifles are for hunting,All rifles are guns ,Some guns are for hunting,NA,10662,Disamis,1,1,0,0
35_25,35,N1-c-M1,25,0,mothers,Invalid Filler,Darii*,1,2,All grandmothers are mothers,Some teens are mothers,Some teens are grandmothers,NA,4775,Darii,0,1,0,0
35_26,35,N1-c-M1,26,0,school,Polysemy,Disamis,1,2,Some schools are rectangular,All schools are employers,Some employers are rectangular,NA,12325,Disamis,0,1,0,0
35_27,35,N1-c-M1,27,0,book,Polysemy,Dimatis,1,2,Some doorstops are books,All books are pieces of intellectual property,Some pieces of intellectual property are doorstops,NA,24959,Dimatis,0,1,0,0
35_28,35,N1-c-M1,28,1,grapes,Valid Filler,Disamis,1,2,Some grapes are red ,All grapes are fruits ,Some fruits are red ,NA,4230,Disamis,1,1,0,0
35_29,35,N1-c-M1,29,0,star,Homonymy,Datisi,1,2,All stars have autographs,Some stars are red dwarfs,Some red dwarfs have autographs,NA,16056,Datisi,0,1,0,0
35_30,35,N1-c-M1,30,0,actors,Invalid Filler,Datisi*,1,2,All male leads are actors,Some actors are women,Some women are male leads,NA,17202,Datisi,0,1,0,0
35_31,35,N1-c-M1,31,1,widows,Valid Filler,Dimatis,1,2,Some parents are widows ,All widows are women,Some women are parents,NA,3391,Dimatis,1,1,0,0
35_32,35,N1-c-M1,32,0,injuries,Invalid Filler,Dimatis*,1,2,Some sunburns are injuries,All broken bones are injuries,Some broken bones are sunburns,NA,20493,Dimatis,0,1,0,0
35_33,35,N1-c-M1,33,1,dolls,Valid Filler,Darii,1,2,All dolls are man made,Some toys are dolls ,Some toys are man made,NA,4286,Darii,1,1,0,0
35_34,35,N1-c-M1,34,1,dances,Invalid Filler,Darii*,1,2,All ballets are dances ,Some mating rituals are dances ,Some mating rituals are ballets,NA,26743,Darii,0,0,0,0
35_35,35,N1-c-M1,35,1,singers,Valid Filler,Darii,1,2,All singers are vocalists ,Some guitarists are singers,Some guitarists are vocalists,NA,12393,Darii,1,1,0,0
35_36,35,N1-c-M1,36,1,burgers,Valid Filler,Disamis,1,2,Some burgers are overcooked ,All burgers are sandwiches,Some sandwiches are overcooked ,NA,21668,Disamis,1,1,0,0
35_37,35,N1-c-M1,37,0,Wave,Homonymy,Dimatis,1,2,Some gestures are waves,All waves are liquids,Some liquids are gestures,NA,7937,Dimatis,0,1,0,0
35_38,35,N1-c-M1,38,1,dresses,Invalid Filler,Darii*,1,2,All ball gowns are dresses ,Some cocktail outfits are dresses,Some cocktail outfits are ball gowns,NA,14292,Darii,0,0,0,0
35_39,35,N1-c-M1,39,1,doughnuts,Valid Filler,Darii,1,2,All doughnuts are sugary ,Some pastries are doughnuts ,Some pastries are sugary,NA,22342,Darii,1,1,0,0
35_40,35,N1-c-M1,40,1,trucks,Valid Filler,Dimatis,1,2,Some cars are trucks ,All trucks are vehicles,Some vehicles are cars ,NA,3079,Dimatis,1,1,0,0
35_41,35,N1-c-M1,41,0,novel,Polysemy,Darii,1,2,All novels are flammable,Some debuts are novels,Some debuts are flammable,NA,12516,Darii,0,1,0,0
35_42,35,N1-c-M1,42,1,clowns,Valid Filler,Darii,1,2,All clowns can juggle ,Some circus performers are clowns ,Some circus performers can juggle,NA,29052,Darii,1,1,0,0
35_43,35,N1-c-M1,43,0,board,Homonymy,Dimatis,1,2,Some governing organizations are boards,All boards are wooden planks,Some wooden planks are governing organizations,NA,15118,Dimatis,0,1,0,0
35_44,35,N1-c-M1,44,0,cabinet,Homonymy,Datisi,1,2,All cabinets are political appointments,Some cabinets are shelving units,Some shelving units are political appointments,NA,11597,Datisi,0,1,0,0
35_45,35,N1-c-M1,45,0,antiques,Invalid Filler,Darii*,1,2,All medieval manuscripts are antiques ,Some pieces of jewelry are antiques ,Some pieces of jewelry are medieval manuscripts,NA,30553,Darii,0,1,0,0
35_46,35,N1-c-M1,46,1,letter,Polysemy,Datisi,1,2,All letters have stamps,Some letters are rejections,Some rejections have stamps,NA,20784,Datisi,0,0,0,0
35_47,35,N1-c-M1,47,1,ponies,Valid Filler,Datisi,1,2,All ponies neigh,Some ponies are thoroughbreds,Some thoroughbreds neigh,NA,45613,Datisi,1,1,0,0
35_48,35,N1-c-M1,48,1,company,Polysemy,Dimatis,1,2,Some storefronts are companies,All companies are hierarchies,Some hierarchies are storefronts,NA,36192,Dimatis,0,0,0,0
35_49,35,N1-c-M1,49,1,bat,Homonymy,Darii,1,2,All bats share a common ancestor,Some sporting goods are bats,Some sporting goods share a common ancestor,NA,14292,Darii,0,0,0,0
35_50,35,N1-c-M1,50,0,funerals,Invalid Filler,Datisi*,1,2,All open-casket services are funerals,Some funerals are anonymous burials,Some anonymous burials are open-casket services,NA,13623,Datisi,0,1,0,0
35_51,35,N1-c-M1,51,0,stones,Invalid Filler,Datisi*,1,2,All pebbles are stones,Some stones are boulders,Some boulders are pebbles,NA,19125,Datisi,0,1,0,0
35_52,35,N1-c-M1,52,1,suitcases,Valid Filler,Dimatis,1,2,Some bags are suitcases,All suitcases are pieces of luggage,Some pieces of luggage are bags,NA,5090,Dimatis,1,1,0,0
35_53,35,N1-c-M1,53,1,change,Homonymy,Darii,1,2,All change is money,Some surprises are change,Some surprises are money,NA,12427,Darii,0,0,0,0
35_54,35,N1-c-M1,54,0,steaks,Invalid Filler,Disamis*,1,2,Some steaks are filet mignons,All ribeyes are steaks,Some ribeyes are filet mignons,NA,37814,Disamis,0,1,0,0
35_55,35,N1-c-M1,55,0,colors,Invalid Filler,Disamis*,1,2,Some colors are primary ,All shades of purple are colors ,Some shades of purple are primary,NA,14056,Disamis,0,1,0,0
35_56,35,N1-c-M1,56,0,city,Polysemy,Datisi,1,2,All cities are bureaucracies,Some cities are graffitied places,Some graffitied places are bureaucracies,NA,27050,Datisi,0,1,0,0
36_1,36,N1-c-M1,1,0,rock,Homonymy,Darii,2,1,All rock has guitars,Some marble is rock,Some marble has guitars,NA,32039,Darii,0,1,0,0
36_2,36,N1-c-M1,2,1,trucks,Valid Filler,Datisi,2,1,All trucks are vehicles,Some trucks are big rigs,Some big rigs are vehicles,NA,67894,Datisi,1,1,0,0
36_3,36,N1-c-M1,3,0,star,Homonymy,Darii,2,1,All stars have autographs,Some red dwarfs are stars,Some red dwarfs have autographs,NA,120005,Darii,0,1,0,0
36_4,36,N1-c-M1,4,0,injuries,Invalid Filler,Datisi*,2,1,All broken bones are injuries,Some injuries are sunburns,Some sunburns are broken bones,NA,14706,Datisi,0,1,0,0
36_5,36,N1-c-M1,5,0,peppers,Invalid Filler,Datisi*,2,1,All jalapenos are peppers,Some peppers are yellow vegetables ,Some yellow vegetables are jalapenos,NA,41276,Datisi,0,1,0,0
36_6,36,N1-c-M1,6,0,grapes,Valid Filler,Dimatis,2,1,Some snacks are grapes,All grapes are fruits ,Some fruits are snacks,NA,14631,Dimatis,1,0,0,0
36_7,36,N1-c-M1,7,0,spices,Invalid Filler,Datisi*,2,1,All mustard seeds are spices ,Some spices are dried roots ,Some dried roots are mustard seeds,NA,9587,Datisi,0,1,0,0
36_8,36,N1-c-M1,8,1,city,Polysemy,Darii,2,1,All cities are bureaucracies,Some graffitied places are cities,Some graffitied places are bureaucracies,NA,33902,Darii,0,0,0,0
36_9,36,N1-c-M1,9,0,sausages,Invalid Filler,Darii*,2,1,All chili dogs are sausages,Some pizza toppings are sausages,Some pizza toppings are chili dogs,NA,6721,Darii,0,1,0,0
36_10,36,N1-c-M1,10,0,lunch,Polysemy,Datisi,2,1,All lunches are breaks,Some lunches are soups,Some soups are breaks,NA,4000,Datisi,0,1,0,0
36_11,36,N1-c-M1,11,0,ring,Homonymy,Disamis,2,1,Some rings are made of gold,All rings are sounds,Some sounds are made of gold,NA,25103,Disamis,0,1,0,0
36_12,36,N1-c-M1,12,1,doughnuts,Valid Filler,Disamis,2,1,Some doughnuts are glazed,All doughnuts are sugary foods,Some sugary foods are glazed,NA,35761,Disamis,1,1,0,0
36_13,36,N1-c-M1,13,0,board,Homonymy,Datisi,2,1,All boards are wooden planks,Some boards are governing organizations,Some governing organizations are wooden planks,NA,35449,Datisi,0,1,0,0
36_14,36,N1-c-M1,14,1,college,Polysemy,Disamis,2,1,Some colleges have chancellors,All colleges are groups of buildings,Some groups of buildings have chancellors,NA,45817,Disamis,0,0,0,0
36_15,36,N1-c-M1,15,1,toilets,Invalid Filler,Dimatis*,2,1,Some seats are toilets ,All urinals are toilets,Some urinals are seats,NA,7203,Dimatis,0,0,0,0
36_16,36,N1-c-M1,16,1,company,Polysemy,Datisi,2,1,All companies are buildings,Some companies are hierarchies,Some hierarchies are buildings,NA,67025,Datisi,0,0,0,0
36_17,36,N1-c-M1,17,1,ponies,Valid Filler,Darii,2,1,All ponies neigh,Some thoroughbreds are ponies,Some thoroughbreds neigh,NA,53809,Darii,1,1,0,0
36_18,36,N1-c-M1,18,1,match,Homonymy,Dimatis,2,1,Some pay-per-view broadcasts are matches,All matches are fire starters,Some fire starters are pay-per-view broadcasts,NA,27227,Dimatis,0,0,0,0
36_19,36,N1-c-M1,19,1,rifles,Valid Filler,Dimatis,2,1,Some safety hazards are rifles,All rifles are guns,Some guns are safety hazards,NA,38393,Dimatis,1,1,0,0
36_20,36,N1-c-M1,20,1,letter,Polysemy,Darii,2,1,All letters have stamps,Some rejections are letters,Some rejections have stamps,NA,26419,Darii,0,0,0,0
36_21,36,N1-c-M1,21,1,funerals,Invalid Filler,Darii*,2,1,All anonymous burials are funerals,Some family gatherings are funerals,Some family gatherings are anonymous burials,NA,10763,Darii,0,0,0,0
36_22,36,N1-c-M1,22,1,dolls,Valid Filler,Disamis,2,1,Some dolls are toys,All dolls are man made objects,Some man made objects are toys,NA,5436,Disamis,1,1,0,0
36_23,36,N1-c-M1,23,0,school,Polysemy,Dimatis,2,1,Some rectangular buildings are schools,All schools are employers,Some employers are rectangular buildings,NA,60666,Dimatis,0,1,0,0
36_24,36,N1-c-M1,24,1,statues,Valid Filler,Darii,2,1,All statues are sculptures,Some artworks are statues,Some artworks are sculptures,NA,36644,Darii,1,1,0,0
36_25,36,N1-c-M1,25,0,wave,Homonymy,Datisi,2,1,All waves are water,Some waves are gestures,Some gestures are water,NA,7079,Datisi,0,1,0,0
36_26,36,N1-c-M1,26,1,colors,Invalid Filler,Dimatis*,2,1,Some pastels are colors,All shade of neon green are colors ,Some shades of neon green are pastels,NA,7566,Dimatis,0,0,0,0
36_27,36,N1-c-M1,27,1,book,Polysemy,Datisi,2,1,All books are printed,Some books are romances,Some romances are printed,NA,3726,Datisi,0,0,0,0
36_28,36,N1-c-M1,28,1,clowns,Valid Filler,Disamis,2,1,Some clowns are mimes,All clowns are entertainers,Some entertainers are mimes,NA,26960,Disamis,1,1,0,0
36_29,36,N1-c-M1,29,0,picnic,Polysemy,Darii,2,1,All picnics happen in nature,Some salads are picnics,Some salads happen in nature,NA,19476,Darii,0,1,0,0
36_30,36,N1-c-M1,30,1,suit,Homonymy,Dimatis,2,1,Some court proceedings are suits,All suits are formal outfits,Some formal outfits are court proceedings,NA,10820,Dimatis,0,0,0,0
36_31,36,N1-c-M1,31,1,swords,Valid Filler,Dimatis,2,1,Some sharp things are swords,All swords are weapons,Some weapons are sharp things,NA,3905,Dimatis,1,1,0,0
36_32,36,N1-c-M1,32,0,steaks,Invalid Filler,Dimatis*,2,1,Some delicious entrées are steaks,All rotten ribeyes are steaks,Some rotten ribeyes are delicious entrées,NA,5371,Dimatis,0,1,0,0
36_33,36,N1-c-M1,33,1,singers,Valid Filler,Disamis,2,1,Some singers are guitarists,All singers are vocalists,Some vocalists are guitarists,NA,5165,Disamis,1,1,0,0
36_34,36,N1-c-M1,34,0,dresses,Invalid Filler,Disamis*,2,1,Some dresses are cocktail outfits,All ball gowns are dresses ,Some ball gowns are cocktail outfits,NA,30041,Disamis,0,1,0,0
36_35,36,N1-c-M1,35,1,change,Homonymy,Disamis,2,1,Some change is transformation,All change is money,Some money is transformation,NA,3644,Disamis,0,0,0,0
36_36,36,N1-c-M1,36,1,ruler,Homonymy,Dimatis,2,1,Some queens are rulers,All rulers are standard lengths,Some standard lengths are queens,NA,4008,Dimatis,0,0,0,0
36_37,36,N1-c-M1,37,0,breakfast,Polysemy,Disamis,2,1,Some breakfasts are under an hour,All breakfasts are nutrients,Some nutrients are under an hour,NA,21740,Disamis,0,1,0,0
36_38,36,N1-c-M1,38,1,poets,Valid Filler,Darii,2,1,All poets are writers ,Some teachers are poets,Some teachers are writers,NA,4674,Darii,1,1,0,0
36_39,36,N1-c-M1,39,0,dinner,Polysemy,Dimatis,2,1,Some black tie events are dinners,All dinners are foods,Some foods are black tie events,NA,29782,Dimatis,0,1,0,0
36_40,36,N1-c-M1,40,1,liars,Valid Filler,Datisi,2,1,All liars are humans,Some liars are criminals,Some criminals are humans,NA,3450,Datisi,1,1,0,0
36_41,36,N1-c-M1,41,0,ball,Homonymy,Datisi,2,1,All balls are toys,Some balls are senior proms,Some senior proms are toys,NA,5424,Datisi,0,1,0,0
36_42,36,N1-c-M1,42,0,thieves,Invalid Filler,Datisi*,2,1,All mob bosses are thieves,Some thieves are children,Some children are mob bosses,NA,24774,Datisi,0,1,0,0
36_43,36,N1-c-M1,43,1,widows,Valid Filler,Datisi,2,1,All widows are women,Some widows are parents,Some parents are women,NA,2529,Datisi,1,1,0,0
36_44,36,N1-c-M1,44,1,shapes,Invalid Filler,Dimatis*,2,1,Some road signs are shapes,All cylinders are shapes,Some cylinders are road signs,NA,24219,Dimatis,0,0,0,0
36_45,36,N1-c-M1,45,0,bat,Homonymy,Disamis,2,1,Some bats are made for softball,All bats are animals,Some animals are made for softball,NA,21263,Disamis,0,1,0,0
36_46,36,N1-c-M1,46,1,suitcases,Valid Filler,Datisi,2,1,All suitcases are pieces of luggage,Some suitcases are bags,Some bags are pieces of luggage,NA,8839,Datisi,1,1,0,0
36_47,36,N1-c-M1,47,0,actors,Invalid Filler,Darii*,2,1,All male leads are actors,Some women are actors,Some women are male leads,NA,5612,Darii,0,1,0,0
36_48,36,N1-c-M1,48,1,dances,Invalid Filler,Disamis*,2,1,Some dances are mating rituals ,All ballets are dances,Some ballets are mating rituals ,NA,27119,Disamis,0,0,0,0
36_49,36,N1-c-M1,49,1,mugs,Valid Filler,Darii,2,1,All mugs are cups ,Some ceramics are mugs,Some ceramics are cups ,NA,3166,Darii,1,1,0,0
36_50,36,N1-c-M1,50,0,antiques,Invalid Filler,Disamis*,2,1,Some antiques are pieces of jewelry,All medieval manuscripts are antiques ,Some medieval manuscripts are pieces of jewelry,NA,34965,Disamis,0,1,0,0
36_51,36,N1-c-M1,51,1,burgers,Valid Filler,Dimatis,2,1,Some entrées are burgers,All burgers are sandwiches,Some sandwiches are entrées,NA,22347,Dimatis,1,1,0,0
36_52,36,N1-c-M1,52,0,magazines,Polysemy,Dimatis,2,1,Some recyclables are magazines,All magazines are subscriptions,Some subscriptions are recyclables,NA,4198,Dimatis,0,1,0,0
36_53,36,N1-c-M1,53,0,novel,Polysemy,Disamis,2,1,Some novels weigh over a pound,All novels are stories,Some stories weigh over a pound,NA,6322,Disamis,0,1,0,0
36_54,36,N1-c-M1,54,0,mothers,Invalid Filler,Disamis*,2,1,Some mothers are teens,All grandmas are mothers,Some grandmas are teens,NA,4780,Disamis,0,1,0,0
36_55,36,N1-c-M1,55,1,stones,Invalid Filler,Darii*,2,1,All boulders are stones,Some paperweights are stones,Some paperweights are boulders,NA,22054,Darii,0,0,0,0
36_56,36,N1-c-M1,56,0,cabinet,Homonymy,Darii,2,1,All cabinets are political appointments,Some shelving units are cabinets,Some shelving units are political appointments,NA,25076,Darii,0,1,0,0
37_1,37,N1-c-M1,1,1,letter,Polysemy,Disamis,3,2,Some letters are crumpled,All letters are communications,Some communications are crumpled,NA,3701,Disamis,0,0,0,0
37_2,37,N1-c-M1,2,1,toilets,Invalid Filler,Datisi*,3,2,All outhouses are toilets,Some toilets are urinals ,Some urinals are outhouses,NA,2318,Datisi,0,0,0,0
37_3,37,N1-c-M1,3,0,dresses,Invalid Filler,Dimatis*,3,2,Some cocktail outfits are dresses,All ball gowns are dresses ,Some ball gowns are cocktail outfits,NA,2234,Dimatis,0,1,0,0
37_4,37,N1-c-M1,4,1,stones,Invalid Filler,Disamis*,3,2,Some stones are pebbles,All boulders are stones,Some boulders are pebbles,NA,2245,Disamis,0,0,0,0
37_5,37,N1-c-M1,5,0,cabinet,Homonymy,Disamis,3,2,Some cabinets are antique furniture,All cabinets are political appointments,Some political appointments are antique furniture,NA,2917,Disamis,0,1,0,0
37_6,37,N1-c-M1,6,0,sausages,Invalid Filler,Disamis*,3,2,Some sausages are chili dogs,All pepperonis are sausages,Some pepperonis are chili dogs,NA,3114,Disamis,0,1,0,0
37_7,37,N1-c-M1,7,1,rifles,Valid Filler,Datisi,3,2,All rifles are guns,Some rifles are safety hazards,Some safety hazards are guns,NA,2067,Datisi,1,1,0,0
37_8,37,N1-c-M1,8,0,dances,Invalid Filler,Dimatis*,3,2,Some mating rituals are dances,All ballets are dances ,Some ballets are mating rituals ,NA,5134,Dimatis,0,1,0,0
37_9,37,N1-c-M1,9,0,lunch,Polysemy,Darii,3,2,All lunches are breaks,Some sandwiches are lunches,Some sandwiches are breaks ,NA,4797,Darii,0,1,0,0
37_10,37,N1-c-M1,10,1,dinner,Polysemy,Datisi,3,2,All dinners happen after four o'clock,Some dinners are meatloafs,Some meatloafs happen after four o'clock,NA,16965,Datisi,0,0,0,0
37_11,37,N1-c-M1,11,1,rock,Homonymy,Disamis,3,2,Some rock is marble,All rock is music,Some music is marble,NA,4467,Disamis,0,0,0,0
37_12,37,N1-c-M1,12,0,ring,Homonymy,Dimatis,3,2,Some accessories are rings,All rings are sounds,Some sounds are accessories,NA,5783,Dimatis,0,1,0,0
37_13,37,N1-c-M1,13,1,company,Polysemy,Darii,3,2,All companies are buildings,Some tech giants are companies,Some tech giants are buildings,NA,2780,Darii,0,0,0,0
37_14,37,N1-c-M1,14,1,picnic,Polysemy,Disamis,3,2,Some picnics are romantic,All picnics are prepared foods,Some prepared foods are romantic,NA,4602,Disamis,0,0,0,0
37_15,37,N1-c-M1,15,1,dolls,Valid Filler,Dimatis,3,2,Some toys are dolls ,All dolls are man made objects,Some man made objects are toys,NA,2447,Dimatis,1,1,0,0
37_16,37,N1-c-M1,16,1,grapes,Valid Filler,Datisi,3,2,All grapes are fruits,Some grapes are snacks,Some snacks are fruits ,NA,2235,Datisi,1,1,0,0
37_17,37,N1-c-M1,17,0,suit,Homonymy,Datisi,3,2,All suits are dress attire,Some suits are court proceedings,Some court proceedings are dress attire,NA,1597,Datisi,0,1,0,0
37_18,37,N1-c-M1,18,0,ball,Homonymy,Darii,3,2,All balls are toys,Some birthday parties are balls,Some senior proms are toys,NA,2885,Darii,0,1,0,0
37_19,37,N1-c-M1,19,0,star,Homonymy,Disamis,3,2,Some stars are red dwarfs,All stars are famous people,Some famous people are red dwarfs,NA,3731,Disamis,0,1,0,0
37_20,37,N1-c-M1,20,0,mugs,Valid Filler,Disamis,3,2,Some mugs are ceramics,All mugs are cups ,Some cups are ceramics,NA,2481,Disamis,1,0,0,0
37_21,37,N1-c-M1,21,0,mothers,Invalid Filler,Dimatis*,3,2,Some teens are mothers,All grandmas are mothers ,Some grandmas are teens,NA,2165,Dimatis,0,1,0,0
37_22,37,N1-c-M1,22,0,breakfast,Polysemy,Dimatis,3,2,Some meetings are breakfasts,All breakfasts are nutrients,Some nutrients are meetings,NA,2105,Dimatis,0,1,0,0
37_23,37,N1-c-M1,23,1,swords,Valid Filler,Datisi,3,2,All swords are weapons,Some swords are museum pieces,Some museum pieces are weapons,NA,3529,Datisi,1,1,0,0
37_24,37,N1-c-M1,24,1,statues,Valid Filler,Disamis,3,2,Some statues are bronzes,All statues are sculptures,Some sculptures are bronzes,NA,3230,Disamis,1,1,0,0
37_25,37,N1-c-M1,25,0,thieves,Invalid Filler,Darii*,3,2,All mob bosses are thieves,Some children are thieves,Some children are mob bosses,NA,2903,Darii,0,1,0,0
37_26,37,N1-c-M1,26,0,city,Polysemy,Disamis,3,2,Some cities are corrupt,All cities are groups of buildings,Some groups of buildings are corrupt,NA,1580,Disamis,0,1,0,0
37_27,37,N1-c-M1,27,1,novel,Polysemy,Dimatis,3,2,Some flammable objects are novels,All novels are fictions,Some fictions are flammable objects,NA,1865,Dimatis,0,0,0,0
37_28,37,N1-c-M1,28,1,poets,Valid Filler,Disamis,3,2,Some poets are teachers,All poets are writers ,Some writers are teachers,NA,2416,Disamis,1,1,0,0
37_29,37,N1-c-M1,29,0,match,Homonymy,Datisi,3,2,All matches are combustible,Some matches are pay-per-view broadcasts,Some pay-per-view broadcasts are combustible,NA,1884,Datisi,0,1,0,0
37_30,37,N1-c-M1,30,1,colors,Invalid Filler,Datisi*,3,2,All shades of neon green are colors ,Some colors are pastels,Some pastels are shades of neon green ,NA,3363,Datisi,0,0,0,0
37_31,37,N1-c-M1,31,1,singers,Valid Filler,Dimatis,3,2,Some YouTubers are singers,All singers are musicians,Some musicians are YouTubers,NA,2067,Dimatis,1,1,0,0
37_32,37,N1-c-M1,32,0,antiques,Invalid Filler,Dimatis*,3,2,Some pieces of jewelry are antiques,All medieval manuscripts are antiques  ,Some medieval manuscripts are pieces of jewelry,NA,2132,Dimatis,0,1,0,0
37_33,37,N1-c-M1,33,1,liars,Valid Filler,Darii,3,2,All liars are humans,Some criminals are liars ,Some criminals are humans,NA,2649,Darii,1,1,0,0
37_34,37,N1-c-M1,34,0,peppers,Invalid Filler,Darii*,3,2,All jalapenos are peppers ,Some yellow vegetables are peppers,Some yellow vegetables are jalapenos,NA,2830,Darii,0,1,0,0
37_35,37,N1-c-M1,35,1,widows,Valid Filler,Darii,3,2,All widows are women,Some parents are widows ,Some parents are women,NA,1884,Darii,1,1,0,0
37_36,37,N1-c-M1,36,1,ponies,Valid Filler,Disamis,3,2,Some ponies are thoroughbreds,All ponies are neighing animals,Some neighing animals are thoroughbreds,NA,2534,Disamis,1,1,0,0
37_37,37,N1-c-M1,37,1,change,Homonymy,Dimatis,3,2,Some transformation is change,All change is money,Some money is transformation,NA,1982,Dimatis,0,0,0,0
37_38,37,N1-c-M1,38,0,spices,Invalid Filler,Darii*,3,2,All mustard seeds are spices,Some dried roots are spices ,Some dried roots are mustard seeds,NA,1884,Darii,0,1,0,0
37_39,37,N1-c-M1,39,1,trucks,Valid Filler,Darii,3,2,All trucks are vehicles,Some cars are trucks ,Some cars are vehicles,NA,1734,Darii,1,1,0,0
37_40,37,N1-c-M1,40,1,doughnuts,Valid Filler,Dimatis,3,2,Some pastries are doughnuts ,All doughnuts are sugary foods,Some sugary foods are pastries,NA,2615,Dimatis,1,1,0,0
37_41,37,N1-c-M1,41,0,book,Polysemy,Darii,3,2,All books are bound,Some exposés are books,Some exposés are bound,NA,2167,Darii,0,1,0,0
37_42,37,N1-c-M1,42,1,suitcases,Valid Filler,Darii,3,2,All suitcases are luggage,Some bags are suitcases,Some bags are luggage,NA,1684,Darii,1,1,0,0
37_43,37,N1-c-M1,43,0,bat,Homonymy,Dimatis,3,2,Some sporting goods are bats,All bats are animals,Some animals are sporting goods,NA,2320,Dimatis,0,1,0,0
37_44,37,N1-c-M1,44,1,ruler,Homonymy,Datisi,3,2,All rulers are standard lengths,Some rulers are queens,Some queens are standard lengths,NA,3142,Datisi,0,0,0,0
37_45,37,N1-c-M1,45,0,injuries,Invalid Filler,Darii*,3,2,All broken bones are injuries,Some sunburns are injuries,Some sunburns are broken bones,NA,2701,Darii,0,1,0,0
37_46,37,N1-c-M1,46,0,magazines,Polysemy,Datisi,3,2,All magazines are recyclable,Some magazines are media corporations ,Some media corporations are recyclable,NA,2850,Datisi,0,1,0,0
37_47,37,N1-c-M1,47,1,burgers,Valid Filler,Datisi,3,2,All burgers have protein,Some burgers are drive-thru orders,Some drive-thru orders have protein,NA,3099,Datisi,1,1,0,0
37_48,37,N1-c-M1,48,1,college,Polysemy,Dimatis,3,2,Some funding sources are colleges,All colleges are places filled with desks,Some places filled with desks are funding sources,NA,2900,Dimatis,0,0,0,0
37_49,37,N1-c-M1,49,0,board,Homonymy,Darii,3,2,All boards are wooden planks,Some governing organizations are boards,Some governing organizations are wooden planks,NA,2449,Darii,0,1,0,0
37_50,37,N1-c-M1,50,0,steaks,Invalid Filler,Datisi*,3,2,All rotten ribeyes are steaks,Some steaks are delicious meals,Some delicious meals are rotten ribeyes,NA,2253,Datisi,0,1,0,0
37_51,37,N1-c-M1,51,1,shapes,Invalid Filler,Datisi*,3,2,All road signs are shapes,Some shapes are cylinders,Some cylinders are road signs,NA,2780,Datisi,0,0,0,0
37_52,37,N1-c-M1,52,1,clowns,Valid Filler,Dimatis,3,2,Some jugglers are clowns ,All clowns are performers,Some performers are jugglers,NA,1864,Dimatis,1,1,0,0
37_53,37,N1-c-M1,53,1,Wave,Homonymy,Darii,3,2,All waves are water,Some gestures are waves,Some gestures are water,NA,1932,Darii,0,0,0,0
37_54,37,N1-c-M1,54,1,funerals,Invalid Filler,Disamis*,3,2,Some funerals are family gatherings,All anonymous burials are funerals,Some anonymous burials are family gatherings,NA,2750,Disamis,0,0,0,0
37_55,37,N1-c-M1,55,1,actors,Invalid Filler,Disamis*,3,2,Some actors are women,All male leads are actors,Some male leads are women,NA,1785,Disamis,0,0,0,0
37_56,37,N1-c-M1,56,0,school,Polysemy,Datisi,3,2,All schools have hallways,Some schools are employers,Some employers have hallways,NA,2861,Datisi,0,1,0,0
38_1,38,N1-c-M1,1,0,magazines,Polysemy,Disamis,1,2,Some magazines are coffee-stained,All magazines are subscriptions,Some subscriptions are coffee-stained,NA,7918,Disamis,0,1,0,0
38_2,38,N1-c-M1,2,0,sausages,Invalid Filler,Datisi*,1,2,All chili dogs are sausages,Some sausages are salamis,Some salamis are chili dogs,NA,4016,Datisi,0,1,0,0
38_3,38,N1-c-M1,3,0,spices,Invalid Filler,Dimatis*,1,2,Some dried roots are spices ,All mustard seeds are spices ,Some mustard seeds are dried roots,NA,3086,Dimatis,0,1,0,0
38_4,38,N1-c-M1,4,0,shapes,Invalid Filler,Disamis*,1,2,Some shapes are triangles,All squares are shapes,Some squares are triangles,NA,1851,Disamis,0,1,0,0
38_5,38,N1-c-M1,5,0,ruler,Homonymy,Disamis,1,2,Some rulers are kings,All rulers are standard lengths,Some standard lengths are kings,NA,3834,Disamis,0,1,0,0
38_6,38,N1-c-M1,6,1,toilets,Invalid Filler,Disamis*,1,2,Some toilets are coed,All urinals are toilets,Some urinals are coed,NA,5822,Disamis,0,0,0,0
38_7,38,N1-c-M1,7,1,statues,Valid Filler,Datisi,1,2,All statues are sculptures,Some statues are bronzes,Some bronzes are sculptures,NA,3915,Datisi,1,1,0,0
38_8,38,N1-c-M1,8,0,peppers,Invalid Filler,Dimatis*,1,2,Some yellow vegetables are peppers ,All jalapenos are peppers,Some jalapenos are yellow vegetables,NA,3657,Dimatis,0,1,0,0
38_9,38,N1-c-M1,9,1,breakfast,Polysemy,Darii,1,2,All breakfasts are under three hours,Some smoothies are breakfasts,Some smoothies are under three hours,NA,3422,Darii,0,0,0,0
38_10,38,N1-c-M1,10,1,picnic,Polysemy,Datisi,1,2,All picnics happen in nature,Some picnics are salads,Some salads happen in nature,NA,4574,Datisi,0,0,0,0
38_11,38,N1-c-M1,11,0,suit,Homonymy,Disamis,1,2,Some suits have multiple defendants,All suits are dress attire,Some dress attire has multiple defendants,NA,3195,Disamis,0,1,0,0
38_12,38,N1-c-M1,12,0,ball,Homonymy,Dimatis,1,2,Some parties are balls,All balls are toys,Some toys are parties,NA,2406,Dimatis,0,1,0,0
38_13,38,N1-c-M1,13,0,college,Polysemy,Darii,1,2,All colleges grant degrees,Some historic buildings are colleges,Some historic buildings grant degrees,NA,3145,Darii,0,1,0,0
38_14,38,N1-c-M1,14,0,dinner,Polysemy,Disamis,1,2,Some dinners are black tie,All dinners are foods,Some foods are black tie,NA,2587,Disamis,0,1,0,0
38_15,38,N1-c-M1,15,1,liars,Valid Filler,Dimatis,1,2,Some criminals are liars ,All liars are humans,Some humans are criminals ,NA,1845,Dimatis,1,1,0,0
38_16,38,N1-c-M1,16,1,poets,Valid Filler,Datisi,1,2,All poets are writers ,Some poets are teachers,Some teachers are writers,NA,2019,Datisi,1,1,0,0
38_17,38,N1-c-M1,17,0,rock,Homonymy,Datisi,1,2,All rock has guitars,Some rock is marble,Some marble has guitars,NA,2747,Datisi,0,1,0,0
38_18,38,N1-c-M1,18,1,ring,Homonymy,Darii,1,2,All rings are sounds,Some accessories are rings,Some accessories are sounds,NA,2228,Darii,0,0,0,0
38_19,38,N1-c-M1,19,0,match,Homonymy,Disamis,1,2,Some matches are pay-per-view,All matches are fire starters,Some fire starters are pay-per-view,NA,4298,Disamis,0,1,0,0
38_20,38,N1-c-M1,20,1,swords,Valid Filler,Disamis,1,2,Some swords are decorative,All swords are weapons ,Some weapons are decorative ,NA,2848,Disamis,1,1,0,0
38_21,38,N1-c-M1,21,1,thieves,Invalid Filler,Dimatis*,1,2,Some children are thieves,All mob bosses are thieves,Some mob bosses are children,NA,2317,Dimatis,0,0,0,0
38_22,38,N1-c-M1,22,0,lunch,Polysemy,Dimatis,1,2,Some breaks are lunches,All lunches are foods,Some foods are breaks,NA,3182,Dimatis,0,1,0,0
38_23,38,N1-c-M1,23,1,mugs,Valid Filler,Datisi,1,2,All mugs are cups ,Some mugs are ceramics,Some ceramics are cups ,NA,1817,Datisi,1,1,0,0
38_24,38,N1-c-M1,24,1,rifles,Valid Filler,Disamis,1,2,Some rifles are for hunting,All rifles are guns ,Some guns are for hunting,NA,1900,Disamis,1,1,0,0
38_25,38,N1-c-M1,25,0,mothers,Invalid Filler,Darii*,1,2,All grandmothers are mothers,Some teens are mothers,Some teens are grandmothers,NA,5851,Darii,0,1,0,0
38_26,38,N1-c-M1,26,0,school,Polysemy,Disamis,1,2,Some schools are rectangular,All schools are employers,Some employers are rectangular,NA,2839,Disamis,0,1,0,0
38_27,38,N1-c-M1,27,1,book,Polysemy,Dimatis,1,2,Some doorstops are books,All books are pieces of intellectual property,Some pieces of intellectual property are doorstops,NA,4612,Dimatis,0,0,0,0
38_28,38,N1-c-M1,28,1,grapes,Valid Filler,Disamis,1,2,Some grapes are red ,All grapes are fruits ,Some fruits are red ,NA,2047,Disamis,1,1,0,0
38_29,38,N1-c-M1,29,1,star,Homonymy,Datisi,1,2,All stars have autographs,Some stars are red dwarfs,Some red dwarfs have autographs,NA,2418,Datisi,0,0,0,0
38_30,38,N1-c-M1,30,1,actors,Invalid Filler,Datisi*,1,2,All male leads are actors,Some actors are women,Some women are male leads,NA,4033,Datisi,0,0,0,0
38_31,38,N1-c-M1,31,1,widows,Valid Filler,Dimatis,1,2,Some parents are widows ,All widows are women,Some women are parents,NA,2190,Dimatis,1,1,0,0
38_32,38,N1-c-M1,32,0,injuries,Invalid Filler,Dimatis*,1,2,Some sunburns are injuries,All broken bones are injuries,Some broken bones are sunburns,NA,2328,Dimatis,0,1,0,0
38_33,38,N1-c-M1,33,1,dolls,Valid Filler,Darii,1,2,All dolls are man made,Some toys are dolls ,Some toys are man made,NA,2149,Darii,1,1,0,0
38_34,38,N1-c-M1,34,1,dances,Invalid Filler,Darii*,1,2,All ballets are dances ,Some mating rituals are dances ,Some mating rituals are ballets,NA,2775,Darii,0,0,0,0
38_35,38,N1-c-M1,35,1,singers,Valid Filler,Darii,1,2,All singers are vocalists ,Some guitarists are singers,Some guitarists are vocalists,NA,2635,Darii,1,1,0,0
38_36,38,N1-c-M1,36,1,burgers,Valid Filler,Disamis,1,2,Some burgers are overcooked ,All burgers are sandwiches,Some sandwiches are overcooked ,NA,1990,Disamis,1,1,0,0
38_37,38,N1-c-M1,37,0,Wave,Homonymy,Dimatis,1,2,Some gestures are waves,All waves are liquids,Some liquids are gestures,NA,2011,Dimatis,0,1,0,0
38_38,38,N1-c-M1,38,1,dresses,Invalid Filler,Darii*,1,2,All ball gowns are dresses ,Some cocktail outfits are dresses,Some cocktail outfits are ball gowns,NA,2996,Darii,0,0,0,0
38_39,38,N1-c-M1,39,1,doughnuts,Valid Filler,Darii,1,2,All doughnuts are sugary ,Some pastries are doughnuts ,Some pastries are sugary,NA,2260,Darii,1,1,0,0
38_40,38,N1-c-M1,40,1,trucks,Valid Filler,Dimatis,1,2,Some cars are trucks ,All trucks are vehicles,Some vehicles are cars ,NA,1899,Dimatis,1,1,0,0
38_41,38,N1-c-M1,41,0,novel,Polysemy,Darii,1,2,All novels are flammable,Some debuts are novels,Some debuts are flammable,NA,2761,Darii,0,1,0,0
38_42,38,N1-c-M1,42,1,clowns,Valid Filler,Darii,1,2,All clowns can juggle ,Some circus performers are clowns ,Some circus performers can juggle,NA,1793,Darii,1,1,0,0
38_43,38,N1-c-M1,43,0,board,Homonymy,Dimatis,1,2,Some governing organizations are boards,All boards are wooden planks,Some wooden planks are governing organizations,NA,2302,Dimatis,0,1,0,0
38_44,38,N1-c-M1,44,0,cabinet,Homonymy,Datisi,1,2,All cabinets are political appointments,Some cabinets are shelving units,Some shelving units are political appointments,NA,2292,Datisi,0,1,0,0
38_45,38,N1-c-M1,45,0,antiques,Invalid Filler,Darii*,1,2,All medieval manuscripts are antiques ,Some pieces of jewelry are antiques ,Some pieces of jewelry are medieval manuscripts,NA,2510,Darii,0,1,0,0
38_46,38,N1-c-M1,46,1,letter,Polysemy,Datisi,1,2,All letters have stamps,Some letters are rejections,Some rejections have stamps,NA,2981,Datisi,0,0,0,0
38_47,38,N1-c-M1,47,1,ponies,Valid Filler,Datisi,1,2,All ponies neigh,Some ponies are thoroughbreds,Some thoroughbreds neigh,NA,2579,Datisi,1,1,0,0
38_48,38,N1-c-M1,48,0,company,Polysemy,Dimatis,1,2,Some storefronts are companies,All companies are hierarchies,Some hierarchies are storefronts,NA,2130,Dimatis,0,1,0,0
38_49,38,N1-c-M1,49,0,bat,Homonymy,Darii,1,2,All bats share a common ancestor,Some sporting goods are bats,Some sporting goods share a common ancestor,NA,5196,Darii,0,1,0,0
38_50,38,N1-c-M1,50,1,funerals,Invalid Filler,Datisi*,1,2,All open-casket services are funerals,Some funerals are anonymous burials,Some anonymous burials are open-casket services,NA,2555,Datisi,0,0,0,0
38_51,38,N1-c-M1,51,1,stones,Invalid Filler,Datisi*,1,2,All pebbles are stones,Some stones are boulders,Some boulders are pebbles,NA,2884,Datisi,0,0,0,0
38_52,38,N1-c-M1,52,1,suitcases,Valid Filler,Dimatis,1,2,Some bags are suitcases,All suitcases are pieces of luggage,Some pieces of luggage are bags,NA,1943,Dimatis,1,1,0,0
38_53,38,N1-c-M1,53,1,change,Homonymy,Darii,1,2,All change is money,Some surprises are change,Some surprises are money,NA,2632,Darii,0,0,0,0
38_54,38,N1-c-M1,54,0,steaks,Invalid Filler,Disamis*,1,2,Some steaks are filet mignons,All ribeyes are steaks,Some ribeyes are filet mignons,NA,2456,Disamis,0,1,0,0
38_55,38,N1-c-M1,55,0,colors,Invalid Filler,Disamis*,1,2,Some colors are primary ,All shades of purple are colors ,Some shades of purple are primary,NA,2835,Disamis,0,1,0,0
38_56,38,N1-c-M1,56,1,city,Polysemy,Datisi,1,2,All cities are bureaucracies,Some cities are graffitied places,Some graffitied places are bureaucracies,NA,3488,Datisi,0,0,0,0
39_1,39,N1-c-M1,1,0,board,Homonymy,Darii,3,1,All boards are wooden planks,Some governing organizations are boards,Some governing organizations are wooden planks,NA,6308,Darii,0,1,0,0
39_2,39,N1-c-M1,2,1,swords,Valid Filler,Datisi,3,1,All swords are weapons,Some swords are museum pieces,Some museum pieces are weapons,NA,5354,Datisi,1,1,0,0
39_3,39,N1-c-M1,3,0,Wave,Homonymy,Darii,3,1,All waves are water,Some gestures are waves,Some gestures are water,NA,2231,Darii,0,1,0,0
39_4,39,N1-c-M1,4,0,colors,Invalid Filler,Datisi*,3,1,All shades of neon green are colors ,Some colors are pastels,Some pastels are shades of neon green ,NA,4163,Datisi,0,1,0,0
39_5,39,N1-c-M1,5,1,shapes,Invalid Filler,Datisi*,3,1,All road signs are shapes,Some shapes are cylinders,Some cylinders are road signs,NA,4212,Datisi,0,0,0,0
39_6,39,N1-c-M1,6,1,dolls,Valid Filler,Dimatis,3,1,Some toys are dolls ,All dolls are man made objects,Some man made objects are toys,NA,6196,Dimatis,1,1,0,0
39_7,39,N1-c-M1,7,0,steaks,Invalid Filler,Datisi*,3,1,All rotten ribeyes are steaks,Some steaks are delicious meals,Some delicious meals are rotten ribeyes,NA,3743,Datisi,0,1,0,0
39_8,39,N1-c-M1,8,0,company,Polysemy,Darii,3,1,All companies are buildings,Some tech giants are companies,Some tech giants are buildings,NA,3624,Darii,0,1,0,0
39_9,39,N1-c-M1,9,0,thieves,Invalid Filler,Darii*,3,1,All mob bosses are thieves,Some children are thieves,Some children are mob bosses,NA,3182,Darii,0,1,0,0
39_10,39,N1-c-M1,10,1,dinner,Polysemy,Datisi,3,1,All dinners happen after four o'clock,Some dinners are meatloafs,Some meatloafs happen after four o'clock,NA,4205,Datisi,0,0,0,0
39_11,39,N1-c-M1,11,0,cabinet,Homonymy,Disamis,3,1,Some cabinets are antique furniture,All cabinets are political appointments,Some political appointments are antique furniture,NA,4246,Disamis,0,1,0,0
39_12,39,N1-c-M1,12,1,mugs,Valid Filler,Disamis,3,1,Some mugs are ceramics,All mugs are cups ,Some cups are ceramics,NA,2710,Disamis,1,1,0,0
39_13,39,N1-c-M1,13,0,suit,Homonymy,Datisi,3,1,All suits are dress attire,Some suits are court proceedings,Some court proceedings are dress attire,NA,5059,Datisi,0,1,0,0
39_14,39,N1-c-M1,14,0,city,Polysemy,Disamis,3,1,Some cities are corrupt,All cities are groups of buildings,Some groups of buildings are corrupt,NA,2985,Disamis,0,1,0,0
39_15,39,N1-c-M1,15,0,mothers,Invalid Filler,Dimatis*,3,1,Some teens are mothers,All grandmas are mothers ,Some grandmas are teens,NA,2603,Dimatis,0,1,0,0
39_16,39,N1-c-M1,16,1,school,Polysemy,Datisi,3,1,All schools have hallways,Some schools are employers,Some employers have hallways,NA,5547,Datisi,0,0,0,0
39_17,39,N1-c-M1,17,1,widows,Valid Filler,Darii,3,1,All widows are women,Some parents are widows ,Some parents are women,NA,2026,Darii,1,1,0,0
39_18,39,N1-c-M1,18,0,change,Homonymy,Dimatis,3,1,Some transformation is change,All change is money,Some money is transformation,NA,4256,Dimatis,0,1,0,0
39_19,39,N1-c-M1,19,1,clowns,Valid Filler,Dimatis,3,1,Some jugglers are clowns ,All clowns are performers,Some performers are jugglers,NA,2218,Dimatis,1,1,0,0
39_20,39,N1-c-M1,20,0,book,Polysemy,Darii,3,1,All books are bound,Some exposés are books,Some exposés are bound,NA,3895,Darii,0,1,0,0
39_21,39,N1-c-M1,21,0,spices,Invalid Filler,Darii*,3,1,All mustard seeds are spices,Some dried roots are spices ,Some dried roots are mustard seeds,NA,4241,Darii,0,1,0,0
39_22,39,N1-c-M1,22,1,poets,Valid Filler,Disamis,3,1,Some poets are teachers,All poets are writers ,Some writers are teachers,NA,2244,Disamis,1,1,0,0
39_23,39,N1-c-M1,23,1,college,Polysemy,Dimatis,3,1,Some funding sources are colleges,All colleges are places filled with desks,Some places filled with desks are funding sources,NA,5687,Dimatis,0,0,0,0
39_24,39,N1-c-M1,24,1,suitcases,Valid Filler,Darii,3,1,All suitcases are luggage,Some bags are suitcases,Some bags are luggage,NA,4071,Darii,1,1,0,0
39_25,39,N1-c-M1,25,0,match,Homonymy,Datisi,3,1,All matches are combustible,Some matches are pay-per-view broadcasts,Some pay-per-view broadcasts are combustible,NA,3073,Datisi,0,1,0,0
39_26,39,N1-c-M1,26,0,antiques,Invalid Filler,Dimatis*,3,1,Some pieces of jewelry are antiques,All medieval manuscripts are antiques  ,Some medieval manuscripts are pieces of jewelry,NA,3784,Dimatis,0,1,0,0
39_27,39,N1-c-M1,27,0,magazines,Polysemy,Datisi,3,1,All magazines are recyclable,Some magazines are media corporations ,Some media corporations are recyclable,NA,2218,Datisi,0,1,0,0
39_28,39,N1-c-M1,28,1,statues,Valid Filler,Disamis,3,1,Some statues are bronzes,All statues are sculptures,Some sculptures are bronzes,NA,1955,Disamis,1,1,0,0
39_29,39,N1-c-M1,29,0,lunch,Polysemy,Darii,3,1,All lunches are breaks,Some sandwiches are lunches,Some sandwiches are breaks ,NA,2281,Darii,0,1,0,0
39_30,39,N1-c-M1,30,0,bat,Homonymy,Dimatis,3,1,Some sporting goods are bats,All bats are animals,Some animals are sporting goods,NA,1899,Dimatis,0,1,0,0
39_31,39,N1-c-M1,31,1,doughnuts,Valid Filler,Dimatis,3,1,Some pastries are doughnuts ,All doughnuts are sugary foods,Some sugary foods are pastries,NA,2211,Dimatis,1,1,0,0
39_32,39,N1-c-M1,32,0,dresses,Invalid Filler,Dimatis*,3,1,Some cocktail outfits are dresses,All ball gowns are dresses ,Some ball gowns are cocktail outfits,NA,2435,Dimatis,0,1,0,0
39_33,39,N1-c-M1,33,1,ponies,Valid Filler,Disamis,3,1,Some ponies are thoroughbreds,All ponies are neighing animals,Some neighing animals are thoroughbreds,NA,4404,Disamis,1,1,0,0
39_34,39,N1-c-M1,34,1,funerals,Invalid Filler,Disamis*,3,1,Some funerals are family gatherings,All anonymous burials are funerals,Some anonymous burials are family gatherings,NA,3709,Disamis,0,0,0,0
39_35,39,N1-c-M1,35,0,star,Homonymy,Disamis,3,1,Some stars are red dwarfs,All stars are famous people,Some famous people are red dwarfs,NA,3444,Disamis,0,1,0,0
39_36,39,N1-c-M1,36,0,ring,Homonymy,Dimatis,3,1,Some accessories are rings,All rings are sounds,Some sounds are accessories,NA,1722,Dimatis,0,1,0,0
39_37,39,N1-c-M1,37,1,picnic,Polysemy,Disamis,3,1,Some picnics are romantic,All picnics are prepared foods,Some prepared foods are romantic,NA,4655,Disamis,0,0,0,0
39_38,39,N1-c-M1,38,1,liars,Valid Filler,Darii,3,1,All liars are humans,Some criminals are liars ,Some criminals are humans,NA,1710,Darii,1,1,0,0
39_39,39,N1-c-M1,39,0,breakfast,Polysemy,Dimatis,3,1,Some meetings are breakfasts,All breakfasts are nutrients,Some nutrients are meetings,NA,1750,Dimatis,0,1,0,0
39_40,39,N1-c-M1,40,1,grapes,Valid Filler,Datisi,3,1,All grapes are fruits,Some grapes are snacks,Some snacks are fruits ,NA,1953,Datisi,1,1,0,0
39_41,39,N1-c-M1,41,0,ruler,Homonymy,Datisi,3,1,All rulers are standard lengths,Some rulers are queens,Some queens are standard lengths,NA,3111,Datisi,0,1,0,0
39_42,39,N1-c-M1,42,1,toilets,Invalid Filler,Datisi*,3,1,All outhouses are toilets,Some toilets are urinals ,Some urinals are outhouses,NA,2948,Datisi,0,0,0,0
39_43,39,N1-c-M1,43,1,burgers,Valid Filler,Datisi,3,1,All burgers have protein,Some burgers are drive-thru orders,Some drive-thru orders have protein,NA,2855,Datisi,1,1,0,0
39_44,39,N1-c-M1,44,0,dances,Invalid Filler,Dimatis*,3,1,Some mating rituals are dances,All ballets are dances ,Some ballets are mating rituals ,NA,3282,Dimatis,0,1,0,0
39_45,39,N1-c-M1,45,0,rock,Homonymy,Disamis,3,1,Some rock is marble,All rock is music,Some music is marble,NA,1899,Disamis,0,1,0,0
39_46,39,N1-c-M1,46,1,rifles,Valid Filler,Datisi,3,1,All rifles are guns,Some rifles are safety hazards,Some safety hazards are guns,NA,3117,Datisi,1,1,0,0
39_47,39,N1-c-M1,47,0,injuries,Invalid Filler,Darii*,3,1,All broken bones are injuries,Some sunburns are injuries,Some sunburns are broken bones,NA,2632,Darii,0,1,0,0
39_48,39,N1-c-M1,48,0,stones,Invalid Filler,Disamis*,3,1,Some stones are pebbles,All boulders are stones,Some boulders are pebbles,NA,2941,Disamis,0,1,0,0
39_49,39,N1-c-M1,49,1,trucks,Valid Filler,Darii,3,1,All trucks are vehicles,Some cars are trucks ,Some cars are vehicles,NA,1843,Darii,1,1,0,0
39_50,39,N1-c-M1,50,0,actors,Invalid Filler,Disamis*,3,1,Some actors are women,All male leads are actors,Some male leads are women,NA,5834,Disamis,0,1,0,0
39_51,39,N1-c-M1,51,1,singers,Valid Filler,Dimatis,3,1,Some YouTubers are singers,All singers are musicians,Some musicians are YouTubers,NA,2358,Dimatis,1,1,0,0
39_52,39,N1-c-M1,52,0,novel,Polysemy,Dimatis,3,1,Some flammable objects are novels,All novels are fictions,Some fictions are flammable objects,NA,1979,Dimatis,0,1,0,0
39_53,39,N1-c-M1,53,0,letter,Polysemy,Disamis,3,1,Some letters are crumpled,All letters are communications,Some communications are crumpled,NA,2807,Disamis,0,1,0,0
39_54,39,N1-c-M1,54,0,sausages,Invalid Filler,Disamis*,3,1,Some sausages are chili dogs,All pepperonis are sausages,Some pepperonis are chili dogs,NA,2412,Disamis,0,1,0,0
39_55,39,N1-c-M1,55,0,peppers,Invalid Filler,Darii*,3,1,All jalapenos are peppers ,Some yellow vegetables are peppers,Some yellow vegetables are jalapenos,NA,3546,Darii,0,1,0,0
39_56,39,N1-c-M1,56,0,ball,Homonymy,Darii,3,1,All balls are toys,Some birthday parties are balls,Some senior proms are toys,NA,2611,Darii,0,1,0,0
40_1,40,N1-c-M1,1,1,letter,Polysemy,Disamis,3,2,Some letters are crumpled,All letters are communications,Some communications are crumpled,NA,5551,Disamis,0,0,0,0
40_2,40,N1-c-M1,2,1,toilets,Invalid Filler,Datisi*,3,2,All outhouses are toilets,Some toilets are urinals ,Some urinals are outhouses,NA,3903,Datisi,0,0,0,0
40_3,40,N1-c-M1,3,1,dresses,Invalid Filler,Dimatis*,3,2,Some cocktail outfits are dresses,All ball gowns are dresses ,Some ball gowns are cocktail outfits,NA,6520,Dimatis,0,0,0,0
40_4,40,N1-c-M1,4,0,stones,Invalid Filler,Disamis*,3,2,Some stones are pebbles,All boulders are stones,Some boulders are pebbles,NA,2240,Disamis,0,1,0,0
40_5,40,N1-c-M1,5,1,cabinet,Homonymy,Disamis,3,2,Some cabinets are antique furniture,All cabinets are political appointments,Some political appointments are antique furniture,NA,9528,Disamis,0,0,0,0
40_6,40,N1-c-M1,6,0,sausages,Invalid Filler,Disamis*,3,2,Some sausages are chili dogs,All pepperonis are sausages,Some pepperonis are chili dogs,NA,2719,Disamis,0,1,0,0
40_7,40,N1-c-M1,7,1,rifles,Valid Filler,Datisi,3,2,All rifles are guns,Some rifles are safety hazards,Some safety hazards are guns,NA,9055,Datisi,1,1,0,0
40_8,40,N1-c-M1,8,1,dances,Invalid Filler,Dimatis*,3,2,Some mating rituals are dances,All ballets are dances ,Some ballets are mating rituals ,NA,3464,Dimatis,0,0,0,0
40_9,40,N1-c-M1,9,1,lunch,Polysemy,Darii,3,2,All lunches are breaks,Some sandwiches are lunches,Some sandwiches are breaks ,NA,3703,Darii,0,0,0,0
40_10,40,N1-c-M1,10,1,dinner,Polysemy,Datisi,3,2,All dinners happen after four o'clock,Some dinners are meatloafs,Some meatloafs happen after four o'clock,NA,3672,Datisi,0,0,0,0
40_11,40,N1-c-M1,11,1,rock,Homonymy,Disamis,3,2,Some rock is marble,All rock is music,Some music is marble,NA,6528,Disamis,0,0,0,0
40_12,40,N1-c-M1,12,0,ring,Homonymy,Dimatis,3,2,Some accessories are rings,All rings are sounds,Some sounds are accessories,NA,2376,Dimatis,0,1,0,0
40_13,40,N1-c-M1,13,1,company,Polysemy,Darii,3,2,All companies are buildings,Some tech giants are companies,Some tech giants are buildings,NA,2792,Darii,0,0,0,0
40_14,40,N1-c-M1,14,1,picnic,Polysemy,Disamis,3,2,Some picnics are romantic,All picnics are prepared foods,Some prepared foods are romantic,NA,2112,Disamis,0,0,0,0
40_15,40,N1-c-M1,15,1,dolls,Valid Filler,Dimatis,3,2,Some toys are dolls ,All dolls are man made objects,Some man made objects are toys,NA,3024,Dimatis,1,1,0,0
40_16,40,N1-c-M1,16,1,grapes,Valid Filler,Datisi,3,2,All grapes are fruits,Some grapes are snacks,Some snacks are fruits ,NA,2184,Datisi,1,1,0,0
40_17,40,N1-c-M1,17,1,suit,Homonymy,Datisi,3,2,All suits are dress attire,Some suits are court proceedings,Some court proceedings are dress attire,NA,6336,Datisi,0,0,0,0
40_18,40,N1-c-M1,18,0,ball,Homonymy,Darii,3,2,All balls are toys,Some birthday parties are balls,Some senior proms are toys,NA,2527,Darii,0,1,0,0
40_19,40,N1-c-M1,19,0,star,Homonymy,Disamis,3,2,Some stars are red dwarfs,All stars are famous people,Some famous people are red dwarfs,NA,4480,Disamis,0,1,0,0
40_20,40,N1-c-M1,20,1,mugs,Valid Filler,Disamis,3,2,Some mugs are ceramics,All mugs are cups ,Some cups are ceramics,NA,2351,Disamis,1,1,0,0
40_21,40,N1-c-M1,21,0,mothers,Invalid Filler,Dimatis*,3,2,Some teens are mothers,All grandmas are mothers ,Some grandmas are teens,NA,3863,Dimatis,0,1,0,0
40_22,40,N1-c-M1,22,0,breakfast,Polysemy,Dimatis,3,2,Some meetings are breakfasts,All breakfasts are nutrients,Some nutrients are meetings,NA,2511,Dimatis,0,1,0,0
40_23,40,N1-c-M1,23,1,swords,Valid Filler,Datisi,3,2,All swords are weapons,Some swords are museum pieces,Some museum pieces are weapons,NA,2143,Datisi,1,1,0,0
40_24,40,N1-c-M1,24,1,statues,Valid Filler,Disamis,3,2,Some statues are bronzes,All statues are sculptures,Some sculptures are bronzes,NA,4088,Disamis,1,1,0,0
40_25,40,N1-c-M1,25,1,thieves,Invalid Filler,Darii*,3,2,All mob bosses are thieves,Some children are thieves,Some children are mob bosses,NA,4384,Darii,0,0,0,0
40_26,40,N1-c-M1,26,1,city,Polysemy,Disamis,3,2,Some cities are corrupt,All cities are groups of buildings,Some groups of buildings are corrupt,NA,2807,Disamis,0,0,0,0
40_27,40,N1-c-M1,27,0,novel,Polysemy,Dimatis,3,2,Some flammable objects are novels,All novels are fictions,Some fictions are flammable objects,NA,2631,Dimatis,0,1,0,0
40_28,40,N1-c-M1,28,1,poets,Valid Filler,Disamis,3,2,Some poets are teachers,All poets are writers ,Some writers are teachers,NA,1512,Disamis,1,1,0,0
40_29,40,N1-c-M1,29,0,match,Homonymy,Datisi,3,2,All matches are combustible,Some matches are pay-per-view broadcasts,Some pay-per-view broadcasts are combustible,NA,2807,Datisi,0,1,0,0
40_30,40,N1-c-M1,30,0,colors,Invalid Filler,Datisi*,3,2,All shades of neon green are colors ,Some colors are pastels,Some pastels are shades of neon green ,NA,2503,Datisi,0,1,0,0
40_31,40,N1-c-M1,31,1,singers,Valid Filler,Dimatis,3,2,Some YouTubers are singers,All singers are musicians,Some musicians are YouTubers,NA,2575,Dimatis,1,1,0,0
40_32,40,N1-c-M1,32,0,antiques,Invalid Filler,Dimatis*,3,2,Some pieces of jewelry are antiques,All medieval manuscripts are antiques  ,Some medieval manuscripts are pieces of jewelry,NA,2503,Dimatis,0,1,0,0
40_33,40,N1-c-M1,33,1,liars,Valid Filler,Darii,3,2,All liars are humans,Some criminals are liars ,Some criminals are humans,NA,1528,Darii,1,1,0,0
40_34,40,N1-c-M1,34,0,peppers,Invalid Filler,Darii*,3,2,All jalapenos are peppers ,Some yellow vegetables are peppers,Some yellow vegetables are jalapenos,NA,2310,Darii,0,1,0,0
40_35,40,N1-c-M1,35,1,widows,Valid Filler,Darii,3,2,All widows are women,Some parents are widows ,Some parents are women,NA,2071,Darii,1,1,0,0
40_36,40,N1-c-M1,36,1,ponies,Valid Filler,Disamis,3,2,Some ponies are thoroughbreds,All ponies are neighing animals,Some neighing animals are thoroughbreds,NA,2927,Disamis,1,1,0,0
40_37,40,N1-c-M1,37,1,change,Homonymy,Dimatis,3,2,Some transformation is change,All change is money,Some money is transformation,NA,2903,Dimatis,0,0,0,0
40_38,40,N1-c-M1,38,0,spices,Invalid Filler,Darii*,3,2,All mustard seeds are spices,Some dried roots are spices ,Some dried roots are mustard seeds,NA,4527,Darii,0,1,0,0
40_39,40,N1-c-M1,39,1,trucks,Valid Filler,Darii,3,2,All trucks are vehicles,Some cars are trucks ,Some cars are vehicles,NA,1535,Darii,1,1,0,0
40_40,40,N1-c-M1,40,1,doughnuts,Valid Filler,Dimatis,3,2,Some pastries are doughnuts ,All doughnuts are sugary foods,Some sugary foods are pastries,NA,2223,Dimatis,1,1,0,0
40_41,40,N1-c-M1,41,0,book,Polysemy,Darii,3,2,All books are bound,Some exposés are books,Some exposés are bound,NA,4207,Darii,0,1,0,0
40_42,40,N1-c-M1,42,1,suitcases,Valid Filler,Darii,3,2,All suitcases are luggage,Some bags are suitcases,Some bags are luggage,NA,1407,Darii,1,1,0,0
40_43,40,N1-c-M1,43,0,bat,Homonymy,Dimatis,3,2,Some sporting goods are bats,All bats are animals,Some animals are sporting goods,NA,2271,Dimatis,0,1,0,0
40_44,40,N1-c-M1,44,0,ruler,Homonymy,Datisi,3,2,All rulers are standard lengths,Some rulers are queens,Some queens are standard lengths,NA,3439,Datisi,0,1,0,0
40_45,40,N1-c-M1,45,0,injuries,Invalid Filler,Darii*,3,2,All broken bones are injuries,Some sunburns are injuries,Some sunburns are broken bones,NA,2167,Darii,0,1,0,0
40_46,40,N1-c-M1,46,0,magazines,Polysemy,Datisi,3,2,All magazines are recyclable,Some magazines are media corporations ,Some media corporations are recyclable,NA,2847,Datisi,0,1,0,0
40_47,40,N1-c-M1,47,1,burgers,Valid Filler,Datisi,3,2,All burgers have protein,Some burgers are drive-thru orders,Some drive-thru orders have protein,NA,2695,Datisi,1,1,0,0
40_48,40,N1-c-M1,48,1,college,Polysemy,Dimatis,3,2,Some funding sources are colleges,All colleges are places filled with desks,Some places filled with desks are funding sources,NA,1967,Dimatis,0,0,0,0
40_49,40,N1-c-M1,49,1,board,Homonymy,Darii,3,2,All boards are wooden planks,Some governing organizations are boards,Some governing organizations are wooden planks,NA,10399,Darii,0,0,0,0
40_50,40,N1-c-M1,50,0,steaks,Invalid Filler,Datisi*,3,2,All rotten ribeyes are steaks,Some steaks are delicious meals,Some delicious meals are rotten ribeyes,NA,3167,Datisi,0,1,0,0
40_51,40,N1-c-M1,51,0,shapes,Invalid Filler,Datisi*,3,2,All road signs are shapes,Some shapes are cylinders,Some cylinders are road signs,NA,2375,Datisi,0,1,0,0
40_52,40,N1-c-M1,52,1,clowns,Valid Filler,Dimatis,3,2,Some jugglers are clowns ,All clowns are performers,Some performers are jugglers,NA,1831,Dimatis,1,1,0,0
40_53,40,N1-c-M1,53,0,Wave,Homonymy,Darii,3,2,All waves are water,Some gestures are waves,Some gestures are water,NA,1783,Darii,0,1,0,0
40_54,40,N1-c-M1,54,0,funerals,Invalid Filler,Disamis*,3,2,Some funerals are family gatherings,All anonymous burials are funerals,Some anonymous burials are family gatherings,NA,2823,Disamis,0,1,0,0
40_55,40,N1-c-M1,55,1,actors,Invalid Filler,Disamis*,3,2,Some actors are women,All male leads are actors,Some male leads are women,NA,4831,Disamis,0,0,0,0
40_56,40,N1-c-M1,56,1,school,Polysemy,Datisi,3,2,All schools have hallways,Some schools are employers,Some employers have hallways,NA,4079,Datisi,0,0,0,0
41_1,41,N1-c-M1,1,0,bat,Homonymy,Darii,1,1,All bats share a common ancestor,Some sporting goods are bats,Some sporting goods share a common ancestor,NA,12989,Darii,0,1,0,0
41_2,41,N1-c-M1,2,1,mugs,Valid Filler,Datisi,1,1,All mugs are cups ,Some mugs are ceramics,Some ceramics are cups ,NA,42337,Datisi,1,1,0,0
41_3,41,N1-c-M1,3,0,change,Homonymy,Darii,1,1,All change is money,Some surprises are change,Some surprises are money,NA,11454,Darii,0,1,0,0
41_4,41,N1-c-M1,4,1,actors,Invalid Filler,Datisi*,1,1,All male leads are actors,Some actors are women,Some women are male leads,NA,40247,Datisi,0,0,0,0
41_5,41,N1-c-M1,5,1,stones,Invalid Filler,Datisi*,1,1,All pebbles are stones,Some stones are boulders,Some boulders are pebbles,NA,6429,Datisi,0,0,0,0
41_6,41,N1-c-M1,6,1,liars,Valid Filler,Dimatis,1,1,Some criminals are liars ,All liars are humans,Some humans are criminals ,NA,4802,Dimatis,1,1,0,0
41_7,41,N1-c-M1,7,1,funerals,Invalid Filler,Datisi*,1,1,All open-casket services are funerals,Some funerals are anonymous burials,Some anonymous burials are open-casket services,NA,8606,Datisi,0,0,0,0
41_8,41,N1-c-M1,8,0,college,Polysemy,Darii,1,1,All colleges grant degrees,Some historic buildings are colleges,Some historic buildings grant degrees,NA,6059,Darii,0,1,0,0
41_9,41,N1-c-M1,9,0,mothers,Invalid Filler,Darii*,1,1,All grandmothers are mothers,Some teens are mothers,Some teens are grandmothers,NA,8864,Darii,0,1,0,0
41_10,41,N1-c-M1,10,0,picnic,Polysemy,Datisi,1,1,All picnics happen in nature,Some picnics are salads,Some salads happen in nature,NA,5090,Datisi,0,1,0,0
41_11,41,N1-c-M1,11,0,ruler,Homonymy,Disamis,1,1,Some rulers are kings,All rulers are standard lengths,Some standard lengths are kings,NA,5432,Disamis,0,1,0,0
41_12,41,N1-c-M1,12,1,swords,Valid Filler,Disamis,1,1,Some swords are decorative,All swords are weapons ,Some weapons are decorative ,NA,13503,Disamis,1,1,0,0
41_13,41,N1-c-M1,13,0,rock,Homonymy,Datisi,1,1,All rock has guitars,Some rock is marble,Some marble has guitars,NA,4405,Datisi,0,1,0,0
41_14,41,N1-c-M1,14,0,school,Polysemy,Disamis,1,1,Some schools are rectangular,All schools are employers,Some employers are rectangular,NA,5787,Disamis,0,1,0,0
41_15,41,N1-c-M1,15,1,thieves,Invalid Filler,Dimatis*,1,1,Some children are thieves,All mob bosses are thieves,Some mob bosses are children,NA,11412,Dimatis,0,0,0,0
41_16,41,N1-c-M1,16,1,city,Polysemy,Datisi,1,1,All cities are bureaucracies,Some cities are graffitied places,Some graffitied places are bureaucracies,NA,5566,Datisi,0,0,0,0
41_17,41,N1-c-M1,17,1,singers,Valid Filler,Darii,1,1,All singers are vocalists ,Some guitarists are singers,Some guitarists are vocalists,NA,6886,Darii,1,1,0,0
41_18,41,N1-c-M1,18,0,Wave,Homonymy,Dimatis,1,1,Some gestures are waves,All waves are liquids,Some liquids are gestures,NA,11527,Dimatis,0,1,0,0
41_19,41,N1-c-M1,19,1,suitcases,Valid Filler,Dimatis,1,1,Some bags are suitcases,All suitcases are pieces of luggage,Some pieces of luggage are bags,NA,10274,Dimatis,1,1,0,0
41_20,41,N1-c-M1,20,0,novel,Polysemy,Darii,1,1,All novels are flammable,Some debuts are novels,Some debuts are flammable,NA,32426,Darii,0,1,0,0
41_21,41,N1-c-M1,21,0,dresses,Invalid Filler,Darii*,1,1,All ball gowns are dresses ,Some cocktail outfits are dresses,Some cocktail outfits are ball gowns,NA,32768,Darii,0,1,0,0
41_22,41,N1-c-M1,22,1,grapes,Valid Filler,Disamis,1,1,Some grapes are red ,All grapes are fruits ,Some fruits are red ,NA,5788,Disamis,1,1,0,0
41_23,41,N1-c-M1,23,1,company,Polysemy,Dimatis,1,1,Some storefronts are companies,All companies are hierarchies,Some hierarchies are storefronts,NA,9083,Dimatis,0,0,0,0
41_24,41,N1-c-M1,24,1,clowns,Valid Filler,Darii,1,1,All clowns can juggle ,Some circus performers are clowns ,Some circus performers can juggle,NA,39816,Darii,1,1,0,0
41_25,41,N1-c-M1,25,0,star,Homonymy,Datisi,1,1,All stars have autographs,Some stars are red dwarfs,Some red dwarfs have autographs,NA,34685,Datisi,0,1,0,0
41_26,41,N1-c-M1,26,1,injuries,Invalid Filler,Dimatis*,1,1,Some sunburns are injuries,All broken bones are injuries,Some broken bones are sunburns,NA,8804,Dimatis,0,0,0,0
41_27,41,N1-c-M1,27,1,letter,Polysemy,Datisi,1,1,All letters have stamps,Some letters are rejections,Some rejections have stamps,NA,5782,Datisi,0,0,0,0
41_28,41,N1-c-M1,28,1,rifles,Valid Filler,Disamis,1,1,Some rifles are for hunting,All rifles are guns ,Some guns are for hunting,NA,3912,Disamis,1,1,0,0
41_29,41,N1-c-M1,29,0,breakfast,Polysemy,Darii,1,1,All breakfasts are under three hours,Some smoothies are breakfasts,Some smoothies are under three hours,NA,6965,Darii,0,1,0,0
41_30,41,N1-c-M1,30,0,board,Homonymy,Dimatis,1,1,Some governing organizations are boards,All boards are wooden planks,Some wooden planks are governing organizations,NA,9714,Dimatis,0,1,0,0
41_31,41,N1-c-M1,31,1,trucks,Valid Filler,Dimatis,1,1,Some cars are trucks ,All trucks are vehicles,Some vehicles are cars ,NA,5157,Dimatis,1,1,0,0
41_32,41,N1-c-M1,32,1,spices,Invalid Filler,Dimatis*,1,1,Some dried roots are spices ,All mustard seeds are spices ,Some mustard seeds are dried roots,NA,4281,Dimatis,0,0,0,0
41_33,41,N1-c-M1,33,1,burgers,Valid Filler,Disamis,1,1,Some burgers are overcooked ,All burgers are sandwiches,Some sandwiches are overcooked ,NA,3461,Disamis,1,1,0,0
41_34,41,N1-c-M1,34,1,steaks,Invalid Filler,Disamis*,1,1,Some steaks are filet mignons,All ribeyes are steaks,Some ribeyes are filet mignons,NA,25730,Disamis,0,0,0,0
41_35,41,N1-c-M1,35,0,match,Homonymy,Disamis,1,1,Some matches are pay-per-view,All matches are fire starters,Some fire starters are pay-per-view,NA,10678,Disamis,0,1,0,0
41_36,41,N1-c-M1,36,0,ball,Homonymy,Dimatis,1,1,Some parties are balls,All balls are toys,Some toys are parties,NA,4788,Dimatis,0,1,0,0
41_37,41,N1-c-M1,37,0,dinner,Polysemy,Disamis,1,1,Some dinners are black tie,All dinners are foods,Some foods are black tie,NA,6966,Disamis,0,1,0,0
41_38,41,N1-c-M1,38,1,dolls,Valid Filler,Darii,1,1,All dolls are man made,Some toys are dolls ,Some toys are man made,NA,4535,Darii,1,1,0,0
41_39,41,N1-c-M1,39,0,lunch,Polysemy,Dimatis,1,1,Some breaks are lunches,All lunches are foods,Some foods are breaks,NA,4609,Dimatis,0,1,0,0
41_40,41,N1-c-M1,40,1,poets,Valid Filler,Datisi,1,1,All poets are writers ,Some poets are teachers,Some teachers are writers,NA,4390,Datisi,1,1,0,0
41_41,41,N1-c-M1,41,0,cabinet,Homonymy,Datisi,1,1,All cabinets are political appointments,Some cabinets are shelving units,Some shelving units are political appointments,NA,4885,Datisi,0,1,0,0
41_42,41,N1-c-M1,42,0,sausages,Invalid Filler,Datisi*,1,1,All chili dogs are sausages,Some sausages are salamis,Some salamis are chili dogs,NA,5660,Datisi,0,1,0,0
41_43,41,N1-c-M1,43,1,ponies,Valid Filler,Datisi,1,1,All ponies neigh,Some ponies are thoroughbreds,Some thoroughbreds neigh,NA,5266,Datisi,1,1,0,0
41_44,41,N1-c-M1,44,1,peppers,Invalid Filler,Dimatis*,1,1,Some yellow vegetables are peppers ,All jalapenos are peppers,Some jalapenos are yellow vegetables,NA,5238,Dimatis,0,0,0,0
41_45,41,N1-c-M1,45,1,suit,Homonymy,Disamis,1,1,Some suits have multiple defendants,All suits are dress attire,Some dress attire has multiple defendants,NA,7097,Disamis,0,0,0,0
41_46,41,N1-c-M1,46,0,statues,Valid Filler,Datisi,1,1,All statues are sculptures,Some statues are bronzes,Some bronzes are sculptures,NA,5142,Datisi,1,0,0,0
41_47,41,N1-c-M1,47,1,antiques,Invalid Filler,Darii*,1,1,All medieval manuscripts are antiques ,Some pieces of jewelry are antiques ,Some pieces of jewelry are medieval manuscripts,NA,4937,Darii,0,0,0,0
41_48,41,N1-c-M1,48,0,shapes,Invalid Filler,Disamis*,1,1,Some shapes are triangles,All squares are shapes,Some squares are triangles,NA,4812,Disamis,0,1,0,0
41_49,41,N1-c-M1,49,1,doughnuts,Valid Filler,Darii,1,1,All doughnuts are sugary ,Some pastries are doughnuts ,Some pastries are sugary,NA,4638,Darii,1,1,0,0
41_50,41,N1-c-M1,50,0,colors,Invalid Filler,Disamis*,1,1,Some colors are primary ,All shades of purple are colors ,Some shades of purple are primary,NA,4333,Disamis,0,1,0,0
41_51,41,N1-c-M1,51,1,widows,Valid Filler,Dimatis,1,1,Some parents are widows ,All widows are women,Some women are parents,NA,3993,Dimatis,1,1,0,0
41_52,41,N1-c-M1,52,1,book,Polysemy,Dimatis,1,1,Some doorstops are books,All books are pieces of intellectual property,Some pieces of intellectual property are doorstops,NA,9752,Dimatis,0,0,0,0
41_53,41,N1-c-M1,53,0,magazines,Polysemy,Disamis,1,1,Some magazines are coffee-stained,All magazines are subscriptions,Some subscriptions are coffee-stained,NA,6291,Disamis,0,1,0,0
41_54,41,N1-c-M1,54,1,toilets,Invalid Filler,Disamis*,1,1,Some toilets are coed,All urinals are toilets,Some urinals are coed,NA,3186,Disamis,0,0,0,0
41_55,41,N1-c-M1,55,0,dances,Invalid Filler,Darii*,1,1,All ballets are dances ,Some mating rituals are dances ,Some mating rituals are ballets,NA,6112,Darii,0,1,0,0
41_56,41,N1-c-M1,56,1,ring,Homonymy,Darii,1,1,All rings are sounds,Some accessories are rings,Some accessories are sounds,NA,4718,Darii,0,0,0,0
42_1,42,N1-c-M1,1,0,novel,Polysemy,Disamis,2,2,Some novels weigh over a pound,All novels are stories,Some stories weigh over a pound,NA,6403,Disamis,0,1,0,0
42_2,42,N1-c-M1,2,0,thieves,Invalid Filler,Datisi*,2,2,All mob bosses are thieves,Some thieves are children,Some children are mob bosses,NA,4590,Datisi,0,1,0,0
42_3,42,N1-c-M1,3,0,steaks,Invalid Filler,Dimatis*,2,2,Some delicious entrées are steaks,All rotten ribeyes are steaks,Some rotten ribeyes are delicious entrées,NA,8241,Dimatis,0,1,0,0
42_4,42,N1-c-M1,4,0,dances,Invalid Filler,Disamis*,2,2,Some dances are mating rituals ,All ballets are dances,Some ballets are mating rituals ,NA,5019,Disamis,0,1,0,0
42_5,42,N1-c-M1,5,0,ring,Homonymy,Disamis,2,2,Some rings are made of gold,All rings are sounds,Some sounds are made of gold,NA,3905,Disamis,0,1,0,0
42_6,42,N1-c-M1,6,0,mothers,Invalid Filler,Disamis*,2,2,Some mothers are teens,All grandmas are mothers,Some grandmas are teens,NA,4389,Disamis,0,1,0,0
42_7,42,N1-c-M1,7,1,suitcases,Valid Filler,Datisi,2,2,All suitcases are pieces of luggage,Some suitcases are bags,Some bags are pieces of luggage,NA,3458,Datisi,1,1,0,0
42_8,42,N1-c-M1,8,0,shapes,Invalid Filler,Dimatis*,2,2,Some road signs are shapes,All cylinders are shapes,Some cylinders are road signs,NA,5596,Dimatis,0,1,0,0
42_9,42,N1-c-M1,9,0,picnic,Polysemy,Darii,2,2,All picnics happen in nature,Some salads are picnics,Some salads happen in nature,NA,2658,Darii,0,1,0,0
42_10,42,N1-c-M1,10,0,lunch,Polysemy,Datisi,2,2,All lunches are breaks,Some lunches are soups,Some soups are breaks,NA,3677,Datisi,0,1,0,0
42_11,42,N1-c-M1,11,0,bat,Homonymy,Disamis,2,2,Some bats are made for softball,All bats are animals,Some animals are made for softball,NA,2201,Disamis,0,1,0,0
42_12,42,N1-c-M1,12,0,ruler,Homonymy,Dimatis,2,2,Some queens are rulers,All rulers are standard lengths,Some standard lengths are queens,NA,2340,Dimatis,0,1,0,0
42_13,42,N1-c-M1,13,0,city,Polysemy,Darii,2,2,All cities are bureaucracies,Some graffitied places are cities,Some graffitied places are bureaucracies,NA,3907,Darii,0,1,0,0
42_14,42,N1-c-M1,14,0,breakfast,Polysemy,Disamis,2,2,Some breakfasts are under an hour,All breakfasts are nutrients,Some nutrients are under an hour,NA,4624,Disamis,0,1,0,0
42_15,42,N1-c-M1,15,1,grapes,Valid Filler,Dimatis,2,2,Some snacks are grapes,All grapes are fruits ,Some fruits are snacks,NA,2273,Dimatis,1,1,0,0
42_16,42,N1-c-M1,16,1,liars,Valid Filler,Datisi,2,2,All liars are humans,Some liars are criminals,Some criminals are humans,NA,1970,Datisi,1,1,0,0
42_17,42,N1-c-M1,17,0,board,Homonymy,Datisi,2,2,All boards are wooden planks,Some boards are governing organizations,Some governing organizations are wooden planks,NA,3083,Datisi,0,1,0,0
42_18,42,N1-c-M1,18,0,cabinet,Homonymy,Darii,2,2,All cabinets are political appointments,Some shelving units are cabinets,Some shelving units are political appointments,NA,2180,Darii,0,1,0,0
42_19,42,N1-c-M1,19,1,change,Homonymy,Disamis,2,2,Some change is transformation,All change is money,Some money is transformation,NA,6584,Disamis,0,0,0,0
42_20,42,N1-c-M1,20,1,doughnuts,Valid Filler,Disamis,2,2,Some doughnuts are glazed,All doughnuts are sugary foods,Some sugary foods are glazed,NA,2071,Disamis,1,1,0,0
42_21,42,N1-c-M1,21,0,toilets,Invalid Filler,Dimatis*,2,2,Some seats are toilets ,All urinals are toilets,Some urinals are seats,NA,2080,Dimatis,0,1,0,0
42_22,42,N1-c-M1,22,0,dinner,Polysemy,Dimatis,2,2,Some black tie events are dinners,All dinners are foods,Some foods are black tie events,NA,3052,Dimatis,0,1,0,0
42_23,42,N1-c-M1,23,1,trucks,Valid Filler,Datisi,2,2,All trucks are vehicles,Some trucks are big rigs,Some big rigs are vehicles,NA,2119,Datisi,1,1,0,0
42_24,42,N1-c-M1,24,1,clowns,Valid Filler,Disamis,2,2,Some clowns are mimes,All clowns are entertainers,Some entertainers are mimes,NA,2630,Disamis,1,1,0,0
42_25,42,N1-c-M1,25,0,sausages,Invalid Filler,Darii*,2,2,All chili dogs are sausages,Some pizza toppings are sausages,Some pizza toppings are chili dogs,NA,4041,Darii,0,1,0,0
42_26,42,N1-c-M1,26,1,college,Polysemy,Disamis,2,2,Some colleges have chancellors,All colleges are groups of buildings,Some groups of buildings have chancellors,NA,3245,Disamis,0,0,0,0
42_27,42,N1-c-M1,27,1,magazines,Polysemy,Dimatis,2,2,Some recyclables are magazines,All magazines are subscriptions,Some subscriptions are recyclables,NA,5278,Dimatis,0,0,0,0
42_28,42,N1-c-M1,28,1,dolls,Valid Filler,Disamis,2,2,Some dolls are toys,All dolls are man made objects,Some man made objects are toys,NA,2488,Disamis,1,1,0,0
42_29,42,N1-c-M1,29,0,wave,Homonymy,Datisi,2,2,All waves are water,Some waves are gestures,Some gestures are water,NA,1865,Datisi,0,1,0,0
42_30,42,N1-c-M1,30,0,injuries,Invalid Filler,Datisi*,2,2,All broken bones are injuries,Some injuries are sunburns,Some sunburns are broken bones,NA,1759,Datisi,0,1,0,0
42_31,42,N1-c-M1,31,1,burgers,Valid Filler,Dimatis,2,2,Some entrées are burgers,All burgers are sandwiches,Some sandwiches are entrées,NA,2394,Dimatis,1,1,0,0
42_32,42,N1-c-M1,32,0,colors,Invalid Filler,Dimatis*,2,2,Some pastels are colors,All shade of neon green are colors ,Some shades of neon green are pastels,NA,2499,Dimatis,0,1,0,0
42_33,42,N1-c-M1,33,1,poets,Valid Filler,Darii,2,2,All poets are writers ,Some teachers are poets,Some teachers are writers,NA,1774,Darii,1,1,0,0
42_34,42,N1-c-M1,34,0,stones,Invalid Filler,Darii*,2,2,All boulders are stones,Some paperweights are stones,Some paperweights are boulders,NA,1999,Darii,0,1,0,0
42_35,42,N1-c-M1,35,1,ponies,Valid Filler,Darii,2,2,All ponies neigh,Some thoroughbreds are ponies,Some thoroughbreds neigh,NA,2334,Darii,1,1,0,0
42_36,42,N1-c-M1,36,1,singers,Valid Filler,Disamis,2,2,Some singers are guitarists,All singers are vocalists,Some vocalists are guitarists,NA,3945,Disamis,1,1,0,0
42_37,42,N1-c-M1,37,0,match,Homonymy,Dimatis,2,2,Some pay-per-view broadcasts are matches,All matches are fire starters,Some fire starters are pay-per-view broadcasts,NA,5505,Dimatis,0,1,0,0
42_38,42,N1-c-M1,38,1,funerals,Invalid Filler,Darii*,2,2,All anonymous burials are funerals,Some family gatherings are funerals,Some family gatherings are anonymous burials,NA,5921,Darii,0,0,0,0
42_39,42,N1-c-M1,39,1,mugs,Valid Filler,Darii,2,2,All mugs are cups ,Some ceramics are mugs,Some ceramics are cups ,NA,2801,Darii,1,1,0,0
42_40,42,N1-c-M1,40,1,swords,Valid Filler,Dimatis,2,2,Some sharp things are swords,All swords are weapons,Some weapons are sharp things,NA,1786,Dimatis,1,1,0,0
42_41,42,N1-c-M1,41,1,letter,Polysemy,Darii,2,2,All letters have stamps,Some rejections are letters,Some rejections have stamps,NA,2971,Darii,0,0,0,0
42_42,42,N1-c-M1,42,1,statues,Valid Filler,Darii,2,2,All statues are sculptures,Some artworks are statues,Some artworks are sculptures,NA,1935,Darii,1,1,0,0
42_43,42,N1-c-M1,43,0,suit,Homonymy,Dimatis,2,2,Some court proceedings are suits,All suits are formal outfits,Some formal outfits are court proceedings,NA,4152,Dimatis,0,1,0,0
42_44,42,N1-c-M1,44,0,ball,Homonymy,Datisi,2,2,All balls are toys,Some balls are senior proms,Some senior proms are toys,NA,2177,Datisi,0,1,0,0
42_45,42,N1-c-M1,45,0,actors,Invalid Filler,Darii*,2,2,All male leads are actors,Some women are actors,Some women are male leads,NA,1745,Darii,0,1,0,0
42_46,42,N1-c-M1,46,1,book,Polysemy,Datisi,2,2,All books are printed,Some books are romances,Some romances are printed,NA,4202,Datisi,0,0,0,0
42_47,42,N1-c-M1,47,1,widows,Valid Filler,Datisi,2,2,All widows are women,Some widows are parents,Some parents are women,NA,2057,Datisi,1,1,0,0
42_48,42,N1-c-M1,48,0,school,Polysemy,Dimatis,2,2,Some rectangular buildings are schools,All schools are employers,Some employers are rectangular buildings,NA,2107,Dimatis,0,1,0,0
42_49,42,N1-c-M1,49,0,rock,Homonymy,Darii,2,2,All rock has guitars,Some marble is rock,Some marble has guitars,NA,2882,Darii,0,1,0,0
42_50,42,N1-c-M1,50,0,spices,Invalid Filler,Datisi*,2,2,All mustard seeds are spices ,Some spices are dried roots ,Some dried roots are mustard seeds,NA,8523,Datisi,0,1,0,0
42_51,42,N1-c-M1,51,0,peppers,Invalid Filler,Datisi*,2,2,All jalapenos are peppers,Some peppers are yellow vegetables ,Some yellow vegetables are jalapenos,NA,2074,Datisi,0,1,0,0
42_52,42,N1-c-M1,52,1,rifles,Valid Filler,Dimatis,2,2,Some safety hazards are rifles,All rifles are guns,Some guns are safety hazards,NA,2313,Dimatis,1,1,0,0
42_53,42,N1-c-M1,53,0,star,Homonymy,Darii,2,2,All stars have autographs,Some red dwarfs are stars,Some red dwarfs have autographs,NA,2649,Darii,0,1,0,0
42_54,42,N1-c-M1,54,1,dresses,Invalid Filler,Disamis*,2,2,Some dresses are cocktail outfits,All ball gowns are dresses ,Some ball gowns are cocktail outfits,NA,2156,Disamis,0,0,0,0
42_55,42,N1-c-M1,55,0,antiques,Invalid Filler,Disamis*,2,2,Some antiques are pieces of jewelry,All medieval manuscripts are antiques ,Some medieval manuscripts are pieces of jewelry,NA,3609,Disamis,0,1,0,0
42_56,42,N1-c-M1,56,0,company,Polysemy,Datisi,2,2,All companies are buildings,Some companies are hierarchies,Some hierarchies are buildings,NA,1773,Datisi,0,1,0,0
43_1,43,N1-c-M1,1,0,letter,Polysemy,Disamis,3,2,Some letters are crumpled,All letters are communications,Some communications are crumpled,NA,6560,Disamis,0,1,0,0
43_2,43,N1-c-M1,2,1,toilets,Invalid Filler,Datisi*,3,2,All outhouses are toilets,Some toilets are urinals ,Some urinals are outhouses,NA,5962,Datisi,0,0,0,0
43_3,43,N1-c-M1,3,1,dresses,Invalid Filler,Dimatis*,3,2,Some cocktail outfits are dresses,All ball gowns are dresses ,Some ball gowns are cocktail outfits,NA,9076,Dimatis,0,0,0,0
43_4,43,N1-c-M1,4,0,stones,Invalid Filler,Disamis*,3,2,Some stones are pebbles,All boulders are stones,Some boulders are pebbles,NA,4435,Disamis,0,1,0,0
43_5,43,N1-c-M1,5,0,cabinet,Homonymy,Disamis,3,2,Some cabinets are antique furniture,All cabinets are political appointments,Some political appointments are antique furniture,NA,5087,Disamis,0,1,0,0
43_6,43,N1-c-M1,6,0,sausages,Invalid Filler,Disamis*,3,2,Some sausages are chili dogs,All pepperonis are sausages,Some pepperonis are chili dogs,NA,3523,Disamis,0,1,0,0
43_7,43,N1-c-M1,7,0,rifles,Valid Filler,Datisi,3,2,All rifles are guns,Some rifles are safety hazards,Some safety hazards are guns,NA,4474,Datisi,1,0,0,0
43_8,43,N1-c-M1,8,0,dances,Invalid Filler,Dimatis*,3,2,Some mating rituals are dances,All ballets are dances ,Some ballets are mating rituals ,NA,6713,Dimatis,0,1,0,0
43_9,43,N1-c-M1,9,0,lunch,Polysemy,Darii,3,2,All lunches are breaks,Some sandwiches are lunches,Some sandwiches are breaks ,NA,3041,Darii,0,1,0,0
43_10,43,N1-c-M1,10,1,dinner,Polysemy,Datisi,3,2,All dinners happen after four o'clock,Some dinners are meatloafs,Some meatloafs happen after four o'clock,NA,6981,Datisi,0,0,0,0
43_11,43,N1-c-M1,11,0,rock,Homonymy,Disamis,3,2,Some rock is marble,All rock is music,Some music is marble,NA,3291,Disamis,0,1,0,0
43_12,43,N1-c-M1,12,0,ring,Homonymy,Dimatis,3,2,Some accessories are rings,All rings are sounds,Some sounds are accessories,NA,4992,Dimatis,0,1,0,0
43_13,43,N1-c-M1,13,0,company,Polysemy,Darii,3,2,All companies are buildings,Some tech giants are companies,Some tech giants are buildings,NA,4325,Darii,0,1,0,0
43_14,43,N1-c-M1,14,0,picnic,Polysemy,Disamis,3,2,Some picnics are romantic,All picnics are prepared foods,Some prepared foods are romantic,NA,4818,Disamis,0,1,0,0
43_15,43,N1-c-M1,15,1,dolls,Valid Filler,Dimatis,3,2,Some toys are dolls ,All dolls are man made objects,Some man made objects are toys,NA,4722,Dimatis,1,1,0,0
43_16,43,N1-c-M1,16,1,grapes,Valid Filler,Datisi,3,2,All grapes are fruits,Some grapes are snacks,Some snacks are fruits ,NA,2891,Datisi,1,1,0,0
43_17,43,N1-c-M1,17,1,suit,Homonymy,Datisi,3,2,All suits are dress attire,Some suits are court proceedings,Some court proceedings are dress attire,NA,9000,Datisi,0,0,0,0
43_18,43,N1-c-M1,18,0,ball,Homonymy,Darii,3,2,All balls are toys,Some birthday parties are balls,Some senior proms are toys,NA,4007,Darii,0,1,0,0
43_19,43,N1-c-M1,19,0,star,Homonymy,Disamis,3,2,Some stars are red dwarfs,All stars are famous people,Some famous people are red dwarfs,NA,3823,Disamis,0,1,0,0
43_20,43,N1-c-M1,20,1,mugs,Valid Filler,Disamis,3,2,Some mugs are ceramics,All mugs are cups ,Some cups are ceramics,NA,3170,Disamis,1,1,0,0
43_21,43,N1-c-M1,21,0,mothers,Invalid Filler,Dimatis*,3,2,Some teens are mothers,All grandmas are mothers ,Some grandmas are teens,NA,4181,Dimatis,0,1,0,0
43_22,43,N1-c-M1,22,0,breakfast,Polysemy,Dimatis,3,2,Some meetings are breakfasts,All breakfasts are nutrients,Some nutrients are meetings,NA,3374,Dimatis,0,1,0,0
43_23,43,N1-c-M1,23,1,swords,Valid Filler,Datisi,3,2,All swords are weapons,Some swords are museum pieces,Some museum pieces are weapons,NA,6182,Datisi,1,1,0,0
43_24,43,N1-c-M1,24,1,statues,Valid Filler,Disamis,3,2,Some statues are bronzes,All statues are sculptures,Some sculptures are bronzes,NA,4540,Disamis,1,1,0,0
43_25,43,N1-c-M1,25,0,thieves,Invalid Filler,Darii*,3,2,All mob bosses are thieves,Some children are thieves,Some children are mob bosses,NA,7727,Darii,0,1,0,0
43_26,43,N1-c-M1,26,0,city,Polysemy,Disamis,3,2,Some cities are corrupt,All cities are groups of buildings,Some groups of buildings are corrupt,NA,3891,Disamis,0,1,0,0
43_27,43,N1-c-M1,27,0,novel,Polysemy,Dimatis,3,2,Some flammable objects are novels,All novels are fictions,Some fictions are flammable objects,NA,4016,Dimatis,0,1,0,0
43_28,43,N1-c-M1,28,1,poets,Valid Filler,Disamis,3,2,Some poets are teachers,All poets are writers ,Some writers are teachers,NA,3061,Disamis,1,1,0,0
43_29,43,N1-c-M1,29,0,match,Homonymy,Datisi,3,2,All matches are combustible,Some matches are pay-per-view broadcasts,Some pay-per-view broadcasts are combustible,NA,3370,Datisi,0,1,0,0
43_30,43,N1-c-M1,30,1,colors,Invalid Filler,Datisi*,3,2,All shades of neon green are colors ,Some colors are pastels,Some pastels are shades of neon green ,NA,9650,Datisi,0,0,0,0
43_31,43,N1-c-M1,31,1,singers,Valid Filler,Dimatis,3,2,Some YouTubers are singers,All singers are musicians,Some musicians are YouTubers,NA,3666,Dimatis,1,1,0,0
43_32,43,N1-c-M1,32,0,antiques,Invalid Filler,Dimatis*,3,2,Some pieces of jewelry are antiques,All medieval manuscripts are antiques  ,Some medieval manuscripts are pieces of jewelry,NA,3571,Dimatis,0,1,0,0
43_33,43,N1-c-M1,33,1,liars,Valid Filler,Darii,3,2,All liars are humans,Some criminals are liars ,Some criminals are humans,NA,3866,Darii,1,1,0,0
43_34,43,N1-c-M1,34,1,peppers,Invalid Filler,Darii*,3,2,All jalapenos are peppers ,Some yellow vegetables are peppers,Some yellow vegetables are jalapenos,NA,8091,Darii,0,0,0,0
43_35,43,N1-c-M1,35,1,widows,Valid Filler,Darii,3,2,All widows are women,Some parents are widows ,Some parents are women,NA,3210,Darii,1,1,0,0
43_36,43,N1-c-M1,36,1,ponies,Valid Filler,Disamis,3,2,Some ponies are thoroughbreds,All ponies are neighing animals,Some neighing animals are thoroughbreds,NA,5637,Disamis,1,1,0,0
43_37,43,N1-c-M1,37,0,change,Homonymy,Dimatis,3,2,Some transformation is change,All change is money,Some money is transformation,NA,3523,Dimatis,0,1,0,0
43_38,43,N1-c-M1,38,0,spices,Invalid Filler,Darii*,3,2,All mustard seeds are spices,Some dried roots are spices ,Some dried roots are mustard seeds,NA,5664,Darii,0,1,0,0
43_39,43,N1-c-M1,39,1,trucks,Valid Filler,Darii,3,2,All trucks are vehicles,Some cars are trucks ,Some cars are vehicles,NA,2964,Darii,1,1,0,0
43_40,43,N1-c-M1,40,1,doughnuts,Valid Filler,Dimatis,3,2,Some pastries are doughnuts ,All doughnuts are sugary foods,Some sugary foods are pastries,NA,3704,Dimatis,1,1,0,0
43_41,43,N1-c-M1,41,1,book,Polysemy,Darii,3,2,All books are bound,Some exposés are books,Some exposés are bound,NA,6381,Darii,0,0,0,0
43_42,43,N1-c-M1,42,1,suitcases,Valid Filler,Darii,3,2,All suitcases are luggage,Some bags are suitcases,Some bags are luggage,NA,2627,Darii,1,1,0,0
43_43,43,N1-c-M1,43,0,bat,Homonymy,Dimatis,3,2,Some sporting goods are bats,All bats are animals,Some animals are sporting goods,NA,3693,Dimatis,0,1,0,0
43_44,43,N1-c-M1,44,0,ruler,Homonymy,Datisi,3,2,All rulers are standard lengths,Some rulers are queens,Some queens are standard lengths,NA,3148,Datisi,0,1,0,0
43_45,43,N1-c-M1,45,0,injuries,Invalid Filler,Darii*,3,2,All broken bones are injuries,Some sunburns are injuries,Some sunburns are broken bones,NA,4111,Darii,0,1,0,0
43_46,43,N1-c-M1,46,0,magazines,Polysemy,Datisi,3,2,All magazines are recyclable,Some magazines are media corporations ,Some media corporations are recyclable,NA,4725,Datisi,0,1,0,0
43_47,43,N1-c-M1,47,1,burgers,Valid Filler,Datisi,3,2,All burgers have protein,Some burgers are drive-thru orders,Some drive-thru orders have protein,NA,5376,Datisi,1,1,0,0
43_48,43,N1-c-M1,48,0,college,Polysemy,Dimatis,3,2,Some funding sources are colleges,All colleges are places filled with desks,Some places filled with desks are funding sources,NA,5075,Dimatis,0,1,0,0
43_49,43,N1-c-M1,49,0,board,Homonymy,Darii,3,2,All boards are wooden planks,Some governing organizations are boards,Some governing organizations are wooden planks,NA,3537,Darii,0,1,0,0
43_50,43,N1-c-M1,50,0,steaks,Invalid Filler,Datisi*,3,2,All rotten ribeyes are steaks,Some steaks are delicious meals,Some delicious meals are rotten ribeyes,NA,5535,Datisi,0,1,0,0
43_51,43,N1-c-M1,51,0,shapes,Invalid Filler,Datisi*,3,2,All road signs are shapes,Some shapes are cylinders,Some cylinders are road signs,NA,4410,Datisi,0,1,0,0
43_52,43,N1-c-M1,52,1,clowns,Valid Filler,Dimatis,3,2,Some jugglers are clowns ,All clowns are performers,Some performers are jugglers,NA,3375,Dimatis,1,1,0,0
43_53,43,N1-c-M1,53,0,Wave,Homonymy,Darii,3,2,All waves are water,Some gestures are waves,Some gestures are water,NA,3321,Darii,0,1,0,0
43_54,43,N1-c-M1,54,0,funerals,Invalid Filler,Disamis*,3,2,Some funerals are family gatherings,All anonymous burials are funerals,Some anonymous burials are family gatherings,NA,9209,Disamis,0,1,0,0
43_55,43,N1-c-M1,55,0,actors,Invalid Filler,Disamis*,3,2,Some actors are women,All male leads are actors,Some male leads are women,NA,6269,Disamis,0,1,0,0
43_56,43,N1-c-M1,56,0,school,Polysemy,Datisi,3,2,All schools have hallways,Some schools are employers,Some employers have hallways,NA,4723,Datisi,0,1,0,0
44_1,44,N1-c-M1,1,0,suit,Homonymy,Darii,4,1,All suits are dress attire,Some court proceedings are suits,Some court proceedings are dress attire,NA,10547,Darii,0,1,0,0
44_2,44,N1-c-M1,2,1,doughnuts,Valid Filler,Datisi,4,1,All doughnuts are sugary ,Some doughnuts are treats,Some treats are sugary,NA,4603,Datisi,1,1,0,0
44_3,44,N1-c-M1,3,0,match,Homonymy,Darii,4,1,All matches are combustible,Some pay-per-view broadcasts are matches,Some pay-per-view broadcasts are combustible,NA,5069,Darii,0,1,0,0
44_4,44,N1-c-M1,4,0,antiques,Invalid Filler,Datisi*,4,1,All medieval manuscripts are antiques ,Some antiques are pieces of jewelry,Some pieces of jewelry are medieval manuscripts,NA,10750,Datisi,0,1,0,0
44_5,44,N1-c-M1,5,1,dances,Invalid Filler,Datisi*,4,1,All ballets are dances ,Some dances are mating rituals,Some mating rituals are ballets ,NA,7796,Datisi,0,0,0,0
44_6,44,N1-c-M1,6,1,poets,Valid Filler,Dimatis,4,1,Some teachers are poets,All poets are writers ,Some writers are teachers,NA,5053,Dimatis,1,1,0,0
44_7,44,N1-c-M1,7,0,dresses,Invalid Filler,Datisi*,4,1,All ball gowns are dresses ,Some dresses are cocktail outfits,Some cocktail outfits are ball gowns,NA,7156,Datisi,0,1,0,0
44_8,44,N1-c-M1,8,1,school,Polysemy,Darii,4,1,All schools have classrooms,Some employers are schools,Some employers have classrooms,NA,5282,Darii,0,0,0,0
44_9,44,N1-c-M1,9,0,toilets,Invalid Filler,Darii*,4,1,All urinals are toilets,Some seats are toilets,Some seats are urinals,NA,6268,Darii,0,1,0,0
44_10,44,N1-c-M1,10,0,breakfast,Polysemy,Datisi,4,1,All breakfasts are under three hours,Some breakfasts are smoothies,Some smoothies are under three hours,NA,13486,Datisi,0,1,0,0
44_11,44,N1-c-M1,11,0,ball,Homonymy,Disamis,4,1,Some balls are senior proms,All balls are toys,Some toys are senior proms,NA,5140,Disamis,0,1,0,0
44_12,44,N1-c-M1,12,1,trucks,Valid Filler,Disamis,4,1,Some trucks are big rigs,All trucks are vehicles,Some vehicles are big rigs,NA,3745,Disamis,1,1,0,0
44_13,44,N1-c-M1,13,0,bat,Homonymy,Datisi,4,1,All bats are animals,Some bats are sporting goods,Some sporting goods are animals,NA,5088,Datisi,0,1,0,0
44_14,44,N1-c-M1,14,1,company,Polysemy,Disamis,4,1,Some companies are in city centers,All companies are hierarchies,Some hierarchies are in city centers,NA,11281,Disamis,0,0,0,0
44_15,44,N1-c-M1,15,0,sausages,Invalid Filler,Dimatis*,4,1,Some pizza toppings are sausages,All chili dogs are sausages,Some chili dogs are pizza toppings,NA,7593,Dimatis,0,1,0,0
44_16,44,N1-c-M1,16,1,college,Polysemy,Datisi,4,1,All colleges grant degrees,Some colleges are historic buildings,Some historic buildings grant degrees,NA,9187,Datisi,0,0,0,0
44_17,44,N1-c-M1,17,1,burgers,Valid Filler,Darii,4,1,All burgers have protein,Some entrées are burgers,Some entrées have protein,NA,3632,Darii,1,1,0,0
44_18,44,N1-c-M1,18,0,star,Homonymy,Dimatis,4,1,Some celestial objects are stars,All stars are famous people,Some famous people are celestial objects,NA,6234,Dimatis,0,1,0,0
44_19,44,N1-c-M1,19,0,statues,Valid Filler,Dimatis,4,1,Some bronzes are statues,All statues are sculptures,Some sculptures are bronzes,NA,7734,Dimatis,1,0,0,0
44_20,44,N1-c-M1,20,1,magazines,Polysemy,Darii,4,1,All magazines are recyclable,Some media corporations are magazines,Some media corporations are recyclable,NA,9172,Darii,0,0,0,0
44_21,44,N1-c-M1,21,0,steaks,Invalid Filler,Darii*,4,1,All rotten ribeyes are steaks,Some delicious meals are steaks,Some delicoius meals are rotten ribeyes,NA,5544,Darii,0,1,0,0
44_22,44,N1-c-M1,22,1,liars,Valid Filler,Disamis,4,1,Some liars are criminals,All liars are humans,Some humans are criminals ,NA,4269,Disamis,1,1,0,0
44_23,44,N1-c-M1,23,1,city,Polysemy,Dimatis,4,1,Some bureaucracies are cities,All cities are graffitied places,Some graffitied places are bureaucracies,NA,7728,Dimatis,0,0,0,0
44_24,44,N1-c-M1,24,1,rifles,Valid Filler,Darii,4,1,All rifles are guns,Some safety hazards are rifles,Some safety hazards are guns,NA,9354,Darii,1,1,0,0
44_25,44,N1-c-M1,25,0,change,Homonymy,Datisi,4,1,All change is money,Some change is transformation,Some transformation is money,NA,4634,Datisi,0,1,0,0
44_26,44,N1-c-M1,26,0,actors,Invalid Filler,Dimatis*,4,1,Some women are actors,All male leads are actors,Some male leads are women,NA,11907,Dimatis,0,1,0,0
44_27,44,N1-c-M1,27,0,novel,Polysemy,Datisi,4,1,All novels are flammable,Some novels are debuts,Some debuts are flammable,NA,4346,Datisi,0,1,0,0
44_28,44,N1-c-M1,28,1,suitcases,Valid Filler,Disamis,4,1,Some suitcases are bags,All suitcases are pieces of luggage,Some pieces of luggage are bags,NA,4187,Disamis,1,1,0,0
44_29,44,N1-c-M1,29,0,dinner,Polysemy,Darii,4,1,All dinners happen after four o'clock,Some lasagnas are dinners,Some lasagnas happen after four o'clock,NA,9522,Darii,0,1,0,0
44_30,44,N1-c-M1,30,0,rock,Homonymy,Dimatis,4,1,Some marble is rock,All rock is music,Some music is marble,NA,4763,Dimatis,0,1,0,0
44_31,44,N1-c-M1,31,1,mugs,Valid Filler,Dimatis,4,1,Some ceramics are mugs,All mugs are cups ,Some cups are ceramics,NA,3683,Dimatis,1,1,0,0
44_32,44,N1-c-M1,32,1,funerals,Invalid Filler,Dimatis*,4,1,Some family gatherings are funerals,All anonymous burials are funerals,Some anonymous burials are family gatherings,NA,10772,Dimatis,0,0,0,0
44_33,44,N1-c-M1,33,1,widows,Valid Filler,Disamis,4,1,Some widows are parents,All widows are women,Some women are parents,NA,4200,Disamis,1,1,0,0
44_34,44,N1-c-M1,34,0,spices,Invalid Filler,Disamis*,4,1,Some spices are dried roots,All mustard seeds are spices ,Some mustard seeds are dried roots,NA,8474,Disamis,0,1,0,0
44_35,44,N1-c-M1,35,0,Wave,Homonymy,Disamis,4,1,Some waves are gestures,All waves are liquids,Some liquids are gestures,NA,3484,Disamis,0,1,0,0
44_36,44,N1-c-M1,36,0,cabinet,Homonymy,Dimatis,4,1,Some shelving units are cabinets,All cabinets are political appointments,Some political appointments are shelving units,NA,6376,Dimatis,0,1,0,0
44_37,44,N1-c-M1,37,1,lunch,Polysemy,Disamis,4,1,Some lunches are breaks,All lunches are foods,Some foods are breaks,NA,6817,Disamis,0,0,0,0
44_38,44,N1-c-M1,38,1,grapes,Valid Filler,Darii,4,1,All grapes are fruits ,Some snacks are grapes,Some snacks are fruits,NA,4036,Darii,1,1,0,0
44_39,44,N1-c-M1,39,0,picnic,Polysemy,Dimatis,4,1,Some summertime activities are picnics,All picnics are prepared foods,Some prepared foods are summertime activities,NA,4767,Dimatis,0,1,0,0
44_40,44,N1-c-M1,40,1,dolls,Valid Filler,Datisi,4,1,All dolls are man made,Some dolls are toys,Some toys are man made,NA,4110,Datisi,1,1,0,0
44_41,44,N1-c-M1,41,0,ring,Homonymy,Datisi,4,1,All rings are sounds,Some rings are accessories,Some accessories are sounds,NA,5712,Datisi,0,1,0,0
44_42,44,N1-c-M1,42,0,mothers,Invalid Filler,Datisi*,4,1,All grandmas are mothers ,Some mothers are teens,Some teens are grandmas,NA,8211,Datisi,0,1,0,0
44_43,44,N1-c-M1,43,1,singers,Valid Filler,Datisi,4,1,All singers are performers,Some singers are men,Some men are performers,NA,3668,Datisi,1,1,0,0
44_44,44,N1-c-M1,44,0,stones,Invalid Filler,Dimatis*,4,1,Some paperweights are stones,All boulders are stones,Some boulders are paperweights,NA,8219,Dimatis,0,1,0,0
44_45,44,N1-c-M1,45,0,board,Homonymy,Disamis,4,1,Some boards are governing organizations,All boards are wooden planks,Some wooden planks are governing organizations,NA,7718,Disamis,0,1,0,0
44_46,44,N1-c-M1,46,1,clowns,Valid Filler,Datisi,4,1,All clowns are entertainers,Some clowns are mimes,Some mimes are entertainers,NA,4900,Datisi,1,1,0,0
44_47,44,N1-c-M1,47,1,colors,Invalid Filler,Darii*,4,1,Some pastels are colors,All shades of neon green are colors ,Some shades of neon green are pastels,NA,6054,Darii,0,0,0,0
44_48,44,N1-c-M1,48,0,peppers,Invalid Filler,Disamis*,4,1,Some peppers are yellow vegetables ,All jalapenos are peppers,Some jalapenos are yellow vegetables,NA,7507,Disamis,0,1,0,0
44_49,44,N1-c-M1,49,1,swords,Valid Filler,Darii,4,1,All swords are weapons,Some sharp objects are swords,Some sharp objects are weapons,NA,6344,Darii,1,1,0,0
44_50,44,N1-c-M1,50,0,injuries,Invalid Filler,Disamis*,4,1,Some injuries are sunburns,All broken bones are injuries,Some broken bones are sunburns,NA,4108,Disamis,0,1,0,0
44_51,44,N1-c-M1,51,1,ponies,Valid Filler,Dimatis,4,1,Some thoroughbreds are ponies,All ponies are neighing animals,Some neighing animals are thoroughbreds,NA,7523,Dimatis,1,1,0,0
44_52,44,N1-c-M1,52,1,letter,Polysemy,Dimatis,4,1,Some papers are letters,All letters are communications,Some communications are papers,NA,5428,Dimatis,0,0,0,0
44_53,44,N1-c-M1,53,0,book,Polysemy,Disamis,4,1,Some books are doorstops,All books are pieces of intellectual property,Some pieces of intellectual property are doorstops,NA,8963,Disamis,0,1,0,0
44_54,44,N1-c-M1,54,0,thieves,Invalid Filler,Disamis*,4,1,Some thieves are children,All mob bosses are thieves,Some mob bosses are children,NA,6755,Disamis,0,1,0,0
44_55,44,N1-c-M1,55,1,shapes,Invalid Filler,Darii*,4,1,All cylinders are shapes,Some road signs are shapes,Some road signs are cylinders,NA,9898,Darii,0,0,0,0
44_56,44,N1-c-M1,56,1,ruler,Homonymy,Darii,4,1,All rulers are standard lengths,Some queens are rulers,Some queens are standard lengths,NA,7988,Darii,0,0,0,0
45_1,45,N1-c-M1,1,0,suit,Homonymy,Darii,4,1,All suits are dress attire,Some court proceedings are suits,Some court proceedings are dress attire,NA,33382,Darii,0,1,0,0
45_2,45,N1-c-M1,2,1,doughnuts,Valid Filler,Datisi,4,1,All doughnuts are sugary ,Some doughnuts are treats,Some treats are sugary,NA,6777,Datisi,1,1,0,0
45_3,45,N1-c-M1,3,0,match,Homonymy,Darii,4,1,All matches are combustible,Some pay-per-view broadcasts are matches,Some pay-per-view broadcasts are combustible,NA,14848,Darii,0,1,0,0
45_4,45,N1-c-M1,4,0,antiques,Invalid Filler,Datisi*,4,1,All medieval manuscripts are antiques ,Some antiques are pieces of jewelry,Some pieces of jewelry are medieval manuscripts,NA,7607,Datisi,0,1,0,0
45_5,45,N1-c-M1,5,1,dances,Invalid Filler,Datisi*,4,1,All ballets are dances ,Some dances are mating rituals,Some mating rituals are ballets ,NA,27449,Datisi,0,0,0,0
45_6,45,N1-c-M1,6,1,poets,Valid Filler,Dimatis,4,1,Some teachers are poets,All poets are writers ,Some writers are teachers,NA,6048,Dimatis,1,1,0,0
45_7,45,N1-c-M1,7,0,dresses,Invalid Filler,Datisi*,4,1,All ball gowns are dresses ,Some dresses are cocktail outfits,Some cocktail outfits are ball gowns,NA,15318,Datisi,0,1,0,0
45_8,45,N1-c-M1,8,1,school,Polysemy,Darii,4,1,All schools have classrooms,Some employers are schools,Some employers have classrooms,NA,8818,Darii,0,0,0,0
45_9,45,N1-c-M1,9,0,toilets,Invalid Filler,Darii*,4,1,All urinals are toilets,Some seats are toilets,Some seats are urinals,NA,8833,Darii,0,1,0,0
45_10,45,N1-c-M1,10,0,breakfast,Polysemy,Datisi,4,1,All breakfasts are under three hours,Some breakfasts are smoothies,Some smoothies are under three hours,NA,10143,Datisi,0,1,0,0
45_11,45,N1-c-M1,11,0,ball,Homonymy,Disamis,4,1,Some balls are senior proms,All balls are toys,Some toys are senior proms,NA,5848,Disamis,0,1,0,0
45_12,45,N1-c-M1,12,1,trucks,Valid Filler,Disamis,4,1,Some trucks are big rigs,All trucks are vehicles,Some vehicles are big rigs,NA,7095,Disamis,1,1,0,0
45_13,45,N1-c-M1,13,0,bat,Homonymy,Datisi,4,1,All bats are animals,Some bats are sporting goods,Some sporting goods are animals,NA,6337,Datisi,0,1,0,0
45_14,45,N1-c-M1,14,1,company,Polysemy,Disamis,4,1,Some companies are in city centers,All companies are hierarchies,Some hierarchies are in city centers,NA,21015,Disamis,0,0,0,0
45_15,45,N1-c-M1,15,0,sausages,Invalid Filler,Dimatis*,4,1,Some pizza toppings are sausages,All chili dogs are sausages,Some chili dogs are pizza toppings,NA,7567,Dimatis,0,1,0,0
45_16,45,N1-c-M1,16,0,college,Polysemy,Datisi,4,1,All colleges grant degrees,Some colleges are historic buildings,Some historic buildings grant degrees,NA,6292,Datisi,0,1,0,0
45_17,45,N1-c-M1,17,1,burgers,Valid Filler,Darii,4,1,All burgers have protein,Some entrées are burgers,Some entrées have protein,NA,14011,Darii,1,1,0,0
45_18,45,N1-c-M1,18,0,star,Homonymy,Dimatis,4,1,Some celestial objects are stars,All stars are famous people,Some famous people are celestial objects,NA,8931,Dimatis,0,1,0,0
45_19,45,N1-c-M1,19,1,statues,Valid Filler,Dimatis,4,1,Some bronzes are statues,All statues are sculptures,Some sculptures are bronzes,NA,6652,Dimatis,1,1,0,0
45_20,45,N1-c-M1,20,0,magazines,Polysemy,Darii,4,1,All magazines are recyclable,Some media corporations are magazines,Some media corporations are recyclable,NA,6306,Darii,0,1,0,0
45_21,45,N1-c-M1,21,0,steaks,Invalid Filler,Darii*,4,1,All rotten ribeyes are steaks,Some delicious meals are steaks,Some delicoius meals are rotten ribeyes,NA,6466,Darii,0,1,0,0
45_22,45,N1-c-M1,22,1,liars,Valid Filler,Disamis,4,1,Some liars are criminals,All liars are humans,Some humans are criminals ,NA,6021,Disamis,1,1,0,0
45_23,45,N1-c-M1,23,0,city,Polysemy,Dimatis,4,1,Some bureaucracies are cities,All cities are graffitied places,Some graffitied places are bureaucracies,NA,24894,Dimatis,0,1,0,0
45_24,45,N1-c-M1,24,1,rifles,Valid Filler,Darii,4,1,All rifles are guns,Some safety hazards are rifles,Some safety hazards are guns,NA,10708,Darii,1,1,0,0
45_25,45,N1-c-M1,25,0,change,Homonymy,Datisi,4,1,All change is money,Some change is transformation,Some transformation is money,NA,7548,Datisi,0,1,0,0
45_26,45,N1-c-M1,26,1,actors,Invalid Filler,Dimatis*,4,1,Some women are actors,All male leads are actors,Some male leads are women,NA,9729,Dimatis,0,0,0,0
45_27,45,N1-c-M1,27,0,novel,Polysemy,Datisi,4,1,All novels are flammable,Some novels are debuts,Some debuts are flammable,NA,5550,Datisi,0,1,0,0
45_28,45,N1-c-M1,28,1,suitcases,Valid Filler,Disamis,4,1,Some suitcases are bags,All suitcases are pieces of luggage,Some pieces of luggage are bags,NA,6445,Disamis,1,1,0,0
45_29,45,N1-c-M1,29,1,dinner,Polysemy,Darii,4,1,All dinners happen after four o'clock,Some lasagnas are dinners,Some lasagnas happen after four o'clock,NA,9490,Darii,0,0,0,0
45_30,45,N1-c-M1,30,0,rock,Homonymy,Dimatis,4,1,Some marble is rock,All rock is music,Some music is marble,NA,5056,Dimatis,0,1,0,0
45_31,45,N1-c-M1,31,1,mugs,Valid Filler,Dimatis,4,1,Some ceramics are mugs,All mugs are cups ,Some cups are ceramics,NA,5285,Dimatis,1,1,0,0
45_32,45,N1-c-M1,32,0,funerals,Invalid Filler,Dimatis*,4,1,Some family gatherings are funerals,All anonymous burials are funerals,Some anonymous burials are family gatherings,NA,9685,Dimatis,0,1,0,0
45_33,45,N1-c-M1,33,1,widows,Valid Filler,Disamis,4,1,Some widows are parents,All widows are women,Some women are parents,NA,6040,Disamis,1,1,0,0
45_34,45,N1-c-M1,34,0,spices,Invalid Filler,Disamis*,4,1,Some spices are dried roots,All mustard seeds are spices ,Some mustard seeds are dried roots,NA,14574,Disamis,0,1,0,0
45_35,45,N1-c-M1,35,0,Wave,Homonymy,Disamis,4,1,Some waves are gestures,All waves are liquids,Some liquids are gestures,NA,6889,Disamis,0,1,0,0
45_36,45,N1-c-M1,36,0,cabinet,Homonymy,Dimatis,4,1,Some shelving units are cabinets,All cabinets are political appointments,Some political appointments are shelving units,NA,9055,Dimatis,0,1,0,0
45_37,45,N1-c-M1,37,0,lunch,Polysemy,Disamis,4,1,Some lunches are breaks,All lunches are foods,Some foods are breaks,NA,6412,Disamis,0,1,0,0
45_38,45,N1-c-M1,38,1,grapes,Valid Filler,Darii,4,1,All grapes are fruits ,Some snacks are grapes,Some snacks are fruits,NA,5361,Darii,1,1,0,0
45_39,45,N1-c-M1,39,0,picnic,Polysemy,Dimatis,4,1,Some summertime activities are picnics,All picnics are prepared foods,Some prepared foods are summertime activities,NA,7350,Dimatis,0,1,0,0
45_40,45,N1-c-M1,40,1,dolls,Valid Filler,Datisi,4,1,All dolls are man made,Some dolls are toys,Some toys are man made,NA,6217,Datisi,1,1,0,0
45_41,45,N1-c-M1,41,0,ring,Homonymy,Datisi,4,1,All rings are sounds,Some rings are accessories,Some accessories are sounds,NA,5785,Datisi,0,1,0,0
45_42,45,N1-c-M1,42,0,mothers,Invalid Filler,Datisi*,4,1,All grandmas are mothers ,Some mothers are teens,Some teens are grandmas,NA,16156,Datisi,0,1,0,0
45_43,45,N1-c-M1,43,1,singers,Valid Filler,Datisi,4,1,All singers are performers,Some singers are men,Some men are performers,NA,4951,Datisi,1,1,0,0
45_44,45,N1-c-M1,44,0,stones,Invalid Filler,Dimatis*,4,1,Some paperweights are stones,All boulders are stones,Some boulders are paperweights,NA,6551,Dimatis,0,1,0,0
45_45,45,N1-c-M1,45,0,board,Homonymy,Disamis,4,1,Some boards are governing organizations,All boards are wooden planks,Some wooden planks are governing organizations,NA,9188,Disamis,0,1,0,0
45_46,45,N1-c-M1,46,1,clowns,Valid Filler,Datisi,4,1,All clowns are entertainers,Some clowns are mimes,Some mimes are entertainers,NA,7787,Datisi,1,1,0,0
45_47,45,N1-c-M1,47,0,colors,Invalid Filler,Darii*,4,1,Some pastels are colors,All shades of neon green are colors ,Some shades of neon green are pastels,NA,40859,Darii,0,1,0,0
45_48,45,N1-c-M1,48,0,peppers,Invalid Filler,Disamis*,4,1,Some peppers are yellow vegetables ,All jalapenos are peppers,Some jalapenos are yellow vegetables,NA,6750,Disamis,0,1,0,0
45_49,45,N1-c-M1,49,1,swords,Valid Filler,Darii,4,1,All swords are weapons,Some sharp objects are swords,Some sharp objects are weapons,NA,5481,Darii,1,1,0,0
45_50,45,N1-c-M1,50,0,injuries,Invalid Filler,Disamis*,4,1,Some injuries are sunburns,All broken bones are injuries,Some broken bones are sunburns,NA,8189,Disamis,0,1,0,0
45_51,45,N1-c-M1,51,1,ponies,Valid Filler,Dimatis,4,1,Some thoroughbreds are ponies,All ponies are neighing animals,Some neighing animals are thoroughbreds,NA,6195,Dimatis,1,1,0,0
45_52,45,N1-c-M1,52,1,letter,Polysemy,Dimatis,4,1,Some papers are letters,All letters are communications,Some communications are papers,NA,34099,Dimatis,0,0,0,0
45_53,45,N1-c-M1,53,0,book,Polysemy,Disamis,4,1,Some books are doorstops,All books are pieces of intellectual property,Some pieces of intellectual property are doorstops,NA,32950,Disamis,0,1,0,0
45_54,45,N1-c-M1,54,1,thieves,Invalid Filler,Disamis*,4,1,Some thieves are children,All mob bosses are thieves,Some mob bosses are children,NA,17034,Disamis,0,0,0,0
45_55,45,N1-c-M1,55,0,shapes,Invalid Filler,Darii*,4,1,All cylinders are shapes,Some road signs are shapes,Some road signs are cylinders,NA,18200,Darii,0,1,0,0
45_56,45,N1-c-M1,56,0,ruler,Homonymy,Darii,4,1,All rulers are standard lengths,Some queens are rulers,Some queens are standard lengths,NA,8683,Darii,0,1,0,0
46_1,46,N1-c-M1,1,0,rock,Homonymy,Darii,2,1,All rock has guitars,Some marble is rock,Some marble has guitars,NA,4599,Darii,0,1,0,0
46_2,46,N1-c-M1,2,1,trucks,Valid Filler,Datisi,2,1,All trucks are vehicles,Some trucks are big rigs,Some big rigs are vehicles,NA,4414,Datisi,1,1,0,0
46_3,46,N1-c-M1,3,0,star,Homonymy,Darii,2,1,All stars have autographs,Some red dwarfs are stars,Some red dwarfs have autographs,NA,3544,Darii,0,1,0,0
46_4,46,N1-c-M1,4,0,injuries,Invalid Filler,Datisi*,2,1,All broken bones are injuries,Some injuries are sunburns,Some sunburns are broken bones,NA,4014,Datisi,0,1,0,0
46_5,46,N1-c-M1,5,0,peppers,Invalid Filler,Datisi*,2,1,All jalapenos are peppers,Some peppers are yellow vegetables ,Some yellow vegetables are jalapenos,NA,3575,Datisi,0,1,0,0
46_6,46,N1-c-M1,6,1,grapes,Valid Filler,Dimatis,2,1,Some snacks are grapes,All grapes are fruits ,Some fruits are snacks,NA,3695,Dimatis,1,1,0,0
46_7,46,N1-c-M1,7,1,spices,Invalid Filler,Datisi*,2,1,All mustard seeds are spices ,Some spices are dried roots ,Some dried roots are mustard seeds,NA,3512,Datisi,0,0,0,0
46_8,46,N1-c-M1,8,0,city,Polysemy,Darii,2,1,All cities are bureaucracies,Some graffitied places are cities,Some graffitied places are bureaucracies,NA,4023,Darii,0,1,0,0
46_9,46,N1-c-M1,9,0,sausages,Invalid Filler,Darii*,2,1,All chili dogs are sausages,Some pizza toppings are sausages,Some pizza toppings are chili dogs,NA,4559,Darii,0,1,0,0
46_10,46,N1-c-M1,10,0,lunch,Polysemy,Datisi,2,1,All lunches are breaks,Some lunches are soups,Some soups are breaks,NA,3383,Datisi,0,1,0,0
46_11,46,N1-c-M1,11,0,ring,Homonymy,Disamis,2,1,Some rings are made of gold,All rings are sounds,Some sounds are made of gold,NA,3591,Disamis,0,1,0,0
46_12,46,N1-c-M1,12,1,doughnuts,Valid Filler,Disamis,2,1,Some doughnuts are glazed,All doughnuts are sugary foods,Some sugary foods are glazed,NA,3200,Disamis,1,1,0,0
46_13,46,N1-c-M1,13,1,board,Homonymy,Datisi,2,1,All boards are wooden planks,Some boards are governing organizations,Some governing organizations are wooden planks,NA,4663,Datisi,0,0,0,0
46_14,46,N1-c-M1,14,0,college,Polysemy,Disamis,2,1,Some colleges have chancellors,All colleges are groups of buildings,Some groups of buildings have chancellors,NA,4351,Disamis,0,1,0,0
46_15,46,N1-c-M1,15,1,toilets,Invalid Filler,Dimatis*,2,1,Some seats are toilets ,All urinals are toilets,Some urinals are seats,NA,4671,Dimatis,0,0,0,0
46_16,46,N1-c-M1,16,1,company,Polysemy,Datisi,2,1,All companies are buildings,Some companies are hierarchies,Some hierarchies are buildings,NA,2632,Datisi,0,0,0,0
46_17,46,N1-c-M1,17,0,ponies,Valid Filler,Darii,2,1,All ponies neigh,Some thoroughbreds are ponies,Some thoroughbreds neigh,NA,2111,Darii,1,0,0,0
46_18,46,N1-c-M1,18,1,match,Homonymy,Dimatis,2,1,Some pay-per-view broadcasts are matches,All matches are fire starters,Some fire starters are pay-per-view broadcasts,NA,1510,Dimatis,0,0,0,0
46_19,46,N1-c-M1,19,1,rifles,Valid Filler,Dimatis,2,1,Some safety hazards are rifles,All rifles are guns,Some guns are safety hazards,NA,3359,Dimatis,1,1,0,0
46_20,46,N1-c-M1,20,0,letter,Polysemy,Darii,2,1,All letters have stamps,Some rejections are letters,Some rejections have stamps,NA,1487,Darii,0,1,0,0
46_21,46,N1-c-M1,21,0,funerals,Invalid Filler,Darii*,2,1,All anonymous burials are funerals,Some family gatherings are funerals,Some family gatherings are anonymous burials,NA,9263,Darii,0,1,0,0
46_22,46,N1-c-M1,22,1,dolls,Valid Filler,Disamis,2,1,Some dolls are toys,All dolls are man made objects,Some man made objects are toys,NA,4024,Disamis,1,1,0,0
46_23,46,N1-c-M1,23,1,school,Polysemy,Dimatis,2,1,Some rectangular buildings are schools,All schools are employers,Some employers are rectangular buildings,NA,5496,Dimatis,0,0,0,0
46_24,46,N1-c-M1,24,1,statues,Valid Filler,Darii,2,1,All statues are sculptures,Some artworks are statues,Some artworks are sculptures,NA,2991,Darii,1,1,0,0
46_25,46,N1-c-M1,25,1,wave,Homonymy,Datisi,2,1,All waves are water,Some waves are gestures,Some gestures are water,NA,2647,Datisi,0,0,0,0
46_26,46,N1-c-M1,26,1,colors,Invalid Filler,Dimatis*,2,1,Some pastels are colors,All shade of neon green are colors ,Some shades of neon green are pastels,NA,3111,Dimatis,0,0,0,0
46_27,46,N1-c-M1,27,1,book,Polysemy,Datisi,2,1,All books are printed,Some books are romances,Some romances are printed,NA,3856,Datisi,0,0,0,0
46_28,46,N1-c-M1,28,1,clowns,Valid Filler,Disamis,2,1,Some clowns are mimes,All clowns are entertainers,Some entertainers are mimes,NA,3615,Disamis,1,1,0,0
46_29,46,N1-c-M1,29,1,picnic,Polysemy,Darii,2,1,All picnics happen in nature,Some salads are picnics,Some salads happen in nature,NA,3327,Darii,0,0,0,0
46_30,46,N1-c-M1,30,0,suit,Homonymy,Dimatis,2,1,Some court proceedings are suits,All suits are formal outfits,Some formal outfits are court proceedings,NA,3367,Dimatis,0,1,0,0
46_31,46,N1-c-M1,31,1,swords,Valid Filler,Dimatis,2,1,Some sharp things are swords,All swords are weapons,Some weapons are sharp things,NA,2911,Dimatis,1,1,0,0
46_32,46,N1-c-M1,32,0,steaks,Invalid Filler,Dimatis*,2,1,Some delicious entrées are steaks,All rotten ribeyes are steaks,Some rotten ribeyes are delicious entrées,NA,4599,Dimatis,0,1,0,0
46_33,46,N1-c-M1,33,1,singers,Valid Filler,Disamis,2,1,Some singers are guitarists,All singers are vocalists,Some vocalists are guitarists,NA,2463,Disamis,1,1,0,0
46_34,46,N1-c-M1,34,0,dresses,Invalid Filler,Disamis*,2,1,Some dresses are cocktail outfits,All ball gowns are dresses ,Some ball gowns are cocktail outfits,NA,1528,Disamis,0,1,0,0
46_35,46,N1-c-M1,35,0,change,Homonymy,Disamis,2,1,Some change is transformation,All change is money,Some money is transformation,NA,4062,Disamis,0,1,0,0
46_36,46,N1-c-M1,36,1,ruler,Homonymy,Dimatis,2,1,Some queens are rulers,All rulers are standard lengths,Some standard lengths are queens,NA,3391,Dimatis,0,0,0,0
46_37,46,N1-c-M1,37,0,breakfast,Polysemy,Disamis,2,1,Some breakfasts are under an hour,All breakfasts are nutrients,Some nutrients are under an hour,NA,1496,Disamis,0,1,0,0
46_38,46,N1-c-M1,38,1,poets,Valid Filler,Darii,2,1,All poets are writers ,Some teachers are poets,Some teachers are writers,NA,2503,Darii,1,1,0,0
46_39,46,N1-c-M1,39,1,dinner,Polysemy,Dimatis,2,1,Some black tie events are dinners,All dinners are foods,Some foods are black tie events,NA,4687,Dimatis,0,0,0,0
46_40,46,N1-c-M1,40,1,liars,Valid Filler,Datisi,2,1,All liars are humans,Some liars are criminals,Some criminals are humans,NA,3295,Datisi,1,1,0,0
46_41,46,N1-c-M1,41,1,ball,Homonymy,Datisi,2,1,All balls are toys,Some balls are senior proms,Some senior proms are toys,NA,2808,Datisi,0,0,0,0
46_42,46,N1-c-M1,42,1,thieves,Invalid Filler,Datisi*,2,1,All mob bosses are thieves,Some thieves are children,Some children are mob bosses,NA,2857,Datisi,0,0,0,0
46_43,46,N1-c-M1,43,1,widows,Valid Filler,Datisi,2,1,All widows are women,Some widows are parents,Some parents are women,NA,2285,Datisi,1,1,0,0
46_44,46,N1-c-M1,44,1,shapes,Invalid Filler,Dimatis*,2,1,Some road signs are shapes,All cylinders are shapes,Some cylinders are road signs,NA,2463,Dimatis,0,0,0,0
46_45,46,N1-c-M1,45,1,bat,Homonymy,Disamis,2,1,Some bats are made for softball,All bats are animals,Some animals are made for softball,NA,2959,Disamis,0,0,0,0
46_46,46,N1-c-M1,46,1,suitcases,Valid Filler,Datisi,2,1,All suitcases are pieces of luggage,Some suitcases are bags,Some bags are pieces of luggage,NA,2464,Datisi,1,1,0,0
46_47,46,N1-c-M1,47,0,actors,Invalid Filler,Darii*,2,1,All male leads are actors,Some women are actors,Some women are male leads,NA,1696,Darii,0,1,0,0
46_48,46,N1-c-M1,48,1,dances,Invalid Filler,Disamis*,2,1,Some dances are mating rituals ,All ballets are dances,Some ballets are mating rituals ,NA,1375,Disamis,0,0,0,0
46_49,46,N1-c-M1,49,1,mugs,Valid Filler,Darii,2,1,All mugs are cups ,Some ceramics are mugs,Some ceramics are cups ,NA,1623,Darii,1,1,0,0
46_50,46,N1-c-M1,50,1,antiques,Invalid Filler,Disamis*,2,1,Some antiques are pieces of jewelry,All medieval manuscripts are antiques ,Some medieval manuscripts are pieces of jewelry,NA,1760,Disamis,0,0,0,0
46_51,46,N1-c-M1,51,0,burgers,Valid Filler,Dimatis,2,1,Some entrées are burgers,All burgers are sandwiches,Some sandwiches are entrées,NA,2863,Dimatis,1,0,0,0
46_52,46,N1-c-M1,52,1,magazines,Polysemy,Dimatis,2,1,Some recyclables are magazines,All magazines are subscriptions,Some subscriptions are recyclables,NA,3103,Dimatis,0,0,0,0
46_53,46,N1-c-M1,53,1,novel,Polysemy,Disamis,2,1,Some novels weigh over a pound,All novels are stories,Some stories weigh over a pound,NA,3543,Disamis,0,0,0,0
46_54,46,N1-c-M1,54,0,mothers,Invalid Filler,Disamis*,2,1,Some mothers are teens,All grandmas are mothers,Some grandmas are teens,NA,3896,Disamis,0,1,0,0
46_55,46,N1-c-M1,55,0,stones,Invalid Filler,Darii*,2,1,All boulders are stones,Some paperweights are stones,Some paperweights are boulders,NA,3183,Darii,0,1,0,0
46_56,46,N1-c-M1,56,0,cabinet,Homonymy,Darii,2,1,All cabinets are political appointments,Some shelving units are cabinets,Some shelving units are political appointments,NA,4855,Darii,0,1,0,0
47_1,47,N1-c-M1,1,0,suit,Homonymy,Darii,4,1,All suits are dress attire,Some court proceedings are suits,Some court proceedings are dress attire,NA,4462,Darii,0,1,0,0
47_2,47,N1-c-M1,2,1,doughnuts,Valid Filler,Datisi,4,1,All doughnuts are sugary ,Some doughnuts are treats,Some treats are sugary,NA,3008,Datisi,1,1,0,0
47_3,47,N1-c-M1,3,0,match,Homonymy,Darii,4,1,All matches are combustible,Some pay-per-view broadcasts are matches,Some pay-per-view broadcasts are combustible,NA,5148,Darii,0,1,0,0
47_4,47,N1-c-M1,4,0,antiques,Invalid Filler,Datisi*,4,1,All medieval manuscripts are antiques ,Some antiques are pieces of jewelry,Some pieces of jewelry are medieval manuscripts,NA,5627,Datisi,0,1,0,0
47_5,47,N1-c-M1,5,1,dances,Invalid Filler,Datisi*,4,1,All ballets are dances ,Some dances are mating rituals,Some mating rituals are ballets ,NA,4884,Datisi,0,0,0,0
47_6,47,N1-c-M1,6,1,poets,Valid Filler,Dimatis,4,1,Some teachers are poets,All poets are writers ,Some writers are teachers,NA,6035,Dimatis,1,1,0,0
47_7,47,N1-c-M1,7,1,dresses,Invalid Filler,Datisi*,4,1,All ball gowns are dresses ,Some dresses are cocktail outfits,Some cocktail outfits are ball gowns,NA,4199,Datisi,0,0,0,0
47_8,47,N1-c-M1,8,1,school,Polysemy,Darii,4,1,All schools have classrooms,Some employers are schools,Some employers have classrooms,NA,3329,Darii,0,0,0,0
47_9,47,N1-c-M1,9,0,toilets,Invalid Filler,Darii*,4,1,All urinals are toilets,Some seats are toilets,Some seats are urinals,NA,4448,Darii,0,1,0,0
47_10,47,N1-c-M1,10,0,breakfast,Polysemy,Datisi,4,1,All breakfasts are under three hours,Some breakfasts are smoothies,Some smoothies are under three hours,NA,6589,Datisi,0,1,0,0
47_11,47,N1-c-M1,11,0,ball,Homonymy,Disamis,4,1,Some balls are senior proms,All balls are toys,Some toys are senior proms,NA,6839,Disamis,0,1,0,0
47_12,47,N1-c-M1,12,1,trucks,Valid Filler,Disamis,4,1,Some trucks are big rigs,All trucks are vehicles,Some vehicles are big rigs,NA,2623,Disamis,1,1,0,0
47_13,47,N1-c-M1,13,0,bat,Homonymy,Datisi,4,1,All bats are animals,Some bats are sporting goods,Some sporting goods are animals,NA,2919,Datisi,0,1,0,0
47_14,47,N1-c-M1,14,1,company,Polysemy,Disamis,4,1,Some companies are in city centers,All companies are hierarchies,Some hierarchies are in city centers,NA,3295,Disamis,0,0,0,0
47_15,47,N1-c-M1,15,1,sausages,Invalid Filler,Dimatis*,4,1,Some pizza toppings are sausages,All chili dogs are sausages,Some chili dogs are pizza toppings,NA,6917,Dimatis,0,0,0,0
47_16,47,N1-c-M1,16,1,college,Polysemy,Datisi,4,1,All colleges grant degrees,Some colleges are historic buildings,Some historic buildings grant degrees,NA,7003,Datisi,0,0,0,0
47_17,47,N1-c-M1,17,1,burgers,Valid Filler,Darii,4,1,All burgers have protein,Some entrées are burgers,Some entrées have protein,NA,2779,Darii,1,1,0,0
47_18,47,N1-c-M1,18,0,star,Homonymy,Dimatis,4,1,Some celestial objects are stars,All stars are famous people,Some famous people are celestial objects,NA,3705,Dimatis,0,1,0,0
47_19,47,N1-c-M1,19,1,statues,Valid Filler,Dimatis,4,1,Some bronzes are statues,All statues are sculptures,Some sculptures are bronzes,NA,10754,Dimatis,1,1,0,0
47_20,47,N1-c-M1,20,1,magazines,Polysemy,Darii,4,1,All magazines are recyclable,Some media corporations are magazines,Some media corporations are recyclable,NA,9173,Darii,0,0,0,0
47_21,47,N1-c-M1,21,0,steaks,Invalid Filler,Darii*,4,1,All rotten ribeyes are steaks,Some delicious meals are steaks,Some delicoius meals are rotten ribeyes,NA,3741,Darii,0,1,0,0
47_22,47,N1-c-M1,22,1,liars,Valid Filler,Disamis,4,1,Some liars are criminals,All liars are humans,Some humans are criminals ,NA,1878,Disamis,1,1,0,0
47_23,47,N1-c-M1,23,0,city,Polysemy,Dimatis,4,1,Some bureaucracies are cities,All cities are graffitied places,Some graffitied places are bureaucracies,NA,6379,Dimatis,0,1,0,0
47_24,47,N1-c-M1,24,1,rifles,Valid Filler,Darii,4,1,All rifles are guns,Some safety hazards are rifles,Some safety hazards are guns,NA,3216,Darii,1,1,0,0
47_25,47,N1-c-M1,25,0,change,Homonymy,Datisi,4,1,All change is money,Some change is transformation,Some transformation is money,NA,2406,Datisi,0,1,0,0
47_26,47,N1-c-M1,26,0,actors,Invalid Filler,Dimatis*,4,1,Some women are actors,All male leads are actors,Some male leads are women,NA,2010,Dimatis,0,1,0,0
47_27,47,N1-c-M1,27,0,novel,Polysemy,Datisi,4,1,All novels are flammable,Some novels are debuts,Some debuts are flammable,NA,2208,Datisi,0,1,0,0
47_28,47,N1-c-M1,28,1,suitcases,Valid Filler,Disamis,4,1,Some suitcases are bags,All suitcases are pieces of luggage,Some pieces of luggage are bags,NA,1816,Disamis,1,1,0,0
47_29,47,N1-c-M1,29,1,dinner,Polysemy,Darii,4,1,All dinners happen after four o'clock,Some lasagnas are dinners,Some lasagnas happen after four o'clock,NA,3074,Darii,0,0,0,0
47_30,47,N1-c-M1,30,0,rock,Homonymy,Dimatis,4,1,Some marble is rock,All rock is music,Some music is marble,NA,3803,Dimatis,0,1,0,0
47_31,47,N1-c-M1,31,1,mugs,Valid Filler,Dimatis,4,1,Some ceramics are mugs,All mugs are cups ,Some cups are ceramics,NA,2434,Dimatis,1,1,0,0
47_32,47,N1-c-M1,32,0,funerals,Invalid Filler,Dimatis*,4,1,Some family gatherings are funerals,All anonymous burials are funerals,Some anonymous burials are family gatherings,NA,4421,Dimatis,0,1,0,0
47_33,47,N1-c-M1,33,1,widows,Valid Filler,Disamis,4,1,Some widows are parents,All widows are women,Some women are parents,NA,2355,Disamis,1,1,0,0
47_34,47,N1-c-M1,34,0,spices,Invalid Filler,Disamis*,4,1,Some spices are dried roots,All mustard seeds are spices ,Some mustard seeds are dried roots,NA,4483,Disamis,0,1,0,0
47_35,47,N1-c-M1,35,0,Wave,Homonymy,Disamis,4,1,Some waves are gestures,All waves are liquids,Some liquids are gestures,NA,2726,Disamis,0,1,0,0
47_36,47,N1-c-M1,36,0,cabinet,Homonymy,Dimatis,4,1,Some shelving units are cabinets,All cabinets are political appointments,Some political appointments are shelving units,NA,2463,Dimatis,0,1,0,0
47_37,47,N1-c-M1,37,0,lunch,Polysemy,Disamis,4,1,Some lunches are breaks,All lunches are foods,Some foods are breaks,NA,2951,Disamis,0,1,0,0
47_38,47,N1-c-M1,38,1,grapes,Valid Filler,Darii,4,1,All grapes are fruits ,Some snacks are grapes,Some snacks are fruits,NA,1659,Darii,1,1,0,0
47_39,47,N1-c-M1,39,0,picnic,Polysemy,Dimatis,4,1,Some summertime activities are picnics,All picnics are prepared foods,Some prepared foods are summertime activities,NA,8085,Dimatis,0,1,0,0
47_40,47,N1-c-M1,40,1,dolls,Valid Filler,Datisi,4,1,All dolls are man made,Some dolls are toys,Some toys are man made,NA,1591,Datisi,1,1,0,0
47_41,47,N1-c-M1,41,0,ring,Homonymy,Datisi,4,1,All rings are sounds,Some rings are accessories,Some accessories are sounds,NA,2987,Datisi,0,1,0,0
47_42,47,N1-c-M1,42,0,mothers,Invalid Filler,Datisi*,4,1,All grandmas are mothers ,Some mothers are teens,Some teens are grandmas,NA,2577,Datisi,0,1,0,0
47_43,47,N1-c-M1,43,1,singers,Valid Filler,Datisi,4,1,All singers are performers,Some singers are men,Some men are performers,NA,1679,Datisi,1,1,0,0
47_44,47,N1-c-M1,44,0,stones,Invalid Filler,Dimatis*,4,1,Some paperweights are stones,All boulders are stones,Some boulders are paperweights,NA,3028,Dimatis,0,1,0,0
47_45,47,N1-c-M1,45,0,board,Homonymy,Disamis,4,1,Some boards are governing organizations,All boards are wooden planks,Some wooden planks are governing organizations,NA,3930,Disamis,0,1,0,0
47_46,47,N1-c-M1,46,1,clowns,Valid Filler,Datisi,4,1,All clowns are entertainers,Some clowns are mimes,Some mimes are entertainers,NA,2027,Datisi,1,1,0,0
47_47,47,N1-c-M1,47,1,colors,Invalid Filler,Darii*,4,1,Some pastels are colors,All shades of neon green are colors ,Some shades of neon green are pastels,NA,3923,Darii,0,0,0,0
47_48,47,N1-c-M1,48,0,peppers,Invalid Filler,Disamis*,4,1,Some peppers are yellow vegetables ,All jalapenos are peppers,Some jalapenos are yellow vegetables,NA,2950,Disamis,0,1,0,0
47_49,47,N1-c-M1,49,1,swords,Valid Filler,Darii,4,1,All swords are weapons,Some sharp objects are swords,Some sharp objects are weapons,NA,10275,Darii,1,1,0,0
47_50,47,N1-c-M1,50,0,injuries,Invalid Filler,Disamis*,4,1,Some injuries are sunburns,All broken bones are injuries,Some broken bones are sunburns,NA,2063,Disamis,0,1,0,0
47_51,47,N1-c-M1,51,1,ponies,Valid Filler,Dimatis,4,1,Some thoroughbreds are ponies,All ponies are neighing animals,Some neighing animals are thoroughbreds,NA,3277,Dimatis,1,1,0,0
47_52,47,N1-c-M1,52,1,letter,Polysemy,Dimatis,4,1,Some papers are letters,All letters are communications,Some communications are papers,NA,3747,Dimatis,0,0,0,0
47_53,47,N1-c-M1,53,0,book,Polysemy,Disamis,4,1,Some books are doorstops,All books are pieces of intellectual property,Some pieces of intellectual property are doorstops,NA,3821,Disamis,0,1,0,0
47_54,47,N1-c-M1,54,0,thieves,Invalid Filler,Disamis*,4,1,Some thieves are children,All mob bosses are thieves,Some mob bosses are children,NA,3151,Disamis,0,1,0,0
47_55,47,N1-c-M1,55,0,shapes,Invalid Filler,Darii*,4,1,All cylinders are shapes,Some road signs are shapes,Some road signs are cylinders,NA,5238,Darii,0,1,0,0
47_56,47,N1-c-M1,56,0,ruler,Homonymy,Darii,4,1,All rulers are standard lengths,Some queens are rulers,Some queens are standard lengths,NA,5591,Darii,0,1,0,0
48_1,48,N1-c-M1,1,0,board,Homonymy,Darii,3,1,All boards are wooden planks,Some governing organizations are boards,Some governing organizations are wooden planks,NA,12321,Darii,0,1,0,0
48_2,48,N1-c-M1,2,1,swords,Valid Filler,Datisi,3,1,All swords are weapons,Some swords are museum pieces,Some museum pieces are weapons,NA,5614,Datisi,1,1,0,0
48_3,48,N1-c-M1,3,0,Wave,Homonymy,Darii,3,1,All waves are water,Some gestures are waves,Some gestures are water,NA,8654,Darii,0,1,0,0
48_4,48,N1-c-M1,4,1,colors,Invalid Filler,Datisi*,3,1,All shades of neon green are colors ,Some colors are pastels,Some pastels are shades of neon green ,NA,5064,Datisi,0,0,0,0
48_5,48,N1-c-M1,5,0,shapes,Invalid Filler,Datisi*,3,1,All road signs are shapes,Some shapes are cylinders,Some cylinders are road signs,NA,11308,Datisi,0,1,0,0
48_6,48,N1-c-M1,6,1,dolls,Valid Filler,Dimatis,3,1,Some toys are dolls ,All dolls are man made objects,Some man made objects are toys,NA,7496,Dimatis,1,1,0,0
48_7,48,N1-c-M1,7,0,steaks,Invalid Filler,Datisi*,3,1,All rotten ribeyes are steaks,Some steaks are delicious meals,Some delicious meals are rotten ribeyes,NA,5655,Datisi,0,1,0,0
48_8,48,N1-c-M1,8,0,company,Polysemy,Darii,3,1,All companies are buildings,Some tech giants are companies,Some tech giants are buildings,NA,11646,Darii,0,1,0,0
48_9,48,N1-c-M1,9,0,thieves,Invalid Filler,Darii*,3,1,All mob bosses are thieves,Some children are thieves,Some children are mob bosses,NA,4276,Darii,0,1,0,0
48_10,48,N1-c-M1,10,0,dinner,Polysemy,Datisi,3,1,All dinners happen after four o'clock,Some dinners are meatloafs,Some meatloafs happen after four o'clock,NA,7288,Datisi,0,1,0,0
48_11,48,N1-c-M1,11,0,cabinet,Homonymy,Disamis,3,1,Some cabinets are antique furniture,All cabinets are political appointments,Some political appointments are antique furniture,NA,5358,Disamis,0,1,0,0
48_12,48,N1-c-M1,12,1,mugs,Valid Filler,Disamis,3,1,Some mugs are ceramics,All mugs are cups ,Some cups are ceramics,NA,3936,Disamis,1,1,0,0
48_13,48,N1-c-M1,13,1,suit,Homonymy,Datisi,3,1,All suits are dress attire,Some suits are court proceedings,Some court proceedings are dress attire,NA,5846,Datisi,0,0,0,0
48_14,48,N1-c-M1,14,0,city,Polysemy,Disamis,3,1,Some cities are corrupt,All cities are groups of buildings,Some groups of buildings are corrupt,NA,5544,Disamis,0,1,0,0
48_15,48,N1-c-M1,15,0,mothers,Invalid Filler,Dimatis*,3,1,Some teens are mothers,All grandmas are mothers ,Some grandmas are teens,NA,7456,Dimatis,0,1,0,0
48_16,48,N1-c-M1,16,1,school,Polysemy,Datisi,3,1,All schools have hallways,Some schools are employers,Some employers have hallways,NA,10976,Datisi,0,0,0,0
48_17,48,N1-c-M1,17,1,widows,Valid Filler,Darii,3,1,All widows are women,Some parents are widows ,Some parents are women,NA,3484,Darii,1,1,0,0
48_18,48,N1-c-M1,18,1,change,Homonymy,Dimatis,3,1,Some transformation is change,All change is money,Some money is transformation,NA,8064,Dimatis,0,0,0,0
48_19,48,N1-c-M1,19,1,clowns,Valid Filler,Dimatis,3,1,Some jugglers are clowns ,All clowns are performers,Some performers are jugglers,NA,4606,Dimatis,1,1,0,0
48_20,48,N1-c-M1,20,0,book,Polysemy,Darii,3,1,All books are bound,Some exposés are books,Some exposés are bound,NA,9239,Darii,0,1,0,0
48_21,48,N1-c-M1,21,0,spices,Invalid Filler,Darii*,3,1,All mustard seeds are spices,Some dried roots are spices ,Some dried roots are mustard seeds,NA,31254,Darii,0,1,0,0
48_22,48,N1-c-M1,22,1,poets,Valid Filler,Disamis,3,1,Some poets are teachers,All poets are writers ,Some writers are teachers,NA,3431,Disamis,1,1,0,0
48_23,48,N1-c-M1,23,1,college,Polysemy,Dimatis,3,1,Some funding sources are colleges,All colleges are places filled with desks,Some places filled with desks are funding sources,NA,9615,Dimatis,0,0,0,0
48_24,48,N1-c-M1,24,1,suitcases,Valid Filler,Darii,3,1,All suitcases are luggage,Some bags are suitcases,Some bags are luggage,NA,4502,Darii,1,1,0,0
48_25,48,N1-c-M1,25,0,match,Homonymy,Datisi,3,1,All matches are combustible,Some matches are pay-per-view broadcasts,Some pay-per-view broadcasts are combustible,NA,7199,Datisi,0,1,0,0
48_26,48,N1-c-M1,26,0,antiques,Invalid Filler,Dimatis*,3,1,Some pieces of jewelry are antiques,All medieval manuscripts are antiques  ,Some medieval manuscripts are pieces of jewelry,NA,4542,Dimatis,0,1,0,0
48_27,48,N1-c-M1,27,0,magazines,Polysemy,Datisi,3,1,All magazines are recyclable,Some magazines are media corporations ,Some media corporations are recyclable,NA,5465,Datisi,0,1,0,0
48_28,48,N1-c-M1,28,1,statues,Valid Filler,Disamis,3,1,Some statues are bronzes,All statues are sculptures,Some sculptures are bronzes,NA,3253,Disamis,1,1,0,0
48_29,48,N1-c-M1,29,0,lunch,Polysemy,Darii,3,1,All lunches are breaks,Some sandwiches are lunches,Some sandwiches are breaks ,NA,9688,Darii,0,1,0,0
48_30,48,N1-c-M1,30,1,bat,Homonymy,Dimatis,3,1,Some sporting goods are bats,All bats are animals,Some animals are sporting goods,NA,8485,Dimatis,0,0,0,0
48_31,48,N1-c-M1,31,1,doughnuts,Valid Filler,Dimatis,3,1,Some pastries are doughnuts ,All doughnuts are sugary foods,Some sugary foods are pastries,NA,3521,Dimatis,1,1,0,0
48_32,48,N1-c-M1,32,1,dresses,Invalid Filler,Dimatis*,3,1,Some cocktail outfits are dresses,All ball gowns are dresses ,Some ball gowns are cocktail outfits,NA,6376,Dimatis,0,0,0,0
48_33,48,N1-c-M1,33,1,ponies,Valid Filler,Disamis,3,1,Some ponies are thoroughbreds,All ponies are neighing animals,Some neighing animals are thoroughbreds,NA,4254,Disamis,1,1,0,0
48_34,48,N1-c-M1,34,1,funerals,Invalid Filler,Disamis*,3,1,Some funerals are family gatherings,All anonymous burials are funerals,Some anonymous burials are family gatherings,NA,7041,Disamis,0,0,0,0
48_35,48,N1-c-M1,35,0,star,Homonymy,Disamis,3,1,Some stars are red dwarfs,All stars are famous people,Some famous people are red dwarfs,NA,6678,Disamis,0,1,0,0
48_36,48,N1-c-M1,36,1,ring,Homonymy,Dimatis,3,1,Some accessories are rings,All rings are sounds,Some sounds are accessories,NA,4975,Dimatis,0,0,0,0
48_37,48,N1-c-M1,37,1,picnic,Polysemy,Disamis,3,1,Some picnics are romantic,All picnics are prepared foods,Some prepared foods are romantic,NA,6248,Disamis,0,0,0,0
48_38,48,N1-c-M1,38,1,liars,Valid Filler,Darii,3,1,All liars are humans,Some criminals are liars ,Some criminals are humans,NA,4263,Darii,1,1,0,0
48_39,48,N1-c-M1,39,0,breakfast,Polysemy,Dimatis,3,1,Some meetings are breakfasts,All breakfasts are nutrients,Some nutrients are meetings,NA,6768,Dimatis,0,1,0,0
48_40,48,N1-c-M1,40,1,grapes,Valid Filler,Datisi,3,1,All grapes are fruits,Some grapes are snacks,Some snacks are fruits ,NA,3589,Datisi,1,1,0,0
48_41,48,N1-c-M1,41,1,ruler,Homonymy,Datisi,3,1,All rulers are standard lengths,Some rulers are queens,Some queens are standard lengths,NA,6312,Datisi,0,0,0,0
48_42,48,N1-c-M1,42,1,toilets,Invalid Filler,Datisi*,3,1,All outhouses are toilets,Some toilets are urinals ,Some urinals are outhouses,NA,4360,Datisi,0,0,0,0
48_43,48,N1-c-M1,43,1,burgers,Valid Filler,Datisi,3,1,All burgers have protein,Some burgers are drive-thru orders,Some drive-thru orders have protein,NA,5352,Datisi,1,1,0,0
48_44,48,N1-c-M1,44,1,dances,Invalid Filler,Dimatis*,3,1,Some mating rituals are dances,All ballets are dances ,Some ballets are mating rituals ,NA,6143,Dimatis,0,0,0,0
48_45,48,N1-c-M1,45,0,rock,Homonymy,Disamis,3,1,Some rock is marble,All rock is music,Some music is marble,NA,8015,Disamis,0,1,0,0
48_46,48,N1-c-M1,46,1,rifles,Valid Filler,Datisi,3,1,All rifles are guns,Some rifles are safety hazards,Some safety hazards are guns,NA,6902,Datisi,1,1,0,0
48_47,48,N1-c-M1,47,0,injuries,Invalid Filler,Darii*,3,1,All broken bones are injuries,Some sunburns are injuries,Some sunburns are broken bones,NA,8944,Darii,0,1,0,0
48_48,48,N1-c-M1,48,0,stones,Invalid Filler,Disamis*,3,1,Some stones are pebbles,All boulders are stones,Some boulders are pebbles,NA,15801,Disamis,0,1,0,0
48_49,48,N1-c-M1,49,1,trucks,Valid Filler,Darii,3,1,All trucks are vehicles,Some cars are trucks ,Some cars are vehicles,NA,3463,Darii,1,1,0,0
48_50,48,N1-c-M1,50,1,actors,Invalid Filler,Disamis*,3,1,Some actors are women,All male leads are actors,Some male leads are women,NA,12799,Disamis,0,0,0,0
48_51,48,N1-c-M1,51,1,singers,Valid Filler,Dimatis,3,1,Some YouTubers are singers,All singers are musicians,Some musicians are YouTubers,NA,3567,Dimatis,1,1,0,0
48_52,48,N1-c-M1,52,1,novel,Polysemy,Dimatis,3,1,Some flammable objects are novels,All novels are fictions,Some fictions are flammable objects,NA,7559,Dimatis,0,0,0,0
48_53,48,N1-c-M1,53,0,letter,Polysemy,Disamis,3,1,Some letters are crumpled,All letters are communications,Some communications are crumpled,NA,7895,Disamis,0,1,0,0
48_54,48,N1-c-M1,54,1,sausages,Invalid Filler,Disamis*,3,1,Some sausages are chili dogs,All pepperonis are sausages,Some pepperonis are chili dogs,NA,11383,Disamis,0,0,0,0
48_55,48,N1-c-M1,55,1,peppers,Invalid Filler,Darii*,3,1,All jalapenos are peppers ,Some yellow vegetables are peppers,Some yellow vegetables are jalapenos,NA,6137,Darii,0,0,0,0
48_56,48,N1-c-M1,56,0,ball,Homonymy,Darii,3,1,All balls are toys,Some birthday parties are balls,Some senior proms are toys,NA,23879,Darii,0,1,0,0
49_1,49,N1-c-M1,1,0,novel,Polysemy,Disamis,2,2,Some novels weigh over a pound,All novels are stories,Some stories weigh over a pound,NA,7367,Disamis,0,1,0,0
49_2,49,N1-c-M1,2,0,thieves,Invalid Filler,Datisi*,2,2,All mob bosses are thieves,Some thieves are children,Some children are mob bosses,NA,2302,Datisi,0,1,0,0
49_3,49,N1-c-M1,3,0,steaks,Invalid Filler,Dimatis*,2,2,Some delicious entrées are steaks,All rotten ribeyes are steaks,Some rotten ribeyes are delicious entrées,NA,3306,Dimatis,0,1,0,0
49_4,49,N1-c-M1,4,0,dances,Invalid Filler,Disamis*,2,2,Some dances are mating rituals ,All ballets are dances,Some ballets are mating rituals ,NA,2730,Disamis,0,1,0,0
49_5,49,N1-c-M1,5,0,ring,Homonymy,Disamis,2,2,Some rings are made of gold,All rings are sounds,Some sounds are made of gold,NA,5276,Disamis,0,1,0,0
49_6,49,N1-c-M1,6,0,mothers,Invalid Filler,Disamis*,2,2,Some mothers are teens,All grandmas are mothers,Some grandmas are teens,NA,4337,Disamis,0,1,0,0
49_7,49,N1-c-M1,7,1,suitcases,Valid Filler,Datisi,2,2,All suitcases are pieces of luggage,Some suitcases are bags,Some bags are pieces of luggage,NA,3382,Datisi,1,1,0,0
49_8,49,N1-c-M1,8,1,shapes,Invalid Filler,Dimatis*,2,2,Some road signs are shapes,All cylinders are shapes,Some cylinders are road signs,NA,4412,Dimatis,0,0,0,0
49_9,49,N1-c-M1,9,1,picnic,Polysemy,Darii,2,2,All picnics happen in nature,Some salads are picnics,Some salads happen in nature,NA,3086,Darii,0,0,0,0
49_10,49,N1-c-M1,10,0,lunch,Polysemy,Datisi,2,2,All lunches are breaks,Some lunches are soups,Some soups are breaks,NA,2239,Datisi,0,1,0,0
49_11,49,N1-c-M1,11,0,bat,Homonymy,Disamis,2,2,Some bats are made for softball,All bats are animals,Some animals are made for softball,NA,2991,Disamis,0,1,0,0
49_12,49,N1-c-M1,12,0,ruler,Homonymy,Dimatis,2,2,Some queens are rulers,All rulers are standard lengths,Some standard lengths are queens,NA,3773,Dimatis,0,1,0,0
49_13,49,N1-c-M1,13,0,city,Polysemy,Darii,2,2,All cities are bureaucracies,Some graffitied places are cities,Some graffitied places are bureaucracies,NA,11397,Darii,0,1,0,0
49_14,49,N1-c-M1,14,1,breakfast,Polysemy,Disamis,2,2,Some breakfasts are under an hour,All breakfasts are nutrients,Some nutrients are under an hour,NA,9961,Disamis,0,0,0,0
49_15,49,N1-c-M1,15,1,grapes,Valid Filler,Dimatis,2,2,Some snacks are grapes,All grapes are fruits ,Some fruits are snacks,NA,1983,Dimatis,1,1,0,0
49_16,49,N1-c-M1,16,1,liars,Valid Filler,Datisi,2,2,All liars are humans,Some liars are criminals,Some criminals are humans,NA,5836,Datisi,1,1,0,0
49_17,49,N1-c-M1,17,0,board,Homonymy,Datisi,2,2,All boards are wooden planks,Some boards are governing organizations,Some governing organizations are wooden planks,NA,3703,Datisi,0,1,0,0
49_18,49,N1-c-M1,18,0,cabinet,Homonymy,Darii,2,2,All cabinets are political appointments,Some shelving units are cabinets,Some shelving units are political appointments,NA,64838,Darii,0,1,0,0
49_19,49,N1-c-M1,19,1,change,Homonymy,Disamis,2,2,Some change is transformation,All change is money,Some money is transformation,NA,16083,Disamis,0,0,0,0
49_20,49,N1-c-M1,20,1,doughnuts,Valid Filler,Disamis,2,2,Some doughnuts are glazed,All doughnuts are sugary foods,Some sugary foods are glazed,NA,1907,Disamis,1,1,0,0
49_21,49,N1-c-M1,21,1,toilets,Invalid Filler,Dimatis*,2,2,Some seats are toilets ,All urinals are toilets,Some urinals are seats,NA,2494,Dimatis,0,0,0,0
49_22,49,N1-c-M1,22,0,dinner,Polysemy,Dimatis,2,2,Some black tie events are dinners,All dinners are foods,Some foods are black tie events,NA,3609,Dimatis,0,1,0,0
49_23,49,N1-c-M1,23,1,trucks,Valid Filler,Datisi,2,2,All trucks are vehicles,Some trucks are big rigs,Some big rigs are vehicles,NA,2930,Datisi,1,1,0,0
49_24,49,N1-c-M1,24,1,clowns,Valid Filler,Disamis,2,2,Some clowns are mimes,All clowns are entertainers,Some entertainers are mimes,NA,3072,Disamis,1,1,0,0
49_25,49,N1-c-M1,25,0,sausages,Invalid Filler,Darii*,2,2,All chili dogs are sausages,Some pizza toppings are sausages,Some pizza toppings are chili dogs,NA,3145,Darii,0,1,0,0
49_26,49,N1-c-M1,26,1,college,Polysemy,Disamis,2,2,Some colleges have chancellors,All colleges are groups of buildings,Some groups of buildings have chancellors,NA,60348,Disamis,0,0,0,0
49_27,49,N1-c-M1,27,0,magazines,Polysemy,Dimatis,2,2,Some recyclables are magazines,All magazines are subscriptions,Some subscriptions are recyclables,NA,11666,Dimatis,0,1,0,0
49_28,49,N1-c-M1,28,1,dolls,Valid Filler,Disamis,2,2,Some dolls are toys,All dolls are man made objects,Some man made objects are toys,NA,2512,Disamis,1,1,0,0
49_29,49,N1-c-M1,29,0,wave,Homonymy,Datisi,2,2,All waves are water,Some waves are gestures,Some gestures are water,NA,2881,Datisi,0,1,0,0
49_30,49,N1-c-M1,30,0,injuries,Invalid Filler,Datisi*,2,2,All broken bones are injuries,Some injuries are sunburns,Some sunburns are broken bones,NA,3993,Datisi,0,1,0,0
49_31,49,N1-c-M1,31,1,burgers,Valid Filler,Dimatis,2,2,Some entrées are burgers,All burgers are sandwiches,Some sandwiches are entrées,NA,2770,Dimatis,1,1,0,0
49_32,49,N1-c-M1,32,0,colors,Invalid Filler,Dimatis*,2,2,Some pastels are colors,All shade of neon green are colors ,Some shades of neon green are pastels,NA,6068,Dimatis,0,1,0,0
49_33,49,N1-c-M1,33,1,poets,Valid Filler,Darii,2,2,All poets are writers ,Some teachers are poets,Some teachers are writers,NA,2141,Darii,1,1,0,0
49_34,49,N1-c-M1,34,0,stones,Invalid Filler,Darii*,2,2,All boulders are stones,Some paperweights are stones,Some paperweights are boulders,NA,3198,Darii,0,1,0,0
49_35,49,N1-c-M1,35,0,ponies,Valid Filler,Darii,2,2,All ponies neigh,Some thoroughbreds are ponies,Some thoroughbreds neigh,NA,3122,Darii,1,0,0,0
49_36,49,N1-c-M1,36,1,singers,Valid Filler,Disamis,2,2,Some singers are guitarists,All singers are vocalists,Some vocalists are guitarists,NA,2655,Disamis,1,1,0,0
49_37,49,N1-c-M1,37,1,match,Homonymy,Dimatis,2,2,Some pay-per-view broadcasts are matches,All matches are fire starters,Some fire starters are pay-per-view broadcasts,NA,8001,Dimatis,0,0,0,0
49_38,49,N1-c-M1,38,1,funerals,Invalid Filler,Darii*,2,2,All anonymous burials are funerals,Some family gatherings are funerals,Some family gatherings are anonymous burials,NA,75977,Darii,0,0,0,0
49_39,49,N1-c-M1,39,0,mugs,Valid Filler,Darii,2,2,All mugs are cups ,Some ceramics are mugs,Some ceramics are cups ,NA,2209,Darii,1,0,0,0
49_40,49,N1-c-M1,40,1,swords,Valid Filler,Dimatis,2,2,Some sharp things are swords,All swords are weapons,Some weapons are sharp things,NA,2246,Dimatis,1,1,0,0
49_41,49,N1-c-M1,41,0,letter,Polysemy,Darii,2,2,All letters have stamps,Some rejections are letters,Some rejections have stamps,NA,3296,Darii,0,1,0,0
49_42,49,N1-c-M1,42,1,statues,Valid Filler,Darii,2,2,All statues are sculptures,Some artworks are statues,Some artworks are sculptures,NA,4033,Darii,1,1,0,0
49_43,49,N1-c-M1,43,0,suit,Homonymy,Dimatis,2,2,Some court proceedings are suits,All suits are formal outfits,Some formal outfits are court proceedings,NA,4442,Dimatis,0,1,0,0
49_44,49,N1-c-M1,44,0,ball,Homonymy,Datisi,2,2,All balls are toys,Some balls are senior proms,Some senior proms are toys,NA,3251,Datisi,0,1,0,0
49_45,49,N1-c-M1,45,0,actors,Invalid Filler,Darii*,2,2,All male leads are actors,Some women are actors,Some women are male leads,NA,15392,Darii,0,1,0,0
49_46,49,N1-c-M1,46,1,book,Polysemy,Datisi,2,2,All books are printed,Some books are romances,Some romances are printed,NA,7130,Datisi,0,0,0,0
49_47,49,N1-c-M1,47,1,widows,Valid Filler,Datisi,2,2,All widows are women,Some widows are parents,Some parents are women,NA,4125,Datisi,1,1,0,0
49_48,49,N1-c-M1,48,0,school,Polysemy,Dimatis,2,2,Some rectangular buildings are schools,All schools are employers,Some employers are rectangular buildings,NA,3995,Dimatis,0,1,0,0
49_49,49,N1-c-M1,49,0,rock,Homonymy,Darii,2,2,All rock has guitars,Some marble is rock,Some marble has guitars,NA,1868,Darii,0,1,0,0
49_50,49,N1-c-M1,50,0,spices,Invalid Filler,Datisi*,2,2,All mustard seeds are spices ,Some spices are dried roots ,Some dried roots are mustard seeds,NA,2633,Datisi,0,1,0,0
49_51,49,N1-c-M1,51,0,peppers,Invalid Filler,Datisi*,2,2,All jalapenos are peppers,Some peppers are yellow vegetables ,Some yellow vegetables are jalapenos,NA,4021,Datisi,0,1,0,0
49_52,49,N1-c-M1,52,1,rifles,Valid Filler,Dimatis,2,2,Some safety hazards are rifles,All rifles are guns,Some guns are safety hazards,NA,14916,Dimatis,1,1,0,0
49_53,49,N1-c-M1,53,0,star,Homonymy,Darii,2,2,All stars have autographs,Some red dwarfs are stars,Some red dwarfs have autographs,NA,3088,Darii,0,1,0,0
49_54,49,N1-c-M1,54,0,dresses,Invalid Filler,Disamis*,2,2,Some dresses are cocktail outfits,All ball gowns are dresses ,Some ball gowns are cocktail outfits,NA,1413,Disamis,0,1,0,0
49_55,49,N1-c-M1,55,1,antiques,Invalid Filler,Disamis*,2,2,Some antiques are pieces of jewelry,All medieval manuscripts are antiques ,Some medieval manuscripts are pieces of jewelry,NA,3083,Disamis,0,0,0,0
49_56,49,N1-c-M1,56,0,company,Polysemy,Datisi,2,2,All companies are buildings,Some companies are hierarchies,Some hierarchies are buildings,NA,4274,Datisi,0,1,0,0
50_1,50,N1-c-M1,1,0,rock,Homonymy,Darii,2,1,All rock has guitars,Some marble is rock,Some marble has guitars,NA,2390,Darii,0,1,0,0
50_2,50,N1-c-M1,2,1,trucks,Valid Filler,Datisi,2,1,All trucks are vehicles,Some trucks are big rigs,Some big rigs are vehicles,NA,2018,Datisi,1,1,0,0
50_3,50,N1-c-M1,3,0,star,Homonymy,Darii,2,1,All stars have autographs,Some red dwarfs are stars,Some red dwarfs have autographs,NA,2261,Darii,0,1,0,0
50_4,50,N1-c-M1,4,0,injuries,Invalid Filler,Datisi*,2,1,All broken bones are injuries,Some injuries are sunburns,Some sunburns are broken bones,NA,1664,Datisi,0,1,0,0
50_5,50,N1-c-M1,5,0,peppers,Invalid Filler,Datisi*,2,1,All jalapenos are peppers,Some peppers are yellow vegetables ,Some yellow vegetables are jalapenos,NA,2787,Datisi,0,1,0,0
50_6,50,N1-c-M1,6,1,grapes,Valid Filler,Dimatis,2,1,Some snacks are grapes,All grapes are fruits ,Some fruits are snacks,NA,2035,Dimatis,1,1,0,0
50_7,50,N1-c-M1,7,0,spices,Invalid Filler,Datisi*,2,1,All mustard seeds are spices ,Some spices are dried roots ,Some dried roots are mustard seeds,NA,4203,Datisi,0,1,0,0
50_8,50,N1-c-M1,8,1,city,Polysemy,Darii,2,1,All cities are bureaucracies,Some graffitied places are cities,Some graffitied places are bureaucracies,NA,2721,Darii,0,0,0,0
50_9,50,N1-c-M1,9,0,sausages,Invalid Filler,Darii*,2,1,All chili dogs are sausages,Some pizza toppings are sausages,Some pizza toppings are chili dogs,NA,2808,Darii,0,1,0,0
50_10,50,N1-c-M1,10,0,lunch,Polysemy,Datisi,2,1,All lunches are breaks,Some lunches are soups,Some soups are breaks,NA,2705,Datisi,0,1,0,0
50_11,50,N1-c-M1,11,0,ring,Homonymy,Disamis,2,1,Some rings are made of gold,All rings are sounds,Some sounds are made of gold,NA,2650,Disamis,0,1,0,0
50_12,50,N1-c-M1,12,1,doughnuts,Valid Filler,Disamis,2,1,Some doughnuts are glazed,All doughnuts are sugary foods,Some sugary foods are glazed,NA,2303,Disamis,1,1,0,0
50_13,50,N1-c-M1,13,0,board,Homonymy,Datisi,2,1,All boards are wooden planks,Some boards are governing organizations,Some governing organizations are wooden planks,NA,3261,Datisi,0,1,0,0
50_14,50,N1-c-M1,14,1,college,Polysemy,Disamis,2,1,Some colleges have chancellors,All colleges are groups of buildings,Some groups of buildings have chancellors,NA,3751,Disamis,0,0,0,0
50_15,50,N1-c-M1,15,0,toilets,Invalid Filler,Dimatis*,2,1,Some seats are toilets ,All urinals are toilets,Some urinals are seats,NA,3171,Dimatis,0,1,0,0
50_16,50,N1-c-M1,16,0,company,Polysemy,Datisi,2,1,All companies are buildings,Some companies are hierarchies,Some hierarchies are buildings,NA,3540,Datisi,0,1,0,0
50_17,50,N1-c-M1,17,1,ponies,Valid Filler,Darii,2,1,All ponies neigh,Some thoroughbreds are ponies,Some thoroughbreds neigh,NA,3737,Darii,1,1,0,0
50_18,50,N1-c-M1,18,0,match,Homonymy,Dimatis,2,1,Some pay-per-view broadcasts are matches,All matches are fire starters,Some fire starters are pay-per-view broadcasts,NA,4321,Dimatis,0,1,0,0
50_19,50,N1-c-M1,19,1,rifles,Valid Filler,Dimatis,2,1,Some safety hazards are rifles,All rifles are guns,Some guns are safety hazards,NA,3878,Dimatis,1,1,0,0
50_20,50,N1-c-M1,20,1,letter,Polysemy,Darii,2,1,All letters have stamps,Some rejections are letters,Some rejections have stamps,NA,3588,Darii,0,0,0,0
50_21,50,N1-c-M1,21,0,funerals,Invalid Filler,Darii*,2,1,All anonymous burials are funerals,Some family gatherings are funerals,Some family gatherings are anonymous burials,NA,4155,Darii,0,1,0,0
50_22,50,N1-c-M1,22,1,dolls,Valid Filler,Disamis,2,1,Some dolls are toys,All dolls are man made objects,Some man made objects are toys,NA,2051,Disamis,1,1,0,0
50_23,50,N1-c-M1,23,0,school,Polysemy,Dimatis,2,1,Some rectangular buildings are schools,All schools are employers,Some employers are rectangular buildings,NA,2631,Dimatis,0,1,0,0
50_24,50,N1-c-M1,24,1,statues,Valid Filler,Darii,2,1,All statues are sculptures,Some artworks are statues,Some artworks are sculptures,NA,2447,Darii,1,1,0,0
50_25,50,N1-c-M1,25,0,wave,Homonymy,Datisi,2,1,All waves are water,Some waves are gestures,Some gestures are water,NA,1727,Datisi,0,1,0,0
50_26,50,N1-c-M1,26,1,colors,Invalid Filler,Dimatis*,2,1,Some pastels are colors,All shade of neon green are colors ,Some shades of neon green are pastels,NA,3843,Dimatis,0,0,0,0
50_27,50,N1-c-M1,27,1,book,Polysemy,Datisi,2,1,All books are printed,Some books are romances,Some romances are printed,NA,2480,Datisi,0,0,0,0
50_28,50,N1-c-M1,28,1,clowns,Valid Filler,Disamis,2,1,Some clowns are mimes,All clowns are entertainers,Some entertainers are mimes,NA,2506,Disamis,1,1,0,0
50_29,50,N1-c-M1,29,1,picnic,Polysemy,Darii,2,1,All picnics happen in nature,Some salads are picnics,Some salads happen in nature,NA,2342,Darii,0,0,0,0
50_30,50,N1-c-M1,30,0,suit,Homonymy,Dimatis,2,1,Some court proceedings are suits,All suits are formal outfits,Some formal outfits are court proceedings,NA,3216,Dimatis,0,1,0,0
50_31,50,N1-c-M1,31,1,swords,Valid Filler,Dimatis,2,1,Some sharp things are swords,All swords are weapons,Some weapons are sharp things,NA,2027,Dimatis,1,1,0,0
50_32,50,N1-c-M1,32,0,steaks,Invalid Filler,Dimatis*,2,1,Some delicious entrées are steaks,All rotten ribeyes are steaks,Some rotten ribeyes are delicious entrées,NA,5051,Dimatis,0,1,0,0
50_33,50,N1-c-M1,33,1,singers,Valid Filler,Disamis,2,1,Some singers are guitarists,All singers are vocalists,Some vocalists are guitarists,NA,2468,Disamis,1,1,0,0
50_34,50,N1-c-M1,34,1,dresses,Invalid Filler,Disamis*,2,1,Some dresses are cocktail outfits,All ball gowns are dresses ,Some ball gowns are cocktail outfits,NA,3067,Disamis,0,0,0,0
50_35,50,N1-c-M1,35,0,change,Homonymy,Disamis,2,1,Some change is transformation,All change is money,Some money is transformation,NA,2326,Disamis,0,1,0,0
50_36,50,N1-c-M1,36,0,ruler,Homonymy,Dimatis,2,1,Some queens are rulers,All rulers are standard lengths,Some standard lengths are queens,NA,2637,Dimatis,0,1,0,0
50_37,50,N1-c-M1,37,0,breakfast,Polysemy,Disamis,2,1,Some breakfasts are under an hour,All breakfasts are nutrients,Some nutrients are under an hour,NA,1592,Disamis,0,1,0,0
50_38,50,N1-c-M1,38,1,poets,Valid Filler,Darii,2,1,All poets are writers ,Some teachers are poets,Some teachers are writers,NA,1667,Darii,1,1,0,0
50_39,50,N1-c-M1,39,0,dinner,Polysemy,Dimatis,2,1,Some black tie events are dinners,All dinners are foods,Some foods are black tie events,NA,1761,Dimatis,0,1,0,0
50_40,50,N1-c-M1,40,1,liars,Valid Filler,Datisi,2,1,All liars are humans,Some liars are criminals,Some criminals are humans,NA,1513,Datisi,1,1,0,0
50_41,50,N1-c-M1,41,0,ball,Homonymy,Datisi,2,1,All balls are toys,Some balls are senior proms,Some senior proms are toys,NA,2108,Datisi,0,1,0,0
50_42,50,N1-c-M1,42,1,thieves,Invalid Filler,Datisi*,2,1,All mob bosses are thieves,Some thieves are children,Some children are mob bosses,NA,2994,Datisi,0,0,0,0
50_43,50,N1-c-M1,43,1,widows,Valid Filler,Datisi,2,1,All widows are women,Some widows are parents,Some parents are women,NA,1740,Datisi,1,1,0,0
50_44,50,N1-c-M1,44,1,shapes,Invalid Filler,Dimatis*,2,1,Some road signs are shapes,All cylinders are shapes,Some cylinders are road signs,NA,2068,Dimatis,0,0,0,0
50_45,50,N1-c-M1,45,0,bat,Homonymy,Disamis,2,1,Some bats are made for softball,All bats are animals,Some animals are made for softball,NA,2020,Disamis,0,1,0,0
50_46,50,N1-c-M1,46,1,suitcases,Valid Filler,Datisi,2,1,All suitcases are pieces of luggage,Some suitcases are bags,Some bags are pieces of luggage,NA,1773,Datisi,1,1,0,0
50_47,50,N1-c-M1,47,0,actors,Invalid Filler,Darii*,2,1,All male leads are actors,Some women are actors,Some women are male leads,NA,2033,Darii,0,1,0,0
50_48,50,N1-c-M1,48,1,dances,Invalid Filler,Disamis*,2,1,Some dances are mating rituals ,All ballets are dances,Some ballets are mating rituals ,NA,2634,Disamis,0,0,0,0
50_49,50,N1-c-M1,49,1,mugs,Valid Filler,Darii,2,1,All mugs are cups ,Some ceramics are mugs,Some ceramics are cups ,NA,1604,Darii,1,1,0,0
50_50,50,N1-c-M1,50,1,antiques,Invalid Filler,Disamis*,2,1,Some antiques are pieces of jewelry,All medieval manuscripts are antiques ,Some medieval manuscripts are pieces of jewelry,NA,2845,Disamis,0,0,0,0
50_51,50,N1-c-M1,51,1,burgers,Valid Filler,Dimatis,2,1,Some entrées are burgers,All burgers are sandwiches,Some sandwiches are entrées,NA,1556,Dimatis,1,1,0,0
50_52,50,N1-c-M1,52,1,magazines,Polysemy,Dimatis,2,1,Some recyclables are magazines,All magazines are subscriptions,Some subscriptions are recyclables,NA,1848,Dimatis,0,0,0,0
50_53,50,N1-c-M1,53,1,novel,Polysemy,Disamis,2,1,Some novels weigh over a pound,All novels are stories,Some stories weigh over a pound,NA,2660,Disamis,0,0,0,0
50_54,50,N1-c-M1,54,0,mothers,Invalid Filler,Disamis*,2,1,Some mothers are teens,All grandmas are mothers,Some grandmas are teens,NA,2620,Disamis,0,1,0,0
50_55,50,N1-c-M1,55,1,stones,Invalid Filler,Darii*,2,1,All boulders are stones,Some paperweights are stones,Some paperweights are boulders,NA,2158,Darii,0,0,0,0
50_56,50,N1-c-M1,56,0,cabinet,Homonymy,Darii,2,1,All cabinets are political appointments,Some shelving units are cabinets,Some shelving units are political appointments,NA,2443,Darii,0,1,0,0
51_1,51,N1-c-M1,1,1,letter,Polysemy,Disamis,3,2,Some letters are crumpled,All letters are communications,Some communications are crumpled,NA,8122,Disamis,0,0,0,0
51_2,51,N1-c-M1,2,1,toilets,Invalid Filler,Datisi*,3,2,All outhouses are toilets,Some toilets are urinals ,Some urinals are outhouses,NA,10641,Datisi,0,0,0,0
51_3,51,N1-c-M1,3,1,dresses,Invalid Filler,Dimatis*,3,2,Some cocktail outfits are dresses,All ball gowns are dresses ,Some ball gowns are cocktail outfits,NA,8192,Dimatis,0,0,0,0
51_4,51,N1-c-M1,4,0,stones,Invalid Filler,Disamis*,3,2,Some stones are pebbles,All boulders are stones,Some boulders are pebbles,NA,4154,Disamis,0,1,0,0
51_5,51,N1-c-M1,5,0,cabinet,Homonymy,Disamis,3,2,Some cabinets are antique furniture,All cabinets are political appointments,Some political appointments are antique furniture,NA,5936,Disamis,0,1,0,0
51_6,51,N1-c-M1,6,0,sausages,Invalid Filler,Disamis*,3,2,Some sausages are chili dogs,All pepperonis are sausages,Some pepperonis are chili dogs,NA,5621,Disamis,0,1,0,0
51_7,51,N1-c-M1,7,0,rifles,Valid Filler,Datisi,3,2,All rifles are guns,Some rifles are safety hazards,Some safety hazards are guns,NA,9181,Datisi,1,0,0,0
51_8,51,N1-c-M1,8,1,dances,Invalid Filler,Dimatis*,3,2,Some mating rituals are dances,All ballets are dances ,Some ballets are mating rituals ,NA,5760,Dimatis,0,0,0,0
51_9,51,N1-c-M1,9,0,lunch,Polysemy,Darii,3,2,All lunches are breaks,Some sandwiches are lunches,Some sandwiches are breaks ,NA,2654,Darii,0,1,0,0
51_10,51,N1-c-M1,10,0,dinner,Polysemy,Datisi,3,2,All dinners happen after four o'clock,Some dinners are meatloafs,Some meatloafs happen after four o'clock,NA,8923,Datisi,0,1,0,0
51_11,51,N1-c-M1,11,0,rock,Homonymy,Disamis,3,2,Some rock is marble,All rock is music,Some music is marble,NA,3343,Disamis,0,1,0,0
51_12,51,N1-c-M1,12,0,ring,Homonymy,Dimatis,3,2,Some accessories are rings,All rings are sounds,Some sounds are accessories,NA,3161,Dimatis,0,1,0,0
51_13,51,N1-c-M1,13,0,company,Polysemy,Darii,3,2,All companies are buildings,Some tech giants are companies,Some tech giants are buildings,NA,7129,Darii,0,1,0,0
51_14,51,N1-c-M1,14,1,picnic,Polysemy,Disamis,3,2,Some picnics are romantic,All picnics are prepared foods,Some prepared foods are romantic,NA,6346,Disamis,0,0,0,0
51_15,51,N1-c-M1,15,1,dolls,Valid Filler,Dimatis,3,2,Some toys are dolls ,All dolls are man made objects,Some man made objects are toys,NA,4356,Dimatis,1,1,0,0
51_16,51,N1-c-M1,16,1,grapes,Valid Filler,Datisi,3,2,All grapes are fruits,Some grapes are snacks,Some snacks are fruits ,NA,3886,Datisi,1,1,0,0
51_17,51,N1-c-M1,17,0,suit,Homonymy,Datisi,3,2,All suits are dress attire,Some suits are court proceedings,Some court proceedings are dress attire,NA,4980,Datisi,0,1,0,0
51_18,51,N1-c-M1,18,0,ball,Homonymy,Darii,3,2,All balls are toys,Some birthday parties are balls,Some senior proms are toys,NA,4137,Darii,0,1,0,0
51_19,51,N1-c-M1,19,0,star,Homonymy,Disamis,3,2,Some stars are red dwarfs,All stars are famous people,Some famous people are red dwarfs,NA,6163,Disamis,0,1,0,0
51_20,51,N1-c-M1,20,1,mugs,Valid Filler,Disamis,3,2,Some mugs are ceramics,All mugs are cups ,Some cups are ceramics,NA,2908,Disamis,1,1,0,0
51_21,51,N1-c-M1,21,0,mothers,Invalid Filler,Dimatis*,3,2,Some teens are mothers,All grandmas are mothers ,Some grandmas are teens,NA,9729,Dimatis,0,1,0,0
51_22,51,N1-c-M1,22,0,breakfast,Polysemy,Dimatis,3,2,Some meetings are breakfasts,All breakfasts are nutrients,Some nutrients are meetings,NA,3471,Dimatis,0,1,0,0
51_23,51,N1-c-M1,23,1,swords,Valid Filler,Datisi,3,2,All swords are weapons,Some swords are museum pieces,Some museum pieces are weapons,NA,2956,Datisi,1,1,0,0
51_24,51,N1-c-M1,24,1,statues,Valid Filler,Disamis,3,2,Some statues are bronzes,All statues are sculptures,Some sculptures are bronzes,NA,3076,Disamis,1,1,0,0
51_25,51,N1-c-M1,25,0,thieves,Invalid Filler,Darii*,3,2,All mob bosses are thieves,Some children are thieves,Some children are mob bosses,NA,2858,Darii,0,1,0,0
51_26,51,N1-c-M1,26,1,city,Polysemy,Disamis,3,2,Some cities are corrupt,All cities are groups of buildings,Some groups of buildings are corrupt,NA,6382,Disamis,0,0,0,0
51_27,51,N1-c-M1,27,0,novel,Polysemy,Dimatis,3,2,Some flammable objects are novels,All novels are fictions,Some fictions are flammable objects,NA,6913,Dimatis,0,1,0,0
51_28,51,N1-c-M1,28,1,poets,Valid Filler,Disamis,3,2,Some poets are teachers,All poets are writers ,Some writers are teachers,NA,2308,Disamis,1,1,0,0
51_29,51,N1-c-M1,29,0,match,Homonymy,Datisi,3,2,All matches are combustible,Some matches are pay-per-view broadcasts,Some pay-per-view broadcasts are combustible,NA,3890,Datisi,0,1,0,0
51_30,51,N1-c-M1,30,0,colors,Invalid Filler,Datisi*,3,2,All shades of neon green are colors ,Some colors are pastels,Some pastels are shades of neon green ,NA,7558,Datisi,0,1,0,0
51_31,51,N1-c-M1,31,1,singers,Valid Filler,Dimatis,3,2,Some YouTubers are singers,All singers are musicians,Some musicians are YouTubers,NA,3209,Dimatis,1,1,0,0
51_32,51,N1-c-M1,32,0,antiques,Invalid Filler,Dimatis*,3,2,Some pieces of jewelry are antiques,All medieval manuscripts are antiques  ,Some medieval manuscripts are pieces of jewelry,NA,4224,Dimatis,0,1,0,0
51_33,51,N1-c-M1,33,1,liars,Valid Filler,Darii,3,2,All liars are humans,Some criminals are liars ,Some criminals are humans,NA,3727,Darii,1,1,0,0
51_34,51,N1-c-M1,34,0,peppers,Invalid Filler,Darii*,3,2,All jalapenos are peppers ,Some yellow vegetables are peppers,Some yellow vegetables are jalapenos,NA,4759,Darii,0,1,0,0
51_35,51,N1-c-M1,35,1,widows,Valid Filler,Darii,3,2,All widows are women,Some parents are widows ,Some parents are women,NA,2636,Darii,1,1,0,0
51_36,51,N1-c-M1,36,1,ponies,Valid Filler,Disamis,3,2,Some ponies are thoroughbreds,All ponies are neighing animals,Some neighing animals are thoroughbreds,NA,4699,Disamis,1,1,0,0
51_37,51,N1-c-M1,37,0,change,Homonymy,Dimatis,3,2,Some transformation is change,All change is money,Some money is transformation,NA,4754,Dimatis,0,1,0,0
51_38,51,N1-c-M1,38,1,spices,Invalid Filler,Darii*,3,2,All mustard seeds are spices,Some dried roots are spices ,Some dried roots are mustard seeds,NA,4093,Darii,0,0,0,0
51_39,51,N1-c-M1,39,1,trucks,Valid Filler,Darii,3,2,All trucks are vehicles,Some cars are trucks ,Some cars are vehicles,NA,2401,Darii,1,1,0,0
51_40,51,N1-c-M1,40,1,doughnuts,Valid Filler,Dimatis,3,2,Some pastries are doughnuts ,All doughnuts are sugary foods,Some sugary foods are pastries,NA,2800,Dimatis,1,1,0,0
51_41,51,N1-c-M1,41,0,book,Polysemy,Darii,3,2,All books are bound,Some exposés are books,Some exposés are bound,NA,3317,Darii,0,1,0,0
51_42,51,N1-c-M1,42,1,suitcases,Valid Filler,Darii,3,2,All suitcases are luggage,Some bags are suitcases,Some bags are luggage,NA,2767,Darii,1,1,0,0
51_43,51,N1-c-M1,43,0,bat,Homonymy,Dimatis,3,2,Some sporting goods are bats,All bats are animals,Some animals are sporting goods,NA,3269,Dimatis,0,1,0,0
51_44,51,N1-c-M1,44,1,ruler,Homonymy,Datisi,3,2,All rulers are standard lengths,Some rulers are queens,Some queens are standard lengths,NA,5657,Datisi,0,0,0,0
51_45,51,N1-c-M1,45,0,injuries,Invalid Filler,Darii*,3,2,All broken bones are injuries,Some sunburns are injuries,Some sunburns are broken bones,NA,2846,Darii,0,1,0,0
51_46,51,N1-c-M1,46,0,magazines,Polysemy,Datisi,3,2,All magazines are recyclable,Some magazines are media corporations ,Some media corporations are recyclable,NA,2767,Datisi,0,1,0,0
51_47,51,N1-c-M1,47,1,burgers,Valid Filler,Datisi,3,2,All burgers have protein,Some burgers are drive-thru orders,Some drive-thru orders have protein,NA,5766,Datisi,1,1,0,0
51_48,51,N1-c-M1,48,0,college,Polysemy,Dimatis,3,2,Some funding sources are colleges,All colleges are places filled with desks,Some places filled with desks are funding sources,NA,6026,Dimatis,0,1,0,0
51_49,51,N1-c-M1,49,0,board,Homonymy,Darii,3,2,All boards are wooden planks,Some governing organizations are boards,Some governing organizations are wooden planks,NA,5980,Darii,0,1,0,0
51_50,51,N1-c-M1,50,0,steaks,Invalid Filler,Datisi*,3,2,All rotten ribeyes are steaks,Some steaks are delicious meals,Some delicious meals are rotten ribeyes,NA,3850,Datisi,0,1,0,0
51_51,51,N1-c-M1,51,0,shapes,Invalid Filler,Datisi*,3,2,All road signs are shapes,Some shapes are cylinders,Some cylinders are road signs,NA,3337,Datisi,0,1,0,0
51_52,51,N1-c-M1,52,1,clowns,Valid Filler,Dimatis,3,2,Some jugglers are clowns ,All clowns are performers,Some performers are jugglers,NA,3634,Dimatis,1,1,0,0
51_53,51,N1-c-M1,53,0,Wave,Homonymy,Darii,3,2,All waves are water,Some gestures are waves,Some gestures are water,NA,3449,Darii,0,1,0,0
51_54,51,N1-c-M1,54,0,funerals,Invalid Filler,Disamis*,3,2,Some funerals are family gatherings,All anonymous burials are funerals,Some anonymous burials are family gatherings,NA,11822,Disamis,0,1,0,0
51_55,51,N1-c-M1,55,0,actors,Invalid Filler,Disamis*,3,2,Some actors are women,All male leads are actors,Some male leads are women,NA,14664,Disamis,0,1,0,0
51_56,51,N1-c-M1,56,1,school,Polysemy,Datisi,3,2,All schools have hallways,Some schools are employers,Some employers have hallways,NA,3814,Datisi,0,0,0,0
52_1,52,N1-c-M1,1,0,board,Homonymy,Darii,3,1,All boards are wooden planks,Some governing organizations are boards,Some governing organizations are wooden planks,NA,8176,Darii,0,1,0,0
52_2,52,N1-c-M1,2,1,swords,Valid Filler,Datisi,3,1,All swords are weapons,Some swords are museum pieces,Some museum pieces are weapons,NA,8954,Datisi,1,1,0,0
52_3,52,N1-c-M1,3,0,Wave,Homonymy,Darii,3,1,All waves are water,Some gestures are waves,Some gestures are water,NA,4943,Darii,0,1,0,0
52_4,52,N1-c-M1,4,0,colors,Invalid Filler,Datisi*,3,1,All shades of neon green are colors ,Some colors are pastels,Some pastels are shades of neon green ,NA,7625,Datisi,0,1,0,0
52_5,52,N1-c-M1,5,0,shapes,Invalid Filler,Datisi*,3,1,All road signs are shapes,Some shapes are cylinders,Some cylinders are road signs,NA,17941,Datisi,0,1,0,0
52_6,52,N1-c-M1,6,1,dolls,Valid Filler,Dimatis,3,1,Some toys are dolls ,All dolls are man made objects,Some man made objects are toys,NA,18620,Dimatis,1,1,0,0
52_7,52,N1-c-M1,7,0,steaks,Invalid Filler,Datisi*,3,1,All rotten ribeyes are steaks,Some steaks are delicious meals,Some delicious meals are rotten ribeyes,NA,43415,Datisi,0,1,0,0
52_8,52,N1-c-M1,8,0,company,Polysemy,Darii,3,1,All companies are buildings,Some tech giants are companies,Some tech giants are buildings,NA,9155,Darii,0,1,0,0
52_9,52,N1-c-M1,9,0,thieves,Invalid Filler,Darii*,3,1,All mob bosses are thieves,Some children are thieves,Some children are mob bosses,NA,9186,Darii,0,1,0,0
52_10,52,N1-c-M1,10,0,dinner,Polysemy,Datisi,3,1,All dinners happen after four o'clock,Some dinners are meatloafs,Some meatloafs happen after four o'clock,NA,5887,Datisi,0,1,0,0
52_11,52,N1-c-M1,11,0,cabinet,Homonymy,Disamis,3,1,Some cabinets are antique furniture,All cabinets are political appointments,Some political appointments are antique furniture,NA,8848,Disamis,0,1,0,0
52_12,52,N1-c-M1,12,1,mugs,Valid Filler,Disamis,3,1,Some mugs are ceramics,All mugs are cups ,Some cups are ceramics,NA,11677,Disamis,1,1,0,0
52_13,52,N1-c-M1,13,0,suit,Homonymy,Datisi,3,1,All suits are dress attire,Some suits are court proceedings,Some court proceedings are dress attire,NA,9381,Datisi,0,1,0,0
52_14,52,N1-c-M1,14,0,city,Polysemy,Disamis,3,1,Some cities are corrupt,All cities are groups of buildings,Some groups of buildings are corrupt,NA,18744,Disamis,0,1,0,0
52_15,52,N1-c-M1,15,0,mothers,Invalid Filler,Dimatis*,3,1,Some teens are mothers,All grandmas are mothers ,Some grandmas are teens,NA,25642,Dimatis,0,1,0,0
52_16,52,N1-c-M1,16,1,school,Polysemy,Datisi,3,1,All schools have hallways,Some schools are employers,Some employers have hallways,NA,39620,Datisi,0,0,0,0
52_17,52,N1-c-M1,17,1,widows,Valid Filler,Darii,3,1,All widows are women,Some parents are widows ,Some parents are women,NA,10934,Darii,1,1,0,0
52_18,52,N1-c-M1,18,1,change,Homonymy,Dimatis,3,1,Some transformation is change,All change is money,Some money is transformation,NA,7674,Dimatis,0,0,0,0
52_19,52,N1-c-M1,19,1,clowns,Valid Filler,Dimatis,3,1,Some jugglers are clowns ,All clowns are performers,Some performers are jugglers,NA,6042,Dimatis,1,1,0,0
52_20,52,N1-c-M1,20,0,book,Polysemy,Darii,3,1,All books are bound,Some exposés are books,Some exposés are bound,NA,5046,Darii,0,1,0,0
52_21,52,N1-c-M1,21,1,spices,Invalid Filler,Darii*,3,1,All mustard seeds are spices,Some dried roots are spices ,Some dried roots are mustard seeds,NA,6298,Darii,0,0,0,0
52_22,52,N1-c-M1,22,1,poets,Valid Filler,Disamis,3,1,Some poets are teachers,All poets are writers ,Some writers are teachers,NA,20300,Disamis,1,1,0,0
52_23,52,N1-c-M1,23,1,college,Polysemy,Dimatis,3,1,Some funding sources are colleges,All colleges are places filled with desks,Some places filled with desks are funding sources,NA,16486,Dimatis,0,0,0,0
52_24,52,N1-c-M1,24,1,suitcases,Valid Filler,Darii,3,1,All suitcases are luggage,Some bags are suitcases,Some bags are luggage,NA,4704,Darii,1,1,0,0
52_25,52,N1-c-M1,25,0,match,Homonymy,Datisi,3,1,All matches are combustible,Some matches are pay-per-view broadcasts,Some pay-per-view broadcasts are combustible,NA,12554,Datisi,0,1,0,0
52_26,52,N1-c-M1,26,0,antiques,Invalid Filler,Dimatis*,3,1,Some pieces of jewelry are antiques,All medieval manuscripts are antiques  ,Some medieval manuscripts are pieces of jewelry,NA,39515,Dimatis,0,1,0,0
52_27,52,N1-c-M1,27,0,magazines,Polysemy,Datisi,3,1,All magazines are recyclable,Some magazines are media corporations ,Some media corporations are recyclable,NA,5861,Datisi,0,1,0,0
52_28,52,N1-c-M1,28,1,statues,Valid Filler,Disamis,3,1,Some statues are bronzes,All statues are sculptures,Some sculptures are bronzes,NA,38484,Disamis,1,1,0,0
52_29,52,N1-c-M1,29,0,lunch,Polysemy,Darii,3,1,All lunches are breaks,Some sandwiches are lunches,Some sandwiches are breaks ,NA,7350,Darii,0,1,0,0
52_30,52,N1-c-M1,30,0,bat,Homonymy,Dimatis,3,1,Some sporting goods are bats,All bats are animals,Some animals are sporting goods,NA,4500,Dimatis,0,1,0,0
52_31,52,N1-c-M1,31,1,doughnuts,Valid Filler,Dimatis,3,1,Some pastries are doughnuts ,All doughnuts are sugary foods,Some sugary foods are pastries,NA,4630,Dimatis,1,1,0,0
52_32,52,N1-c-M1,32,0,dresses,Invalid Filler,Dimatis*,3,1,Some cocktail outfits are dresses,All ball gowns are dresses ,Some ball gowns are cocktail outfits,NA,11443,Dimatis,0,1,0,0
52_33,52,N1-c-M1,33,0,ponies,Valid Filler,Disamis,3,1,Some ponies are thoroughbreds,All ponies are neighing animals,Some neighing animals are thoroughbreds,NA,5189,Disamis,1,0,0,0
52_34,52,N1-c-M1,34,0,funerals,Invalid Filler,Disamis*,3,1,Some funerals are family gatherings,All anonymous burials are funerals,Some anonymous burials are family gatherings,NA,4295,Disamis,0,1,0,0
52_35,52,N1-c-M1,35,0,star,Homonymy,Disamis,3,1,Some stars are red dwarfs,All stars are famous people,Some famous people are red dwarfs,NA,5931,Disamis,0,1,0,0
52_36,52,N1-c-M1,36,0,ring,Homonymy,Dimatis,3,1,Some accessories are rings,All rings are sounds,Some sounds are accessories,NA,3717,Dimatis,0,1,0,0
52_37,52,N1-c-M1,37,0,picnic,Polysemy,Disamis,3,1,Some picnics are romantic,All picnics are prepared foods,Some prepared foods are romantic,NA,4952,Disamis,0,1,0,0
52_38,52,N1-c-M1,38,1,liars,Valid Filler,Darii,3,1,All liars are humans,Some criminals are liars ,Some criminals are humans,NA,4249,Darii,1,1,0,0
52_39,52,N1-c-M1,39,0,breakfast,Polysemy,Dimatis,3,1,Some meetings are breakfasts,All breakfasts are nutrients,Some nutrients are meetings,NA,4270,Dimatis,0,1,0,0
52_40,52,N1-c-M1,40,1,grapes,Valid Filler,Datisi,3,1,All grapes are fruits,Some grapes are snacks,Some snacks are fruits ,NA,6608,Datisi,1,1,0,0
52_41,52,N1-c-M1,41,1,ruler,Homonymy,Datisi,3,1,All rulers are standard lengths,Some rulers are queens,Some queens are standard lengths,NA,7726,Datisi,0,0,0,0
52_42,52,N1-c-M1,42,0,toilets,Invalid Filler,Datisi*,3,1,All outhouses are toilets,Some toilets are urinals ,Some urinals are outhouses,NA,9772,Datisi,0,1,0,0
52_43,52,N1-c-M1,43,1,burgers,Valid Filler,Datisi,3,1,All burgers have protein,Some burgers are drive-thru orders,Some drive-thru orders have protein,NA,5578,Datisi,1,1,0,0
52_44,52,N1-c-M1,44,0,dances,Invalid Filler,Dimatis*,3,1,Some mating rituals are dances,All ballets are dances ,Some ballets are mating rituals ,NA,3498,Dimatis,0,1,0,0
52_45,52,N1-c-M1,45,0,rock,Homonymy,Disamis,3,1,Some rock is marble,All rock is music,Some music is marble,NA,3978,Disamis,0,1,0,0
52_46,52,N1-c-M1,46,0,rifles,Valid Filler,Datisi,3,1,All rifles are guns,Some rifles are safety hazards,Some safety hazards are guns,NA,4161,Datisi,1,0,0,0
52_47,52,N1-c-M1,47,0,injuries,Invalid Filler,Darii*,3,1,All broken bones are injuries,Some sunburns are injuries,Some sunburns are broken bones,NA,3771,Darii,0,1,0,0
52_48,52,N1-c-M1,48,0,stones,Invalid Filler,Disamis*,3,1,Some stones are pebbles,All boulders are stones,Some boulders are pebbles,NA,4664,Disamis,0,1,0,0
52_49,52,N1-c-M1,49,1,trucks,Valid Filler,Darii,3,1,All trucks are vehicles,Some cars are trucks ,Some cars are vehicles,NA,3548,Darii,1,1,0,0
52_50,52,N1-c-M1,50,0,actors,Invalid Filler,Disamis*,3,1,Some actors are women,All male leads are actors,Some male leads are women,NA,5330,Disamis,0,1,0,0
52_51,52,N1-c-M1,51,1,singers,Valid Filler,Dimatis,3,1,Some YouTubers are singers,All singers are musicians,Some musicians are YouTubers,NA,7128,Dimatis,1,1,0,0
52_52,52,N1-c-M1,52,0,novel,Polysemy,Dimatis,3,1,Some flammable objects are novels,All novels are fictions,Some fictions are flammable objects,NA,4741,Dimatis,0,1,0,0
52_53,52,N1-c-M1,53,1,letter,Polysemy,Disamis,3,1,Some letters are crumpled,All letters are communications,Some communications are crumpled,NA,8524,Disamis,0,0,0,0
52_54,52,N1-c-M1,54,0,sausages,Invalid Filler,Disamis*,3,1,Some sausages are chili dogs,All pepperonis are sausages,Some pepperonis are chili dogs,NA,13531,Disamis,0,1,0,0
52_55,52,N1-c-M1,55,0,peppers,Invalid Filler,Darii*,3,1,All jalapenos are peppers ,Some yellow vegetables are peppers,Some yellow vegetables are jalapenos,NA,7273,Darii,0,1,0,0
52_56,52,N1-c-M1,56,0,ball,Homonymy,Darii,3,1,All balls are toys,Some birthday parties are balls,Some senior proms are toys,NA,5194,Darii,0,1,0,0
53_1,53,N1-c-M1,1,0,novel,Polysemy,Disamis,2,2,Some novels weigh over a pound,All novels are stories,Some stories weigh over a pound,NA,9126,Disamis,0,1,0,0
53_2,53,N1-c-M1,2,0,thieves,Invalid Filler,Datisi*,2,2,All mob bosses are thieves,Some thieves are children,Some children are mob bosses,NA,3061,Datisi,0,1,0,0
53_3,53,N1-c-M1,3,0,steaks,Invalid Filler,Dimatis*,2,2,Some delicious entrées are steaks,All rotten ribeyes are steaks,Some rotten ribeyes are delicious entrées,NA,3004,Dimatis,0,1,0,0
53_4,53,N1-c-M1,4,0,dances,Invalid Filler,Disamis*,2,2,Some dances are mating rituals ,All ballets are dances,Some ballets are mating rituals ,NA,4027,Disamis,0,1,0,0
53_5,53,N1-c-M1,5,0,ring,Homonymy,Disamis,2,2,Some rings are made of gold,All rings are sounds,Some sounds are made of gold,NA,6039,Disamis,0,1,0,0
53_6,53,N1-c-M1,6,0,mothers,Invalid Filler,Disamis*,2,2,Some mothers are teens,All grandmas are mothers,Some grandmas are teens,NA,1753,Disamis,0,1,0,0
53_7,53,N1-c-M1,7,1,suitcases,Valid Filler,Datisi,2,2,All suitcases are pieces of luggage,Some suitcases are bags,Some bags are pieces of luggage,NA,2916,Datisi,1,1,0,0
53_8,53,N1-c-M1,8,1,shapes,Invalid Filler,Dimatis*,2,2,Some road signs are shapes,All cylinders are shapes,Some cylinders are road signs,NA,2872,Dimatis,0,0,0,0
53_9,53,N1-c-M1,9,0,picnic,Polysemy,Darii,2,2,All picnics happen in nature,Some salads are picnics,Some salads happen in nature,NA,2204,Darii,0,1,0,0
53_10,53,N1-c-M1,10,0,lunch,Polysemy,Datisi,2,2,All lunches are breaks,Some lunches are soups,Some soups are breaks,NA,2182,Datisi,0,1,0,0
53_11,53,N1-c-M1,11,0,bat,Homonymy,Disamis,2,2,Some bats are made for softball,All bats are animals,Some animals are made for softball,NA,1997,Disamis,0,1,0,0
53_12,53,N1-c-M1,12,0,ruler,Homonymy,Dimatis,2,2,Some queens are rulers,All rulers are standard lengths,Some standard lengths are queens,NA,3464,Dimatis,0,1,0,0
53_13,53,N1-c-M1,13,0,city,Polysemy,Darii,2,2,All cities are bureaucracies,Some graffitied places are cities,Some graffitied places are bureaucracies,NA,2926,Darii,0,1,0,0
53_14,53,N1-c-M1,14,0,breakfast,Polysemy,Disamis,2,2,Some breakfasts are under an hour,All breakfasts are nutrients,Some nutrients are under an hour,NA,5084,Disamis,0,1,0,0
53_15,53,N1-c-M1,15,1,grapes,Valid Filler,Dimatis,2,2,Some snacks are grapes,All grapes are fruits ,Some fruits are snacks,NA,1442,Dimatis,1,1,0,0
53_16,53,N1-c-M1,16,1,liars,Valid Filler,Datisi,2,2,All liars are humans,Some liars are criminals,Some criminals are humans,NA,2780,Datisi,1,1,0,0
53_17,53,N1-c-M1,17,0,board,Homonymy,Datisi,2,2,All boards are wooden planks,Some boards are governing organizations,Some governing organizations are wooden planks,NA,2517,Datisi,0,1,0,0
53_18,53,N1-c-M1,18,0,cabinet,Homonymy,Darii,2,2,All cabinets are political appointments,Some shelving units are cabinets,Some shelving units are political appointments,NA,4387,Darii,0,1,0,0
53_19,53,N1-c-M1,19,1,change,Homonymy,Disamis,2,2,Some change is transformation,All change is money,Some money is transformation,NA,2539,Disamis,0,0,0,0
53_20,53,N1-c-M1,20,1,doughnuts,Valid Filler,Disamis,2,2,Some doughnuts are glazed,All doughnuts are sugary foods,Some sugary foods are glazed,NA,1554,Disamis,1,1,0,0
53_21,53,N1-c-M1,21,0,toilets,Invalid Filler,Dimatis*,2,2,Some seats are toilets ,All urinals are toilets,Some urinals are seats,NA,1694,Dimatis,0,1,0,0
53_22,53,N1-c-M1,22,0,dinner,Polysemy,Dimatis,2,2,Some black tie events are dinners,All dinners are foods,Some foods are black tie events,NA,3148,Dimatis,0,1,0,0
53_23,53,N1-c-M1,23,1,trucks,Valid Filler,Datisi,2,2,All trucks are vehicles,Some trucks are big rigs,Some big rigs are vehicles,NA,1769,Datisi,1,1,0,0
53_24,53,N1-c-M1,24,1,clowns,Valid Filler,Disamis,2,2,Some clowns are mimes,All clowns are entertainers,Some entertainers are mimes,NA,2101,Disamis,1,1,0,0
53_25,53,N1-c-M1,25,0,sausages,Invalid Filler,Darii*,2,2,All chili dogs are sausages,Some pizza toppings are sausages,Some pizza toppings are chili dogs,NA,2262,Darii,0,1,0,0
53_26,53,N1-c-M1,26,1,college,Polysemy,Disamis,2,2,Some colleges have chancellors,All colleges are groups of buildings,Some groups of buildings have chancellors,NA,2919,Disamis,0,0,0,0
53_27,53,N1-c-M1,27,1,magazines,Polysemy,Dimatis,2,2,Some recyclables are magazines,All magazines are subscriptions,Some subscriptions are recyclables,NA,2489,Dimatis,0,0,0,0
53_28,53,N1-c-M1,28,1,dolls,Valid Filler,Disamis,2,2,Some dolls are toys,All dolls are man made objects,Some man made objects are toys,NA,2756,Disamis,1,1,0,0
53_29,53,N1-c-M1,29,0,wave,Homonymy,Datisi,2,2,All waves are water,Some waves are gestures,Some gestures are water,NA,13948,Datisi,0,1,0,0
53_30,53,N1-c-M1,30,0,injuries,Invalid Filler,Datisi*,2,2,All broken bones are injuries,Some injuries are sunburns,Some sunburns are broken bones,NA,2607,Datisi,0,1,0,0
53_31,53,N1-c-M1,31,1,burgers,Valid Filler,Dimatis,2,2,Some entrées are burgers,All burgers are sandwiches,Some sandwiches are entrées,NA,1872,Dimatis,1,1,0,0
53_32,53,N1-c-M1,32,1,colors,Invalid Filler,Dimatis*,2,2,Some pastels are colors,All shade of neon green are colors ,Some shades of neon green are pastels,NA,2427,Dimatis,0,0,0,0
53_33,53,N1-c-M1,33,1,poets,Valid Filler,Darii,2,2,All poets are writers ,Some teachers are poets,Some teachers are writers,NA,1732,Darii,1,1,0,0
53_34,53,N1-c-M1,34,0,stones,Invalid Filler,Darii*,2,2,All boulders are stones,Some paperweights are stones,Some paperweights are boulders,NA,3093,Darii,0,1,0,0
53_35,53,N1-c-M1,35,1,ponies,Valid Filler,Darii,2,2,All ponies neigh,Some thoroughbreds are ponies,Some thoroughbreds neigh,NA,3949,Darii,1,1,0,0
53_36,53,N1-c-M1,36,1,singers,Valid Filler,Disamis,2,2,Some singers are guitarists,All singers are vocalists,Some vocalists are guitarists,NA,2200,Disamis,1,1,0,0
53_37,53,N1-c-M1,37,1,match,Homonymy,Dimatis,2,2,Some pay-per-view broadcasts are matches,All matches are fire starters,Some fire starters are pay-per-view broadcasts,NA,6633,Dimatis,0,0,0,0
53_38,53,N1-c-M1,38,0,funerals,Invalid Filler,Darii*,2,2,All anonymous burials are funerals,Some family gatherings are funerals,Some family gatherings are anonymous burials,NA,2259,Darii,0,1,0,0
53_39,53,N1-c-M1,39,0,mugs,Valid Filler,Darii,2,2,All mugs are cups ,Some ceramics are mugs,Some ceramics are cups ,NA,2018,Darii,1,0,0,0
53_40,53,N1-c-M1,40,1,swords,Valid Filler,Dimatis,2,2,Some sharp things are swords,All swords are weapons,Some weapons are sharp things,NA,1878,Dimatis,1,1,0,0
53_41,53,N1-c-M1,41,1,letter,Polysemy,Darii,2,2,All letters have stamps,Some rejections are letters,Some rejections have stamps,NA,3743,Darii,0,0,0,0
53_42,53,N1-c-M1,42,1,statues,Valid Filler,Darii,2,2,All statues are sculptures,Some artworks are statues,Some artworks are sculptures,NA,2592,Darii,1,1,0,0
53_43,53,N1-c-M1,43,1,suit,Homonymy,Dimatis,2,2,Some court proceedings are suits,All suits are formal outfits,Some formal outfits are court proceedings,NA,1722,Dimatis,0,0,0,0
53_44,53,N1-c-M1,44,0,ball,Homonymy,Datisi,2,2,All balls are toys,Some balls are senior proms,Some senior proms are toys,NA,3336,Datisi,0,1,0,0
53_45,53,N1-c-M1,45,0,actors,Invalid Filler,Darii*,2,2,All male leads are actors,Some women are actors,Some women are male leads,NA,3637,Darii,0,1,0,0
53_46,53,N1-c-M1,46,1,book,Polysemy,Datisi,2,2,All books are printed,Some books are romances,Some romances are printed,NA,2406,Datisi,0,0,0,0
53_47,53,N1-c-M1,47,1,widows,Valid Filler,Datisi,2,2,All widows are women,Some widows are parents,Some parents are women,NA,2550,Datisi,1,1,0,0
53_48,53,N1-c-M1,48,1,school,Polysemy,Dimatis,2,2,Some rectangular buildings are schools,All schools are employers,Some employers are rectangular buildings,NA,2466,Dimatis,0,0,0,0
53_49,53,N1-c-M1,49,0,rock,Homonymy,Darii,2,2,All rock has guitars,Some marble is rock,Some marble has guitars,NA,3288,Darii,0,1,0,0
53_50,53,N1-c-M1,50,1,spices,Invalid Filler,Datisi*,2,2,All mustard seeds are spices ,Some spices are dried roots ,Some dried roots are mustard seeds,NA,2273,Datisi,0,0,0,0
53_51,53,N1-c-M1,51,0,peppers,Invalid Filler,Datisi*,2,2,All jalapenos are peppers,Some peppers are yellow vegetables ,Some yellow vegetables are jalapenos,NA,7449,Datisi,0,1,0,0
53_52,53,N1-c-M1,52,1,rifles,Valid Filler,Dimatis,2,2,Some safety hazards are rifles,All rifles are guns,Some guns are safety hazards,NA,2284,Dimatis,1,1,0,0
53_53,53,N1-c-M1,53,0,star,Homonymy,Darii,2,2,All stars have autographs,Some red dwarfs are stars,Some red dwarfs have autographs,NA,2330,Darii,0,1,0,0
53_54,53,N1-c-M1,54,0,dresses,Invalid Filler,Disamis*,2,2,Some dresses are cocktail outfits,All ball gowns are dresses ,Some ball gowns are cocktail outfits,NA,2404,Disamis,0,1,0,0
53_55,53,N1-c-M1,55,1,antiques,Invalid Filler,Disamis*,2,2,Some antiques are pieces of jewelry,All medieval manuscripts are antiques ,Some medieval manuscripts are pieces of jewelry,NA,5100,Disamis,0,0,0,0
53_56,53,N1-c-M1,56,1,company,Polysemy,Datisi,2,2,All companies are buildings,Some companies are hierarchies,Some hierarchies are buildings,NA,2428,Datisi,0,0,0,0
54_1,54,N1-c-M1,1,0,board,Homonymy,Darii,3,1,All boards are wooden planks,Some governing organizations are boards,Some governing organizations are wooden planks,NA,6825,Darii,0,1,0,0
54_2,54,N1-c-M1,2,1,swords,Valid Filler,Datisi,3,1,All swords are weapons,Some swords are museum pieces,Some museum pieces are weapons,NA,4549,Datisi,1,1,0,0
54_3,54,N1-c-M1,3,0,Wave,Homonymy,Darii,3,1,All waves are water,Some gestures are waves,Some gestures are water,NA,8855,Darii,0,1,0,0
54_4,54,N1-c-M1,4,0,colors,Invalid Filler,Datisi*,3,1,All shades of neon green are colors ,Some colors are pastels,Some pastels are shades of neon green ,NA,4545,Datisi,0,1,0,0
54_5,54,N1-c-M1,5,1,shapes,Invalid Filler,Datisi*,3,1,All road signs are shapes,Some shapes are cylinders,Some cylinders are road signs,NA,6331,Datisi,0,0,0,0
54_6,54,N1-c-M1,6,1,dolls,Valid Filler,Dimatis,3,1,Some toys are dolls ,All dolls are man made objects,Some man made objects are toys,NA,4973,Dimatis,1,1,0,0
54_7,54,N1-c-M1,7,0,steaks,Invalid Filler,Datisi*,3,1,All rotten ribeyes are steaks,Some steaks are delicious meals,Some delicious meals are rotten ribeyes,NA,5472,Datisi,0,1,0,0
54_8,54,N1-c-M1,8,0,company,Polysemy,Darii,3,1,All companies are buildings,Some tech giants are companies,Some tech giants are buildings,NA,6728,Darii,0,1,0,0
54_9,54,N1-c-M1,9,0,thieves,Invalid Filler,Darii*,3,1,All mob bosses are thieves,Some children are thieves,Some children are mob bosses,NA,4286,Darii,0,1,0,0
54_10,54,N1-c-M1,10,1,dinner,Polysemy,Datisi,3,1,All dinners happen after four o'clock,Some dinners are meatloafs,Some meatloafs happen after four o'clock,NA,4792,Datisi,0,0,0,0
54_11,54,N1-c-M1,11,0,cabinet,Homonymy,Disamis,3,1,Some cabinets are antique furniture,All cabinets are political appointments,Some political appointments are antique furniture,NA,13329,Disamis,0,1,0,0
54_12,54,N1-c-M1,12,1,mugs,Valid Filler,Disamis,3,1,Some mugs are ceramics,All mugs are cups ,Some cups are ceramics,NA,4730,Disamis,1,1,0,0
54_13,54,N1-c-M1,13,0,suit,Homonymy,Datisi,3,1,All suits are dress attire,Some suits are court proceedings,Some court proceedings are dress attire,NA,4717,Datisi,0,1,0,0
54_14,54,N1-c-M1,14,0,city,Polysemy,Disamis,3,1,Some cities are corrupt,All cities are groups of buildings,Some groups of buildings are corrupt,NA,4832,Disamis,0,1,0,0
54_15,54,N1-c-M1,15,0,mothers,Invalid Filler,Dimatis*,3,1,Some teens are mothers,All grandmas are mothers ,Some grandmas are teens,NA,7055,Dimatis,0,1,0,0
54_16,54,N1-c-M1,16,1,school,Polysemy,Datisi,3,1,All schools have hallways,Some schools are employers,Some employers have hallways,NA,4412,Datisi,0,0,0,0
54_17,54,N1-c-M1,17,1,widows,Valid Filler,Darii,3,1,All widows are women,Some parents are widows ,Some parents are women,NA,2739,Darii,1,1,0,0
54_18,54,N1-c-M1,18,0,change,Homonymy,Dimatis,3,1,Some transformation is change,All change is money,Some money is transformation,NA,4475,Dimatis,0,1,0,0
54_19,54,N1-c-M1,19,1,clowns,Valid Filler,Dimatis,3,1,Some jugglers are clowns ,All clowns are performers,Some performers are jugglers,NA,2865,Dimatis,1,1,0,0
54_20,54,N1-c-M1,20,0,book,Polysemy,Darii,3,1,All books are bound,Some exposés are books,Some exposés are bound,NA,4378,Darii,0,1,0,0
54_21,54,N1-c-M1,21,0,spices,Invalid Filler,Darii*,3,1,All mustard seeds are spices,Some dried roots are spices ,Some dried roots are mustard seeds,NA,5899,Darii,0,1,0,0
54_22,54,N1-c-M1,22,1,poets,Valid Filler,Disamis,3,1,Some poets are teachers,All poets are writers ,Some writers are teachers,NA,2968,Disamis,1,1,0,0
54_23,54,N1-c-M1,23,1,college,Polysemy,Dimatis,3,1,Some funding sources are colleges,All colleges are places filled with desks,Some places filled with desks are funding sources,NA,6884,Dimatis,0,0,0,0
54_24,54,N1-c-M1,24,1,suitcases,Valid Filler,Darii,3,1,All suitcases are luggage,Some bags are suitcases,Some bags are luggage,NA,3087,Darii,1,1,0,0
54_25,54,N1-c-M1,25,0,match,Homonymy,Datisi,3,1,All matches are combustible,Some matches are pay-per-view broadcasts,Some pay-per-view broadcasts are combustible,NA,8457,Datisi,0,1,0,0
54_26,54,N1-c-M1,26,0,antiques,Invalid Filler,Dimatis*,3,1,Some pieces of jewelry are antiques,All medieval manuscripts are antiques  ,Some medieval manuscripts are pieces of jewelry,NA,3975,Dimatis,0,1,0,0
54_27,54,N1-c-M1,27,0,magazines,Polysemy,Datisi,3,1,All magazines are recyclable,Some magazines are media corporations ,Some media corporations are recyclable,NA,2879,Datisi,0,1,0,0
54_28,54,N1-c-M1,28,1,statues,Valid Filler,Disamis,3,1,Some statues are bronzes,All statues are sculptures,Some sculptures are bronzes,NA,4835,Disamis,1,1,0,0
54_29,54,N1-c-M1,29,0,lunch,Polysemy,Darii,3,1,All lunches are breaks,Some sandwiches are lunches,Some sandwiches are breaks ,NA,9794,Darii,0,1,0,0
54_30,54,N1-c-M1,30,1,bat,Homonymy,Dimatis,3,1,Some sporting goods are bats,All bats are animals,Some animals are sporting goods,NA,8181,Dimatis,0,0,0,0
54_31,54,N1-c-M1,31,1,doughnuts,Valid Filler,Dimatis,3,1,Some pastries are doughnuts ,All doughnuts are sugary foods,Some sugary foods are pastries,NA,5716,Dimatis,1,1,0,0
54_32,54,N1-c-M1,32,0,dresses,Invalid Filler,Dimatis*,3,1,Some cocktail outfits are dresses,All ball gowns are dresses ,Some ball gowns are cocktail outfits,NA,7031,Dimatis,0,1,0,0
54_33,54,N1-c-M1,33,1,ponies,Valid Filler,Disamis,3,1,Some ponies are thoroughbreds,All ponies are neighing animals,Some neighing animals are thoroughbreds,NA,3549,Disamis,1,1,0,0
54_34,54,N1-c-M1,34,0,funerals,Invalid Filler,Disamis*,3,1,Some funerals are family gatherings,All anonymous burials are funerals,Some anonymous burials are family gatherings,NA,8077,Disamis,0,1,0,0
54_35,54,N1-c-M1,35,0,star,Homonymy,Disamis,3,1,Some stars are red dwarfs,All stars are famous people,Some famous people are red dwarfs,NA,3006,Disamis,0,1,0,0
54_36,54,N1-c-M1,36,0,ring,Homonymy,Dimatis,3,1,Some accessories are rings,All rings are sounds,Some sounds are accessories,NA,4746,Dimatis,0,1,0,0
54_37,54,N1-c-M1,37,1,picnic,Polysemy,Disamis,3,1,Some picnics are romantic,All picnics are prepared foods,Some prepared foods are romantic,NA,4431,Disamis,0,0,0,0
54_38,54,N1-c-M1,38,1,liars,Valid Filler,Darii,3,1,All liars are humans,Some criminals are liars ,Some criminals are humans,NA,2387,Darii,1,1,0,0
54_39,54,N1-c-M1,39,0,breakfast,Polysemy,Dimatis,3,1,Some meetings are breakfasts,All breakfasts are nutrients,Some nutrients are meetings,NA,3174,Dimatis,0,1,0,0
54_40,54,N1-c-M1,40,1,grapes,Valid Filler,Datisi,3,1,All grapes are fruits,Some grapes are snacks,Some snacks are fruits ,NA,2331,Datisi,1,1,0,0
54_41,54,N1-c-M1,41,0,ruler,Homonymy,Datisi,3,1,All rulers are standard lengths,Some rulers are queens,Some queens are standard lengths,NA,8766,Datisi,0,1,0,0
54_42,54,N1-c-M1,42,1,toilets,Invalid Filler,Datisi*,3,1,All outhouses are toilets,Some toilets are urinals ,Some urinals are outhouses,NA,3439,Datisi,0,0,0,0
54_43,54,N1-c-M1,43,1,burgers,Valid Filler,Datisi,3,1,All burgers have protein,Some burgers are drive-thru orders,Some drive-thru orders have protein,NA,4239,Datisi,1,1,0,0
54_44,54,N1-c-M1,44,1,dances,Invalid Filler,Dimatis*,3,1,Some mating rituals are dances,All ballets are dances ,Some ballets are mating rituals ,NA,8127,Dimatis,0,0,0,0
54_45,54,N1-c-M1,45,0,rock,Homonymy,Disamis,3,1,Some rock is marble,All rock is music,Some music is marble,NA,5695,Disamis,0,1,0,0
54_46,54,N1-c-M1,46,1,rifles,Valid Filler,Datisi,3,1,All rifles are guns,Some rifles are safety hazards,Some safety hazards are guns,NA,2972,Datisi,1,1,0,0
54_47,54,N1-c-M1,47,0,injuries,Invalid Filler,Darii*,3,1,All broken bones are injuries,Some sunburns are injuries,Some sunburns are broken bones,NA,6089,Darii,0,1,0,0
54_48,54,N1-c-M1,48,0,stones,Invalid Filler,Disamis*,3,1,Some stones are pebbles,All boulders are stones,Some boulders are pebbles,NA,2519,Disamis,0,1,0,0
54_49,54,N1-c-M1,49,1,trucks,Valid Filler,Darii,3,1,All trucks are vehicles,Some cars are trucks ,Some cars are vehicles,NA,10762,Darii,1,1,0,0
54_50,54,N1-c-M1,50,0,actors,Invalid Filler,Disamis*,3,1,Some actors are women,All male leads are actors,Some male leads are women,NA,6385,Disamis,0,1,0,0
54_51,54,N1-c-M1,51,1,singers,Valid Filler,Dimatis,3,1,Some YouTubers are singers,All singers are musicians,Some musicians are YouTubers,NA,4401,Dimatis,1,1,0,0
54_52,54,N1-c-M1,52,1,novel,Polysemy,Dimatis,3,1,Some flammable objects are novels,All novels are fictions,Some fictions are flammable objects,NA,6553,Dimatis,0,0,0,0
54_53,54,N1-c-M1,53,1,letter,Polysemy,Disamis,3,1,Some letters are crumpled,All letters are communications,Some communications are crumpled,NA,4463,Disamis,0,0,0,0
54_54,54,N1-c-M1,54,0,sausages,Invalid Filler,Disamis*,3,1,Some sausages are chili dogs,All pepperonis are sausages,Some pepperonis are chili dogs,NA,3719,Disamis,0,1,0,0
54_55,54,N1-c-M1,55,0,peppers,Invalid Filler,Darii*,3,1,All jalapenos are peppers ,Some yellow vegetables are peppers,Some yellow vegetables are jalapenos,NA,9045,Darii,0,1,0,0
54_56,54,N1-c-M1,56,0,ball,Homonymy,Darii,3,1,All balls are toys,Some birthday parties are balls,Some senior proms are toys,NA,3992,Darii,0,1,0,0
55_1,55,N1-c-M1,1,0,suit,Homonymy,Darii,4,1,All suits are dress attire,Some court proceedings are suits,Some court proceedings are dress attire,NA,3907,Darii,0,1,0,0
55_2,55,N1-c-M1,2,1,doughnuts,Valid Filler,Datisi,4,1,All doughnuts are sugary ,Some doughnuts are treats,Some treats are sugary,NA,2234,Datisi,1,1,0,0
55_3,55,N1-c-M1,3,0,match,Homonymy,Darii,4,1,All matches are combustible,Some pay-per-view broadcasts are matches,Some pay-per-view broadcasts are combustible,NA,2537,Darii,0,1,0,0
55_4,55,N1-c-M1,4,0,antiques,Invalid Filler,Datisi*,4,1,All medieval manuscripts are antiques ,Some antiques are pieces of jewelry,Some pieces of jewelry are medieval manuscripts,NA,3054,Datisi,0,1,0,0
55_5,55,N1-c-M1,5,1,dances,Invalid Filler,Datisi*,4,1,All ballets are dances ,Some dances are mating rituals,Some mating rituals are ballets ,NA,2421,Datisi,0,0,0,0
55_6,55,N1-c-M1,6,1,poets,Valid Filler,Dimatis,4,1,Some teachers are poets,All poets are writers ,Some writers are teachers,NA,2038,Dimatis,1,1,0,0
55_7,55,N1-c-M1,7,0,dresses,Invalid Filler,Datisi*,4,1,All ball gowns are dresses ,Some dresses are cocktail outfits,Some cocktail outfits are ball gowns,NA,2667,Datisi,0,1,0,0
55_8,55,N1-c-M1,8,0,school,Polysemy,Darii,4,1,All schools have classrooms,Some employers are schools,Some employers have classrooms,NA,3011,Darii,0,1,0,0
55_9,55,N1-c-M1,9,0,toilets,Invalid Filler,Darii*,4,1,All urinals are toilets,Some seats are toilets,Some seats are urinals,NA,2904,Darii,0,1,0,0
55_10,55,N1-c-M1,10,0,breakfast,Polysemy,Datisi,4,1,All breakfasts are under three hours,Some breakfasts are smoothies,Some smoothies are under three hours,NA,2171,Datisi,0,1,0,0
55_11,55,N1-c-M1,11,0,ball,Homonymy,Disamis,4,1,Some balls are senior proms,All balls are toys,Some toys are senior proms,NA,2003,Disamis,0,1,0,0
55_12,55,N1-c-M1,12,1,trucks,Valid Filler,Disamis,4,1,Some trucks are big rigs,All trucks are vehicles,Some vehicles are big rigs,NA,1909,Disamis,1,1,0,0
55_13,55,N1-c-M1,13,0,bat,Homonymy,Datisi,4,1,All bats are animals,Some bats are sporting goods,Some sporting goods are animals,NA,2513,Datisi,0,1,0,0
55_14,55,N1-c-M1,14,0,company,Polysemy,Disamis,4,1,Some companies are in city centers,All companies are hierarchies,Some hierarchies are in city centers,NA,2304,Disamis,0,1,0,0
55_15,55,N1-c-M1,15,0,sausages,Invalid Filler,Dimatis*,4,1,Some pizza toppings are sausages,All chili dogs are sausages,Some chili dogs are pizza toppings,NA,2841,Dimatis,0,1,0,0
55_16,55,N1-c-M1,16,1,college,Polysemy,Datisi,4,1,All colleges grant degrees,Some colleges are historic buildings,Some historic buildings grant degrees,NA,14087,Datisi,0,0,0,0
55_17,55,N1-c-M1,17,1,burgers,Valid Filler,Darii,4,1,All burgers have protein,Some entrées are burgers,Some entrées have protein,NA,2172,Darii,1,1,0,0
55_18,55,N1-c-M1,18,0,star,Homonymy,Dimatis,4,1,Some celestial objects are stars,All stars are famous people,Some famous people are celestial objects,NA,2296,Dimatis,0,1,0,0
55_19,55,N1-c-M1,19,1,statues,Valid Filler,Dimatis,4,1,Some bronzes are statues,All statues are sculptures,Some sculptures are bronzes,NA,2288,Dimatis,1,1,0,0
55_20,55,N1-c-M1,20,0,magazines,Polysemy,Darii,4,1,All magazines are recyclable,Some media corporations are magazines,Some media corporations are recyclable,NA,1962,Darii,0,1,0,0
55_21,55,N1-c-M1,21,0,steaks,Invalid Filler,Darii*,4,1,All rotten ribeyes are steaks,Some delicious meals are steaks,Some delicoius meals are rotten ribeyes,NA,2336,Darii,0,1,0,0
55_22,55,N1-c-M1,22,1,liars,Valid Filler,Disamis,4,1,Some liars are criminals,All liars are humans,Some humans are criminals ,NA,1881,Disamis,1,1,0,0
55_23,55,N1-c-M1,23,0,city,Polysemy,Dimatis,4,1,Some bureaucracies are cities,All cities are graffitied places,Some graffitied places are bureaucracies,NA,2395,Dimatis,0,1,0,0
55_24,55,N1-c-M1,24,1,rifles,Valid Filler,Darii,4,1,All rifles are guns,Some safety hazards are rifles,Some safety hazards are guns,NA,3650,Darii,1,1,0,0
55_25,55,N1-c-M1,25,0,change,Homonymy,Datisi,4,1,All change is money,Some change is transformation,Some transformation is money,NA,2020,Datisi,0,1,0,0
55_26,55,N1-c-M1,26,0,actors,Invalid Filler,Dimatis*,4,1,Some women are actors,All male leads are actors,Some male leads are women,NA,2145,Dimatis,0,1,0,0
55_27,55,N1-c-M1,27,0,novel,Polysemy,Datisi,4,1,All novels are flammable,Some novels are debuts,Some debuts are flammable,NA,2805,Datisi,0,1,0,0
55_28,55,N1-c-M1,28,1,suitcases,Valid Filler,Disamis,4,1,Some suitcases are bags,All suitcases are pieces of luggage,Some pieces of luggage are bags,NA,2442,Disamis,1,1,0,0
55_29,55,N1-c-M1,29,1,dinner,Polysemy,Darii,4,1,All dinners happen after four o'clock,Some lasagnas are dinners,Some lasagnas happen after four o'clock,NA,2453,Darii,0,0,0,0
55_30,55,N1-c-M1,30,0,rock,Homonymy,Dimatis,4,1,Some marble is rock,All rock is music,Some music is marble,NA,3565,Dimatis,0,1,0,0
55_31,55,N1-c-M1,31,1,mugs,Valid Filler,Dimatis,4,1,Some ceramics are mugs,All mugs are cups ,Some cups are ceramics,NA,4320,Dimatis,1,1,0,0
55_32,55,N1-c-M1,32,0,funerals,Invalid Filler,Dimatis*,4,1,Some family gatherings are funerals,All anonymous burials are funerals,Some anonymous burials are family gatherings,NA,5503,Dimatis,0,1,0,0
55_33,55,N1-c-M1,33,1,widows,Valid Filler,Disamis,4,1,Some widows are parents,All widows are women,Some women are parents,NA,1717,Disamis,1,1,0,0
55_34,55,N1-c-M1,34,1,spices,Invalid Filler,Disamis*,4,1,Some spices are dried roots,All mustard seeds are spices ,Some mustard seeds are dried roots,NA,2052,Disamis,0,0,0,0
55_35,55,N1-c-M1,35,1,Wave,Homonymy,Disamis,4,1,Some waves are gestures,All waves are liquids,Some liquids are gestures,NA,3829,Disamis,0,0,0,0
55_36,55,N1-c-M1,36,0,cabinet,Homonymy,Dimatis,4,1,Some shelving units are cabinets,All cabinets are political appointments,Some political appointments are shelving units,NA,1889,Dimatis,0,1,0,0
55_37,55,N1-c-M1,37,0,lunch,Polysemy,Disamis,4,1,Some lunches are breaks,All lunches are foods,Some foods are breaks,NA,4441,Disamis,0,1,0,0
55_38,55,N1-c-M1,38,1,grapes,Valid Filler,Darii,4,1,All grapes are fruits ,Some snacks are grapes,Some snacks are fruits,NA,1847,Darii,1,1,0,0
55_39,55,N1-c-M1,39,1,picnic,Polysemy,Dimatis,4,1,Some summertime activities are picnics,All picnics are prepared foods,Some prepared foods are summertime activities,NA,2621,Dimatis,0,0,0,0
55_40,55,N1-c-M1,40,1,dolls,Valid Filler,Datisi,4,1,All dolls are man made,Some dolls are toys,Some toys are man made,NA,2396,Datisi,1,1,0,0
55_41,55,N1-c-M1,41,0,ring,Homonymy,Datisi,4,1,All rings are sounds,Some rings are accessories,Some accessories are sounds,NA,1858,Datisi,0,1,0,0
55_42,55,N1-c-M1,42,0,mothers,Invalid Filler,Datisi*,4,1,All grandmas are mothers ,Some mothers are teens,Some teens are grandmas,NA,3071,Datisi,0,1,0,0
55_43,55,N1-c-M1,43,1,singers,Valid Filler,Datisi,4,1,All singers are performers,Some singers are men,Some men are performers,NA,3489,Datisi,1,1,0,0
55_44,55,N1-c-M1,44,1,stones,Invalid Filler,Dimatis*,4,1,Some paperweights are stones,All boulders are stones,Some boulders are paperweights,NA,2181,Dimatis,0,0,0,0
55_45,55,N1-c-M1,45,0,board,Homonymy,Disamis,4,1,Some boards are governing organizations,All boards are wooden planks,Some wooden planks are governing organizations,NA,4754,Disamis,0,1,0,0
55_46,55,N1-c-M1,46,1,clowns,Valid Filler,Datisi,4,1,All clowns are entertainers,Some clowns are mimes,Some mimes are entertainers,NA,1830,Datisi,1,1,0,0
55_47,55,N1-c-M1,47,0,colors,Invalid Filler,Darii*,4,1,Some pastels are colors,All shades of neon green are colors ,Some shades of neon green are pastels,NA,2805,Darii,0,1,0,0
55_48,55,N1-c-M1,48,1,peppers,Invalid Filler,Disamis*,4,1,Some peppers are yellow vegetables ,All jalapenos are peppers,Some jalapenos are yellow vegetables,NA,2106,Disamis,0,0,0,0
55_49,55,N1-c-M1,49,1,swords,Valid Filler,Darii,4,1,All swords are weapons,Some sharp objects are swords,Some sharp objects are weapons,NA,1830,Darii,1,1,0,0
55_50,55,N1-c-M1,50,0,injuries,Invalid Filler,Disamis*,4,1,Some injuries are sunburns,All broken bones are injuries,Some broken bones are sunburns,NA,7013,Disamis,0,1,0,0
55_51,55,N1-c-M1,51,1,ponies,Valid Filler,Dimatis,4,1,Some thoroughbreds are ponies,All ponies are neighing animals,Some neighing animals are thoroughbreds,NA,3178,Dimatis,1,1,0,0
55_52,55,N1-c-M1,52,1,letter,Polysemy,Dimatis,4,1,Some papers are letters,All letters are communications,Some communications are papers,NA,2468,Dimatis,0,0,0,0
55_53,55,N1-c-M1,53,0,book,Polysemy,Disamis,4,1,Some books are doorstops,All books are pieces of intellectual property,Some pieces of intellectual property are doorstops,NA,2124,Disamis,0,1,0,0
55_54,55,N1-c-M1,54,0,thieves,Invalid Filler,Disamis*,4,1,Some thieves are children,All mob bosses are thieves,Some mob bosses are children,NA,1978,Disamis,0,1,0,0
55_55,55,N1-c-M1,55,0,shapes,Invalid Filler,Darii*,4,1,All cylinders are shapes,Some road signs are shapes,Some road signs are cylinders,NA,1866,Darii,0,1,0,0
55_56,55,N1-c-M1,56,0,ruler,Homonymy,Darii,4,1,All rulers are standard lengths,Some queens are rulers,Some queens are standard lengths,NA,3103,Darii,0,1,0,0
56_1,56,N1-c-M1,1,0,bat,Homonymy,Darii,1,1,All bats share a common ancestor,Some sporting goods are bats,Some sporting goods share a common ancestor,NA,3674,Darii,0,1,0,0
56_2,56,N1-c-M1,2,1,mugs,Valid Filler,Datisi,1,1,All mugs are cups ,Some mugs are ceramics,Some ceramics are cups ,NA,2086,Datisi,1,1,0,0
56_3,56,N1-c-M1,3,1,change,Homonymy,Darii,1,1,All change is money,Some surprises are change,Some surprises are money,NA,7897,Darii,0,0,0,0
56_4,56,N1-c-M1,4,0,actors,Invalid Filler,Datisi*,1,1,All male leads are actors,Some actors are women,Some women are male leads,NA,3212,Datisi,0,1,0,0
56_5,56,N1-c-M1,5,0,stones,Invalid Filler,Datisi*,1,1,All pebbles are stones,Some stones are boulders,Some boulders are pebbles,NA,1703,Datisi,0,1,0,0
56_6,56,N1-c-M1,6,1,liars,Valid Filler,Dimatis,1,1,Some criminals are liars ,All liars are humans,Some humans are criminals ,NA,1508,Dimatis,1,1,0,0
56_7,56,N1-c-M1,7,1,funerals,Invalid Filler,Datisi*,1,1,All open-casket services are funerals,Some funerals are anonymous burials,Some anonymous burials are open-casket services,NA,2671,Datisi,0,0,0,0
56_8,56,N1-c-M1,8,0,college,Polysemy,Darii,1,1,All colleges grant degrees,Some historic buildings are colleges,Some historic buildings grant degrees,NA,2524,Darii,0,1,0,0
56_9,56,N1-c-M1,9,-99,mothers,Invalid Filler,Darii*,1,1,All grandmothers are mothers,Some teens are mothers,Some teens are grandmothers,NA,120471,Darii,0,0,0,1
56_10,56,N1-c-M1,10,0,picnic,Polysemy,Datisi,1,1,All picnics happen in nature,Some picnics are salads,Some salads happen in nature,NA,16045,Datisi,0,1,0,0
56_11,56,N1-c-M1,11,0,ruler,Homonymy,Disamis,1,1,Some rulers are kings,All rulers are standard lengths,Some standard lengths are kings,NA,1868,Disamis,0,1,0,0
56_12,56,N1-c-M1,12,1,swords,Valid Filler,Disamis,1,1,Some swords are decorative,All swords are weapons ,Some weapons are decorative ,NA,89661,Disamis,1,1,0,0
56_13,56,N1-c-M1,13,0,rock,Homonymy,Datisi,1,1,All rock has guitars,Some rock is marble,Some marble has guitars,NA,1513,Datisi,0,1,0,0
56_14,56,N1-c-M1,14,0,school,Polysemy,Disamis,1,1,Some schools are rectangular,All schools are employers,Some employers are rectangular,NA,1523,Disamis,0,1,0,0
56_15,56,N1-c-M1,15,0,thieves,Invalid Filler,Dimatis*,1,1,Some children are thieves,All mob bosses are thieves,Some mob bosses are children,NA,1501,Dimatis,0,1,0,0
56_16,56,N1-c-M1,16,0,city,Polysemy,Datisi,1,1,All cities are bureaucracies,Some cities are graffitied places,Some graffitied places are bureaucracies,NA,1935,Datisi,0,1,0,0
56_17,56,N1-c-M1,17,1,singers,Valid Filler,Darii,1,1,All singers are vocalists ,Some guitarists are singers,Some guitarists are vocalists,NA,1713,Darii,1,1,0,0
56_18,56,N1-c-M1,18,0,Wave,Homonymy,Dimatis,1,1,Some gestures are waves,All waves are liquids,Some liquids are gestures,NA,1742,Dimatis,0,1,0,0
56_19,56,N1-c-M1,19,1,suitcases,Valid Filler,Dimatis,1,1,Some bags are suitcases,All suitcases are pieces of luggage,Some pieces of luggage are bags,NA,2284,Dimatis,1,1,0,0
56_20,56,N1-c-M1,20,0,novel,Polysemy,Darii,1,1,All novels are flammable,Some debuts are novels,Some debuts are flammable,NA,1480,Darii,0,1,0,0
56_21,56,N1-c-M1,21,0,dresses,Invalid Filler,Darii*,1,1,All ball gowns are dresses ,Some cocktail outfits are dresses,Some cocktail outfits are ball gowns,NA,2297,Darii,0,1,0,0
56_22,56,N1-c-M1,22,1,grapes,Valid Filler,Disamis,1,1,Some grapes are red ,All grapes are fruits ,Some fruits are red ,NA,1169,Disamis,1,1,0,0
56_23,56,N1-c-M1,23,0,company,Polysemy,Dimatis,1,1,Some storefronts are companies,All companies are hierarchies,Some hierarchies are storefronts,NA,1391,Dimatis,0,1,0,0
56_24,56,N1-c-M1,24,1,clowns,Valid Filler,Darii,1,1,All clowns can juggle ,Some circus performers are clowns ,Some circus performers can juggle,NA,1650,Darii,1,1,0,0
56_25,56,N1-c-M1,25,0,star,Homonymy,Datisi,1,1,All stars have autographs,Some stars are red dwarfs,Some red dwarfs have autographs,NA,1839,Datisi,0,1,0,0
56_26,56,N1-c-M1,26,0,injuries,Invalid Filler,Dimatis*,1,1,Some sunburns are injuries,All broken bones are injuries,Some broken bones are sunburns,NA,2207,Dimatis,0,1,0,0
56_27,56,N1-c-M1,27,0,letter,Polysemy,Datisi,1,1,All letters have stamps,Some letters are rejections,Some rejections have stamps,NA,14190,Datisi,0,1,0,0
56_28,56,N1-c-M1,28,1,rifles,Valid Filler,Disamis,1,1,Some rifles are for hunting,All rifles are guns ,Some guns are for hunting,NA,1247,Disamis,1,1,0,0
56_29,56,N1-c-M1,29,1,breakfast,Polysemy,Darii,1,1,All breakfasts are under three hours,Some smoothies are breakfasts,Some smoothies are under three hours,NA,2461,Darii,0,0,0,0
56_30,56,N1-c-M1,30,0,board,Homonymy,Dimatis,1,1,Some governing organizations are boards,All boards are wooden planks,Some wooden planks are governing organizations,NA,1971,Dimatis,0,1,0,0
56_31,56,N1-c-M1,31,1,trucks,Valid Filler,Dimatis,1,1,Some cars are trucks ,All trucks are vehicles,Some vehicles are cars ,NA,1306,Dimatis,1,1,0,0
56_32,56,N1-c-M1,32,0,spices,Invalid Filler,Dimatis*,1,1,Some dried roots are spices ,All mustard seeds are spices ,Some mustard seeds are dried roots,NA,3012,Dimatis,0,1,0,0
56_33,56,N1-c-M1,33,1,burgers,Valid Filler,Disamis,1,1,Some burgers are overcooked ,All burgers are sandwiches,Some sandwiches are overcooked ,NA,1083,Disamis,1,1,0,0
56_34,56,N1-c-M1,34,0,steaks,Invalid Filler,Disamis*,1,1,Some steaks are filet mignons,All ribeyes are steaks,Some ribeyes are filet mignons,NA,2156,Disamis,0,1,0,0
56_35,56,N1-c-M1,35,0,match,Homonymy,Disamis,1,1,Some matches are pay-per-view,All matches are fire starters,Some fire starters are pay-per-view,NA,8205,Disamis,0,1,0,0
56_36,56,N1-c-M1,36,0,ball,Homonymy,Dimatis,1,1,Some parties are balls,All balls are toys,Some toys are parties,NA,6825,Dimatis,0,1,0,0
56_37,56,N1-c-M1,37,0,dinner,Polysemy,Disamis,1,1,Some dinners are black tie,All dinners are foods,Some foods are black tie,NA,1547,Disamis,0,1,0,0
56_38,56,N1-c-M1,38,1,dolls,Valid Filler,Darii,1,1,All dolls are man made,Some toys are dolls ,Some toys are man made,NA,1256,Darii,1,1,0,0
56_39,56,N1-c-M1,39,0,lunch,Polysemy,Dimatis,1,1,Some breaks are lunches,All lunches are foods,Some foods are breaks,NA,1374,Dimatis,0,1,0,0
56_40,56,N1-c-M1,40,1,poets,Valid Filler,Datisi,1,1,All poets are writers ,Some poets are teachers,Some teachers are writers,NA,1304,Datisi,1,1,0,0
56_41,56,N1-c-M1,41,-99,cabinet,Homonymy,Datisi,1,1,All cabinets are political appointments,Some cabinets are shelving units,Some shelving units are political appointments,NA,120686,Datisi,0,0,0,1
56_42,56,N1-c-M1,42,-99,sausages,Invalid Filler,Datisi*,1,1,All chili dogs are sausages,Some sausages are salamis,Some salamis are chili dogs,NA,120696,Datisi,0,0,0,1
56_43,56,N1-c-M1,43,-99,ponies,Valid Filler,Datisi,1,1,All ponies neigh,Some ponies are thoroughbreds,Some thoroughbreds neigh,NA,120564,Datisi,1,0,0,1
56_44,56,N1-c-M1,44,0,peppers,Invalid Filler,Dimatis*,1,1,Some yellow vegetables are peppers ,All jalapenos are peppers,Some jalapenos are yellow vegetables,NA,60479,Dimatis,0,1,0,0
56_45,56,N1-c-M1,45,0,suit,Homonymy,Disamis,1,1,Some suits have multiple defendants,All suits are dress attire,Some dress attire has multiple defendants,NA,3458,Disamis,0,1,0,0
56_46,56,N1-c-M1,46,0,statues,Valid Filler,Datisi,1,1,All statues are sculptures,Some statues are bronzes,Some bronzes are sculptures,NA,8959,Datisi,1,0,0,0
56_47,56,N1-c-M1,47,0,antiques,Invalid Filler,Darii*,1,1,All medieval manuscripts are antiques ,Some pieces of jewelry are antiques ,Some pieces of jewelry are medieval manuscripts,NA,1825,Darii,0,1,0,0
56_48,56,N1-c-M1,48,0,shapes,Invalid Filler,Disamis*,1,1,Some shapes are triangles,All squares are shapes,Some squares are triangles,NA,1494,Disamis,0,1,0,0
56_49,56,N1-c-M1,49,1,doughnuts,Valid Filler,Darii,1,1,All doughnuts are sugary ,Some pastries are doughnuts ,Some pastries are sugary,NA,1997,Darii,1,1,0,0
56_50,56,N1-c-M1,50,0,colors,Invalid Filler,Disamis*,1,1,Some colors are primary ,All shades of purple are colors ,Some shades of purple are primary,NA,1662,Disamis,0,1,0,0
56_51,56,N1-c-M1,51,1,widows,Valid Filler,Dimatis,1,1,Some parents are widows ,All widows are women,Some women are parents,NA,1528,Dimatis,1,1,0,0
56_52,56,N1-c-M1,52,0,book,Polysemy,Dimatis,1,1,Some doorstops are books,All books are pieces of intellectual property,Some pieces of intellectual property are doorstops,NA,1985,Dimatis,0,1,0,0
56_53,56,N1-c-M1,53,0,magazines,Polysemy,Disamis,1,1,Some magazines are coffee-stained,All magazines are subscriptions,Some subscriptions are coffee-stained,NA,1405,Disamis,0,1,0,0
56_54,56,N1-c-M1,54,0,toilets,Invalid Filler,Disamis*,1,1,Some toilets are coed,All urinals are toilets,Some urinals are coed,NA,1608,Disamis,0,1,0,0
56_55,56,N1-c-M1,55,0,dances,Invalid Filler,Darii*,1,1,All ballets are dances ,Some mating rituals are dances ,Some mating rituals are ballets,NA,2392,Darii,0,1,0,0
56_56,56,N1-c-M1,56,0,ring,Homonymy,Darii,1,1,All rings are sounds,Some accessories are rings,Some accessories are sounds,NA,1518,Darii,0,1,0,0
57_1,57,N1-c-M1,1,0,magazines,Polysemy,Disamis,1,2,Some magazines are coffee-stained,All magazines are subscriptions,Some subscriptions are coffee-stained,NA,4895,Disamis,0,1,0,0
57_2,57,N1-c-M1,2,0,sausages,Invalid Filler,Datisi*,1,2,All chili dogs are sausages,Some sausages are salamis,Some salamis are chili dogs,NA,2703,Datisi,0,1,0,0
57_3,57,N1-c-M1,3,0,spices,Invalid Filler,Dimatis*,1,2,Some dried roots are spices ,All mustard seeds are spices ,Some mustard seeds are dried roots,NA,6434,Dimatis,0,1,0,0
57_4,57,N1-c-M1,4,0,shapes,Invalid Filler,Disamis*,1,2,Some shapes are triangles,All squares are shapes,Some squares are triangles,NA,2356,Disamis,0,1,0,0
57_5,57,N1-c-M1,5,1,ruler,Homonymy,Disamis,1,2,Some rulers are kings,All rulers are standard lengths,Some standard lengths are kings,NA,3774,Disamis,0,0,0,0
57_6,57,N1-c-M1,6,1,toilets,Invalid Filler,Disamis*,1,2,Some toilets are coed,All urinals are toilets,Some urinals are coed,NA,3325,Disamis,0,0,0,0
57_7,57,N1-c-M1,7,1,statues,Valid Filler,Datisi,1,2,All statues are sculptures,Some statues are bronzes,Some bronzes are sculptures,NA,6014,Datisi,1,1,0,0
57_8,57,N1-c-M1,8,0,peppers,Invalid Filler,Dimatis*,1,2,Some yellow vegetables are peppers ,All jalapenos are peppers,Some jalapenos are yellow vegetables,NA,3205,Dimatis,0,1,0,0
57_9,57,N1-c-M1,9,0,breakfast,Polysemy,Darii,1,2,All breakfasts are under three hours,Some smoothies are breakfasts,Some smoothies are under three hours,NA,2372,Darii,0,1,0,0
57_10,57,N1-c-M1,10,0,picnic,Polysemy,Datisi,1,2,All picnics happen in nature,Some picnics are salads,Some salads happen in nature,NA,2655,Datisi,0,1,0,0
57_11,57,N1-c-M1,11,0,suit,Homonymy,Disamis,1,2,Some suits have multiple defendants,All suits are dress attire,Some dress attire has multiple defendants,NA,6315,Disamis,0,1,0,0
57_12,57,N1-c-M1,12,0,ball,Homonymy,Dimatis,1,2,Some parties are balls,All balls are toys,Some toys are parties,NA,2538,Dimatis,0,1,0,0
57_13,57,N1-c-M1,13,0,college,Polysemy,Darii,1,2,All colleges grant degrees,Some historic buildings are colleges,Some historic buildings grant degrees,NA,3542,Darii,0,1,0,0
57_14,57,N1-c-M1,14,0,dinner,Polysemy,Disamis,1,2,Some dinners are black tie,All dinners are foods,Some foods are black tie,NA,2471,Disamis,0,1,0,0
57_15,57,N1-c-M1,15,1,liars,Valid Filler,Dimatis,1,2,Some criminals are liars ,All liars are humans,Some humans are criminals ,NA,3425,Dimatis,1,1,0,0
57_16,57,N1-c-M1,16,1,poets,Valid Filler,Datisi,1,2,All poets are writers ,Some poets are teachers,Some teachers are writers,NA,2221,Datisi,1,1,0,0
57_17,57,N1-c-M1,17,0,rock,Homonymy,Datisi,1,2,All rock has guitars,Some rock is marble,Some marble has guitars,NA,2822,Datisi,0,1,0,0
57_18,57,N1-c-M1,18,0,ring,Homonymy,Darii,1,2,All rings are sounds,Some accessories are rings,Some accessories are sounds,NA,2373,Darii,0,1,0,0
57_19,57,N1-c-M1,19,0,match,Homonymy,Disamis,1,2,Some matches are pay-per-view,All matches are fire starters,Some fire starters are pay-per-view,NA,3039,Disamis,0,1,0,0
57_20,57,N1-c-M1,20,1,swords,Valid Filler,Disamis,1,2,Some swords are decorative,All swords are weapons ,Some weapons are decorative ,NA,3792,Disamis,1,1,0,0
57_21,57,N1-c-M1,21,0,thieves,Invalid Filler,Dimatis*,1,2,Some children are thieves,All mob bosses are thieves,Some mob bosses are children,NA,3492,Dimatis,0,1,0,0
57_22,57,N1-c-M1,22,0,lunch,Polysemy,Dimatis,1,2,Some breaks are lunches,All lunches are foods,Some foods are breaks,NA,2353,Dimatis,0,1,0,0
57_23,57,N1-c-M1,23,1,mugs,Valid Filler,Datisi,1,2,All mugs are cups ,Some mugs are ceramics,Some ceramics are cups ,NA,2856,Datisi,1,1,0,0
57_24,57,N1-c-M1,24,1,rifles,Valid Filler,Disamis,1,2,Some rifles are for hunting,All rifles are guns ,Some guns are for hunting,NA,2423,Disamis,1,1,0,0
57_25,57,N1-c-M1,25,0,mothers,Invalid Filler,Darii*,1,2,All grandmothers are mothers,Some teens are mothers,Some teens are grandmothers,NA,2104,Darii,0,1,0,0
57_26,57,N1-c-M1,26,0,school,Polysemy,Disamis,1,2,Some schools are rectangular,All schools are employers,Some employers are rectangular,NA,3023,Disamis,0,1,0,0
57_27,57,N1-c-M1,27,1,book,Polysemy,Dimatis,1,2,Some doorstops are books,All books are pieces of intellectual property,Some pieces of intellectual property are doorstops,NA,3676,Dimatis,0,0,0,0
57_28,57,N1-c-M1,28,1,grapes,Valid Filler,Disamis,1,2,Some grapes are red ,All grapes are fruits ,Some fruits are red ,NA,3307,Disamis,1,1,0,0
57_29,57,N1-c-M1,29,0,star,Homonymy,Datisi,1,2,All stars have autographs,Some stars are red dwarfs,Some red dwarfs have autographs,NA,4360,Datisi,0,1,0,0
57_30,57,N1-c-M1,30,0,actors,Invalid Filler,Datisi*,1,2,All male leads are actors,Some actors are women,Some women are male leads,NA,2588,Datisi,0,1,0,0
57_31,57,N1-c-M1,31,1,widows,Valid Filler,Dimatis,1,2,Some parents are widows ,All widows are women,Some women are parents,NA,2891,Dimatis,1,1,0,0
57_32,57,N1-c-M1,32,0,injuries,Invalid Filler,Dimatis*,1,2,Some sunburns are injuries,All broken bones are injuries,Some broken bones are sunburns,NA,2070,Dimatis,0,1,0,0
57_33,57,N1-c-M1,33,1,dolls,Valid Filler,Darii,1,2,All dolls are man made,Some toys are dolls ,Some toys are man made,NA,2423,Darii,1,1,0,0
57_34,57,N1-c-M1,34,1,dances,Invalid Filler,Darii*,1,2,All ballets are dances ,Some mating rituals are dances ,Some mating rituals are ballets,NA,3623,Darii,0,0,0,0
57_35,57,N1-c-M1,35,1,singers,Valid Filler,Darii,1,2,All singers are vocalists ,Some guitarists are singers,Some guitarists are vocalists,NA,2923,Darii,1,1,0,0
57_36,57,N1-c-M1,36,1,burgers,Valid Filler,Disamis,1,2,Some burgers are overcooked ,All burgers are sandwiches,Some sandwiches are overcooked ,NA,3373,Disamis,1,1,0,0
57_37,57,N1-c-M1,37,0,Wave,Homonymy,Dimatis,1,2,Some gestures are waves,All waves are liquids,Some liquids are gestures,NA,2338,Dimatis,0,1,0,0
57_38,57,N1-c-M1,38,1,dresses,Invalid Filler,Darii*,1,2,All ball gowns are dresses ,Some cocktail outfits are dresses,Some cocktail outfits are ball gowns,NA,2307,Darii,0,0,0,0
57_39,57,N1-c-M1,39,1,doughnuts,Valid Filler,Darii,1,2,All doughnuts are sugary ,Some pastries are doughnuts ,Some pastries are sugary,NA,2270,Darii,1,1,0,0
57_40,57,N1-c-M1,40,1,trucks,Valid Filler,Dimatis,1,2,Some cars are trucks ,All trucks are vehicles,Some vehicles are cars ,NA,3191,Dimatis,1,1,0,0
57_41,57,N1-c-M1,41,0,novel,Polysemy,Darii,1,2,All novels are flammable,Some debuts are novels,Some debuts are flammable,NA,2289,Darii,0,1,0,0
57_42,57,N1-c-M1,42,1,clowns,Valid Filler,Darii,1,2,All clowns can juggle ,Some circus performers are clowns ,Some circus performers can juggle,NA,2021,Darii,1,1,0,0
57_43,57,N1-c-M1,43,0,board,Homonymy,Dimatis,1,2,Some governing organizations are boards,All boards are wooden planks,Some wooden planks are governing organizations,NA,2790,Dimatis,0,1,0,0
57_44,57,N1-c-M1,44,0,cabinet,Homonymy,Datisi,1,2,All cabinets are political appointments,Some cabinets are shelving units,Some shelving units are political appointments,NA,2223,Datisi,0,1,0,0
57_45,57,N1-c-M1,45,0,antiques,Invalid Filler,Darii*,1,2,All medieval manuscripts are antiques ,Some pieces of jewelry are antiques ,Some pieces of jewelry are medieval manuscripts,NA,2190,Darii,0,1,0,0
57_46,57,N1-c-M1,46,1,letter,Polysemy,Datisi,1,2,All letters have stamps,Some letters are rejections,Some rejections have stamps,NA,2722,Datisi,0,0,0,0
57_47,57,N1-c-M1,47,1,ponies,Valid Filler,Datisi,1,2,All ponies neigh,Some ponies are thoroughbreds,Some thoroughbreds neigh,NA,3576,Datisi,1,1,0,0
57_48,57,N1-c-M1,48,0,company,Polysemy,Dimatis,1,2,Some storefronts are companies,All companies are hierarchies,Some hierarchies are storefronts,NA,2054,Dimatis,0,1,0,0
57_49,57,N1-c-M1,49,0,bat,Homonymy,Darii,1,2,All bats share a common ancestor,Some sporting goods are bats,Some sporting goods share a common ancestor,NA,3859,Darii,0,1,0,0
57_50,57,N1-c-M1,50,0,funerals,Invalid Filler,Datisi*,1,2,All open-casket services are funerals,Some funerals are anonymous burials,Some anonymous burials are open-casket services,NA,7185,Datisi,0,1,0,0
57_51,57,N1-c-M1,51,0,stones,Invalid Filler,Datisi*,1,2,All pebbles are stones,Some stones are boulders,Some boulders are pebbles,NA,3927,Datisi,0,1,0,0
57_52,57,N1-c-M1,52,1,suitcases,Valid Filler,Dimatis,1,2,Some bags are suitcases,All suitcases are pieces of luggage,Some pieces of luggage are bags,NA,2370,Dimatis,1,1,0,0
57_53,57,N1-c-M1,53,1,change,Homonymy,Darii,1,2,All change is money,Some surprises are change,Some surprises are money,NA,2706,Darii,0,0,0,0
57_54,57,N1-c-M1,54,0,steaks,Invalid Filler,Disamis*,1,2,Some steaks are filet mignons,All ribeyes are steaks,Some ribeyes are filet mignons,NA,4595,Disamis,0,1,0,0
57_55,57,N1-c-M1,55,0,colors,Invalid Filler,Disamis*,1,2,Some colors are primary ,All shades of purple are colors ,Some shades of purple are primary,NA,2991,Disamis,0,1,0,0
57_56,57,N1-c-M1,56,1,city,Polysemy,Datisi,1,2,All cities are bureaucracies,Some cities are graffitied places,Some graffitied places are bureaucracies,NA,3925,Datisi,0,0,0,0
58_1,58,N1-c-M1,1,0,rock,Homonymy,Darii,2,1,All rock has guitars,Some marble is rock,Some marble has guitars,NA,6715,Darii,0,1,0,0
58_2,58,N1-c-M1,2,0,trucks,Valid Filler,Datisi,2,1,All trucks are vehicles,Some trucks are big rigs,Some big rigs are vehicles,NA,6701,Datisi,1,0,0,0
58_3,58,N1-c-M1,3,0,star,Homonymy,Darii,2,1,All stars have autographs,Some red dwarfs are stars,Some red dwarfs have autographs,NA,4423,Darii,0,1,0,0
58_4,58,N1-c-M1,4,0,injuries,Invalid Filler,Datisi*,2,1,All broken bones are injuries,Some injuries are sunburns,Some sunburns are broken bones,NA,3294,Datisi,0,1,0,0
58_5,58,N1-c-M1,5,1,peppers,Invalid Filler,Datisi*,2,1,All jalapenos are peppers,Some peppers are yellow vegetables ,Some yellow vegetables are jalapenos,NA,4046,Datisi,0,0,0,0
58_6,58,N1-c-M1,6,1,grapes,Valid Filler,Dimatis,2,1,Some snacks are grapes,All grapes are fruits ,Some fruits are snacks,NA,3878,Dimatis,1,1,0,0
58_7,58,N1-c-M1,7,0,spices,Invalid Filler,Datisi*,2,1,All mustard seeds are spices ,Some spices are dried roots ,Some dried roots are mustard seeds,NA,5310,Datisi,0,1,0,0
58_8,58,N1-c-M1,8,0,city,Polysemy,Darii,2,1,All cities are bureaucracies,Some graffitied places are cities,Some graffitied places are bureaucracies,NA,7319,Darii,0,1,0,0
58_9,58,N1-c-M1,9,0,sausages,Invalid Filler,Darii*,2,1,All chili dogs are sausages,Some pizza toppings are sausages,Some pizza toppings are chili dogs,NA,4606,Darii,0,1,0,0
58_10,58,N1-c-M1,10,0,lunch,Polysemy,Datisi,2,1,All lunches are breaks,Some lunches are soups,Some soups are breaks,NA,3758,Datisi,0,1,0,0
58_11,58,N1-c-M1,11,0,ring,Homonymy,Disamis,2,1,Some rings are made of gold,All rings are sounds,Some sounds are made of gold,NA,4703,Disamis,0,1,0,0
58_12,58,N1-c-M1,12,1,doughnuts,Valid Filler,Disamis,2,1,Some doughnuts are glazed,All doughnuts are sugary foods,Some sugary foods are glazed,NA,2896,Disamis,1,1,0,0
58_13,58,N1-c-M1,13,0,board,Homonymy,Datisi,2,1,All boards are wooden planks,Some boards are governing organizations,Some governing organizations are wooden planks,NA,3748,Datisi,0,1,0,0
58_14,58,N1-c-M1,14,0,college,Polysemy,Disamis,2,1,Some colleges have chancellors,All colleges are groups of buildings,Some groups of buildings have chancellors,NA,10778,Disamis,0,1,0,0
58_15,58,N1-c-M1,15,0,toilets,Invalid Filler,Dimatis*,2,1,Some seats are toilets ,All urinals are toilets,Some urinals are seats,NA,8750,Dimatis,0,1,0,0
58_16,58,N1-c-M1,16,0,company,Polysemy,Datisi,2,1,All companies are buildings,Some companies are hierarchies,Some hierarchies are buildings,NA,3359,Datisi,0,1,0,0
58_17,58,N1-c-M1,17,0,ponies,Valid Filler,Darii,2,1,All ponies neigh,Some thoroughbreds are ponies,Some thoroughbreds neigh,NA,6158,Darii,1,0,0,0
58_18,58,N1-c-M1,18,0,match,Homonymy,Dimatis,2,1,Some pay-per-view broadcasts are matches,All matches are fire starters,Some fire starters are pay-per-view broadcasts,NA,4117,Dimatis,0,1,0,0
58_19,58,N1-c-M1,19,1,rifles,Valid Filler,Dimatis,2,1,Some safety hazards are rifles,All rifles are guns,Some guns are safety hazards,NA,4183,Dimatis,1,1,0,0
58_20,58,N1-c-M1,20,0,letter,Polysemy,Darii,2,1,All letters have stamps,Some rejections are letters,Some rejections have stamps,NA,2830,Darii,0,1,0,0
58_21,58,N1-c-M1,21,0,funerals,Invalid Filler,Darii*,2,1,All anonymous burials are funerals,Some family gatherings are funerals,Some family gatherings are anonymous burials,NA,7800,Darii,0,1,0,0
58_22,58,N1-c-M1,22,1,dolls,Valid Filler,Disamis,2,1,Some dolls are toys,All dolls are man made objects,Some man made objects are toys,NA,4574,Disamis,1,1,0,0
58_23,58,N1-c-M1,23,0,school,Polysemy,Dimatis,2,1,Some rectangular buildings are schools,All schools are employers,Some employers are rectangular buildings,NA,4094,Dimatis,0,1,0,0
58_24,58,N1-c-M1,24,1,statues,Valid Filler,Darii,2,1,All statues are sculptures,Some artworks are statues,Some artworks are sculptures,NA,4640,Darii,1,1,0,0
58_25,58,N1-c-M1,25,0,wave,Homonymy,Datisi,2,1,All waves are water,Some waves are gestures,Some gestures are water,NA,2417,Datisi,0,1,0,0
58_26,58,N1-c-M1,26,1,colors,Invalid Filler,Dimatis*,2,1,Some pastels are colors,All shade of neon green are colors ,Some shades of neon green are pastels,NA,6504,Dimatis,0,0,0,0
58_27,58,N1-c-M1,27,0,book,Polysemy,Datisi,2,1,All books are printed,Some books are romances,Some romances are printed,NA,2648,Datisi,0,1,0,0
58_28,58,N1-c-M1,28,1,clowns,Valid Filler,Disamis,2,1,Some clowns are mimes,All clowns are entertainers,Some entertainers are mimes,NA,6991,Disamis,1,1,0,0
58_29,58,N1-c-M1,29,0,picnic,Polysemy,Darii,2,1,All picnics happen in nature,Some salads are picnics,Some salads happen in nature,NA,3925,Darii,0,1,0,0
58_30,58,N1-c-M1,30,0,suit,Homonymy,Dimatis,2,1,Some court proceedings are suits,All suits are formal outfits,Some formal outfits are court proceedings,NA,7318,Dimatis,0,1,0,0
58_31,58,N1-c-M1,31,1,swords,Valid Filler,Dimatis,2,1,Some sharp things are swords,All swords are weapons,Some weapons are sharp things,NA,2680,Dimatis,1,1,0,0
58_32,58,N1-c-M1,32,0,steaks,Invalid Filler,Dimatis*,2,1,Some delicious entrées are steaks,All rotten ribeyes are steaks,Some rotten ribeyes are delicious entrées,NA,6671,Dimatis,0,1,0,0
58_33,58,N1-c-M1,33,1,singers,Valid Filler,Disamis,2,1,Some singers are guitarists,All singers are vocalists,Some vocalists are guitarists,NA,3566,Disamis,1,1,0,0
58_34,58,N1-c-M1,34,1,dresses,Invalid Filler,Disamis*,2,1,Some dresses are cocktail outfits,All ball gowns are dresses ,Some ball gowns are cocktail outfits,NA,5815,Disamis,0,0,0,0
58_35,58,N1-c-M1,35,1,change,Homonymy,Disamis,2,1,Some change is transformation,All change is money,Some money is transformation,NA,4135,Disamis,0,0,0,0
58_36,58,N1-c-M1,36,0,ruler,Homonymy,Dimatis,2,1,Some queens are rulers,All rulers are standard lengths,Some standard lengths are queens,NA,5591,Dimatis,0,1,0,0
58_37,58,N1-c-M1,37,0,breakfast,Polysemy,Disamis,2,1,Some breakfasts are under an hour,All breakfasts are nutrients,Some nutrients are under an hour,NA,3495,Disamis,0,1,0,0
58_38,58,N1-c-M1,38,1,poets,Valid Filler,Darii,2,1,All poets are writers ,Some teachers are poets,Some teachers are writers,NA,2783,Darii,1,1,0,0
58_39,58,N1-c-M1,39,0,dinner,Polysemy,Dimatis,2,1,Some black tie events are dinners,All dinners are foods,Some foods are black tie events,NA,3840,Dimatis,0,1,0,0
58_40,58,N1-c-M1,40,1,liars,Valid Filler,Datisi,2,1,All liars are humans,Some liars are criminals,Some criminals are humans,NA,3483,Datisi,1,1,0,0
58_41,58,N1-c-M1,41,0,ball,Homonymy,Datisi,2,1,All balls are toys,Some balls are senior proms,Some senior proms are toys,NA,4016,Datisi,0,1,0,0
58_42,58,N1-c-M1,42,0,thieves,Invalid Filler,Datisi*,2,1,All mob bosses are thieves,Some thieves are children,Some children are mob bosses,NA,3134,Datisi,0,1,0,0
58_43,58,N1-c-M1,43,1,widows,Valid Filler,Datisi,2,1,All widows are women,Some widows are parents,Some parents are women,NA,3375,Datisi,1,1,0,0
58_44,58,N1-c-M1,44,0,shapes,Invalid Filler,Dimatis*,2,1,Some road signs are shapes,All cylinders are shapes,Some cylinders are road signs,NA,3759,Dimatis,0,1,0,0
58_45,58,N1-c-M1,45,0,bat,Homonymy,Disamis,2,1,Some bats are made for softball,All bats are animals,Some animals are made for softball,NA,5238,Disamis,0,1,0,0
58_46,58,N1-c-M1,46,1,suitcases,Valid Filler,Datisi,2,1,All suitcases are pieces of luggage,Some suitcases are bags,Some bags are pieces of luggage,NA,5238,Datisi,1,1,0,0
58_47,58,N1-c-M1,47,1,actors,Invalid Filler,Darii*,2,1,All male leads are actors,Some women are actors,Some women are male leads,NA,3831,Darii,0,0,0,0
58_48,58,N1-c-M1,48,0,dances,Invalid Filler,Disamis*,2,1,Some dances are mating rituals ,All ballets are dances,Some ballets are mating rituals ,NA,5703,Disamis,0,1,0,0
58_49,58,N1-c-M1,49,1,mugs,Valid Filler,Darii,2,1,All mugs are cups ,Some ceramics are mugs,Some ceramics are cups ,NA,2855,Darii,1,1,0,0
58_50,58,N1-c-M1,50,0,antiques,Invalid Filler,Disamis*,2,1,Some antiques are pieces of jewelry,All medieval manuscripts are antiques ,Some medieval manuscripts are pieces of jewelry,NA,3983,Disamis,0,1,0,0
58_51,58,N1-c-M1,51,1,burgers,Valid Filler,Dimatis,2,1,Some entrées are burgers,All burgers are sandwiches,Some sandwiches are entrées,NA,5198,Dimatis,1,1,0,0
58_52,58,N1-c-M1,52,0,magazines,Polysemy,Dimatis,2,1,Some recyclables are magazines,All magazines are subscriptions,Some subscriptions are recyclables,NA,3047,Dimatis,0,1,0,0
58_53,58,N1-c-M1,53,0,novel,Polysemy,Disamis,2,1,Some novels weigh over a pound,All novels are stories,Some stories weigh over a pound,NA,3366,Disamis,0,1,0,0
58_54,58,N1-c-M1,54,0,mothers,Invalid Filler,Disamis*,2,1,Some mothers are teens,All grandmas are mothers,Some grandmas are teens,NA,4479,Disamis,0,1,0,0
58_55,58,N1-c-M1,55,0,stones,Invalid Filler,Darii*,2,1,All boulders are stones,Some paperweights are stones,Some paperweights are boulders,NA,3984,Darii,0,1,0,0
58_56,58,N1-c-M1,56,0,cabinet,Homonymy,Darii,2,1,All cabinets are political appointments,Some shelving units are cabinets,Some shelving units are political appointments,NA,5218,Darii,0,1,0,0
59_1,59,N1-c-M1,1,0,book,Polysemy,Disamis,4,2,Some books are doorstops,All books are pieces of intellectual property,Some pieces of intellectual property are doorstops,NA,4610,Disamis,0,1,0,0
59_2,59,N1-c-M1,2,1,mothers,Invalid Filler,Datisi*,4,2,All grandmas are mothers ,Some mothers are teens,Some teens are grandmas,NA,3535,Datisi,0,0,0,0
59_3,59,N1-c-M1,3,0,funerals,Invalid Filler,Dimatis*,4,2,Some family gatherings are funerals,All anonymous burials are funerals,Some anonymous burials are family gatherings,NA,5817,Dimatis,0,1,0,0
59_4,59,N1-c-M1,4,0,peppers,Invalid Filler,Disamis*,4,2,Some peppers are yellow vegetables ,All jalapenos are peppers,Some jalapenos are yellow vegetables,NA,4851,Disamis,0,1,0,0
59_5,59,N1-c-M1,5,0,ball,Homonymy,Disamis,4,2,Some balls are senior proms,All balls are toys,Some toys are senior proms,NA,2898,Disamis,0,1,0,0
59_6,59,N1-c-M1,6,1,thieves,Invalid Filler,Disamis*,4,2,Some thieves are children,All mob bosses are thieves,Some mob bosses are children,NA,3223,Disamis,0,0,0,0
59_7,59,N1-c-M1,7,1,clowns,Valid Filler,Datisi,4,2,All clowns are entertainers,Some clowns are mimes,Some mimes are entertainers,NA,3871,Datisi,1,1,0,0
59_8,59,N1-c-M1,8,0,stones,Invalid Filler,Dimatis*,4,2,Some paperweights are stones,All boulders are stones,Some boulders are paperweights,NA,3602,Dimatis,0,1,0,0
59_9,59,N1-c-M1,9,1,dinner,Polysemy,Darii,4,2,All dinners happen after four o'clock,Some lasagnas are dinners,Some lasagnas happen after four o'clock,NA,4497,Darii,0,0,0,0
59_10,59,N1-c-M1,10,1,breakfast,Polysemy,Datisi,4,2,All breakfasts are under three hours,Some breakfasts are smoothies,Some smoothies are under three hours,NA,3289,Datisi,0,0,0,0
59_11,59,N1-c-M1,11,0,board,Homonymy,Disamis,4,2,Some boards are governing organizations,All boards are wooden planks,Some wooden planks are governing organizations,NA,5566,Disamis,0,1,0,0
59_12,59,N1-c-M1,12,0,cabinet,Homonymy,Dimatis,4,2,Some shelving units are cabinets,All cabinets are political appointments,Some political appointments are shelving units,NA,3451,Dimatis,0,1,0,0
59_13,59,N1-c-M1,13,1,school,Polysemy,Darii,4,2,All schools have classrooms,Some employers are schools,Some employers have classrooms,NA,3098,Darii,0,0,0,0
59_14,59,N1-c-M1,14,0,lunch,Polysemy,Disamis,4,2,Some lunches are breaks,All lunches are foods,Some foods are breaks,NA,3572,Disamis,0,1,0,0
59_15,59,N1-c-M1,15,1,poets,Valid Filler,Dimatis,4,2,Some teachers are poets,All poets are writers ,Some writers are teachers,NA,3584,Dimatis,1,1,0,0
59_16,59,N1-c-M1,16,1,dolls,Valid Filler,Datisi,4,2,All dolls are man made,Some dolls are toys,Some toys are man made,NA,2659,Datisi,1,1,0,0
59_17,59,N1-c-M1,17,0,bat,Homonymy,Datisi,4,2,All bats are animals,Some bats are sporting goods,Some sporting goods are animals,NA,4142,Datisi,0,1,0,0
59_18,59,N1-c-M1,18,1,ruler,Homonymy,Darii,4,2,All rulers are standard lengths,Some queens are rulers,Some queens are standard lengths,NA,3463,Darii,0,0,0,0
59_19,59,N1-c-M1,19,0,Wave,Homonymy,Disamis,4,2,Some waves are gestures,All waves are liquids,Some liquids are gestures,NA,2575,Disamis,0,1,0,0
59_20,59,N1-c-M1,20,1,trucks,Valid Filler,Disamis,4,2,Some trucks are big rigs,All trucks are vehicles,Some vehicles are big rigs,NA,2870,Disamis,1,1,0,0
59_21,59,N1-c-M1,21,0,sausages,Invalid Filler,Dimatis*,4,2,Some pizza toppings are sausages,All chili dogs are sausages,Some chili dogs are pizza toppings,NA,3150,Dimatis,0,1,0,0
59_22,59,N1-c-M1,22,1,picnic,Polysemy,Dimatis,4,2,Some summertime activities are picnics,All picnics are prepared foods,Some prepared foods are summertime activities,NA,3997,Dimatis,0,0,0,0
59_23,59,N1-c-M1,23,1,doughnuts,Valid Filler,Datisi,4,2,All doughnuts are sugary ,Some doughnuts are treats,Some treats are sugary,NA,3704,Datisi,1,1,0,0
59_24,59,N1-c-M1,24,1,suitcases,Valid Filler,Disamis,4,2,Some suitcases are bags,All suitcases are pieces of luggage,Some pieces of luggage are bags,NA,2617,Disamis,1,1,0,0
59_25,59,N1-c-M1,25,1,toilets,Invalid Filler,Darii*,4,2,All urinals are toilets,Some seats are toilets,Some seats are urinals,NA,3372,Darii,0,0,0,0
59_26,59,N1-c-M1,26,1,company,Polysemy,Disamis,4,2,Some companies are in city centers,All companies are hierarchies,Some hierarchies are in city centers,NA,4034,Disamis,0,0,0,0
59_27,59,N1-c-M1,27,1,letter,Polysemy,Dimatis,4,2,Some papers are letters,All letters are communications,Some communications are papers,NA,3819,Dimatis,0,0,0,0
59_28,59,N1-c-M1,28,1,liars,Valid Filler,Disamis,4,2,Some liars are criminals,All liars are humans,Some humans are criminals ,NA,2911,Disamis,1,1,0,0
59_29,59,N1-c-M1,29,0,change,Homonymy,Datisi,4,2,All change is money,Some change is transformation,Some transformation is money,NA,4738,Datisi,0,1,0,0
59_30,59,N1-c-M1,30,0,antiques,Invalid Filler,Datisi*,4,2,All medieval manuscripts are antiques ,Some antiques are pieces of jewelry,Some pieces of jewelry are medieval manuscripts,NA,4802,Datisi,0,1,0,0
59_31,59,N1-c-M1,31,1,ponies,Valid Filler,Dimatis,4,2,Some thoroughbreds are ponies,All ponies are neighing animals,Some neighing animals are thoroughbreds,NA,4203,Dimatis,1,1,0,0
59_32,59,N1-c-M1,32,1,actors,Invalid Filler,Dimatis*,4,2,Some women are actors,All male leads are actors,Some male leads are women,NA,4929,Dimatis,0,0,0,0
59_33,59,N1-c-M1,33,1,grapes,Valid Filler,Darii,4,2,All grapes are fruits ,Some snacks are grapes,Some snacks are fruits,NA,2928,Darii,1,1,0,0
59_34,59,N1-c-M1,34,0,shapes,Invalid Filler,Darii*,4,2,All cylinders are shapes,Some road signs are shapes,Some road signs are cylinders,NA,3530,Darii,0,1,0,0
59_35,59,N1-c-M1,35,1,burgers,Valid Filler,Darii,4,2,All burgers have protein,Some entrées are burgers,Some entrées have protein,NA,2605,Darii,1,1,0,0
59_36,59,N1-c-M1,36,1,widows,Valid Filler,Disamis,4,2,Some widows are parents,All widows are women,Some women are parents,NA,2647,Disamis,1,1,0,0
59_37,59,N1-c-M1,37,0,star,Homonymy,Dimatis,4,2,Some celestial objects are stars,All stars are famous people,Some famous people are celestial objects,NA,2887,Dimatis,0,1,0,0
59_38,59,N1-c-M1,38,1,steaks,Invalid Filler,Darii*,4,2,All rotten ribeyes are steaks,Some delicious meals are steaks,Some delicoius meals are rotten ribeyes,NA,3422,Darii,0,0,0,0
59_39,59,N1-c-M1,39,1,swords,Valid Filler,Darii,4,2,All swords are weapons,Some sharp objects are swords,Some sharp objects are weapons,NA,3620,Darii,1,1,0,0
59_40,59,N1-c-M1,40,1,mugs,Valid Filler,Dimatis,4,2,Some ceramics are mugs,All mugs are cups ,Some cups are ceramics,NA,3085,Dimatis,1,1,0,0
59_41,59,N1-c-M1,41,0,magazines,Polysemy,Darii,4,2,All magazines are recyclable,Some media corporations are magazines,Some media corporations are recyclable,NA,4446,Darii,0,1,0,0
59_42,59,N1-c-M1,42,1,rifles,Valid Filler,Darii,4,2,All rifles are guns,Some safety hazards are rifles,Some safety hazards are guns,NA,3893,Darii,1,1,0,0
59_43,59,N1-c-M1,43,0,rock,Homonymy,Dimatis,4,2,Some marble is rock,All rock is music,Some music is marble,NA,2827,Dimatis,0,1,0,0
59_44,59,N1-c-M1,44,0,ring,Homonymy,Datisi,4,2,All rings are sounds,Some rings are accessories,Some accessories are sounds,NA,4304,Datisi,0,1,0,0
59_45,59,N1-c-M1,45,0,colors,Invalid Filler,Darii*,4,2,Some pastels are colors,All shades of neon green are colors ,Some shades of neon green are pastels,NA,3398,Darii,0,1,0,0
59_46,59,N1-c-M1,46,0,novel,Polysemy,Datisi,4,2,All novels are flammable,Some novels are debuts,Some debuts are flammable,NA,2826,Datisi,0,1,0,0
59_47,59,N1-c-M1,47,1,singers,Valid Filler,Datisi,4,2,All singers are performers,Some singers are men,Some men are performers,NA,2426,Datisi,1,1,0,0
59_48,59,N1-c-M1,48,0,city,Polysemy,Dimatis,4,2,Some bureaucracies are cities,All cities are graffitied places,Some graffitied places are bureaucracies,NA,2863,Dimatis,0,1,0,0
59_49,59,N1-c-M1,49,1,suit,Homonymy,Darii,4,2,All suits are dress attire,Some court proceedings are suits,Some court proceedings are dress attire,NA,3944,Darii,0,0,0,0
59_50,59,N1-c-M1,50,1,dresses,Invalid Filler,Datisi*,4,2,All ball gowns are dresses ,Some dresses are cocktail outfits,Some cocktail outfits are ball gowns,NA,3175,Datisi,0,0,0,0
59_51,59,N1-c-M1,51,0,dances,Invalid Filler,Datisi*,4,2,All ballets are dances ,Some dances are mating rituals,Some mating rituals are ballets ,NA,7349,Datisi,0,1,0,0
59_52,59,N1-c-M1,52,1,statues,Valid Filler,Dimatis,4,2,Some bronzes are statues,All statues are sculptures,Some sculptures are bronzes,NA,3042,Dimatis,1,1,0,0
59_53,59,N1-c-M1,53,0,match,Homonymy,Darii,4,2,All matches are combustible,Some pay-per-view broadcasts are matches,Some pay-per-view broadcasts are combustible,NA,3099,Darii,0,1,0,0
59_54,59,N1-c-M1,54,1,spices,Invalid Filler,Disamis*,4,2,Some spices are dried roots,All mustard seeds are spices ,Some mustard seeds are dried roots,NA,2942,Disamis,0,0,0,0
59_55,59,N1-c-M1,55,0,injuries,Invalid Filler,Disamis*,4,2,Some injuries are sunburns,All broken bones are injuries,Some broken bones are sunburns,NA,2671,Disamis,0,1,0,0
59_56,59,N1-c-M1,56,1,college,Polysemy,Datisi,4,2,All colleges grant degrees,Some colleges are historic buildings,Some historic buildings grant degrees,NA,3698,Datisi,0,0,0,0
60_1,60,N1-c-M1,1,0,bat,Homonymy,Darii,1,1,All bats share a common ancestor,Some sporting goods are bats,Some sporting goods share a common ancestor,NA,7493,Darii,0,1,0,0
60_2,60,N1-c-M1,2,1,mugs,Valid Filler,Datisi,1,1,All mugs are cups ,Some mugs are ceramics,Some ceramics are cups ,NA,3815,Datisi,1,1,0,0
60_3,60,N1-c-M1,3,1,change,Homonymy,Darii,1,1,All change is money,Some surprises are change,Some surprises are money,NA,3458,Darii,0,0,0,0
60_4,60,N1-c-M1,4,0,actors,Invalid Filler,Datisi*,1,1,All male leads are actors,Some actors are women,Some women are male leads,NA,5471,Datisi,0,1,0,0
60_5,60,N1-c-M1,5,0,stones,Invalid Filler,Datisi*,1,1,All pebbles are stones,Some stones are boulders,Some boulders are pebbles,NA,3310,Datisi,0,1,0,0
60_6,60,N1-c-M1,6,1,liars,Valid Filler,Dimatis,1,1,Some criminals are liars ,All liars are humans,Some humans are criminals ,NA,2658,Dimatis,1,1,0,0
60_7,60,N1-c-M1,7,0,funerals,Invalid Filler,Datisi*,1,1,All open-casket services are funerals,Some funerals are anonymous burials,Some anonymous burials are open-casket services,NA,6736,Datisi,0,1,0,0
60_8,60,N1-c-M1,8,0,college,Polysemy,Darii,1,1,All colleges grant degrees,Some historic buildings are colleges,Some historic buildings grant degrees,NA,3947,Darii,0,1,0,0
60_9,60,N1-c-M1,9,0,mothers,Invalid Filler,Darii*,1,1,All grandmothers are mothers,Some teens are mothers,Some teens are grandmothers,NA,3012,Darii,0,1,0,0
60_10,60,N1-c-M1,10,0,picnic,Polysemy,Datisi,1,1,All picnics happen in nature,Some picnics are salads,Some salads happen in nature,NA,2836,Datisi,0,1,0,0
60_11,60,N1-c-M1,11,0,ruler,Homonymy,Disamis,1,1,Some rulers are kings,All rulers are standard lengths,Some standard lengths are kings,NA,4212,Disamis,0,1,0,0
60_12,60,N1-c-M1,12,1,swords,Valid Filler,Disamis,1,1,Some swords are decorative,All swords are weapons ,Some weapons are decorative ,NA,8691,Disamis,1,1,0,0
60_13,60,N1-c-M1,13,0,rock,Homonymy,Datisi,1,1,All rock has guitars,Some rock is marble,Some marble has guitars,NA,3029,Datisi,0,1,0,0
60_14,60,N1-c-M1,14,0,school,Polysemy,Disamis,1,1,Some schools are rectangular,All schools are employers,Some employers are rectangular,NA,2495,Disamis,0,1,0,0
60_15,60,N1-c-M1,15,0,thieves,Invalid Filler,Dimatis*,1,1,Some children are thieves,All mob bosses are thieves,Some mob bosses are children,NA,2973,Dimatis,0,1,0,0
60_16,60,N1-c-M1,16,1,city,Polysemy,Datisi,1,1,All cities are bureaucracies,Some cities are graffitied places,Some graffitied places are bureaucracies,NA,5331,Datisi,0,0,0,0
60_17,60,N1-c-M1,17,1,singers,Valid Filler,Darii,1,1,All singers are vocalists ,Some guitarists are singers,Some guitarists are vocalists,NA,3321,Darii,1,1,0,0
60_18,60,N1-c-M1,18,0,Wave,Homonymy,Dimatis,1,1,Some gestures are waves,All waves are liquids,Some liquids are gestures,NA,2919,Dimatis,0,1,0,0
60_19,60,N1-c-M1,19,1,suitcases,Valid Filler,Dimatis,1,1,Some bags are suitcases,All suitcases are pieces of luggage,Some pieces of luggage are bags,NA,3108,Dimatis,1,1,0,0
60_20,60,N1-c-M1,20,0,novel,Polysemy,Darii,1,1,All novels are flammable,Some debuts are novels,Some debuts are flammable,NA,3231,Darii,0,1,0,0
60_21,60,N1-c-M1,21,1,dresses,Invalid Filler,Darii*,1,1,All ball gowns are dresses ,Some cocktail outfits are dresses,Some cocktail outfits are ball gowns,NA,5472,Darii,0,0,0,0
60_22,60,N1-c-M1,22,1,grapes,Valid Filler,Disamis,1,1,Some grapes are red ,All grapes are fruits ,Some fruits are red ,NA,2422,Disamis,1,1,0,0
60_23,60,N1-c-M1,23,0,company,Polysemy,Dimatis,1,1,Some storefronts are companies,All companies are hierarchies,Some hierarchies are storefronts,NA,2834,Dimatis,0,1,0,0
60_24,60,N1-c-M1,24,1,clowns,Valid Filler,Darii,1,1,All clowns can juggle ,Some circus performers are clowns ,Some circus performers can juggle,NA,2578,Darii,1,1,0,0
60_25,60,N1-c-M1,25,0,star,Homonymy,Datisi,1,1,All stars have autographs,Some stars are red dwarfs,Some red dwarfs have autographs,NA,2453,Datisi,0,1,0,0
60_26,60,N1-c-M1,26,0,injuries,Invalid Filler,Dimatis*,1,1,Some sunburns are injuries,All broken bones are injuries,Some broken bones are sunburns,NA,2692,Dimatis,0,1,0,0
60_27,60,N1-c-M1,27,0,letter,Polysemy,Datisi,1,1,All letters have stamps,Some letters are rejections,Some rejections have stamps,NA,2530,Datisi,0,1,0,0
60_28,60,N1-c-M1,28,1,rifles,Valid Filler,Disamis,1,1,Some rifles are for hunting,All rifles are guns ,Some guns are for hunting,NA,2779,Disamis,1,1,0,0
60_29,60,N1-c-M1,29,1,breakfast,Polysemy,Darii,1,1,All breakfasts are under three hours,Some smoothies are breakfasts,Some smoothies are under three hours,NA,5737,Darii,0,0,0,0
60_30,60,N1-c-M1,30,0,board,Homonymy,Dimatis,1,1,Some governing organizations are boards,All boards are wooden planks,Some wooden planks are governing organizations,NA,3329,Dimatis,0,1,0,0
60_31,60,N1-c-M1,31,1,trucks,Valid Filler,Dimatis,1,1,Some cars are trucks ,All trucks are vehicles,Some vehicles are cars ,NA,2278,Dimatis,1,1,0,0
60_32,60,N1-c-M1,32,0,spices,Invalid Filler,Dimatis*,1,1,Some dried roots are spices ,All mustard seeds are spices ,Some mustard seeds are dried roots,NA,4829,Dimatis,0,1,0,0
60_33,60,N1-c-M1,33,1,burgers,Valid Filler,Disamis,1,1,Some burgers are overcooked ,All burgers are sandwiches,Some sandwiches are overcooked ,NA,3096,Disamis,1,1,0,0
60_34,60,N1-c-M1,34,0,steaks,Invalid Filler,Disamis*,1,1,Some steaks are filet mignons,All ribeyes are steaks,Some ribeyes are filet mignons,NA,5788,Disamis,0,1,0,0
60_35,60,N1-c-M1,35,0,match,Homonymy,Disamis,1,1,Some matches are pay-per-view,All matches are fire starters,Some fire starters are pay-per-view,NA,3649,Disamis,0,1,0,0
60_36,60,N1-c-M1,36,0,ball,Homonymy,Dimatis,1,1,Some parties are balls,All balls are toys,Some toys are parties,NA,2634,Dimatis,0,1,0,0
60_37,60,N1-c-M1,37,0,dinner,Polysemy,Disamis,1,1,Some dinners are black tie,All dinners are foods,Some foods are black tie,NA,3898,Disamis,0,1,0,0
60_38,60,N1-c-M1,38,1,dolls,Valid Filler,Darii,1,1,All dolls are man made,Some toys are dolls ,Some toys are man made,NA,3130,Darii,1,1,0,0
60_39,60,N1-c-M1,39,0,lunch,Polysemy,Dimatis,1,1,Some breaks are lunches,All lunches are foods,Some foods are breaks,NA,3170,Dimatis,0,1,0,0
60_40,60,N1-c-M1,40,1,poets,Valid Filler,Datisi,1,1,All poets are writers ,Some poets are teachers,Some teachers are writers,NA,2783,Datisi,1,1,0,0
60_41,60,N1-c-M1,41,0,cabinet,Homonymy,Datisi,1,1,All cabinets are political appointments,Some cabinets are shelving units,Some shelving units are political appointments,NA,5169,Datisi,0,1,0,0
60_42,60,N1-c-M1,42,0,sausages,Invalid Filler,Datisi*,1,1,All chili dogs are sausages,Some sausages are salamis,Some salamis are chili dogs,NA,2989,Datisi,0,1,0,0
60_43,60,N1-c-M1,43,1,ponies,Valid Filler,Datisi,1,1,All ponies neigh,Some ponies are thoroughbreds,Some thoroughbreds neigh,NA,3701,Datisi,1,1,0,0
60_44,60,N1-c-M1,44,0,peppers,Invalid Filler,Dimatis*,1,1,Some yellow vegetables are peppers ,All jalapenos are peppers,Some jalapenos are yellow vegetables,NA,6650,Dimatis,0,1,0,0
60_45,60,N1-c-M1,45,0,suit,Homonymy,Disamis,1,1,Some suits have multiple defendants,All suits are dress attire,Some dress attire has multiple defendants,NA,3503,Disamis,0,1,0,0
60_46,60,N1-c-M1,46,1,statues,Valid Filler,Datisi,1,1,All statues are sculptures,Some statues are bronzes,Some bronzes are sculptures,NA,2764,Datisi,1,1,0,0
60_47,60,N1-c-M1,47,0,antiques,Invalid Filler,Darii*,1,1,All medieval manuscripts are antiques ,Some pieces of jewelry are antiques ,Some pieces of jewelry are medieval manuscripts,NA,6948,Darii,0,1,0,0
60_48,60,N1-c-M1,48,0,shapes,Invalid Filler,Disamis*,1,1,Some shapes are triangles,All squares are shapes,Some squares are triangles,NA,2610,Disamis,0,1,0,0
60_49,60,N1-c-M1,49,1,doughnuts,Valid Filler,Darii,1,1,All doughnuts are sugary ,Some pastries are doughnuts ,Some pastries are sugary,NA,2905,Darii,1,1,0,0
60_50,60,N1-c-M1,50,0,colors,Invalid Filler,Disamis*,1,1,Some colors are primary ,All shades of purple are colors ,Some shades of purple are primary,NA,3804,Disamis,0,1,0,0
60_51,60,N1-c-M1,51,1,widows,Valid Filler,Dimatis,1,1,Some parents are widows ,All widows are women,Some women are parents,NA,3464,Dimatis,1,1,0,0
60_52,60,N1-c-M1,52,0,book,Polysemy,Dimatis,1,1,Some doorstops are books,All books are pieces of intellectual property,Some pieces of intellectual property are doorstops,NA,2737,Dimatis,0,1,0,0
60_53,60,N1-c-M1,53,0,magazines,Polysemy,Disamis,1,1,Some magazines are coffee-stained,All magazines are subscriptions,Some subscriptions are coffee-stained,NA,3727,Disamis,0,1,0,0
60_54,60,N1-c-M1,54,0,toilets,Invalid Filler,Disamis*,1,1,Some toilets are coed,All urinals are toilets,Some urinals are coed,NA,3785,Disamis,0,1,0,0
60_55,60,N1-c-M1,55,0,dances,Invalid Filler,Darii*,1,1,All ballets are dances ,Some mating rituals are dances ,Some mating rituals are ballets,NA,3609,Darii,0,1,0,0
60_56,60,N1-c-M1,56,0,ring,Homonymy,Darii,1,1,All rings are sounds,Some accessories are rings,Some accessories are sounds,NA,3610,Darii,0,1,0,0
61_1,61,N1-c-M1,1,0,rock,Homonymy,Darii,2,1,All rock has guitars,Some marble is rock,Some marble has guitars,NA,8048,Darii,0,1,0,0
61_2,61,N1-c-M1,2,1,trucks,Valid Filler,Datisi,2,1,All trucks are vehicles,Some trucks are big rigs,Some big rigs are vehicles,NA,4783,Datisi,1,1,0,0
61_3,61,N1-c-M1,3,0,star,Homonymy,Darii,2,1,All stars have autographs,Some red dwarfs are stars,Some red dwarfs have autographs,NA,8403,Darii,0,1,0,0
61_4,61,N1-c-M1,4,0,injuries,Invalid Filler,Datisi*,2,1,All broken bones are injuries,Some injuries are sunburns,Some sunburns are broken bones,NA,4587,Datisi,0,1,0,0
61_5,61,N1-c-M1,5,1,peppers,Invalid Filler,Datisi*,2,1,All jalapenos are peppers,Some peppers are yellow vegetables ,Some yellow vegetables are jalapenos,NA,11922,Datisi,0,0,0,0
61_6,61,N1-c-M1,6,1,grapes,Valid Filler,Dimatis,2,1,Some snacks are grapes,All grapes are fruits ,Some fruits are snacks,NA,3997,Dimatis,1,1,0,0
61_7,61,N1-c-M1,7,1,spices,Invalid Filler,Datisi*,2,1,All mustard seeds are spices ,Some spices are dried roots ,Some dried roots are mustard seeds,NA,6340,Datisi,0,0,0,0
61_8,61,N1-c-M1,8,0,city,Polysemy,Darii,2,1,All cities are bureaucracies,Some graffitied places are cities,Some graffitied places are bureaucracies,NA,7726,Darii,0,1,0,0
61_9,61,N1-c-M1,9,0,sausages,Invalid Filler,Darii*,2,1,All chili dogs are sausages,Some pizza toppings are sausages,Some pizza toppings are chili dogs,NA,14432,Darii,0,1,0,0
61_10,61,N1-c-M1,10,0,lunch,Polysemy,Datisi,2,1,All lunches are breaks,Some lunches are soups,Some soups are breaks,NA,9783,Datisi,0,1,0,0
61_11,61,N1-c-M1,11,0,ring,Homonymy,Disamis,2,1,Some rings are made of gold,All rings are sounds,Some sounds are made of gold,NA,4848,Disamis,0,1,0,0
61_12,61,N1-c-M1,12,1,doughnuts,Valid Filler,Disamis,2,1,Some doughnuts are glazed,All doughnuts are sugary foods,Some sugary foods are glazed,NA,3933,Disamis,1,1,0,0
61_13,61,N1-c-M1,13,0,board,Homonymy,Datisi,2,1,All boards are wooden planks,Some boards are governing organizations,Some governing organizations are wooden planks,NA,5056,Datisi,0,1,0,0
61_14,61,N1-c-M1,14,0,college,Polysemy,Disamis,2,1,Some colleges have chancellors,All colleges are groups of buildings,Some groups of buildings have chancellors,NA,7395,Disamis,0,1,0,0
61_15,61,N1-c-M1,15,0,toilets,Invalid Filler,Dimatis*,2,1,Some seats are toilets ,All urinals are toilets,Some urinals are seats,NA,5971,Dimatis,0,1,0,0
61_16,61,N1-c-M1,16,0,company,Polysemy,Datisi,2,1,All companies are buildings,Some companies are hierarchies,Some hierarchies are buildings,NA,6324,Datisi,0,1,0,0
61_17,61,N1-c-M1,17,1,ponies,Valid Filler,Darii,2,1,All ponies neigh,Some thoroughbreds are ponies,Some thoroughbreds neigh,NA,5356,Darii,1,1,0,0
61_18,61,N1-c-M1,18,0,match,Homonymy,Dimatis,2,1,Some pay-per-view broadcasts are matches,All matches are fire starters,Some fire starters are pay-per-view broadcasts,NA,10873,Dimatis,0,1,0,0
61_19,61,N1-c-M1,19,1,rifles,Valid Filler,Dimatis,2,1,Some safety hazards are rifles,All rifles are guns,Some guns are safety hazards,NA,4275,Dimatis,1,1,0,0
61_20,61,N1-c-M1,20,1,letter,Polysemy,Darii,2,1,All letters have stamps,Some rejections are letters,Some rejections have stamps,NA,7145,Darii,0,0,0,0
61_21,61,N1-c-M1,21,0,funerals,Invalid Filler,Darii*,2,1,All anonymous burials are funerals,Some family gatherings are funerals,Some family gatherings are anonymous burials,NA,9251,Darii,0,1,0,0
61_22,61,N1-c-M1,22,1,dolls,Valid Filler,Disamis,2,1,Some dolls are toys,All dolls are man made objects,Some man made objects are toys,NA,4487,Disamis,1,1,0,0
61_23,61,N1-c-M1,23,0,school,Polysemy,Dimatis,2,1,Some rectangular buildings are schools,All schools are employers,Some employers are rectangular buildings,NA,10459,Dimatis,0,1,0,0
61_24,61,N1-c-M1,24,1,statues,Valid Filler,Darii,2,1,All statues are sculptures,Some artworks are statues,Some artworks are sculptures,NA,4040,Darii,1,1,0,0
61_25,61,N1-c-M1,25,0,wave,Homonymy,Datisi,2,1,All waves are water,Some waves are gestures,Some gestures are water,NA,5963,Datisi,0,1,0,0
61_26,61,N1-c-M1,26,1,colors,Invalid Filler,Dimatis*,2,1,Some pastels are colors,All shade of neon green are colors ,Some shades of neon green are pastels,NA,4189,Dimatis,0,0,0,0
61_27,61,N1-c-M1,27,1,book,Polysemy,Datisi,2,1,All books are printed,Some books are romances,Some romances are printed,NA,7261,Datisi,0,0,0,0
61_28,61,N1-c-M1,28,1,clowns,Valid Filler,Disamis,2,1,Some clowns are mimes,All clowns are entertainers,Some entertainers are mimes,NA,4674,Disamis,1,1,0,0
61_29,61,N1-c-M1,29,1,picnic,Polysemy,Darii,2,1,All picnics happen in nature,Some salads are picnics,Some salads happen in nature,NA,7242,Darii,0,0,0,0
61_30,61,N1-c-M1,30,0,suit,Homonymy,Dimatis,2,1,Some court proceedings are suits,All suits are formal outfits,Some formal outfits are court proceedings,NA,5900,Dimatis,0,1,0,0
61_31,61,N1-c-M1,31,1,swords,Valid Filler,Dimatis,2,1,Some sharp things are swords,All swords are weapons,Some weapons are sharp things,NA,3672,Dimatis,1,1,0,0
61_32,61,N1-c-M1,32,0,steaks,Invalid Filler,Dimatis*,2,1,Some delicious entrées are steaks,All rotten ribeyes are steaks,Some rotten ribeyes are delicious entrées,NA,6760,Dimatis,0,1,0,0
61_33,61,N1-c-M1,33,1,singers,Valid Filler,Disamis,2,1,Some singers are guitarists,All singers are vocalists,Some vocalists are guitarists,NA,6297,Disamis,1,1,0,0
61_34,61,N1-c-M1,34,1,dresses,Invalid Filler,Disamis*,2,1,Some dresses are cocktail outfits,All ball gowns are dresses ,Some ball gowns are cocktail outfits,NA,6987,Disamis,0,0,0,0
61_35,61,N1-c-M1,35,0,change,Homonymy,Disamis,2,1,Some change is transformation,All change is money,Some money is transformation,NA,4803,Disamis,0,1,0,0
61_36,61,N1-c-M1,36,0,ruler,Homonymy,Dimatis,2,1,Some queens are rulers,All rulers are standard lengths,Some standard lengths are queens,NA,4174,Dimatis,0,1,0,0
61_37,61,N1-c-M1,37,0,breakfast,Polysemy,Disamis,2,1,Some breakfasts are under an hour,All breakfasts are nutrients,Some nutrients are under an hour,NA,6112,Disamis,0,1,0,0
61_38,61,N1-c-M1,38,1,poets,Valid Filler,Darii,2,1,All poets are writers ,Some teachers are poets,Some teachers are writers,NA,3519,Darii,1,1,0,0
61_39,61,N1-c-M1,39,0,dinner,Polysemy,Dimatis,2,1,Some black tie events are dinners,All dinners are foods,Some foods are black tie events,NA,6046,Dimatis,0,1,0,0
61_40,61,N1-c-M1,40,1,liars,Valid Filler,Datisi,2,1,All liars are humans,Some liars are criminals,Some criminals are humans,NA,5437,Datisi,1,1,0,0
61_41,61,N1-c-M1,41,0,ball,Homonymy,Datisi,2,1,All balls are toys,Some balls are senior proms,Some senior proms are toys,NA,4925,Datisi,0,1,0,0
61_42,61,N1-c-M1,42,0,thieves,Invalid Filler,Datisi*,2,1,All mob bosses are thieves,Some thieves are children,Some children are mob bosses,NA,5489,Datisi,0,1,0,0
61_43,61,N1-c-M1,43,1,widows,Valid Filler,Datisi,2,1,All widows are women,Some widows are parents,Some parents are women,NA,4266,Datisi,1,1,0,0
61_44,61,N1-c-M1,44,0,shapes,Invalid Filler,Dimatis*,2,1,Some road signs are shapes,All cylinders are shapes,Some cylinders are road signs,NA,6120,Dimatis,0,1,0,0
61_45,61,N1-c-M1,45,0,bat,Homonymy,Disamis,2,1,Some bats are made for softball,All bats are animals,Some animals are made for softball,NA,4717,Disamis,0,1,0,0
61_46,61,N1-c-M1,46,0,suitcases,Valid Filler,Datisi,2,1,All suitcases are pieces of luggage,Some suitcases are bags,Some bags are pieces of luggage,NA,9742,Datisi,1,0,0,0
61_47,61,N1-c-M1,47,0,actors,Invalid Filler,Darii*,2,1,All male leads are actors,Some women are actors,Some women are male leads,NA,6819,Darii,0,1,0,0
61_48,61,N1-c-M1,48,0,dances,Invalid Filler,Disamis*,2,1,Some dances are mating rituals ,All ballets are dances,Some ballets are mating rituals ,NA,4417,Disamis,0,1,0,0
61_49,61,N1-c-M1,49,1,mugs,Valid Filler,Darii,2,1,All mugs are cups ,Some ceramics are mugs,Some ceramics are cups ,NA,3629,Darii,1,1,0,0
61_50,61,N1-c-M1,50,0,antiques,Invalid Filler,Disamis*,2,1,Some antiques are pieces of jewelry,All medieval manuscripts are antiques ,Some medieval manuscripts are pieces of jewelry,NA,6457,Disamis,0,1,0,0
61_51,61,N1-c-M1,51,1,burgers,Valid Filler,Dimatis,2,1,Some entrées are burgers,All burgers are sandwiches,Some sandwiches are entrées,NA,4850,Dimatis,1,1,0,0
61_52,61,N1-c-M1,52,0,magazines,Polysemy,Dimatis,2,1,Some recyclables are magazines,All magazines are subscriptions,Some subscriptions are recyclables,NA,4293,Dimatis,0,1,0,0
61_53,61,N1-c-M1,53,0,novel,Polysemy,Disamis,2,1,Some novels weigh over a pound,All novels are stories,Some stories weigh over a pound,NA,7381,Disamis,0,1,0,0
61_54,61,N1-c-M1,54,0,mothers,Invalid Filler,Disamis*,2,1,Some mothers are teens,All grandmas are mothers,Some grandmas are teens,NA,4380,Disamis,0,1,0,0
61_55,61,N1-c-M1,55,0,stones,Invalid Filler,Darii*,2,1,All boulders are stones,Some paperweights are stones,Some paperweights are boulders,NA,7122,Darii,0,1,0,0
61_56,61,N1-c-M1,56,0,cabinet,Homonymy,Darii,2,1,All cabinets are political appointments,Some shelving units are cabinets,Some shelving units are political appointments,NA,4808,Darii,0,1,0,0
62_1,62,N1-c-M1,1,0,magazines,Polysemy,Disamis,1,2,Some magazines are coffee-stained,All magazines are subscriptions,Some subscriptions are coffee-stained,NA,6881,Disamis,0,1,0,0
62_2,62,N1-c-M1,2,0,sausages,Invalid Filler,Datisi*,1,2,All chili dogs are sausages,Some sausages are salamis,Some salamis are chili dogs,NA,6898,Datisi,0,1,0,0
62_3,62,N1-c-M1,3,0,spices,Invalid Filler,Dimatis*,1,2,Some dried roots are spices ,All mustard seeds are spices ,Some mustard seeds are dried roots,NA,5144,Dimatis,0,1,0,0
62_4,62,N1-c-M1,4,0,shapes,Invalid Filler,Disamis*,1,2,Some shapes are triangles,All squares are shapes,Some squares are triangles,NA,4130,Disamis,0,1,0,0
62_5,62,N1-c-M1,5,0,ruler,Homonymy,Disamis,1,2,Some rulers are kings,All rulers are standard lengths,Some standard lengths are kings,NA,8816,Disamis,0,1,0,0
62_6,62,N1-c-M1,6,0,toilets,Invalid Filler,Disamis*,1,2,Some toilets are coed,All urinals are toilets,Some urinals are coed,NA,5955,Disamis,0,1,0,0
62_7,62,N1-c-M1,7,1,statues,Valid Filler,Datisi,1,2,All statues are sculptures,Some statues are bronzes,Some bronzes are sculptures,NA,5319,Datisi,1,1,0,0
62_8,62,N1-c-M1,8,0,peppers,Invalid Filler,Dimatis*,1,2,Some yellow vegetables are peppers ,All jalapenos are peppers,Some jalapenos are yellow vegetables,NA,4544,Dimatis,0,1,0,0
62_9,62,N1-c-M1,9,0,breakfast,Polysemy,Darii,1,2,All breakfasts are under three hours,Some smoothies are breakfasts,Some smoothies are under three hours,NA,5810,Darii,0,1,0,0
62_10,62,N1-c-M1,10,0,picnic,Polysemy,Datisi,1,2,All picnics happen in nature,Some picnics are salads,Some salads happen in nature,NA,3683,Datisi,0,1,0,0
62_11,62,N1-c-M1,11,0,suit,Homonymy,Disamis,1,2,Some suits have multiple defendants,All suits are dress attire,Some dress attire has multiple defendants,NA,7997,Disamis,0,1,0,0
62_12,62,N1-c-M1,12,0,ball,Homonymy,Dimatis,1,2,Some parties are balls,All balls are toys,Some toys are parties,NA,3386,Dimatis,0,1,0,0
62_13,62,N1-c-M1,13,1,college,Polysemy,Darii,1,2,All colleges grant degrees,Some historic buildings are colleges,Some historic buildings grant degrees,NA,6419,Darii,0,0,0,0
62_14,62,N1-c-M1,14,0,dinner,Polysemy,Disamis,1,2,Some dinners are black tie,All dinners are foods,Some foods are black tie,NA,4996,Disamis,0,1,0,0
62_15,62,N1-c-M1,15,1,liars,Valid Filler,Dimatis,1,2,Some criminals are liars ,All liars are humans,Some humans are criminals ,NA,9407,Dimatis,1,1,0,0
62_16,62,N1-c-M1,16,1,poets,Valid Filler,Datisi,1,2,All poets are writers ,Some poets are teachers,Some teachers are writers,NA,4694,Datisi,1,1,0,0
62_17,62,N1-c-M1,17,0,rock,Homonymy,Datisi,1,2,All rock has guitars,Some rock is marble,Some marble has guitars,NA,4317,Datisi,0,1,0,0
62_18,62,N1-c-M1,18,1,ring,Homonymy,Darii,1,2,All rings are sounds,Some accessories are rings,Some accessories are sounds,NA,7034,Darii,0,0,0,0
62_19,62,N1-c-M1,19,0,match,Homonymy,Disamis,1,2,Some matches are pay-per-view,All matches are fire starters,Some fire starters are pay-per-view,NA,6402,Disamis,0,1,0,0
62_20,62,N1-c-M1,20,0,swords,Valid Filler,Disamis,1,2,Some swords are decorative,All swords are weapons ,Some weapons are decorative ,NA,4446,Disamis,1,0,0,0
62_21,62,N1-c-M1,21,0,thieves,Invalid Filler,Dimatis*,1,2,Some children are thieves,All mob bosses are thieves,Some mob bosses are children,NA,4210,Dimatis,0,1,0,0
62_22,62,N1-c-M1,22,0,lunch,Polysemy,Dimatis,1,2,Some breaks are lunches,All lunches are foods,Some foods are breaks,NA,5459,Dimatis,0,1,0,0
62_23,62,N1-c-M1,23,1,mugs,Valid Filler,Datisi,1,2,All mugs are cups ,Some mugs are ceramics,Some ceramics are cups ,NA,4155,Datisi,1,1,0,0
62_24,62,N1-c-M1,24,1,rifles,Valid Filler,Disamis,1,2,Some rifles are for hunting,All rifles are guns ,Some guns are for hunting,NA,4910,Disamis,1,1,0,0
62_25,62,N1-c-M1,25,0,mothers,Invalid Filler,Darii*,1,2,All grandmothers are mothers,Some teens are mothers,Some teens are grandmothers,NA,10321,Darii,0,1,0,0
62_26,62,N1-c-M1,26,0,school,Polysemy,Disamis,1,2,Some schools are rectangular,All schools are employers,Some employers are rectangular,NA,3917,Disamis,0,1,0,0
62_27,62,N1-c-M1,27,0,book,Polysemy,Dimatis,1,2,Some doorstops are books,All books are pieces of intellectual property,Some pieces of intellectual property are doorstops,NA,5843,Dimatis,0,1,0,0
62_28,62,N1-c-M1,28,1,grapes,Valid Filler,Disamis,1,2,Some grapes are red ,All grapes are fruits ,Some fruits are red ,NA,3963,Disamis,1,1,0,0
62_29,62,N1-c-M1,29,0,star,Homonymy,Datisi,1,2,All stars have autographs,Some stars are red dwarfs,Some red dwarfs have autographs,NA,6657,Datisi,0,1,0,0
62_30,62,N1-c-M1,30,0,actors,Invalid Filler,Datisi*,1,2,All male leads are actors,Some actors are women,Some women are male leads,NA,7128,Datisi,0,1,0,0
62_31,62,N1-c-M1,31,1,widows,Valid Filler,Dimatis,1,2,Some parents are widows ,All widows are women,Some women are parents,NA,3322,Dimatis,1,1,0,0
62_32,62,N1-c-M1,32,0,injuries,Invalid Filler,Dimatis*,1,2,Some sunburns are injuries,All broken bones are injuries,Some broken bones are sunburns,NA,7883,Dimatis,0,1,0,0
62_33,62,N1-c-M1,33,1,dolls,Valid Filler,Darii,1,2,All dolls are man made,Some toys are dolls ,Some toys are man made,NA,15770,Darii,1,1,0,0
62_34,62,N1-c-M1,34,0,dances,Invalid Filler,Darii*,1,2,All ballets are dances ,Some mating rituals are dances ,Some mating rituals are ballets,NA,4340,Darii,0,1,0,0
62_35,62,N1-c-M1,35,1,singers,Valid Filler,Darii,1,2,All singers are vocalists ,Some guitarists are singers,Some guitarists are vocalists,NA,7570,Darii,1,1,0,0
62_36,62,N1-c-M1,36,0,burgers,Valid Filler,Disamis,1,2,Some burgers are overcooked ,All burgers are sandwiches,Some sandwiches are overcooked ,NA,44977,Disamis,1,0,0,0
62_37,62,N1-c-M1,37,0,Wave,Homonymy,Dimatis,1,2,Some gestures are waves,All waves are liquids,Some liquids are gestures,NA,4122,Dimatis,0,1,0,0
62_38,62,N1-c-M1,38,0,dresses,Invalid Filler,Darii*,1,2,All ball gowns are dresses ,Some cocktail outfits are dresses,Some cocktail outfits are ball gowns,NA,4137,Darii,0,1,0,0
62_39,62,N1-c-M1,39,1,doughnuts,Valid Filler,Darii,1,2,All doughnuts are sugary ,Some pastries are doughnuts ,Some pastries are sugary,NA,4789,Darii,1,1,0,0
62_40,62,N1-c-M1,40,1,trucks,Valid Filler,Dimatis,1,2,Some cars are trucks ,All trucks are vehicles,Some vehicles are cars ,NA,3508,Dimatis,1,1,0,0
62_41,62,N1-c-M1,41,0,novel,Polysemy,Darii,1,2,All novels are flammable,Some debuts are novels,Some debuts are flammable,NA,4202,Darii,0,1,0,0
62_42,62,N1-c-M1,42,1,clowns,Valid Filler,Darii,1,2,All clowns can juggle ,Some circus performers are clowns ,Some circus performers can juggle,NA,4821,Darii,1,1,0,0
62_43,62,N1-c-M1,43,0,board,Homonymy,Dimatis,1,2,Some governing organizations are boards,All boards are wooden planks,Some wooden planks are governing organizations,NA,5601,Dimatis,0,1,0,0
62_44,62,N1-c-M1,44,0,cabinet,Homonymy,Datisi,1,2,All cabinets are political appointments,Some cabinets are shelving units,Some shelving units are political appointments,NA,5451,Datisi,0,1,0,0
62_45,62,N1-c-M1,45,0,antiques,Invalid Filler,Darii*,1,2,All medieval manuscripts are antiques ,Some pieces of jewelry are antiques ,Some pieces of jewelry are medieval manuscripts,NA,3996,Darii,0,1,0,0
62_46,62,N1-c-M1,46,0,letter,Polysemy,Datisi,1,2,All letters have stamps,Some letters are rejections,Some rejections have stamps,NA,6121,Datisi,0,1,0,0
62_47,62,N1-c-M1,47,1,ponies,Valid Filler,Datisi,1,2,All ponies neigh,Some ponies are thoroughbreds,Some thoroughbreds neigh,NA,6924,Datisi,1,1,0,0
62_48,62,N1-c-M1,48,0,company,Polysemy,Dimatis,1,2,Some storefronts are companies,All companies are hierarchies,Some hierarchies are storefronts,NA,5346,Dimatis,0,1,0,0
62_49,62,N1-c-M1,49,0,bat,Homonymy,Darii,1,2,All bats share a common ancestor,Some sporting goods are bats,Some sporting goods share a common ancestor,NA,5297,Darii,0,1,0,0
62_50,62,N1-c-M1,50,0,funerals,Invalid Filler,Datisi*,1,2,All open-casket services are funerals,Some funerals are anonymous burials,Some anonymous burials are open-casket services,NA,6295,Datisi,0,1,0,0
62_51,62,N1-c-M1,51,0,stones,Invalid Filler,Datisi*,1,2,All pebbles are stones,Some stones are boulders,Some boulders are pebbles,NA,3909,Datisi,0,1,0,0
62_52,62,N1-c-M1,52,1,suitcases,Valid Filler,Dimatis,1,2,Some bags are suitcases,All suitcases are pieces of luggage,Some pieces of luggage are bags,NA,3932,Dimatis,1,1,0,0
62_53,62,N1-c-M1,53,1,change,Homonymy,Darii,1,2,All change is money,Some surprises are change,Some surprises are money,NA,3993,Darii,0,0,0,0
62_54,62,N1-c-M1,54,0,steaks,Invalid Filler,Disamis*,1,2,Some steaks are filet mignons,All ribeyes are steaks,Some ribeyes are filet mignons,NA,4548,Disamis,0,1,0,0
62_55,62,N1-c-M1,55,0,colors,Invalid Filler,Disamis*,1,2,Some colors are primary ,All shades of purple are colors ,Some shades of purple are primary,NA,4658,Disamis,0,1,0,0
62_56,62,N1-c-M1,56,0,city,Polysemy,Datisi,1,2,All cities are bureaucracies,Some cities are graffitied places,Some graffitied places are bureaucracies,NA,8042,Datisi,0,1,0,0
63_1,63,N1-c-M1,1,0,suit,Homonymy,Darii,4,1,All suits are dress attire,Some court proceedings are suits,Some court proceedings are dress attire,NA,14916,Darii,0,1,1,1
63_2,63,N1-c-M1,2,0,doughnuts,Valid Filler,Datisi,4,1,All doughnuts are sugary ,Some doughnuts are treats,Some treats are sugary,NA,7949,Datisi,1,0,1,1
63_3,63,N1-c-M1,3,0,match,Homonymy,Darii,4,1,All matches are combustible,Some pay-per-view broadcasts are matches,Some pay-per-view broadcasts are combustible,NA,40283,Darii,0,1,1,1
63_4,63,N1-c-M1,4,0,antiques,Invalid Filler,Datisi*,4,1,All medieval manuscripts are antiques ,Some antiques are pieces of jewelry,Some pieces of jewelry are medieval manuscripts,NA,6254,Datisi,0,1,1,1
63_5,63,N1-c-M1,5,1,dances,Invalid Filler,Datisi*,4,1,All ballets are dances ,Some dances are mating rituals,Some mating rituals are ballets ,NA,53505,Datisi,0,0,1,1
63_6,63,N1-c-M1,6,1,poets,Valid Filler,Dimatis,4,1,Some teachers are poets,All poets are writers ,Some writers are teachers,NA,3303,Dimatis,1,1,1,1
63_7,63,N1-c-M1,7,0,dresses,Invalid Filler,Datisi*,4,1,All ball gowns are dresses ,Some dresses are cocktail outfits,Some cocktail outfits are ball gowns,NA,50875,Datisi,0,1,1,1
63_8,63,N1-c-M1,8,1,school,Polysemy,Darii,4,1,All schools have classrooms,Some employers are schools,Some employers have classrooms,NA,30386,Darii,0,0,1,1
63_9,63,N1-c-M1,9,0,toilets,Invalid Filler,Darii*,4,1,All urinals are toilets,Some seats are toilets,Some seats are urinals,NA,26226,Darii,0,1,1,1
63_10,63,N1-c-M1,10,1,breakfast,Polysemy,Datisi,4,1,All breakfasts are under three hours,Some breakfasts are smoothies,Some smoothies are under three hours,NA,40863,Datisi,0,0,1,1
63_11,63,N1-c-M1,11,1,ball,Homonymy,Disamis,4,1,Some balls are senior proms,All balls are toys,Some toys are senior proms,NA,5443,Disamis,0,0,1,1
63_12,63,N1-c-M1,12,1,trucks,Valid Filler,Disamis,4,1,Some trucks are big rigs,All trucks are vehicles,Some vehicles are big rigs,NA,37756,Disamis,1,1,1,1
63_13,63,N1-c-M1,13,1,bat,Homonymy,Datisi,4,1,All bats are animals,Some bats are sporting goods,Some sporting goods are animals,NA,30394,Datisi,0,0,1,1
63_14,63,N1-c-M1,14,1,company,Polysemy,Disamis,4,1,Some companies are in city centers,All companies are hierarchies,Some hierarchies are in city centers,NA,5227,Disamis,0,0,1,1
63_15,63,N1-c-M1,15,1,sausages,Invalid Filler,Dimatis*,4,1,Some pizza toppings are sausages,All chili dogs are sausages,Some chili dogs are pizza toppings,NA,4330,Dimatis,0,0,1,1
63_16,63,N1-c-M1,16,1,college,Polysemy,Datisi,4,1,All colleges grant degrees,Some colleges are historic buildings,Some historic buildings grant degrees,NA,4171,Datisi,0,0,1,1
63_17,63,N1-c-M1,17,1,burgers,Valid Filler,Darii,4,1,All burgers have protein,Some entrées are burgers,Some entrées have protein,NA,35246,Darii,1,1,1,1
63_18,63,N1-c-M1,18,1,star,Homonymy,Dimatis,4,1,Some celestial objects are stars,All stars are famous people,Some famous people are celestial objects,NA,4582,Dimatis,0,0,1,1
63_19,63,N1-c-M1,19,1,statues,Valid Filler,Dimatis,4,1,Some bronzes are statues,All statues are sculptures,Some sculptures are bronzes,NA,2949,Dimatis,1,1,1,1
63_20,63,N1-c-M1,20,1,magazines,Polysemy,Darii,4,1,All magazines are recyclable,Some media corporations are magazines,Some media corporations are recyclable,NA,5420,Darii,0,0,1,1
63_21,63,N1-c-M1,21,1,steaks,Invalid Filler,Darii*,4,1,All rotten ribeyes are steaks,Some delicious meals are steaks,Some delicoius meals are rotten ribeyes,NA,46129,Darii,0,0,1,1
63_22,63,N1-c-M1,22,1,liars,Valid Filler,Disamis,4,1,Some liars are criminals,All liars are humans,Some humans are criminals ,NA,1360,Disamis,1,1,1,1
63_23,63,N1-c-M1,23,1,city,Polysemy,Dimatis,4,1,Some bureaucracies are cities,All cities are graffitied places,Some graffitied places are bureaucracies,NA,1161,Dimatis,0,0,1,1
63_24,63,N1-c-M1,24,1,rifles,Valid Filler,Darii,4,1,All rifles are guns,Some safety hazards are rifles,Some safety hazards are guns,NA,1116,Darii,1,1,1,1
63_25,63,N1-c-M1,25,1,change,Homonymy,Datisi,4,1,All change is money,Some change is transformation,Some transformation is money,NA,1170,Datisi,0,0,1,1
63_26,63,N1-c-M1,26,1,actors,Invalid Filler,Dimatis*,4,1,Some women are actors,All male leads are actors,Some male leads are women,NA,1119,Dimatis,0,0,1,1
63_27,63,N1-c-M1,27,1,novel,Polysemy,Datisi,4,1,All novels are flammable,Some novels are debuts,Some debuts are flammable,NA,1089,Datisi,0,0,1,1
63_28,63,N1-c-M1,28,1,suitcases,Valid Filler,Disamis,4,1,Some suitcases are bags,All suitcases are pieces of luggage,Some pieces of luggage are bags,NA,1118,Disamis,1,1,1,1
63_29,63,N1-c-M1,29,1,dinner,Polysemy,Darii,4,1,All dinners happen after four o'clock,Some lasagnas are dinners,Some lasagnas happen after four o'clock,NA,5051,Darii,0,0,1,1
63_30,63,N1-c-M1,30,1,rock,Homonymy,Dimatis,4,1,Some marble is rock,All rock is music,Some music is marble,NA,1036,Dimatis,0,0,1,1
63_31,63,N1-c-M1,31,1,mugs,Valid Filler,Dimatis,4,1,Some ceramics are mugs,All mugs are cups ,Some cups are ceramics,NA,966,Dimatis,1,1,1,1
63_32,63,N1-c-M1,32,1,funerals,Invalid Filler,Dimatis*,4,1,Some family gatherings are funerals,All anonymous burials are funerals,Some anonymous burials are family gatherings,NA,7003,Dimatis,0,0,1,1
63_33,63,N1-c-M1,33,1,widows,Valid Filler,Disamis,4,1,Some widows are parents,All widows are women,Some women are parents,NA,2751,Disamis,1,1,1,1
63_34,63,N1-c-M1,34,1,spices,Invalid Filler,Disamis*,4,1,Some spices are dried roots,All mustard seeds are spices ,Some mustard seeds are dried roots,NA,3114,Disamis,0,0,1,1
63_35,63,N1-c-M1,35,1,Wave,Homonymy,Disamis,4,1,Some waves are gestures,All waves are liquids,Some liquids are gestures,NA,4436,Disamis,0,0,1,1
63_36,63,N1-c-M1,36,1,cabinet,Homonymy,Dimatis,4,1,Some shelving units are cabinets,All cabinets are political appointments,Some political appointments are shelving units,NA,4392,Dimatis,0,0,1,1
63_37,63,N1-c-M1,37,1,lunch,Polysemy,Disamis,4,1,Some lunches are breaks,All lunches are foods,Some foods are breaks,NA,2452,Disamis,0,0,1,1
63_38,63,N1-c-M1,38,0,grapes,Valid Filler,Darii,4,1,All grapes are fruits ,Some snacks are grapes,Some snacks are fruits,NA,22158,Darii,1,0,1,1
63_39,63,N1-c-M1,39,1,picnic,Polysemy,Dimatis,4,1,Some summertime activities are picnics,All picnics are prepared foods,Some prepared foods are summertime activities,NA,8929,Dimatis,0,0,1,1
63_40,63,N1-c-M1,40,1,dolls,Valid Filler,Datisi,4,1,All dolls are man made,Some dolls are toys,Some toys are man made,NA,3221,Datisi,1,1,1,1
63_41,63,N1-c-M1,41,0,ring,Homonymy,Datisi,4,1,All rings are sounds,Some rings are accessories,Some accessories are sounds,NA,6785,Datisi,0,1,1,1
63_42,63,N1-c-M1,42,1,mothers,Invalid Filler,Datisi*,4,1,All grandmas are mothers ,Some mothers are teens,Some teens are grandmas,NA,5733,Datisi,0,0,1,1
63_43,63,N1-c-M1,43,1,singers,Valid Filler,Datisi,4,1,All singers are performers,Some singers are men,Some men are performers,NA,2855,Datisi,1,1,1,1
63_44,63,N1-c-M1,44,1,stones,Invalid Filler,Dimatis*,4,1,Some paperweights are stones,All boulders are stones,Some boulders are paperweights,NA,4745,Dimatis,0,0,1,1
63_45,63,N1-c-M1,45,0,board,Homonymy,Disamis,4,1,Some boards are governing organizations,All boards are wooden planks,Some wooden planks are governing organizations,NA,4321,Disamis,0,1,1,1
63_46,63,N1-c-M1,46,1,clowns,Valid Filler,Datisi,4,1,All clowns are entertainers,Some clowns are mimes,Some mimes are entertainers,NA,3453,Datisi,1,1,1,1
63_47,63,N1-c-M1,47,1,colors,Invalid Filler,Darii*,4,1,Some pastels are colors,All shades of neon green are colors ,Some shades of neon green are pastels,NA,4806,Darii,0,0,1,1
63_48,63,N1-c-M1,48,1,peppers,Invalid Filler,Disamis*,4,1,Some peppers are yellow vegetables ,All jalapenos are peppers,Some jalapenos are yellow vegetables,NA,6964,Disamis,0,0,1,1
63_49,63,N1-c-M1,49,1,swords,Valid Filler,Darii,4,1,All swords are weapons,Some sharp objects are swords,Some sharp objects are weapons,NA,3350,Darii,1,1,1,1
63_50,63,N1-c-M1,50,1,injuries,Invalid Filler,Disamis*,4,1,Some injuries are sunburns,All broken bones are injuries,Some broken bones are sunburns,NA,3583,Disamis,0,0,1,1
63_51,63,N1-c-M1,51,1,ponies,Valid Filler,Dimatis,4,1,Some thoroughbreds are ponies,All ponies are neighing animals,Some neighing animals are thoroughbreds,NA,6056,Dimatis,1,1,1,1
63_52,63,N1-c-M1,52,1,letter,Polysemy,Dimatis,4,1,Some papers are letters,All letters are communications,Some communications are papers,NA,3958,Dimatis,0,0,1,1
63_53,63,N1-c-M1,53,1,book,Polysemy,Disamis,4,1,Some books are doorstops,All books are pieces of intellectual property,Some pieces of intellectual property are doorstops,NA,3998,Disamis,0,0,1,1
63_54,63,N1-c-M1,54,1,thieves,Invalid Filler,Disamis*,4,1,Some thieves are children,All mob bosses are thieves,Some mob bosses are children,NA,4679,Disamis,0,0,1,1
63_55,63,N1-c-M1,55,1,shapes,Invalid Filler,Darii*,4,1,All cylinders are shapes,Some road signs are shapes,Some road signs are cylinders,NA,6147,Darii,0,0,1,1
63_56,63,N1-c-M1,56,1,ruler,Homonymy,Darii,4,1,All rulers are standard lengths,Some queens are rulers,Some queens are standard lengths,NA,4153,Darii,0,0,1,1
64_1,64,N1-c-M1,1,0,board,Homonymy,Darii,3,1,All boards are wooden planks,Some governing organizations are boards,Some governing organizations are wooden planks,NA,4598,Darii,0,1,0,0
64_2,64,N1-c-M1,2,1,swords,Valid Filler,Datisi,3,1,All swords are weapons,Some swords are museum pieces,Some museum pieces are weapons,NA,3265,Datisi,1,1,0,0
64_3,64,N1-c-M1,3,0,Wave,Homonymy,Darii,3,1,All waves are water,Some gestures are waves,Some gestures are water,NA,3648,Darii,0,1,0,0
64_4,64,N1-c-M1,4,0,colors,Invalid Filler,Datisi*,3,1,All shades of neon green are colors ,Some colors are pastels,Some pastels are shades of neon green ,NA,4749,Datisi,0,1,0,0
64_5,64,N1-c-M1,5,0,shapes,Invalid Filler,Datisi*,3,1,All road signs are shapes,Some shapes are cylinders,Some cylinders are road signs,NA,4032,Datisi,0,1,0,0
64_6,64,N1-c-M1,6,1,dolls,Valid Filler,Dimatis,3,1,Some toys are dolls ,All dolls are man made objects,Some man made objects are toys,NA,8982,Dimatis,1,1,0,0
64_7,64,N1-c-M1,7,0,steaks,Invalid Filler,Datisi*,3,1,All rotten ribeyes are steaks,Some steaks are delicious meals,Some delicious meals are rotten ribeyes,NA,3499,Datisi,0,1,0,0
64_8,64,N1-c-M1,8,0,company,Polysemy,Darii,3,1,All companies are buildings,Some tech giants are companies,Some tech giants are buildings,NA,4332,Darii,0,1,0,0
64_9,64,N1-c-M1,9,0,thieves,Invalid Filler,Darii*,3,1,All mob bosses are thieves,Some children are thieves,Some children are mob bosses,NA,3049,Darii,0,1,0,0
64_10,64,N1-c-M1,10,1,dinner,Polysemy,Datisi,3,1,All dinners happen after four o'clock,Some dinners are meatloafs,Some meatloafs happen after four o'clock,NA,9048,Datisi,0,0,0,0
64_11,64,N1-c-M1,11,0,cabinet,Homonymy,Disamis,3,1,Some cabinets are antique furniture,All cabinets are political appointments,Some political appointments are antique furniture,NA,4549,Disamis,0,1,0,0
64_12,64,N1-c-M1,12,1,mugs,Valid Filler,Disamis,3,1,Some mugs are ceramics,All mugs are cups ,Some cups are ceramics,NA,2781,Disamis,1,1,0,0
64_13,64,N1-c-M1,13,0,suit,Homonymy,Datisi,3,1,All suits are dress attire,Some suits are court proceedings,Some court proceedings are dress attire,NA,6481,Datisi,0,1,0,0
64_14,64,N1-c-M1,14,0,city,Polysemy,Disamis,3,1,Some cities are corrupt,All cities are groups of buildings,Some groups of buildings are corrupt,NA,5266,Disamis,0,1,0,0
64_15,64,N1-c-M1,15,0,mothers,Invalid Filler,Dimatis*,3,1,Some teens are mothers,All grandmas are mothers ,Some grandmas are teens,NA,2798,Dimatis,0,1,0,0
64_16,64,N1-c-M1,16,0,school,Polysemy,Datisi,3,1,All schools have hallways,Some schools are employers,Some employers have hallways,NA,3115,Datisi,0,1,0,0
64_17,64,N1-c-M1,17,1,widows,Valid Filler,Darii,3,1,All widows are women,Some parents are widows ,Some parents are women,NA,3598,Darii,1,1,0,0
64_18,64,N1-c-M1,18,0,change,Homonymy,Dimatis,3,1,Some transformation is change,All change is money,Some money is transformation,NA,2951,Dimatis,0,1,0,0
64_19,64,N1-c-M1,19,1,clowns,Valid Filler,Dimatis,3,1,Some jugglers are clowns ,All clowns are performers,Some performers are jugglers,NA,3016,Dimatis,1,1,0,0
64_20,64,N1-c-M1,20,0,book,Polysemy,Darii,3,1,All books are bound,Some exposés are books,Some exposés are bound,NA,2832,Darii,0,1,0,0
64_21,64,N1-c-M1,21,0,spices,Invalid Filler,Darii*,3,1,All mustard seeds are spices,Some dried roots are spices ,Some dried roots are mustard seeds,NA,5964,Darii,0,1,0,0
64_22,64,N1-c-M1,22,1,poets,Valid Filler,Disamis,3,1,Some poets are teachers,All poets are writers ,Some writers are teachers,NA,2265,Disamis,1,1,0,0
64_23,64,N1-c-M1,23,1,college,Polysemy,Dimatis,3,1,Some funding sources are colleges,All colleges are places filled with desks,Some places filled with desks are funding sources,NA,7514,Dimatis,0,0,0,0
64_24,64,N1-c-M1,24,1,suitcases,Valid Filler,Darii,3,1,All suitcases are luggage,Some bags are suitcases,Some bags are luggage,NA,3616,Darii,1,1,0,0
64_25,64,N1-c-M1,25,0,match,Homonymy,Datisi,3,1,All matches are combustible,Some matches are pay-per-view broadcasts,Some pay-per-view broadcasts are combustible,NA,2999,Datisi,0,1,0,0
64_26,64,N1-c-M1,26,0,antiques,Invalid Filler,Dimatis*,3,1,Some pieces of jewelry are antiques,All medieval manuscripts are antiques  ,Some medieval manuscripts are pieces of jewelry,NA,3664,Dimatis,0,1,0,0
64_27,64,N1-c-M1,27,0,magazines,Polysemy,Datisi,3,1,All magazines are recyclable,Some magazines are media corporations ,Some media corporations are recyclable,NA,3451,Datisi,0,1,0,0
64_28,64,N1-c-M1,28,1,statues,Valid Filler,Disamis,3,1,Some statues are bronzes,All statues are sculptures,Some sculptures are bronzes,NA,2565,Disamis,1,1,0,0
64_29,64,N1-c-M1,29,0,lunch,Polysemy,Darii,3,1,All lunches are breaks,Some sandwiches are lunches,Some sandwiches are breaks ,NA,2199,Darii,0,1,0,0
64_30,64,N1-c-M1,30,0,bat,Homonymy,Dimatis,3,1,Some sporting goods are bats,All bats are animals,Some animals are sporting goods,NA,3015,Dimatis,0,1,0,0
64_31,64,N1-c-M1,31,1,doughnuts,Valid Filler,Dimatis,3,1,Some pastries are doughnuts ,All doughnuts are sugary foods,Some sugary foods are pastries,NA,2715,Dimatis,1,1,0,0
64_32,64,N1-c-M1,32,1,dresses,Invalid Filler,Dimatis*,3,1,Some cocktail outfits are dresses,All ball gowns are dresses ,Some ball gowns are cocktail outfits,NA,3266,Dimatis,0,0,0,0
64_33,64,N1-c-M1,33,1,ponies,Valid Filler,Disamis,3,1,Some ponies are thoroughbreds,All ponies are neighing animals,Some neighing animals are thoroughbreds,NA,2882,Disamis,1,1,0,0
64_34,64,N1-c-M1,34,0,funerals,Invalid Filler,Disamis*,3,1,Some funerals are family gatherings,All anonymous burials are funerals,Some anonymous burials are family gatherings,NA,4549,Disamis,0,1,0,0
64_35,64,N1-c-M1,35,0,star,Homonymy,Disamis,3,1,Some stars are red dwarfs,All stars are famous people,Some famous people are red dwarfs,NA,3166,Disamis,0,1,0,0
64_36,64,N1-c-M1,36,0,ring,Homonymy,Dimatis,3,1,Some accessories are rings,All rings are sounds,Some sounds are accessories,NA,3099,Dimatis,0,1,0,0
64_37,64,N1-c-M1,37,0,picnic,Polysemy,Disamis,3,1,Some picnics are romantic,All picnics are prepared foods,Some prepared foods are romantic,NA,6199,Disamis,0,1,0,0
64_38,64,N1-c-M1,38,1,liars,Valid Filler,Darii,3,1,All liars are humans,Some criminals are liars ,Some criminals are humans,NA,2983,Darii,1,1,0,0
64_39,64,N1-c-M1,39,0,breakfast,Polysemy,Dimatis,3,1,Some meetings are breakfasts,All breakfasts are nutrients,Some nutrients are meetings,NA,2898,Dimatis,0,1,0,0
64_40,64,N1-c-M1,40,1,grapes,Valid Filler,Datisi,3,1,All grapes are fruits,Some grapes are snacks,Some snacks are fruits ,NA,2248,Datisi,1,1,0,0
64_41,64,N1-c-M1,41,0,ruler,Homonymy,Datisi,3,1,All rulers are standard lengths,Some rulers are queens,Some queens are standard lengths,NA,4782,Datisi,0,1,0,0
64_42,64,N1-c-M1,42,1,toilets,Invalid Filler,Datisi*,3,1,All outhouses are toilets,Some toilets are urinals ,Some urinals are outhouses,NA,2898,Datisi,0,0,0,0
64_43,64,N1-c-M1,43,1,burgers,Valid Filler,Datisi,3,1,All burgers have protein,Some burgers are drive-thru orders,Some drive-thru orders have protein,NA,2915,Datisi,1,1,0,0
64_44,64,N1-c-M1,44,0,dances,Invalid Filler,Dimatis*,3,1,Some mating rituals are dances,All ballets are dances ,Some ballets are mating rituals ,NA,3100,Dimatis,0,1,0,0
64_45,64,N1-c-M1,45,0,rock,Homonymy,Disamis,3,1,Some rock is marble,All rock is music,Some music is marble,NA,3414,Disamis,0,1,0,0
64_46,64,N1-c-M1,46,1,rifles,Valid Filler,Datisi,3,1,All rifles are guns,Some rifles are safety hazards,Some safety hazards are guns,NA,7531,Datisi,1,1,0,0
64_47,64,N1-c-M1,47,0,injuries,Invalid Filler,Darii*,3,1,All broken bones are injuries,Some sunburns are injuries,Some sunburns are broken bones,NA,2683,Darii,0,1,0,0
64_48,64,N1-c-M1,48,0,stones,Invalid Filler,Disamis*,3,1,Some stones are pebbles,All boulders are stones,Some boulders are pebbles,NA,3232,Disamis,0,1,0,0
64_49,64,N1-c-M1,49,1,trucks,Valid Filler,Darii,3,1,All trucks are vehicles,Some cars are trucks ,Some cars are vehicles,NA,5515,Darii,1,1,0,0
64_50,64,N1-c-M1,50,0,actors,Invalid Filler,Disamis*,3,1,Some actors are women,All male leads are actors,Some male leads are women,NA,3216,Disamis,0,1,0,0
64_51,64,N1-c-M1,51,1,singers,Valid Filler,Dimatis,3,1,Some YouTubers are singers,All singers are musicians,Some musicians are YouTubers,NA,3465,Dimatis,1,1,0,0
64_52,64,N1-c-M1,52,0,novel,Polysemy,Dimatis,3,1,Some flammable objects are novels,All novels are fictions,Some fictions are flammable objects,NA,2783,Dimatis,0,1,0,0
64_53,64,N1-c-M1,53,0,letter,Polysemy,Disamis,3,1,Some letters are crumpled,All letters are communications,Some communications are crumpled,NA,3049,Disamis,0,1,0,0
64_54,64,N1-c-M1,54,0,sausages,Invalid Filler,Disamis*,3,1,Some sausages are chili dogs,All pepperonis are sausages,Some pepperonis are chili dogs,NA,3349,Disamis,0,1,0,0
64_55,64,N1-c-M1,55,0,peppers,Invalid Filler,Darii*,3,1,All jalapenos are peppers ,Some yellow vegetables are peppers,Some yellow vegetables are jalapenos,NA,2565,Darii,0,1,0,0
64_56,64,N1-c-M1,56,0,ball,Homonymy,Darii,3,1,All balls are toys,Some birthday parties are balls,Some senior proms are toys,NA,2449,Darii,0,1,0,0
65_1,65,N1-c-M1,1,0,novel,Polysemy,Disamis,2,2,Some novels weigh over a pound,All novels are stories,Some stories weigh over a pound,NA,3557,Disamis,0,1,0,0
65_2,65,N1-c-M1,2,0,thieves,Invalid Filler,Datisi*,2,2,All mob bosses are thieves,Some thieves are children,Some children are mob bosses,NA,2173,Datisi,0,1,0,0
65_3,65,N1-c-M1,3,0,steaks,Invalid Filler,Dimatis*,2,2,Some delicious entrées are steaks,All rotten ribeyes are steaks,Some rotten ribeyes are delicious entrées,NA,4187,Dimatis,0,1,0,0
65_4,65,N1-c-M1,4,0,dances,Invalid Filler,Disamis*,2,2,Some dances are mating rituals ,All ballets are dances,Some ballets are mating rituals ,NA,5301,Disamis,0,1,0,0
65_5,65,N1-c-M1,5,0,ring,Homonymy,Disamis,2,2,Some rings are made of gold,All rings are sounds,Some sounds are made of gold,NA,2620,Disamis,0,1,0,0
65_6,65,N1-c-M1,6,0,mothers,Invalid Filler,Disamis*,2,2,Some mothers are teens,All grandmas are mothers,Some grandmas are teens,NA,6306,Disamis,0,1,0,0
65_7,65,N1-c-M1,7,1,suitcases,Valid Filler,Datisi,2,2,All suitcases are pieces of luggage,Some suitcases are bags,Some bags are pieces of luggage,NA,3885,Datisi,1,1,0,0
65_8,65,N1-c-M1,8,0,shapes,Invalid Filler,Dimatis*,2,2,Some road signs are shapes,All cylinders are shapes,Some cylinders are road signs,NA,4989,Dimatis,0,1,0,0
65_9,65,N1-c-M1,9,0,picnic,Polysemy,Darii,2,2,All picnics happen in nature,Some salads are picnics,Some salads happen in nature,NA,2825,Darii,0,1,0,0
65_10,65,N1-c-M1,10,0,lunch,Polysemy,Datisi,2,2,All lunches are breaks,Some lunches are soups,Some soups are breaks,NA,2434,Datisi,0,1,0,0
65_11,65,N1-c-M1,11,0,bat,Homonymy,Disamis,2,2,Some bats are made for softball,All bats are animals,Some animals are made for softball,NA,3351,Disamis,0,1,0,0
65_12,65,N1-c-M1,12,0,ruler,Homonymy,Dimatis,2,2,Some queens are rulers,All rulers are standard lengths,Some standard lengths are queens,NA,4380,Dimatis,0,1,0,0
65_13,65,N1-c-M1,13,1,city,Polysemy,Darii,2,2,All cities are bureaucracies,Some graffitied places are cities,Some graffitied places are bureaucracies,NA,3309,Darii,0,0,0,0
65_14,65,N1-c-M1,14,0,breakfast,Polysemy,Disamis,2,2,Some breakfasts are under an hour,All breakfasts are nutrients,Some nutrients are under an hour,NA,3569,Disamis,0,1,0,0
65_15,65,N1-c-M1,15,1,grapes,Valid Filler,Dimatis,2,2,Some snacks are grapes,All grapes are fruits ,Some fruits are snacks,NA,1919,Dimatis,1,1,0,0
65_16,65,N1-c-M1,16,1,liars,Valid Filler,Datisi,2,2,All liars are humans,Some liars are criminals,Some criminals are humans,NA,2858,Datisi,1,1,0,0
65_17,65,N1-c-M1,17,0,board,Homonymy,Datisi,2,2,All boards are wooden planks,Some boards are governing organizations,Some governing organizations are wooden planks,NA,3302,Datisi,0,1,0,0
65_18,65,N1-c-M1,18,0,cabinet,Homonymy,Darii,2,2,All cabinets are political appointments,Some shelving units are cabinets,Some shelving units are political appointments,NA,4497,Darii,0,1,0,0
65_19,65,N1-c-M1,19,1,change,Homonymy,Disamis,2,2,Some change is transformation,All change is money,Some money is transformation,NA,3693,Disamis,0,0,0,0
65_20,65,N1-c-M1,20,1,doughnuts,Valid Filler,Disamis,2,2,Some doughnuts are glazed,All doughnuts are sugary foods,Some sugary foods are glazed,NA,2292,Disamis,1,1,0,0
65_21,65,N1-c-M1,21,0,toilets,Invalid Filler,Dimatis*,2,2,Some seats are toilets ,All urinals are toilets,Some urinals are seats,NA,2476,Dimatis,0,1,0,0
65_22,65,N1-c-M1,22,1,dinner,Polysemy,Dimatis,2,2,Some black tie events are dinners,All dinners are foods,Some foods are black tie events,NA,4274,Dimatis,0,0,0,0
65_23,65,N1-c-M1,23,1,trucks,Valid Filler,Datisi,2,2,All trucks are vehicles,Some trucks are big rigs,Some big rigs are vehicles,NA,2440,Datisi,1,1,0,0
65_24,65,N1-c-M1,24,1,clowns,Valid Filler,Disamis,2,2,Some clowns are mimes,All clowns are entertainers,Some entertainers are mimes,NA,2060,Disamis,1,1,0,0
65_25,65,N1-c-M1,25,0,sausages,Invalid Filler,Darii*,2,2,All chili dogs are sausages,Some pizza toppings are sausages,Some pizza toppings are chili dogs,NA,2458,Darii,0,1,0,0
65_26,65,N1-c-M1,26,1,college,Polysemy,Disamis,2,2,Some colleges have chancellors,All colleges are groups of buildings,Some groups of buildings have chancellors,NA,3308,Disamis,0,0,0,0
65_27,65,N1-c-M1,27,0,magazines,Polysemy,Dimatis,2,2,Some recyclables are magazines,All magazines are subscriptions,Some subscriptions are recyclables,NA,4384,Dimatis,0,1,0,0
65_28,65,N1-c-M1,28,1,dolls,Valid Filler,Disamis,2,2,Some dolls are toys,All dolls are man made objects,Some man made objects are toys,NA,3307,Disamis,1,1,0,0
65_29,65,N1-c-M1,29,0,wave,Homonymy,Datisi,2,2,All waves are water,Some waves are gestures,Some gestures are water,NA,1797,Datisi,0,1,0,0
65_30,65,N1-c-M1,30,0,injuries,Invalid Filler,Datisi*,2,2,All broken bones are injuries,Some injuries are sunburns,Some sunburns are broken bones,NA,1961,Datisi,0,1,0,0
65_31,65,N1-c-M1,31,1,burgers,Valid Filler,Dimatis,2,2,Some entrées are burgers,All burgers are sandwiches,Some sandwiches are entrées,NA,2528,Dimatis,1,1,0,0
65_32,65,N1-c-M1,32,0,colors,Invalid Filler,Dimatis*,2,2,Some pastels are colors,All shade of neon green are colors ,Some shades of neon green are pastels,NA,2397,Dimatis,0,1,0,0
65_33,65,N1-c-M1,33,1,poets,Valid Filler,Darii,2,2,All poets are writers ,Some teachers are poets,Some teachers are writers,NA,1689,Darii,1,1,0,0
65_34,65,N1-c-M1,34,0,stones,Invalid Filler,Darii*,2,2,All boulders are stones,Some paperweights are stones,Some paperweights are boulders,NA,2262,Darii,0,1,0,0
65_35,65,N1-c-M1,35,1,ponies,Valid Filler,Darii,2,2,All ponies neigh,Some thoroughbreds are ponies,Some thoroughbreds neigh,NA,1977,Darii,1,1,0,0
65_36,65,N1-c-M1,36,1,singers,Valid Filler,Disamis,2,2,Some singers are guitarists,All singers are vocalists,Some vocalists are guitarists,NA,2147,Disamis,1,1,0,0
65_37,65,N1-c-M1,37,0,match,Homonymy,Dimatis,2,2,Some pay-per-view broadcasts are matches,All matches are fire starters,Some fire starters are pay-per-view broadcasts,NA,3686,Dimatis,0,1,0,0
65_38,65,N1-c-M1,38,0,funerals,Invalid Filler,Darii*,2,2,All anonymous burials are funerals,Some family gatherings are funerals,Some family gatherings are anonymous burials,NA,3615,Darii,0,1,0,0
65_39,65,N1-c-M1,39,1,mugs,Valid Filler,Darii,2,2,All mugs are cups ,Some ceramics are mugs,Some ceramics are cups ,NA,2701,Darii,1,1,0,0
65_40,65,N1-c-M1,40,1,swords,Valid Filler,Dimatis,2,2,Some sharp things are swords,All swords are weapons,Some weapons are sharp things,NA,1611,Dimatis,1,1,0,0
65_41,65,N1-c-M1,41,1,letter,Polysemy,Darii,2,2,All letters have stamps,Some rejections are letters,Some rejections have stamps,NA,3036,Darii,0,0,0,0
65_42,65,N1-c-M1,42,1,statues,Valid Filler,Darii,2,2,All statues are sculptures,Some artworks are statues,Some artworks are sculptures,NA,1682,Darii,1,1,0,0
65_43,65,N1-c-M1,43,0,suit,Homonymy,Dimatis,2,2,Some court proceedings are suits,All suits are formal outfits,Some formal outfits are court proceedings,NA,2619,Dimatis,0,1,0,0
65_44,65,N1-c-M1,44,0,ball,Homonymy,Datisi,2,2,All balls are toys,Some balls are senior proms,Some senior proms are toys,NA,2490,Datisi,0,1,0,0
65_45,65,N1-c-M1,45,0,actors,Invalid Filler,Darii*,2,2,All male leads are actors,Some women are actors,Some women are male leads,NA,1930,Darii,0,1,0,0
65_46,65,N1-c-M1,46,1,book,Polysemy,Datisi,2,2,All books are printed,Some books are romances,Some romances are printed,NA,3737,Datisi,0,0,0,0
65_47,65,N1-c-M1,47,1,widows,Valid Filler,Datisi,2,2,All widows are women,Some widows are parents,Some parents are women,NA,1775,Datisi,1,1,0,0
65_48,65,N1-c-M1,48,0,school,Polysemy,Dimatis,2,2,Some rectangular buildings are schools,All schools are employers,Some employers are rectangular buildings,NA,2537,Dimatis,0,1,0,0
65_49,65,N1-c-M1,49,0,rock,Homonymy,Darii,2,2,All rock has guitars,Some marble is rock,Some marble has guitars,NA,2306,Darii,0,1,0,0
65_50,65,N1-c-M1,50,0,spices,Invalid Filler,Datisi*,2,2,All mustard seeds are spices ,Some spices are dried roots ,Some dried roots are mustard seeds,NA,2198,Datisi,0,1,0,0
65_51,65,N1-c-M1,51,0,peppers,Invalid Filler,Datisi*,2,2,All jalapenos are peppers,Some peppers are yellow vegetables ,Some yellow vegetables are jalapenos,NA,2323,Datisi,0,1,0,0
65_52,65,N1-c-M1,52,1,rifles,Valid Filler,Dimatis,2,2,Some safety hazards are rifles,All rifles are guns,Some guns are safety hazards,NA,2388,Dimatis,1,1,0,0
65_53,65,N1-c-M1,53,0,star,Homonymy,Darii,2,2,All stars have autographs,Some red dwarfs are stars,Some red dwarfs have autographs,NA,1904,Darii,0,1,0,0
65_54,65,N1-c-M1,54,1,dresses,Invalid Filler,Disamis*,2,2,Some dresses are cocktail outfits,All ball gowns are dresses ,Some ball gowns are cocktail outfits,NA,2442,Disamis,0,0,0,0
65_55,65,N1-c-M1,55,0,antiques,Invalid Filler,Disamis*,2,2,Some antiques are pieces of jewelry,All medieval manuscripts are antiques ,Some medieval manuscripts are pieces of jewelry,NA,2742,Disamis,0,1,0,0
65_56,65,N1-c-M1,56,0,company,Polysemy,Datisi,2,2,All companies are buildings,Some companies are hierarchies,Some hierarchies are buildings,NA,2142,Datisi,0,1,0,0
66_1,66,N1-c-M1,1,1,bat,Homonymy,Darii,1,1,All bats share a common ancestor,Some sporting goods are bats,Some sporting goods share a common ancestor,NA,7534,Darii,0,0,0,0
66_2,66,N1-c-M1,2,1,mugs,Valid Filler,Datisi,1,1,All mugs are cups ,Some mugs are ceramics,Some ceramics are cups ,NA,3927,Datisi,1,1,0,0
66_3,66,N1-c-M1,3,1,change,Homonymy,Darii,1,1,All change is money,Some surprises are change,Some surprises are money,NA,5662,Darii,0,0,0,0
66_4,66,N1-c-M1,4,0,actors,Invalid Filler,Datisi*,1,1,All male leads are actors,Some actors are women,Some women are male leads,NA,3636,Datisi,0,1,0,0
66_5,66,N1-c-M1,5,1,stones,Invalid Filler,Datisi*,1,1,All pebbles are stones,Some stones are boulders,Some boulders are pebbles,NA,4259,Datisi,0,0,0,0
66_6,66,N1-c-M1,6,1,liars,Valid Filler,Dimatis,1,1,Some criminals are liars ,All liars are humans,Some humans are criminals ,NA,4849,Dimatis,1,1,0,0
66_7,66,N1-c-M1,7,0,funerals,Invalid Filler,Datisi*,1,1,All open-casket services are funerals,Some funerals are anonymous burials,Some anonymous burials are open-casket services,NA,5673,Datisi,0,1,0,0
66_8,66,N1-c-M1,8,0,college,Polysemy,Darii,1,1,All colleges grant degrees,Some historic buildings are colleges,Some historic buildings grant degrees,NA,3962,Darii,0,1,0,0
66_9,66,N1-c-M1,9,0,mothers,Invalid Filler,Darii*,1,1,All grandmothers are mothers,Some teens are mothers,Some teens are grandmothers,NA,3788,Darii,0,1,0,0
66_10,66,N1-c-M1,10,1,picnic,Polysemy,Datisi,1,1,All picnics happen in nature,Some picnics are salads,Some salads happen in nature,NA,5630,Datisi,0,0,0,0
66_11,66,N1-c-M1,11,0,ruler,Homonymy,Disamis,1,1,Some rulers are kings,All rulers are standard lengths,Some standard lengths are kings,NA,4884,Disamis,0,1,0,0
66_12,66,N1-c-M1,12,1,swords,Valid Filler,Disamis,1,1,Some swords are decorative,All swords are weapons ,Some weapons are decorative ,NA,4119,Disamis,1,1,0,0
66_13,66,N1-c-M1,13,0,rock,Homonymy,Datisi,1,1,All rock has guitars,Some rock is marble,Some marble has guitars,NA,3746,Datisi,0,1,0,0
66_14,66,N1-c-M1,14,0,school,Polysemy,Disamis,1,1,Some schools are rectangular,All schools are employers,Some employers are rectangular,NA,3599,Disamis,0,1,0,0
66_15,66,N1-c-M1,15,0,thieves,Invalid Filler,Dimatis*,1,1,Some children are thieves,All mob bosses are thieves,Some mob bosses are children,NA,3465,Dimatis,0,1,0,0
66_16,66,N1-c-M1,16,1,city,Polysemy,Datisi,1,1,All cities are bureaucracies,Some cities are graffitied places,Some graffitied places are bureaucracies,NA,5726,Datisi,0,0,0,0
66_17,66,N1-c-M1,17,1,singers,Valid Filler,Darii,1,1,All singers are vocalists ,Some guitarists are singers,Some guitarists are vocalists,NA,4166,Darii,1,1,0,0
66_18,66,N1-c-M1,18,1,Wave,Homonymy,Dimatis,1,1,Some gestures are waves,All waves are liquids,Some liquids are gestures,NA,4452,Dimatis,0,0,0,0
66_19,66,N1-c-M1,19,1,suitcases,Valid Filler,Dimatis,1,1,Some bags are suitcases,All suitcases are pieces of luggage,Some pieces of luggage are bags,NA,2899,Dimatis,1,1,0,0
66_20,66,N1-c-M1,20,0,novel,Polysemy,Darii,1,1,All novels are flammable,Some debuts are novels,Some debuts are flammable,NA,6282,Darii,0,1,0,0
66_21,66,N1-c-M1,21,0,dresses,Invalid Filler,Darii*,1,1,All ball gowns are dresses ,Some cocktail outfits are dresses,Some cocktail outfits are ball gowns,NA,5980,Darii,0,1,0,0
66_22,66,N1-c-M1,22,1,grapes,Valid Filler,Disamis,1,1,Some grapes are red ,All grapes are fruits ,Some fruits are red ,NA,3581,Disamis,1,1,0,0
66_23,66,N1-c-M1,23,0,company,Polysemy,Dimatis,1,1,Some storefronts are companies,All companies are hierarchies,Some hierarchies are storefronts,NA,3792,Dimatis,0,1,0,0
66_24,66,N1-c-M1,24,1,clowns,Valid Filler,Darii,1,1,All clowns can juggle ,Some circus performers are clowns ,Some circus performers can juggle,NA,3077,Darii,1,1,0,0
66_25,66,N1-c-M1,25,0,star,Homonymy,Datisi,1,1,All stars have autographs,Some stars are red dwarfs,Some red dwarfs have autographs,NA,6762,Datisi,0,1,0,0
66_26,66,N1-c-M1,26,0,injuries,Invalid Filler,Dimatis*,1,1,Some sunburns are injuries,All broken bones are injuries,Some broken bones are sunburns,NA,3449,Dimatis,0,1,0,0
66_27,66,N1-c-M1,27,1,letter,Polysemy,Datisi,1,1,All letters have stamps,Some letters are rejections,Some rejections have stamps,NA,4457,Datisi,0,0,0,0
66_28,66,N1-c-M1,28,1,rifles,Valid Filler,Disamis,1,1,Some rifles are for hunting,All rifles are guns ,Some guns are for hunting,NA,2884,Disamis,1,1,0,0
66_29,66,N1-c-M1,29,1,breakfast,Polysemy,Darii,1,1,All breakfasts are under three hours,Some smoothies are breakfasts,Some smoothies are under three hours,NA,5980,Darii,0,0,0,0
66_30,66,N1-c-M1,30,0,board,Homonymy,Dimatis,1,1,Some governing organizations are boards,All boards are wooden planks,Some wooden planks are governing organizations,NA,3980,Dimatis,0,1,0,0
66_31,66,N1-c-M1,31,1,trucks,Valid Filler,Dimatis,1,1,Some cars are trucks ,All trucks are vehicles,Some vehicles are cars ,NA,2687,Dimatis,1,1,0,0
66_32,66,N1-c-M1,32,0,spices,Invalid Filler,Dimatis*,1,1,Some dried roots are spices ,All mustard seeds are spices ,Some mustard seeds are dried roots,NA,6062,Dimatis,0,1,0,0
66_33,66,N1-c-M1,33,0,burgers,Valid Filler,Disamis,1,1,Some burgers are overcooked ,All burgers are sandwiches,Some sandwiches are overcooked ,NA,3134,Disamis,1,0,0,0
66_34,66,N1-c-M1,34,1,steaks,Invalid Filler,Disamis*,1,1,Some steaks are filet mignons,All ribeyes are steaks,Some ribeyes are filet mignons,NA,4633,Disamis,0,0,0,0
66_35,66,N1-c-M1,35,0,match,Homonymy,Disamis,1,1,Some matches are pay-per-view,All matches are fire starters,Some fire starters are pay-per-view,NA,4770,Disamis,0,1,0,0
66_36,66,N1-c-M1,36,1,ball,Homonymy,Dimatis,1,1,Some parties are balls,All balls are toys,Some toys are parties,NA,3458,Dimatis,0,0,0,0
66_37,66,N1-c-M1,37,0,dinner,Polysemy,Disamis,1,1,Some dinners are black tie,All dinners are foods,Some foods are black tie,NA,2759,Disamis,0,1,0,0
66_38,66,N1-c-M1,38,1,dolls,Valid Filler,Darii,1,1,All dolls are man made,Some toys are dolls ,Some toys are man made,NA,3477,Darii,1,1,0,0
66_39,66,N1-c-M1,39,1,lunch,Polysemy,Dimatis,1,1,Some breaks are lunches,All lunches are foods,Some foods are breaks,NA,5644,Dimatis,0,0,0,0
66_40,66,N1-c-M1,40,1,poets,Valid Filler,Datisi,1,1,All poets are writers ,Some poets are teachers,Some teachers are writers,NA,2697,Datisi,1,1,0,0
66_41,66,N1-c-M1,41,0,cabinet,Homonymy,Datisi,1,1,All cabinets are political appointments,Some cabinets are shelving units,Some shelving units are political appointments,NA,4588,Datisi,0,1,0,0
66_42,66,N1-c-M1,42,0,sausages,Invalid Filler,Datisi*,1,1,All chili dogs are sausages,Some sausages are salamis,Some salamis are chili dogs,NA,4641,Datisi,0,1,0,0
66_43,66,N1-c-M1,43,1,ponies,Valid Filler,Datisi,1,1,All ponies neigh,Some ponies are thoroughbreds,Some thoroughbreds neigh,NA,3750,Datisi,1,1,0,0
66_44,66,N1-c-M1,44,1,peppers,Invalid Filler,Dimatis*,1,1,Some yellow vegetables are peppers ,All jalapenos are peppers,Some jalapenos are yellow vegetables,NA,4837,Dimatis,0,0,0,0
66_45,66,N1-c-M1,45,0,suit,Homonymy,Disamis,1,1,Some suits have multiple defendants,All suits are dress attire,Some dress attire has multiple defendants,NA,4530,Disamis,0,1,0,0
66_46,66,N1-c-M1,46,1,statues,Valid Filler,Datisi,1,1,All statues are sculptures,Some statues are bronzes,Some bronzes are sculptures,NA,3325,Datisi,1,1,0,0
66_47,66,N1-c-M1,47,0,antiques,Invalid Filler,Darii*,1,1,All medieval manuscripts are antiques ,Some pieces of jewelry are antiques ,Some pieces of jewelry are medieval manuscripts,NA,3555,Darii,0,1,0,0
66_48,66,N1-c-M1,48,0,shapes,Invalid Filler,Disamis*,1,1,Some shapes are triangles,All squares are shapes,Some squares are triangles,NA,3469,Disamis,0,1,0,0
66_49,66,N1-c-M1,49,1,doughnuts,Valid Filler,Darii,1,1,All doughnuts are sugary ,Some pastries are doughnuts ,Some pastries are sugary,NA,2561,Darii,1,1,0,0
66_50,66,N1-c-M1,50,0,colors,Invalid Filler,Disamis*,1,1,Some colors are primary ,All shades of purple are colors ,Some shades of purple are primary,NA,6432,Disamis,0,1,0,0
66_51,66,N1-c-M1,51,1,widows,Valid Filler,Dimatis,1,1,Some parents are widows ,All widows are women,Some women are parents,NA,2791,Dimatis,1,1,0,0
66_52,66,N1-c-M1,52,0,book,Polysemy,Dimatis,1,1,Some doorstops are books,All books are pieces of intellectual property,Some pieces of intellectual property are doorstops,NA,4860,Dimatis,0,1,0,0
66_53,66,N1-c-M1,53,0,magazines,Polysemy,Disamis,1,1,Some magazines are coffee-stained,All magazines are subscriptions,Some subscriptions are coffee-stained,NA,4246,Disamis,0,1,0,0
66_54,66,N1-c-M1,54,1,toilets,Invalid Filler,Disamis*,1,1,Some toilets are coed,All urinals are toilets,Some urinals are coed,NA,6599,Disamis,0,0,0,0
66_55,66,N1-c-M1,55,1,dances,Invalid Filler,Darii*,1,1,All ballets are dances ,Some mating rituals are dances ,Some mating rituals are ballets,NA,4255,Darii,0,0,0,0
66_56,66,N1-c-M1,56,0,ring,Homonymy,Darii,1,1,All rings are sounds,Some accessories are rings,Some accessories are sounds,NA,3339,Darii,0,1,0,0
67_1,67,N1-c-M1,1,0,novel,Polysemy,Disamis,2,2,Some novels weigh over a pound,All novels are stories,Some stories weigh over a pound,NA,3543,Disamis,0,1,0,0
67_2,67,N1-c-M1,2,0,thieves,Invalid Filler,Datisi*,2,2,All mob bosses are thieves,Some thieves are children,Some children are mob bosses,NA,2196,Datisi,0,1,0,0
67_3,67,N1-c-M1,3,0,steaks,Invalid Filler,Dimatis*,2,2,Some delicious entrées are steaks,All rotten ribeyes are steaks,Some rotten ribeyes are delicious entrées,NA,3275,Dimatis,0,1,0,0
67_4,67,N1-c-M1,4,0,dances,Invalid Filler,Disamis*,2,2,Some dances are mating rituals ,All ballets are dances,Some ballets are mating rituals ,NA,2440,Disamis,0,1,0,0
67_5,67,N1-c-M1,5,0,ring,Homonymy,Disamis,2,2,Some rings are made of gold,All rings are sounds,Some sounds are made of gold,NA,2446,Disamis,0,1,0,0
67_6,67,N1-c-M1,6,0,mothers,Invalid Filler,Disamis*,2,2,Some mothers are teens,All grandmas are mothers,Some grandmas are teens,NA,2045,Disamis,0,1,0,0
67_7,67,N1-c-M1,7,1,suitcases,Valid Filler,Datisi,2,2,All suitcases are pieces of luggage,Some suitcases are bags,Some bags are pieces of luggage,NA,4628,Datisi,1,1,0,0
67_8,67,N1-c-M1,8,0,shapes,Invalid Filler,Dimatis*,2,2,Some road signs are shapes,All cylinders are shapes,Some cylinders are road signs,NA,2806,Dimatis,0,1,0,0
67_9,67,N1-c-M1,9,0,picnic,Polysemy,Darii,2,2,All picnics happen in nature,Some salads are picnics,Some salads happen in nature,NA,2144,Darii,0,1,0,0
67_10,67,N1-c-M1,10,0,lunch,Polysemy,Datisi,2,2,All lunches are breaks,Some lunches are soups,Some soups are breaks,NA,1672,Datisi,0,1,0,0
67_11,67,N1-c-M1,11,0,bat,Homonymy,Disamis,2,2,Some bats are made for softball,All bats are animals,Some animals are made for softball,NA,2150,Disamis,0,1,0,0
67_12,67,N1-c-M1,12,0,ruler,Homonymy,Dimatis,2,2,Some queens are rulers,All rulers are standard lengths,Some standard lengths are queens,NA,5907,Dimatis,0,1,0,0
67_13,67,N1-c-M1,13,0,city,Polysemy,Darii,2,2,All cities are bureaucracies,Some graffitied places are cities,Some graffitied places are bureaucracies,NA,3027,Darii,0,1,0,0
67_14,67,N1-c-M1,14,0,breakfast,Polysemy,Disamis,2,2,Some breakfasts are under an hour,All breakfasts are nutrients,Some nutrients are under an hour,NA,1804,Disamis,0,1,0,0
67_15,67,N1-c-M1,15,1,grapes,Valid Filler,Dimatis,2,2,Some snacks are grapes,All grapes are fruits ,Some fruits are snacks,NA,2143,Dimatis,1,1,0,0
67_16,67,N1-c-M1,16,1,liars,Valid Filler,Datisi,2,2,All liars are humans,Some liars are criminals,Some criminals are humans,NA,1970,Datisi,1,1,0,0
67_17,67,N1-c-M1,17,0,board,Homonymy,Datisi,2,2,All boards are wooden planks,Some boards are governing organizations,Some governing organizations are wooden planks,NA,5222,Datisi,0,1,0,0
67_18,67,N1-c-M1,18,0,cabinet,Homonymy,Darii,2,2,All cabinets are political appointments,Some shelving units are cabinets,Some shelving units are political appointments,NA,4322,Darii,0,1,0,0
67_19,67,N1-c-M1,19,0,change,Homonymy,Disamis,2,2,Some change is transformation,All change is money,Some money is transformation,NA,2586,Disamis,0,1,0,0
67_20,67,N1-c-M1,20,1,doughnuts,Valid Filler,Disamis,2,2,Some doughnuts are glazed,All doughnuts are sugary foods,Some sugary foods are glazed,NA,2732,Disamis,1,1,0,0
67_21,67,N1-c-M1,21,0,toilets,Invalid Filler,Dimatis*,2,2,Some seats are toilets ,All urinals are toilets,Some urinals are seats,NA,10586,Dimatis,0,1,0,0
67_22,67,N1-c-M1,22,0,dinner,Polysemy,Dimatis,2,2,Some black tie events are dinners,All dinners are foods,Some foods are black tie events,NA,3124,Dimatis,0,1,0,0
67_23,67,N1-c-M1,23,1,trucks,Valid Filler,Datisi,2,2,All trucks are vehicles,Some trucks are big rigs,Some big rigs are vehicles,NA,2384,Datisi,1,1,0,0
67_24,67,N1-c-M1,24,1,clowns,Valid Filler,Disamis,2,2,Some clowns are mimes,All clowns are entertainers,Some entertainers are mimes,NA,2884,Disamis,1,1,0,0
67_25,67,N1-c-M1,25,0,sausages,Invalid Filler,Darii*,2,2,All chili dogs are sausages,Some pizza toppings are sausages,Some pizza toppings are chili dogs,NA,3211,Darii,0,1,0,0
67_26,67,N1-c-M1,26,0,college,Polysemy,Disamis,2,2,Some colleges have chancellors,All colleges are groups of buildings,Some groups of buildings have chancellors,NA,3886,Disamis,0,1,0,0
67_27,67,N1-c-M1,27,0,magazines,Polysemy,Dimatis,2,2,Some recyclables are magazines,All magazines are subscriptions,Some subscriptions are recyclables,NA,1971,Dimatis,0,1,0,0
67_28,67,N1-c-M1,28,1,dolls,Valid Filler,Disamis,2,2,Some dolls are toys,All dolls are man made objects,Some man made objects are toys,NA,3236,Disamis,1,1,0,0
67_29,67,N1-c-M1,29,0,wave,Homonymy,Datisi,2,2,All waves are water,Some waves are gestures,Some gestures are water,NA,1921,Datisi,0,1,0,0
67_30,67,N1-c-M1,30,0,injuries,Invalid Filler,Datisi*,2,2,All broken bones are injuries,Some injuries are sunburns,Some sunburns are broken bones,NA,3057,Datisi,0,1,0,0
67_31,67,N1-c-M1,31,1,burgers,Valid Filler,Dimatis,2,2,Some entrées are burgers,All burgers are sandwiches,Some sandwiches are entrées,NA,2995,Dimatis,1,1,0,0
67_32,67,N1-c-M1,32,0,colors,Invalid Filler,Dimatis*,2,2,Some pastels are colors,All shade of neon green are colors ,Some shades of neon green are pastels,NA,8657,Dimatis,0,1,0,0
67_33,67,N1-c-M1,33,1,poets,Valid Filler,Darii,2,2,All poets are writers ,Some teachers are poets,Some teachers are writers,NA,2482,Darii,1,1,0,0
67_34,67,N1-c-M1,34,0,stones,Invalid Filler,Darii*,2,2,All boulders are stones,Some paperweights are stones,Some paperweights are boulders,NA,7730,Darii,0,1,0,0
67_35,67,N1-c-M1,35,1,ponies,Valid Filler,Darii,2,2,All ponies neigh,Some thoroughbreds are ponies,Some thoroughbreds neigh,NA,2434,Darii,1,1,0,0
67_36,67,N1-c-M1,36,1,singers,Valid Filler,Disamis,2,2,Some singers are guitarists,All singers are vocalists,Some vocalists are guitarists,NA,2351,Disamis,1,1,0,0
67_37,67,N1-c-M1,37,0,match,Homonymy,Dimatis,2,2,Some pay-per-view broadcasts are matches,All matches are fire starters,Some fire starters are pay-per-view broadcasts,NA,2468,Dimatis,0,1,0,0
67_38,67,N1-c-M1,38,1,funerals,Invalid Filler,Darii*,2,2,All anonymous burials are funerals,Some family gatherings are funerals,Some family gatherings are anonymous burials,NA,5117,Darii,0,0,0,0
67_39,67,N1-c-M1,39,1,mugs,Valid Filler,Darii,2,2,All mugs are cups ,Some ceramics are mugs,Some ceramics are cups ,NA,2330,Darii,1,1,0,0
67_40,67,N1-c-M1,40,1,swords,Valid Filler,Dimatis,2,2,Some sharp things are swords,All swords are weapons,Some weapons are sharp things,NA,1997,Dimatis,1,1,0,0
67_41,67,N1-c-M1,41,1,letter,Polysemy,Darii,2,2,All letters have stamps,Some rejections are letters,Some rejections have stamps,NA,6691,Darii,0,0,0,0
67_42,67,N1-c-M1,42,1,statues,Valid Filler,Darii,2,2,All statues are sculptures,Some artworks are statues,Some artworks are sculptures,NA,2356,Darii,1,1,0,0
67_43,67,N1-c-M1,43,0,suit,Homonymy,Dimatis,2,2,Some court proceedings are suits,All suits are formal outfits,Some formal outfits are court proceedings,NA,3652,Dimatis,0,1,0,0
67_44,67,N1-c-M1,44,0,ball,Homonymy,Datisi,2,2,All balls are toys,Some balls are senior proms,Some senior proms are toys,NA,2485,Datisi,0,1,0,0
67_45,67,N1-c-M1,45,0,actors,Invalid Filler,Darii*,2,2,All male leads are actors,Some women are actors,Some women are male leads,NA,2445,Darii,0,1,0,0
67_46,67,N1-c-M1,46,1,book,Polysemy,Datisi,2,2,All books are printed,Some books are romances,Some romances are printed,NA,3903,Datisi,0,0,0,0
67_47,67,N1-c-M1,47,1,widows,Valid Filler,Datisi,2,2,All widows are women,Some widows are parents,Some parents are women,NA,2109,Datisi,1,1,0,0
67_48,67,N1-c-M1,48,0,school,Polysemy,Dimatis,2,2,Some rectangular buildings are schools,All schools are employers,Some employers are rectangular buildings,NA,3727,Dimatis,0,1,0,0
67_49,67,N1-c-M1,49,0,rock,Homonymy,Darii,2,2,All rock has guitars,Some marble is rock,Some marble has guitars,NA,2296,Darii,0,1,0,0
67_50,67,N1-c-M1,50,0,spices,Invalid Filler,Datisi*,2,2,All mustard seeds are spices ,Some spices are dried roots ,Some dried roots are mustard seeds,NA,3901,Datisi,0,1,0,0
67_51,67,N1-c-M1,51,1,peppers,Invalid Filler,Datisi*,2,2,All jalapenos are peppers,Some peppers are yellow vegetables ,Some yellow vegetables are jalapenos,NA,5219,Datisi,0,0,0,0
67_52,67,N1-c-M1,52,1,rifles,Valid Filler,Dimatis,2,2,Some safety hazards are rifles,All rifles are guns,Some guns are safety hazards,NA,3059,Dimatis,1,1,0,0
67_53,67,N1-c-M1,53,0,star,Homonymy,Darii,2,2,All stars have autographs,Some red dwarfs are stars,Some red dwarfs have autographs,NA,2645,Darii,0,1,0,0
67_54,67,N1-c-M1,54,1,dresses,Invalid Filler,Disamis*,2,2,Some dresses are cocktail outfits,All ball gowns are dresses ,Some ball gowns are cocktail outfits,NA,6644,Disamis,0,0,0,0
67_55,67,N1-c-M1,55,0,antiques,Invalid Filler,Disamis*,2,2,Some antiques are pieces of jewelry,All medieval manuscripts are antiques ,Some medieval manuscripts are pieces of jewelry,NA,3850,Disamis,0,1,0,0
67_56,67,N1-c-M1,56,0,company,Polysemy,Datisi,2,2,All companies are buildings,Some companies are hierarchies,Some hierarchies are buildings,NA,2108,Datisi,0,1,0,0
68_1,68,N1-c-M1,1,0,book,Polysemy,Disamis,4,2,Some books are doorstops,All books are pieces of intellectual property,Some pieces of intellectual property are doorstops,NA,8993,Disamis,0,1,0,0
68_2,68,N1-c-M1,2,0,mothers,Invalid Filler,Datisi*,4,2,All grandmas are mothers ,Some mothers are teens,Some teens are grandmas,NA,3655,Datisi,0,1,0,0
68_3,68,N1-c-M1,3,0,funerals,Invalid Filler,Dimatis*,4,2,Some family gatherings are funerals,All anonymous burials are funerals,Some anonymous burials are family gatherings,NA,5059,Dimatis,0,1,0,0
68_4,68,N1-c-M1,4,1,peppers,Invalid Filler,Disamis*,4,2,Some peppers are yellow vegetables ,All jalapenos are peppers,Some jalapenos are yellow vegetables,NA,6276,Disamis,0,0,0,0
68_5,68,N1-c-M1,5,1,ball,Homonymy,Disamis,4,2,Some balls are senior proms,All balls are toys,Some toys are senior proms,NA,11160,Disamis,0,0,0,0
68_6,68,N1-c-M1,6,0,thieves,Invalid Filler,Disamis*,4,2,Some thieves are children,All mob bosses are thieves,Some mob bosses are children,NA,6499,Disamis,0,1,0,0
68_7,68,N1-c-M1,7,1,clowns,Valid Filler,Datisi,4,2,All clowns are entertainers,Some clowns are mimes,Some mimes are entertainers,NA,3717,Datisi,1,1,0,0
68_8,68,N1-c-M1,8,1,stones,Invalid Filler,Dimatis*,4,2,Some paperweights are stones,All boulders are stones,Some boulders are paperweights,NA,5282,Dimatis,0,0,0,0
68_9,68,N1-c-M1,9,1,dinner,Polysemy,Darii,4,2,All dinners happen after four o'clock,Some lasagnas are dinners,Some lasagnas happen after four o'clock,NA,12304,Darii,0,0,0,0
68_10,68,N1-c-M1,10,1,breakfast,Polysemy,Datisi,4,2,All breakfasts are under three hours,Some breakfasts are smoothies,Some smoothies are under three hours,NA,5676,Datisi,0,0,0,0
68_11,68,N1-c-M1,11,0,board,Homonymy,Disamis,4,2,Some boards are governing organizations,All boards are wooden planks,Some wooden planks are governing organizations,NA,6039,Disamis,0,1,0,0
68_12,68,N1-c-M1,12,0,cabinet,Homonymy,Dimatis,4,2,Some shelving units are cabinets,All cabinets are political appointments,Some political appointments are shelving units,NA,8701,Dimatis,0,1,0,0
68_13,68,N1-c-M1,13,1,school,Polysemy,Darii,4,2,All schools have classrooms,Some employers are schools,Some employers have classrooms,NA,7818,Darii,0,0,0,0
68_14,68,N1-c-M1,14,0,lunch,Polysemy,Disamis,4,2,Some lunches are breaks,All lunches are foods,Some foods are breaks,NA,3696,Disamis,0,1,0,0
68_15,68,N1-c-M1,15,1,poets,Valid Filler,Dimatis,4,2,Some teachers are poets,All poets are writers ,Some writers are teachers,NA,4328,Dimatis,1,1,0,0
68_16,68,N1-c-M1,16,1,dolls,Valid Filler,Datisi,4,2,All dolls are man made,Some dolls are toys,Some toys are man made,NA,3395,Datisi,1,1,0,0
68_17,68,N1-c-M1,17,0,bat,Homonymy,Datisi,4,2,All bats are animals,Some bats are sporting goods,Some sporting goods are animals,NA,3933,Datisi,0,1,0,0
68_18,68,N1-c-M1,18,1,ruler,Homonymy,Darii,4,2,All rulers are standard lengths,Some queens are rulers,Some queens are standard lengths,NA,5586,Darii,0,0,0,0
68_19,68,N1-c-M1,19,0,Wave,Homonymy,Disamis,4,2,Some waves are gestures,All waves are liquids,Some liquids are gestures,NA,5040,Disamis,0,1,0,0
68_20,68,N1-c-M1,20,1,trucks,Valid Filler,Disamis,4,2,Some trucks are big rigs,All trucks are vehicles,Some vehicles are big rigs,NA,4017,Disamis,1,1,0,0
68_21,68,N1-c-M1,21,0,sausages,Invalid Filler,Dimatis*,4,2,Some pizza toppings are sausages,All chili dogs are sausages,Some chili dogs are pizza toppings,NA,7314,Dimatis,0,1,0,0
68_22,68,N1-c-M1,22,1,picnic,Polysemy,Dimatis,4,2,Some summertime activities are picnics,All picnics are prepared foods,Some prepared foods are summertime activities,NA,9268,Dimatis,0,0,0,0
68_23,68,N1-c-M1,23,1,doughnuts,Valid Filler,Datisi,4,2,All doughnuts are sugary ,Some doughnuts are treats,Some treats are sugary,NA,3553,Datisi,1,1,0,0
68_24,68,N1-c-M1,24,1,suitcases,Valid Filler,Disamis,4,2,Some suitcases are bags,All suitcases are pieces of luggage,Some pieces of luggage are bags,NA,3440,Disamis,1,1,0,0
68_25,68,N1-c-M1,25,1,toilets,Invalid Filler,Darii*,4,2,All urinals are toilets,Some seats are toilets,Some seats are urinals,NA,3821,Darii,0,0,0,0
68_26,68,N1-c-M1,26,1,company,Polysemy,Disamis,4,2,Some companies are in city centers,All companies are hierarchies,Some hierarchies are in city centers,NA,5738,Disamis,0,0,0,0
68_27,68,N1-c-M1,27,0,letter,Polysemy,Dimatis,4,2,Some papers are letters,All letters are communications,Some communications are papers,NA,4179,Dimatis,0,1,0,0
68_28,68,N1-c-M1,28,1,liars,Valid Filler,Disamis,4,2,Some liars are criminals,All liars are humans,Some humans are criminals ,NA,2715,Disamis,1,1,0,0
68_29,68,N1-c-M1,29,1,change,Homonymy,Datisi,4,2,All change is money,Some change is transformation,Some transformation is money,NA,3138,Datisi,0,0,0,0
68_30,68,N1-c-M1,30,1,antiques,Invalid Filler,Datisi*,4,2,All medieval manuscripts are antiques ,Some antiques are pieces of jewelry,Some pieces of jewelry are medieval manuscripts,NA,4377,Datisi,0,0,0,0
68_31,68,N1-c-M1,31,1,ponies,Valid Filler,Dimatis,4,2,Some thoroughbreds are ponies,All ponies are neighing animals,Some neighing animals are thoroughbreds,NA,4570,Dimatis,1,1,0,0
68_32,68,N1-c-M1,32,0,actors,Invalid Filler,Dimatis*,4,2,Some women are actors,All male leads are actors,Some male leads are women,NA,6696,Dimatis,0,1,0,0
68_33,68,N1-c-M1,33,1,grapes,Valid Filler,Darii,4,2,All grapes are fruits ,Some snacks are grapes,Some snacks are fruits,NA,3440,Darii,1,1,0,0
68_34,68,N1-c-M1,34,1,shapes,Invalid Filler,Darii*,4,2,All cylinders are shapes,Some road signs are shapes,Some road signs are cylinders,NA,4632,Darii,0,0,0,0
68_35,68,N1-c-M1,35,1,burgers,Valid Filler,Darii,4,2,All burgers have protein,Some entrées are burgers,Some entrées have protein,NA,4680,Darii,1,1,0,0
68_36,68,N1-c-M1,36,1,widows,Valid Filler,Disamis,4,2,Some widows are parents,All widows are women,Some women are parents,NA,3135,Disamis,1,1,0,0
68_37,68,N1-c-M1,37,0,star,Homonymy,Dimatis,4,2,Some celestial objects are stars,All stars are famous people,Some famous people are celestial objects,NA,4948,Dimatis,0,1,0,0
68_38,68,N1-c-M1,38,0,steaks,Invalid Filler,Darii*,4,2,All rotten ribeyes are steaks,Some delicious meals are steaks,Some delicoius meals are rotten ribeyes,NA,5999,Darii,0,1,0,0
68_39,68,N1-c-M1,39,1,swords,Valid Filler,Darii,4,2,All swords are weapons,Some sharp objects are swords,Some sharp objects are weapons,NA,3544,Darii,1,1,0,0
68_40,68,N1-c-M1,40,1,mugs,Valid Filler,Dimatis,4,2,Some ceramics are mugs,All mugs are cups ,Some cups are ceramics,NA,2877,Dimatis,1,1,0,0
68_41,68,N1-c-M1,41,1,magazines,Polysemy,Darii,4,2,All magazines are recyclable,Some media corporations are magazines,Some media corporations are recyclable,NA,7261,Darii,0,0,0,0
68_42,68,N1-c-M1,42,1,rifles,Valid Filler,Darii,4,2,All rifles are guns,Some safety hazards are rifles,Some safety hazards are guns,NA,5221,Darii,1,1,0,0
68_43,68,N1-c-M1,43,0,rock,Homonymy,Dimatis,4,2,Some marble is rock,All rock is music,Some music is marble,NA,5054,Dimatis,0,1,0,0
68_44,68,N1-c-M1,44,0,ring,Homonymy,Datisi,4,2,All rings are sounds,Some rings are accessories,Some accessories are sounds,NA,3810,Datisi,0,1,0,0
68_45,68,N1-c-M1,45,0,colors,Invalid Filler,Darii*,4,2,Some pastels are colors,All shades of neon green are colors ,Some shades of neon green are pastels,NA,5712,Darii,0,1,0,0
68_46,68,N1-c-M1,46,1,novel,Polysemy,Datisi,4,2,All novels are flammable,Some novels are debuts,Some debuts are flammable,NA,4516,Datisi,0,0,0,0
68_47,68,N1-c-M1,47,1,singers,Valid Filler,Datisi,4,2,All singers are performers,Some singers are men,Some men are performers,NA,3373,Datisi,1,1,0,0
68_48,68,N1-c-M1,48,0,city,Polysemy,Dimatis,4,2,Some bureaucracies are cities,All cities are graffitied places,Some graffitied places are bureaucracies,NA,6475,Dimatis,0,1,0,0
68_49,68,N1-c-M1,49,0,suit,Homonymy,Darii,4,2,All suits are dress attire,Some court proceedings are suits,Some court proceedings are dress attire,NA,6355,Darii,0,1,0,0
68_50,68,N1-c-M1,50,0,dresses,Invalid Filler,Datisi*,4,2,All ball gowns are dresses ,Some dresses are cocktail outfits,Some cocktail outfits are ball gowns,NA,5592,Datisi,0,1,0,0
68_51,68,N1-c-M1,51,0,dances,Invalid Filler,Datisi*,4,2,All ballets are dances ,Some dances are mating rituals,Some mating rituals are ballets ,NA,6290,Datisi,0,1,0,0
68_52,68,N1-c-M1,52,0,statues,Valid Filler,Dimatis,4,2,Some bronzes are statues,All statues are sculptures,Some sculptures are bronzes,NA,5531,Dimatis,1,0,0,0
68_53,68,N1-c-M1,53,0,match,Homonymy,Darii,4,2,All matches are combustible,Some pay-per-view broadcasts are matches,Some pay-per-view broadcasts are combustible,NA,8613,Darii,0,1,0,0
68_54,68,N1-c-M1,54,0,spices,Invalid Filler,Disamis*,4,2,Some spices are dried roots,All mustard seeds are spices ,Some mustard seeds are dried roots,NA,6933,Disamis,0,1,0,0
68_55,68,N1-c-M1,55,0,injuries,Invalid Filler,Disamis*,4,2,Some injuries are sunburns,All broken bones are injuries,Some broken bones are sunburns,NA,3840,Disamis,0,1,0,0
68_56,68,N1-c-M1,56,1,college,Polysemy,Datisi,4,2,All colleges grant degrees,Some colleges are historic buildings,Some historic buildings grant degrees,NA,5952,Datisi,0,0,0,0
69_1,69,N1-c-M1,1,0,rock,Homonymy,Darii,2,1,All rock has guitars,Some marble is rock,Some marble has guitars,NA,3549,Darii,0,1,0,0
69_2,69,N1-c-M1,2,1,trucks,Valid Filler,Datisi,2,1,All trucks are vehicles,Some trucks are big rigs,Some big rigs are vehicles,NA,3413,Datisi,1,1,0,0
69_3,69,N1-c-M1,3,0,star,Homonymy,Darii,2,1,All stars have autographs,Some red dwarfs are stars,Some red dwarfs have autographs,NA,2084,Darii,0,1,0,0
69_4,69,N1-c-M1,4,0,injuries,Invalid Filler,Datisi*,2,1,All broken bones are injuries,Some injuries are sunburns,Some sunburns are broken bones,NA,3897,Datisi,0,1,0,0
69_5,69,N1-c-M1,5,0,peppers,Invalid Filler,Datisi*,2,1,All jalapenos are peppers,Some peppers are yellow vegetables ,Some yellow vegetables are jalapenos,NA,2546,Datisi,0,1,0,0
69_6,69,N1-c-M1,6,1,grapes,Valid Filler,Dimatis,2,1,Some snacks are grapes,All grapes are fruits ,Some fruits are snacks,NA,2883,Dimatis,1,1,0,0
69_7,69,N1-c-M1,7,1,spices,Invalid Filler,Datisi*,2,1,All mustard seeds are spices ,Some spices are dried roots ,Some dried roots are mustard seeds,NA,5832,Datisi,0,0,0,0
69_8,69,N1-c-M1,8,0,city,Polysemy,Darii,2,1,All cities are bureaucracies,Some graffitied places are cities,Some graffitied places are bureaucracies,NA,17750,Darii,0,1,0,0
69_9,69,N1-c-M1,9,0,sausages,Invalid Filler,Darii*,2,1,All chili dogs are sausages,Some pizza toppings are sausages,Some pizza toppings are chili dogs,NA,2333,Darii,0,1,0,0
69_10,69,N1-c-M1,10,0,lunch,Polysemy,Datisi,2,1,All lunches are breaks,Some lunches are soups,Some soups are breaks,NA,1780,Datisi,0,1,0,0
69_11,69,N1-c-M1,11,0,ring,Homonymy,Disamis,2,1,Some rings are made of gold,All rings are sounds,Some sounds are made of gold,NA,2285,Disamis,0,1,0,0
69_12,69,N1-c-M1,12,1,doughnuts,Valid Filler,Disamis,2,1,Some doughnuts are glazed,All doughnuts are sugary foods,Some sugary foods are glazed,NA,3732,Disamis,1,1,0,0
69_13,69,N1-c-M1,13,0,board,Homonymy,Datisi,2,1,All boards are wooden planks,Some boards are governing organizations,Some governing organizations are wooden planks,NA,2316,Datisi,0,1,0,0
69_14,69,N1-c-M1,14,1,college,Polysemy,Disamis,2,1,Some colleges have chancellors,All colleges are groups of buildings,Some groups of buildings have chancellors,NA,20163,Disamis,0,0,0,0
69_15,69,N1-c-M1,15,0,toilets,Invalid Filler,Dimatis*,2,1,Some seats are toilets ,All urinals are toilets,Some urinals are seats,NA,1983,Dimatis,0,1,0,0
69_16,69,N1-c-M1,16,1,company,Polysemy,Datisi,2,1,All companies are buildings,Some companies are hierarchies,Some hierarchies are buildings,NA,5065,Datisi,0,0,0,0
69_17,69,N1-c-M1,17,0,ponies,Valid Filler,Darii,2,1,All ponies neigh,Some thoroughbreds are ponies,Some thoroughbreds neigh,NA,3468,Darii,1,0,0,0
69_18,69,N1-c-M1,18,0,match,Homonymy,Dimatis,2,1,Some pay-per-view broadcasts are matches,All matches are fire starters,Some fire starters are pay-per-view broadcasts,NA,3446,Dimatis,0,1,0,0
69_19,69,N1-c-M1,19,1,rifles,Valid Filler,Dimatis,2,1,Some safety hazards are rifles,All rifles are guns,Some guns are safety hazards,NA,2668,Dimatis,1,1,0,0
69_20,69,N1-c-M1,20,1,letter,Polysemy,Darii,2,1,All letters have stamps,Some rejections are letters,Some rejections have stamps,NA,3365,Darii,0,0,0,0
69_21,69,N1-c-M1,21,0,funerals,Invalid Filler,Darii*,2,1,All anonymous burials are funerals,Some family gatherings are funerals,Some family gatherings are anonymous burials,NA,4000,Darii,0,1,0,0
69_22,69,N1-c-M1,22,1,dolls,Valid Filler,Disamis,2,1,Some dolls are toys,All dolls are man made objects,Some man made objects are toys,NA,2500,Disamis,1,1,0,0
69_23,69,N1-c-M1,23,0,school,Polysemy,Dimatis,2,1,Some rectangular buildings are schools,All schools are employers,Some employers are rectangular buildings,NA,5464,Dimatis,0,1,0,0
69_24,69,N1-c-M1,24,1,statues,Valid Filler,Darii,2,1,All statues are sculptures,Some artworks are statues,Some artworks are sculptures,NA,2583,Darii,1,1,0,0
69_25,69,N1-c-M1,25,0,wave,Homonymy,Datisi,2,1,All waves are water,Some waves are gestures,Some gestures are water,NA,1679,Datisi,0,1,0,0
69_26,69,N1-c-M1,26,0,colors,Invalid Filler,Dimatis*,2,1,Some pastels are colors,All shade of neon green are colors ,Some shades of neon green are pastels,NA,5751,Dimatis,0,1,0,0
69_27,69,N1-c-M1,27,1,book,Polysemy,Datisi,2,1,All books are printed,Some books are romances,Some romances are printed,NA,2597,Datisi,0,0,0,0
69_28,69,N1-c-M1,28,1,clowns,Valid Filler,Disamis,2,1,Some clowns are mimes,All clowns are entertainers,Some entertainers are mimes,NA,2464,Disamis,1,1,0,0
69_29,69,N1-c-M1,29,0,picnic,Polysemy,Darii,2,1,All picnics happen in nature,Some salads are picnics,Some salads happen in nature,NA,2982,Darii,0,1,0,0
69_30,69,N1-c-M1,30,1,suit,Homonymy,Dimatis,2,1,Some court proceedings are suits,All suits are formal outfits,Some formal outfits are court proceedings,NA,3434,Dimatis,0,0,0,0
69_31,69,N1-c-M1,31,1,swords,Valid Filler,Dimatis,2,1,Some sharp things are swords,All swords are weapons,Some weapons are sharp things,NA,2414,Dimatis,1,1,0,0
69_32,69,N1-c-M1,32,0,steaks,Invalid Filler,Dimatis*,2,1,Some delicious entrées are steaks,All rotten ribeyes are steaks,Some rotten ribeyes are delicious entrées,NA,3781,Dimatis,0,1,0,0
69_33,69,N1-c-M1,33,1,singers,Valid Filler,Disamis,2,1,Some singers are guitarists,All singers are vocalists,Some vocalists are guitarists,NA,2582,Disamis,1,1,0,0
69_34,69,N1-c-M1,34,0,dresses,Invalid Filler,Disamis*,2,1,Some dresses are cocktail outfits,All ball gowns are dresses ,Some ball gowns are cocktail outfits,NA,3116,Disamis,0,1,0,0
69_35,69,N1-c-M1,35,0,change,Homonymy,Disamis,2,1,Some change is transformation,All change is money,Some money is transformation,NA,2247,Disamis,0,1,0,0
69_36,69,N1-c-M1,36,0,ruler,Homonymy,Dimatis,2,1,Some queens are rulers,All rulers are standard lengths,Some standard lengths are queens,NA,2800,Dimatis,0,1,0,0
69_37,69,N1-c-M1,37,0,breakfast,Polysemy,Disamis,2,1,Some breakfasts are under an hour,All breakfasts are nutrients,Some nutrients are under an hour,NA,3083,Disamis,0,1,0,0
69_38,69,N1-c-M1,38,1,poets,Valid Filler,Darii,2,1,All poets are writers ,Some teachers are poets,Some teachers are writers,NA,2080,Darii,1,1,0,0
69_39,69,N1-c-M1,39,0,dinner,Polysemy,Dimatis,2,1,Some black tie events are dinners,All dinners are foods,Some foods are black tie events,NA,2417,Dimatis,0,1,0,0
69_40,69,N1-c-M1,40,1,liars,Valid Filler,Datisi,2,1,All liars are humans,Some liars are criminals,Some criminals are humans,NA,1766,Datisi,1,1,0,0
69_41,69,N1-c-M1,41,0,ball,Homonymy,Datisi,2,1,All balls are toys,Some balls are senior proms,Some senior proms are toys,NA,1948,Datisi,0,1,0,0
69_42,69,N1-c-M1,42,0,thieves,Invalid Filler,Datisi*,2,1,All mob bosses are thieves,Some thieves are children,Some children are mob bosses,NA,2017,Datisi,0,1,0,0
69_43,69,N1-c-M1,43,1,widows,Valid Filler,Datisi,2,1,All widows are women,Some widows are parents,Some parents are women,NA,1878,Datisi,1,1,0,0
69_44,69,N1-c-M1,44,0,shapes,Invalid Filler,Dimatis*,2,1,Some road signs are shapes,All cylinders are shapes,Some cylinders are road signs,NA,3235,Dimatis,0,1,0,0
69_45,69,N1-c-M1,45,0,bat,Homonymy,Disamis,2,1,Some bats are made for softball,All bats are animals,Some animals are made for softball,NA,1915,Disamis,0,1,0,0
69_46,69,N1-c-M1,46,1,suitcases,Valid Filler,Datisi,2,1,All suitcases are pieces of luggage,Some suitcases are bags,Some bags are pieces of luggage,NA,2800,Datisi,1,1,0,0
69_47,69,N1-c-M1,47,0,actors,Invalid Filler,Darii*,2,1,All male leads are actors,Some women are actors,Some women are male leads,NA,2030,Darii,0,1,0,0
69_48,69,N1-c-M1,48,0,dances,Invalid Filler,Disamis*,2,1,Some dances are mating rituals ,All ballets are dances,Some ballets are mating rituals ,NA,2483,Disamis,0,1,0,0
69_49,69,N1-c-M1,49,1,mugs,Valid Filler,Darii,2,1,All mugs are cups ,Some ceramics are mugs,Some ceramics are cups ,NA,1915,Darii,1,1,0,0
69_50,69,N1-c-M1,50,0,antiques,Invalid Filler,Disamis*,2,1,Some antiques are pieces of jewelry,All medieval manuscripts are antiques ,Some medieval manuscripts are pieces of jewelry,NA,5832,Disamis,0,1,0,0
69_51,69,N1-c-M1,51,1,burgers,Valid Filler,Dimatis,2,1,Some entrées are burgers,All burgers are sandwiches,Some sandwiches are entrées,NA,2099,Dimatis,1,1,0,0
69_52,69,N1-c-M1,52,0,magazines,Polysemy,Dimatis,2,1,Some recyclables are magazines,All magazines are subscriptions,Some subscriptions are recyclables,NA,2386,Dimatis,0,1,0,0
69_53,69,N1-c-M1,53,0,novel,Polysemy,Disamis,2,1,Some novels weigh over a pound,All novels are stories,Some stories weigh over a pound,NA,6463,Disamis,0,1,0,0
69_54,69,N1-c-M1,54,0,mothers,Invalid Filler,Disamis*,2,1,Some mothers are teens,All grandmas are mothers,Some grandmas are teens,NA,2532,Disamis,0,1,0,0
69_55,69,N1-c-M1,55,0,stones,Invalid Filler,Darii*,2,1,All boulders are stones,Some paperweights are stones,Some paperweights are boulders,NA,2033,Darii,0,1,0,0
69_56,69,N1-c-M1,56,0,cabinet,Homonymy,Darii,2,1,All cabinets are political appointments,Some shelving units are cabinets,Some shelving units are political appointments,NA,3299,Darii,0,1,0,0
70_1,70,N1-c-M1,1,0,board,Homonymy,Darii,3,1,All boards are wooden planks,Some governing organizations are boards,Some governing organizations are wooden planks,NA,6540,Darii,0,1,0,0
70_2,70,N1-c-M1,2,1,swords,Valid Filler,Datisi,3,1,All swords are weapons,Some swords are museum pieces,Some museum pieces are weapons,NA,4050,Datisi,1,1,0,0
70_3,70,N1-c-M1,3,0,Wave,Homonymy,Darii,3,1,All waves are water,Some gestures are waves,Some gestures are water,NA,2653,Darii,0,1,0,0
70_4,70,N1-c-M1,4,0,colors,Invalid Filler,Datisi*,3,1,All shades of neon green are colors ,Some colors are pastels,Some pastels are shades of neon green ,NA,6886,Datisi,0,1,0,0
70_5,70,N1-c-M1,5,1,shapes,Invalid Filler,Datisi*,3,1,All road signs are shapes,Some shapes are cylinders,Some cylinders are road signs,NA,9504,Datisi,0,0,0,0
70_6,70,N1-c-M1,6,1,dolls,Valid Filler,Dimatis,3,1,Some toys are dolls ,All dolls are man made objects,Some man made objects are toys,NA,3396,Dimatis,1,1,0,0
70_7,70,N1-c-M1,7,0,steaks,Invalid Filler,Datisi*,3,1,All rotten ribeyes are steaks,Some steaks are delicious meals,Some delicious meals are rotten ribeyes,NA,6542,Datisi,0,1,0,0
70_8,70,N1-c-M1,8,0,company,Polysemy,Darii,3,1,All companies are buildings,Some tech giants are companies,Some tech giants are buildings,NA,7463,Darii,0,1,0,0
70_9,70,N1-c-M1,9,0,thieves,Invalid Filler,Darii*,3,1,All mob bosses are thieves,Some children are thieves,Some children are mob bosses,NA,6012,Darii,0,1,0,0
70_10,70,N1-c-M1,10,0,dinner,Polysemy,Datisi,3,1,All dinners happen after four o'clock,Some dinners are meatloafs,Some meatloafs happen after four o'clock,NA,8230,Datisi,0,1,0,0
70_11,70,N1-c-M1,11,0,cabinet,Homonymy,Disamis,3,1,Some cabinets are antique furniture,All cabinets are political appointments,Some political appointments are antique furniture,NA,8752,Disamis,0,1,0,0
70_12,70,N1-c-M1,12,1,mugs,Valid Filler,Disamis,3,1,Some mugs are ceramics,All mugs are cups ,Some cups are ceramics,NA,3733,Disamis,1,1,0,0
70_13,70,N1-c-M1,13,0,suit,Homonymy,Datisi,3,1,All suits are dress attire,Some suits are court proceedings,Some court proceedings are dress attire,NA,5163,Datisi,0,1,0,0
70_14,70,N1-c-M1,14,1,city,Polysemy,Disamis,3,1,Some cities are corrupt,All cities are groups of buildings,Some groups of buildings are corrupt,NA,12195,Disamis,0,0,0,0
70_15,70,N1-c-M1,15,0,mothers,Invalid Filler,Dimatis*,3,1,Some teens are mothers,All grandmas are mothers ,Some grandmas are teens,NA,9179,Dimatis,0,1,0,0
70_16,70,N1-c-M1,16,0,school,Polysemy,Datisi,3,1,All schools have hallways,Some schools are employers,Some employers have hallways,NA,5732,Datisi,0,1,0,0
70_17,70,N1-c-M1,17,1,widows,Valid Filler,Darii,3,1,All widows are women,Some parents are widows ,Some parents are women,NA,4696,Darii,1,1,0,0
70_18,70,N1-c-M1,18,0,change,Homonymy,Dimatis,3,1,Some transformation is change,All change is money,Some money is transformation,NA,3746,Dimatis,0,1,0,0
70_19,70,N1-c-M1,19,1,clowns,Valid Filler,Dimatis,3,1,Some jugglers are clowns ,All clowns are performers,Some performers are jugglers,NA,2767,Dimatis,1,1,0,0
70_20,70,N1-c-M1,20,0,book,Polysemy,Darii,3,1,All books are bound,Some exposés are books,Some exposés are bound,NA,6772,Darii,0,1,0,0
70_21,70,N1-c-M1,21,0,spices,Invalid Filler,Darii*,3,1,All mustard seeds are spices,Some dried roots are spices ,Some dried roots are mustard seeds,NA,5534,Darii,0,1,0,0
70_22,70,N1-c-M1,22,1,poets,Valid Filler,Disamis,3,1,Some poets are teachers,All poets are writers ,Some writers are teachers,NA,2745,Disamis,1,1,0,0
70_23,70,N1-c-M1,23,1,college,Polysemy,Dimatis,3,1,Some funding sources are colleges,All colleges are places filled with desks,Some places filled with desks are funding sources,NA,4443,Dimatis,0,0,0,0
70_24,70,N1-c-M1,24,1,suitcases,Valid Filler,Darii,3,1,All suitcases are luggage,Some bags are suitcases,Some bags are luggage,NA,3452,Darii,1,1,0,0
70_25,70,N1-c-M1,25,0,match,Homonymy,Datisi,3,1,All matches are combustible,Some matches are pay-per-view broadcasts,Some pay-per-view broadcasts are combustible,NA,11058,Datisi,0,1,0,0
70_26,70,N1-c-M1,26,0,antiques,Invalid Filler,Dimatis*,3,1,Some pieces of jewelry are antiques,All medieval manuscripts are antiques  ,Some medieval manuscripts are pieces of jewelry,NA,3724,Dimatis,0,1,0,0
70_27,70,N1-c-M1,27,0,magazines,Polysemy,Datisi,3,1,All magazines are recyclable,Some magazines are media corporations ,Some media corporations are recyclable,NA,18123,Datisi,0,1,0,0
70_28,70,N1-c-M1,28,1,statues,Valid Filler,Disamis,3,1,Some statues are bronzes,All statues are sculptures,Some sculptures are bronzes,NA,4779,Disamis,1,1,0,0
70_29,70,N1-c-M1,29,0,lunch,Polysemy,Darii,3,1,All lunches are breaks,Some sandwiches are lunches,Some sandwiches are breaks ,NA,2137,Darii,0,1,0,0
70_30,70,N1-c-M1,30,0,bat,Homonymy,Dimatis,3,1,Some sporting goods are bats,All bats are animals,Some animals are sporting goods,NA,5490,Dimatis,0,1,0,0
70_31,70,N1-c-M1,31,1,doughnuts,Valid Filler,Dimatis,3,1,Some pastries are doughnuts ,All doughnuts are sugary foods,Some sugary foods are pastries,NA,3137,Dimatis,1,1,0,0
70_32,70,N1-c-M1,32,1,dresses,Invalid Filler,Dimatis*,3,1,Some cocktail outfits are dresses,All ball gowns are dresses ,Some ball gowns are cocktail outfits,NA,6310,Dimatis,0,0,0,0
70_33,70,N1-c-M1,33,1,ponies,Valid Filler,Disamis,3,1,Some ponies are thoroughbreds,All ponies are neighing animals,Some neighing animals are thoroughbreds,NA,9681,Disamis,1,1,0,0
70_34,70,N1-c-M1,34,0,funerals,Invalid Filler,Disamis*,3,1,Some funerals are family gatherings,All anonymous burials are funerals,Some anonymous burials are family gatherings,NA,11244,Disamis,0,1,0,0
70_35,70,N1-c-M1,35,0,star,Homonymy,Disamis,3,1,Some stars are red dwarfs,All stars are famous people,Some famous people are red dwarfs,NA,6456,Disamis,0,1,0,0
70_36,70,N1-c-M1,36,0,ring,Homonymy,Dimatis,3,1,Some accessories are rings,All rings are sounds,Some sounds are accessories,NA,2610,Dimatis,0,1,0,0
70_37,70,N1-c-M1,37,1,picnic,Polysemy,Disamis,3,1,Some picnics are romantic,All picnics are prepared foods,Some prepared foods are romantic,NA,7930,Disamis,0,0,0,0
70_38,70,N1-c-M1,38,1,liars,Valid Filler,Darii,3,1,All liars are humans,Some criminals are liars ,Some criminals are humans,NA,3117,Darii,1,1,0,0
70_39,70,N1-c-M1,39,0,breakfast,Polysemy,Dimatis,3,1,Some meetings are breakfasts,All breakfasts are nutrients,Some nutrients are meetings,NA,3620,Dimatis,0,1,0,0
70_40,70,N1-c-M1,40,1,grapes,Valid Filler,Datisi,3,1,All grapes are fruits,Some grapes are snacks,Some snacks are fruits ,NA,3707,Datisi,1,1,0,0
70_41,70,N1-c-M1,41,0,ruler,Homonymy,Datisi,3,1,All rulers are standard lengths,Some rulers are queens,Some queens are standard lengths,NA,4623,Datisi,0,1,0,0
70_42,70,N1-c-M1,42,1,toilets,Invalid Filler,Datisi*,3,1,All outhouses are toilets,Some toilets are urinals ,Some urinals are outhouses,NA,5247,Datisi,0,0,0,0
70_43,70,N1-c-M1,43,1,burgers,Valid Filler,Datisi,3,1,All burgers have protein,Some burgers are drive-thru orders,Some drive-thru orders have protein,NA,8719,Datisi,1,1,0,0
70_44,70,N1-c-M1,44,0,dances,Invalid Filler,Dimatis*,3,1,Some mating rituals are dances,All ballets are dances ,Some ballets are mating rituals ,NA,4420,Dimatis,0,1,0,0
70_45,70,N1-c-M1,45,0,rock,Homonymy,Disamis,3,1,Some rock is marble,All rock is music,Some music is marble,NA,2755,Disamis,0,1,0,0
70_46,70,N1-c-M1,46,1,rifles,Valid Filler,Datisi,3,1,All rifles are guns,Some rifles are safety hazards,Some safety hazards are guns,NA,5187,Datisi,1,1,0,0
70_47,70,N1-c-M1,47,0,injuries,Invalid Filler,Darii*,3,1,All broken bones are injuries,Some sunburns are injuries,Some sunburns are broken bones,NA,3676,Darii,0,1,0,0
70_48,70,N1-c-M1,48,1,stones,Invalid Filler,Disamis*,3,1,Some stones are pebbles,All boulders are stones,Some boulders are pebbles,NA,24997,Disamis,0,0,0,0
70_49,70,N1-c-M1,49,1,trucks,Valid Filler,Darii,3,1,All trucks are vehicles,Some cars are trucks ,Some cars are vehicles,NA,2284,Darii,1,1,0,0
70_50,70,N1-c-M1,50,0,actors,Invalid Filler,Disamis*,3,1,Some actors are women,All male leads are actors,Some male leads are women,NA,5793,Disamis,0,1,0,0
70_51,70,N1-c-M1,51,1,singers,Valid Filler,Dimatis,3,1,Some YouTubers are singers,All singers are musicians,Some musicians are YouTubers,NA,6638,Dimatis,1,1,0,0
70_52,70,N1-c-M1,52,0,novel,Polysemy,Dimatis,3,1,Some flammable objects are novels,All novels are fictions,Some fictions are flammable objects,NA,4970,Dimatis,0,1,0,0
70_53,70,N1-c-M1,53,0,letter,Polysemy,Disamis,3,1,Some letters are crumpled,All letters are communications,Some communications are crumpled,NA,4904,Disamis,0,1,0,0
70_54,70,N1-c-M1,54,0,sausages,Invalid Filler,Disamis*,3,1,Some sausages are chili dogs,All pepperonis are sausages,Some pepperonis are chili dogs,NA,3825,Disamis,0,1,0,0
70_55,70,N1-c-M1,55,0,peppers,Invalid Filler,Darii*,3,1,All jalapenos are peppers ,Some yellow vegetables are peppers,Some yellow vegetables are jalapenos,NA,27078,Darii,0,1,0,0
70_56,70,N1-c-M1,56,0,ball,Homonymy,Darii,3,1,All balls are toys,Some birthday parties are balls,Some senior proms are toys,NA,2665,Darii,0,1,0,0
71_1,71,N1-c-M1,1,1,book,Polysemy,Disamis,4,2,Some books are doorstops,All books are pieces of intellectual property,Some pieces of intellectual property are doorstops,NA,14904,Disamis,0,0,0,0
71_2,71,N1-c-M1,2,0,mothers,Invalid Filler,Datisi*,4,2,All grandmas are mothers ,Some mothers are teens,Some teens are grandmas,NA,7553,Datisi,0,1,0,0
71_3,71,N1-c-M1,3,1,funerals,Invalid Filler,Dimatis*,4,2,Some family gatherings are funerals,All anonymous burials are funerals,Some anonymous burials are family gatherings,NA,11494,Dimatis,0,0,0,0
71_4,71,N1-c-M1,4,1,peppers,Invalid Filler,Disamis*,4,2,Some peppers are yellow vegetables ,All jalapenos are peppers,Some jalapenos are yellow vegetables,NA,7759,Disamis,0,0,0,0
71_5,71,N1-c-M1,5,0,ball,Homonymy,Disamis,4,2,Some balls are senior proms,All balls are toys,Some toys are senior proms,NA,6399,Disamis,0,1,0,0
71_6,71,N1-c-M1,6,0,thieves,Invalid Filler,Disamis*,4,2,Some thieves are children,All mob bosses are thieves,Some mob bosses are children,NA,5103,Disamis,0,1,0,0
71_7,71,N1-c-M1,7,1,clowns,Valid Filler,Datisi,4,2,All clowns are entertainers,Some clowns are mimes,Some mimes are entertainers,NA,2640,Datisi,1,1,0,0
71_8,71,N1-c-M1,8,0,stones,Invalid Filler,Dimatis*,4,2,Some paperweights are stones,All boulders are stones,Some boulders are paperweights,NA,9360,Dimatis,0,1,0,0
71_9,71,N1-c-M1,9,1,dinner,Polysemy,Darii,4,2,All dinners happen after four o'clock,Some lasagnas are dinners,Some lasagnas happen after four o'clock,NA,4894,Darii,0,0,0,0
71_10,71,N1-c-M1,10,1,breakfast,Polysemy,Datisi,4,2,All breakfasts are under three hours,Some breakfasts are smoothies,Some smoothies are under three hours,NA,4624,Datisi,0,0,0,0
71_11,71,N1-c-M1,11,0,board,Homonymy,Disamis,4,2,Some boards are governing organizations,All boards are wooden planks,Some wooden planks are governing organizations,NA,5184,Disamis,0,1,0,0
71_12,71,N1-c-M1,12,0,cabinet,Homonymy,Dimatis,4,2,Some shelving units are cabinets,All cabinets are political appointments,Some political appointments are shelving units,NA,5648,Dimatis,0,1,0,0
71_13,71,N1-c-M1,13,1,school,Polysemy,Darii,4,2,All schools have classrooms,Some employers are schools,Some employers have classrooms,NA,3455,Darii,0,0,0,0
71_14,71,N1-c-M1,14,1,lunch,Polysemy,Disamis,4,2,Some lunches are breaks,All lunches are foods,Some foods are breaks,NA,3944,Disamis,0,0,0,0
71_15,71,N1-c-M1,15,1,poets,Valid Filler,Dimatis,4,2,Some teachers are poets,All poets are writers ,Some writers are teachers,NA,2383,Dimatis,1,1,0,0
71_16,71,N1-c-M1,16,1,dolls,Valid Filler,Datisi,4,2,All dolls are man made,Some dolls are toys,Some toys are man made,NA,2343,Datisi,1,1,0,0
71_17,71,N1-c-M1,17,0,bat,Homonymy,Datisi,4,2,All bats are animals,Some bats are sporting goods,Some sporting goods are animals,NA,6023,Datisi,0,1,0,0
71_18,71,N1-c-M1,18,1,ruler,Homonymy,Darii,4,2,All rulers are standard lengths,Some queens are rulers,Some queens are standard lengths,NA,5048,Darii,0,0,0,0
71_19,71,N1-c-M1,19,0,Wave,Homonymy,Disamis,4,2,Some waves are gestures,All waves are liquids,Some liquids are gestures,NA,5214,Disamis,0,1,0,0
71_20,71,N1-c-M1,20,1,trucks,Valid Filler,Disamis,4,2,Some trucks are big rigs,All trucks are vehicles,Some vehicles are big rigs,NA,2135,Disamis,1,1,0,0
71_21,71,N1-c-M1,21,1,sausages,Invalid Filler,Dimatis*,4,2,Some pizza toppings are sausages,All chili dogs are sausages,Some chili dogs are pizza toppings,NA,6055,Dimatis,0,0,0,0
71_22,71,N1-c-M1,22,1,picnic,Polysemy,Dimatis,4,2,Some summertime activities are picnics,All picnics are prepared foods,Some prepared foods are summertime activities,NA,7863,Dimatis,0,0,0,0
71_23,71,N1-c-M1,23,1,doughnuts,Valid Filler,Datisi,4,2,All doughnuts are sugary ,Some doughnuts are treats,Some treats are sugary,NA,1816,Datisi,1,1,0,0
71_24,71,N1-c-M1,24,1,suitcases,Valid Filler,Disamis,4,2,Some suitcases are bags,All suitcases are pieces of luggage,Some pieces of luggage are bags,NA,2694,Disamis,1,1,0,0
71_25,71,N1-c-M1,25,0,toilets,Invalid Filler,Darii*,4,2,All urinals are toilets,Some seats are toilets,Some seats are urinals,NA,7600,Darii,0,1,0,0
71_26,71,N1-c-M1,26,1,company,Polysemy,Disamis,4,2,Some companies are in city centers,All companies are hierarchies,Some hierarchies are in city centers,NA,3631,Disamis,0,0,0,0
71_27,71,N1-c-M1,27,1,letter,Polysemy,Dimatis,4,2,Some papers are letters,All letters are communications,Some communications are papers,NA,3153,Dimatis,0,0,0,0
71_28,71,N1-c-M1,28,1,liars,Valid Filler,Disamis,4,2,Some liars are criminals,All liars are humans,Some humans are criminals ,NA,1951,Disamis,1,1,0,0
71_29,71,N1-c-M1,29,1,change,Homonymy,Datisi,4,2,All change is money,Some change is transformation,Some transformation is money,NA,13208,Datisi,0,0,0,0
71_30,71,N1-c-M1,30,0,antiques,Invalid Filler,Datisi*,4,2,All medieval manuscripts are antiques ,Some antiques are pieces of jewelry,Some pieces of jewelry are medieval manuscripts,NA,5905,Datisi,0,1,0,0
71_31,71,N1-c-M1,31,1,ponies,Valid Filler,Dimatis,4,2,Some thoroughbreds are ponies,All ponies are neighing animals,Some neighing animals are thoroughbreds,NA,2567,Dimatis,1,1,0,0
71_32,71,N1-c-M1,32,1,actors,Invalid Filler,Dimatis*,4,2,Some women are actors,All male leads are actors,Some male leads are women,NA,5345,Dimatis,0,0,0,0
71_33,71,N1-c-M1,33,1,grapes,Valid Filler,Darii,4,2,All grapes are fruits ,Some snacks are grapes,Some snacks are fruits,NA,3366,Darii,1,1,0,0
71_34,71,N1-c-M1,34,1,shapes,Invalid Filler,Darii*,4,2,All cylinders are shapes,Some road signs are shapes,Some road signs are cylinders,NA,2665,Darii,0,0,0,0
71_35,71,N1-c-M1,35,1,burgers,Valid Filler,Darii,4,2,All burgers have protein,Some entrées are burgers,Some entrées have protein,NA,7703,Darii,1,1,0,0
71_36,71,N1-c-M1,36,1,widows,Valid Filler,Disamis,4,2,Some widows are parents,All widows are women,Some women are parents,NA,7560,Disamis,1,1,0,0
71_37,71,N1-c-M1,37,0,star,Homonymy,Dimatis,4,2,Some celestial objects are stars,All stars are famous people,Some famous people are celestial objects,NA,5697,Dimatis,0,1,0,0
71_38,71,N1-c-M1,38,0,steaks,Invalid Filler,Darii*,4,2,All rotten ribeyes are steaks,Some delicious meals are steaks,Some delicoius meals are rotten ribeyes,NA,3903,Darii,0,1,0,0
71_39,71,N1-c-M1,39,1,swords,Valid Filler,Darii,4,2,All swords are weapons,Some sharp objects are swords,Some sharp objects are weapons,NA,9673,Darii,1,1,0,0
71_40,71,N1-c-M1,40,1,mugs,Valid Filler,Dimatis,4,2,Some ceramics are mugs,All mugs are cups ,Some cups are ceramics,NA,2583,Dimatis,1,1,0,0
71_41,71,N1-c-M1,41,0,magazines,Polysemy,Darii,4,2,All magazines are recyclable,Some media corporations are magazines,Some media corporations are recyclable,NA,7287,Darii,0,1,0,0
71_42,71,N1-c-M1,42,1,rifles,Valid Filler,Darii,4,2,All rifles are guns,Some safety hazards are rifles,Some safety hazards are guns,NA,2656,Darii,1,1,0,0
71_43,71,N1-c-M1,43,0,rock,Homonymy,Dimatis,4,2,Some marble is rock,All rock is music,Some music is marble,NA,3056,Dimatis,0,1,0,0
71_44,71,N1-c-M1,44,0,ring,Homonymy,Datisi,4,2,All rings are sounds,Some rings are accessories,Some accessories are sounds,NA,9703,Datisi,0,1,0,0
71_45,71,N1-c-M1,45,1,colors,Invalid Filler,Darii*,4,2,Some pastels are colors,All shades of neon green are colors ,Some shades of neon green are pastels,NA,2264,Darii,0,0,0,0
71_46,71,N1-c-M1,46,0,novel,Polysemy,Datisi,4,2,All novels are flammable,Some novels are debuts,Some debuts are flammable,NA,3664,Datisi,0,1,0,0
71_47,71,N1-c-M1,47,1,singers,Valid Filler,Datisi,4,2,All singers are performers,Some singers are men,Some men are performers,NA,1840,Datisi,1,1,0,0
71_48,71,N1-c-M1,48,1,city,Polysemy,Dimatis,4,2,Some bureaucracies are cities,All cities are graffitied places,Some graffitied places are bureaucracies,NA,4432,Dimatis,0,0,0,0
71_49,71,N1-c-M1,49,1,suit,Homonymy,Darii,4,2,All suits are dress attire,Some court proceedings are suits,Some court proceedings are dress attire,NA,10152,Darii,0,0,0,0
71_50,71,N1-c-M1,50,1,dresses,Invalid Filler,Datisi*,4,2,All ball gowns are dresses ,Some dresses are cocktail outfits,Some cocktail outfits are ball gowns,NA,2351,Datisi,0,0,0,0
71_51,71,N1-c-M1,51,1,dances,Invalid Filler,Datisi*,4,2,All ballets are dances ,Some dances are mating rituals,Some mating rituals are ballets ,NA,7183,Datisi,0,0,0,0
71_52,71,N1-c-M1,52,1,statues,Valid Filler,Dimatis,4,2,Some bronzes are statues,All statues are sculptures,Some sculptures are bronzes,NA,2120,Dimatis,1,1,0,0
71_53,71,N1-c-M1,53,0,match,Homonymy,Darii,4,2,All matches are combustible,Some pay-per-view broadcasts are matches,Some pay-per-view broadcasts are combustible,NA,5975,Darii,0,1,0,0
71_54,71,N1-c-M1,54,1,spices,Invalid Filler,Disamis*,4,2,Some spices are dried roots,All mustard seeds are spices ,Some mustard seeds are dried roots,NA,2848,Disamis,0,0,0,0
71_55,71,N1-c-M1,55,0,injuries,Invalid Filler,Disamis*,4,2,Some injuries are sunburns,All broken bones are injuries,Some broken bones are sunburns,NA,3520,Disamis,0,1,0,0
71_56,71,N1-c-M1,56,1,college,Polysemy,Datisi,4,2,All colleges grant degrees,Some colleges are historic buildings,Some historic buildings grant degrees,NA,3695,Datisi,0,0,0,0
72_1,72,N1-c-M1,1,1,bat,Homonymy,Darii,1,1,All bats share a common ancestor,Some sporting goods are bats,Some sporting goods share a common ancestor,NA,29356,Darii,0,0,0,0
72_2,72,N1-c-M1,2,1,mugs,Valid Filler,Datisi,1,1,All mugs are cups ,Some mugs are ceramics,Some ceramics are cups ,NA,3926,Datisi,1,1,0,0
72_3,72,N1-c-M1,3,1,change,Homonymy,Darii,1,1,All change is money,Some surprises are change,Some surprises are money,NA,3407,Darii,0,0,0,0
72_4,72,N1-c-M1,4,0,actors,Invalid Filler,Datisi*,1,1,All male leads are actors,Some actors are women,Some women are male leads,NA,5790,Datisi,0,1,0,0
72_5,72,N1-c-M1,5,0,stones,Invalid Filler,Datisi*,1,1,All pebbles are stones,Some stones are boulders,Some boulders are pebbles,NA,8624,Datisi,0,1,0,0
72_6,72,N1-c-M1,6,1,liars,Valid Filler,Dimatis,1,1,Some criminals are liars ,All liars are humans,Some humans are criminals ,NA,5016,Dimatis,1,1,0,0
72_7,72,N1-c-M1,7,0,funerals,Invalid Filler,Datisi*,1,1,All open-casket services are funerals,Some funerals are anonymous burials,Some anonymous burials are open-casket services,NA,23119,Datisi,0,1,0,0
72_8,72,N1-c-M1,8,0,college,Polysemy,Darii,1,1,All colleges grant degrees,Some historic buildings are colleges,Some historic buildings grant degrees,NA,14127,Darii,0,1,0,0
72_9,72,N1-c-M1,9,0,mothers,Invalid Filler,Darii*,1,1,All grandmothers are mothers,Some teens are mothers,Some teens are grandmothers,NA,4679,Darii,0,1,0,0
72_10,72,N1-c-M1,10,0,picnic,Polysemy,Datisi,1,1,All picnics happen in nature,Some picnics are salads,Some salads happen in nature,NA,3991,Datisi,0,1,0,0
72_11,72,N1-c-M1,11,0,ruler,Homonymy,Disamis,1,1,Some rulers are kings,All rulers are standard lengths,Some standard lengths are kings,NA,6753,Disamis,0,1,0,0
72_12,72,N1-c-M1,12,1,swords,Valid Filler,Disamis,1,1,Some swords are decorative,All swords are weapons ,Some weapons are decorative ,NA,8823,Disamis,1,1,0,0
72_13,72,N1-c-M1,13,0,rock,Homonymy,Datisi,1,1,All rock has guitars,Some rock is marble,Some marble has guitars,NA,3304,Datisi,0,1,0,0
72_14,72,N1-c-M1,14,0,school,Polysemy,Disamis,1,1,Some schools are rectangular,All schools are employers,Some employers are rectangular,NA,4006,Disamis,0,1,0,0
72_15,72,N1-c-M1,15,0,thieves,Invalid Filler,Dimatis*,1,1,Some children are thieves,All mob bosses are thieves,Some mob bosses are children,NA,4073,Dimatis,0,1,0,0
72_16,72,N1-c-M1,16,0,city,Polysemy,Datisi,1,1,All cities are bureaucracies,Some cities are graffitied places,Some graffitied places are bureaucracies,NA,4686,Datisi,0,1,0,0
72_17,72,N1-c-M1,17,1,singers,Valid Filler,Darii,1,1,All singers are vocalists ,Some guitarists are singers,Some guitarists are vocalists,NA,4946,Darii,1,1,0,0
72_18,72,N1-c-M1,18,0,Wave,Homonymy,Dimatis,1,1,Some gestures are waves,All waves are liquids,Some liquids are gestures,NA,3710,Dimatis,0,1,0,0
72_19,72,N1-c-M1,19,1,suitcases,Valid Filler,Dimatis,1,1,Some bags are suitcases,All suitcases are pieces of luggage,Some pieces of luggage are bags,NA,4006,Dimatis,1,1,0,0
72_20,72,N1-c-M1,20,0,novel,Polysemy,Darii,1,1,All novels are flammable,Some debuts are novels,Some debuts are flammable,NA,4202,Darii,0,1,0,0
72_21,72,N1-c-M1,21,0,dresses,Invalid Filler,Darii*,1,1,All ball gowns are dresses ,Some cocktail outfits are dresses,Some cocktail outfits are ball gowns,NA,7143,Darii,0,1,0,0
72_22,72,N1-c-M1,22,1,grapes,Valid Filler,Disamis,1,1,Some grapes are red ,All grapes are fruits ,Some fruits are red ,NA,3202,Disamis,1,1,0,0
72_23,72,N1-c-M1,23,0,company,Polysemy,Dimatis,1,1,Some storefronts are companies,All companies are hierarchies,Some hierarchies are storefronts,NA,4174,Dimatis,0,1,0,0
72_24,72,N1-c-M1,24,1,clowns,Valid Filler,Darii,1,1,All clowns can juggle ,Some circus performers are clowns ,Some circus performers can juggle,NA,3327,Darii,1,1,0,0
72_25,72,N1-c-M1,25,0,star,Homonymy,Datisi,1,1,All stars have autographs,Some stars are red dwarfs,Some red dwarfs have autographs,NA,6480,Datisi,0,1,0,0
72_26,72,N1-c-M1,26,0,injuries,Invalid Filler,Dimatis*,1,1,Some sunburns are injuries,All broken bones are injuries,Some broken bones are sunburns,NA,4085,Dimatis,0,1,0,0
72_27,72,N1-c-M1,27,1,letter,Polysemy,Datisi,1,1,All letters have stamps,Some letters are rejections,Some rejections have stamps,NA,6375,Datisi,0,0,0,0
72_28,72,N1-c-M1,28,1,rifles,Valid Filler,Disamis,1,1,Some rifles are for hunting,All rifles are guns ,Some guns are for hunting,NA,6394,Disamis,1,1,0,0
72_29,72,N1-c-M1,29,0,breakfast,Polysemy,Darii,1,1,All breakfasts are under three hours,Some smoothies are breakfasts,Some smoothies are under three hours,NA,4544,Darii,0,1,0,0
72_30,72,N1-c-M1,30,0,board,Homonymy,Dimatis,1,1,Some governing organizations are boards,All boards are wooden planks,Some wooden planks are governing organizations,NA,3567,Dimatis,0,1,0,0
72_31,72,N1-c-M1,31,1,trucks,Valid Filler,Dimatis,1,1,Some cars are trucks ,All trucks are vehicles,Some vehicles are cars ,NA,2966,Dimatis,1,1,0,0
72_32,72,N1-c-M1,32,0,spices,Invalid Filler,Dimatis*,1,1,Some dried roots are spices ,All mustard seeds are spices ,Some mustard seeds are dried roots,NA,4080,Dimatis,0,1,0,0
72_33,72,N1-c-M1,33,0,burgers,Valid Filler,Disamis,1,1,Some burgers are overcooked ,All burgers are sandwiches,Some sandwiches are overcooked ,NA,4503,Disamis,1,0,0,0
72_34,72,N1-c-M1,34,1,steaks,Invalid Filler,Disamis*,1,1,Some steaks are filet mignons,All ribeyes are steaks,Some ribeyes are filet mignons,NA,4672,Disamis,0,0,0,0
72_35,72,N1-c-M1,35,0,match,Homonymy,Disamis,1,1,Some matches are pay-per-view,All matches are fire starters,Some fire starters are pay-per-view,NA,8448,Disamis,0,1,0,0
72_36,72,N1-c-M1,36,0,ball,Homonymy,Dimatis,1,1,Some parties are balls,All balls are toys,Some toys are parties,NA,2633,Dimatis,0,1,0,0
72_37,72,N1-c-M1,37,0,dinner,Polysemy,Disamis,1,1,Some dinners are black tie,All dinners are foods,Some foods are black tie,NA,5335,Disamis,0,1,0,0
72_38,72,N1-c-M1,38,1,dolls,Valid Filler,Darii,1,1,All dolls are man made,Some toys are dolls ,Some toys are man made,NA,2904,Darii,1,1,0,0
72_39,72,N1-c-M1,39,0,lunch,Polysemy,Dimatis,1,1,Some breaks are lunches,All lunches are foods,Some foods are breaks,NA,2951,Dimatis,0,1,0,0
72_40,72,N1-c-M1,40,1,poets,Valid Filler,Datisi,1,1,All poets are writers ,Some poets are teachers,Some teachers are writers,NA,3046,Datisi,1,1,0,0
72_41,72,N1-c-M1,41,0,cabinet,Homonymy,Datisi,1,1,All cabinets are political appointments,Some cabinets are shelving units,Some shelving units are political appointments,NA,3639,Datisi,0,1,0,0
72_42,72,N1-c-M1,42,0,sausages,Invalid Filler,Datisi*,1,1,All chili dogs are sausages,Some sausages are salamis,Some salamis are chili dogs,NA,4512,Datisi,0,1,0,0
72_43,72,N1-c-M1,43,1,ponies,Valid Filler,Datisi,1,1,All ponies neigh,Some ponies are thoroughbreds,Some thoroughbreds neigh,NA,5216,Datisi,1,1,0,0
72_44,72,N1-c-M1,44,1,peppers,Invalid Filler,Dimatis*,1,1,Some yellow vegetables are peppers ,All jalapenos are peppers,Some jalapenos are yellow vegetables,NA,17023,Dimatis,0,0,0,0
72_45,72,N1-c-M1,45,0,suit,Homonymy,Disamis,1,1,Some suits have multiple defendants,All suits are dress attire,Some dress attire has multiple defendants,NA,3167,Disamis,0,1,0,0
72_46,72,N1-c-M1,46,1,statues,Valid Filler,Datisi,1,1,All statues are sculptures,Some statues are bronzes,Some bronzes are sculptures,NA,8591,Datisi,1,1,0,0
72_47,72,N1-c-M1,47,0,antiques,Invalid Filler,Darii*,1,1,All medieval manuscripts are antiques ,Some pieces of jewelry are antiques ,Some pieces of jewelry are medieval manuscripts,NA,4237,Darii,0,1,0,0
72_48,72,N1-c-M1,48,0,shapes,Invalid Filler,Disamis*,1,1,Some shapes are triangles,All squares are shapes,Some squares are triangles,NA,3369,Disamis,0,1,0,0
72_49,72,N1-c-M1,49,1,doughnuts,Valid Filler,Darii,1,1,All doughnuts are sugary ,Some pastries are doughnuts ,Some pastries are sugary,NA,3536,Darii,1,1,0,0
72_50,72,N1-c-M1,50,0,colors,Invalid Filler,Disamis*,1,1,Some colors are primary ,All shades of purple are colors ,Some shades of purple are primary,NA,8112,Disamis,0,1,0,0
72_51,72,N1-c-M1,51,1,widows,Valid Filler,Dimatis,1,1,Some parents are widows ,All widows are women,Some women are parents,NA,3479,Dimatis,1,1,0,0
72_52,72,N1-c-M1,52,0,book,Polysemy,Dimatis,1,1,Some doorstops are books,All books are pieces of intellectual property,Some pieces of intellectual property are doorstops,NA,5840,Dimatis,0,1,0,0
72_53,72,N1-c-M1,53,0,magazines,Polysemy,Disamis,1,1,Some magazines are coffee-stained,All magazines are subscriptions,Some subscriptions are coffee-stained,NA,3399,Disamis,0,1,0,0
72_54,72,N1-c-M1,54,0,toilets,Invalid Filler,Disamis*,1,1,Some toilets are coed,All urinals are toilets,Some urinals are coed,NA,3584,Disamis,0,1,0,0
72_55,72,N1-c-M1,55,0,dances,Invalid Filler,Darii*,1,1,All ballets are dances ,Some mating rituals are dances ,Some mating rituals are ballets,NA,8385,Darii,0,1,0,0
72_56,72,N1-c-M1,56,0,ring,Homonymy,Darii,1,1,All rings are sounds,Some accessories are rings,Some accessories are sounds,NA,4903,Darii,0,1,0,0
73_1,73,N1-c-M1,1,0,board,Homonymy,Darii,3,1,All boards are wooden planks,Some governing organizations are boards,Some governing organizations are wooden planks,NA,5031,Darii,0,1,0,0
73_2,73,N1-c-M1,2,1,swords,Valid Filler,Datisi,3,1,All swords are weapons,Some swords are museum pieces,Some museum pieces are weapons,NA,3799,Datisi,1,1,0,0
73_3,73,N1-c-M1,3,0,Wave,Homonymy,Darii,3,1,All waves are water,Some gestures are waves,Some gestures are water,NA,4024,Darii,0,1,0,0
73_4,73,N1-c-M1,4,1,colors,Invalid Filler,Datisi*,3,1,All shades of neon green are colors ,Some colors are pastels,Some pastels are shades of neon green ,NA,4551,Datisi,0,0,0,0
73_5,73,N1-c-M1,5,0,shapes,Invalid Filler,Datisi*,3,1,All road signs are shapes,Some shapes are cylinders,Some cylinders are road signs,NA,4544,Datisi,0,1,0,0
73_6,73,N1-c-M1,6,1,dolls,Valid Filler,Dimatis,3,1,Some toys are dolls ,All dolls are man made objects,Some man made objects are toys,NA,2712,Dimatis,1,1,0,0
73_7,73,N1-c-M1,7,0,steaks,Invalid Filler,Datisi*,3,1,All rotten ribeyes are steaks,Some steaks are delicious meals,Some delicious meals are rotten ribeyes,NA,3352,Datisi,0,1,0,0
73_8,73,N1-c-M1,8,0,company,Polysemy,Darii,3,1,All companies are buildings,Some tech giants are companies,Some tech giants are buildings,NA,6120,Darii,0,1,0,0
73_9,73,N1-c-M1,9,0,thieves,Invalid Filler,Darii*,3,1,All mob bosses are thieves,Some children are thieves,Some children are mob bosses,NA,3120,Darii,0,1,0,0
73_10,73,N1-c-M1,10,0,dinner,Polysemy,Datisi,3,1,All dinners happen after four o'clock,Some dinners are meatloafs,Some meatloafs happen after four o'clock,NA,4824,Datisi,0,1,0,0
73_11,73,N1-c-M1,11,0,cabinet,Homonymy,Disamis,3,1,Some cabinets are antique furniture,All cabinets are political appointments,Some political appointments are antique furniture,NA,2888,Disamis,0,1,0,0
73_12,73,N1-c-M1,12,1,mugs,Valid Filler,Disamis,3,1,Some mugs are ceramics,All mugs are cups ,Some cups are ceramics,NA,3232,Disamis,1,1,0,0
73_13,73,N1-c-M1,13,0,suit,Homonymy,Datisi,3,1,All suits are dress attire,Some suits are court proceedings,Some court proceedings are dress attire,NA,9959,Datisi,0,1,0,0
73_14,73,N1-c-M1,14,0,city,Polysemy,Disamis,3,1,Some cities are corrupt,All cities are groups of buildings,Some groups of buildings are corrupt,NA,2728,Disamis,0,1,0,0
73_15,73,N1-c-M1,15,0,mothers,Invalid Filler,Dimatis*,3,1,Some teens are mothers,All grandmas are mothers ,Some grandmas are teens,NA,4920,Dimatis,0,1,0,0
73_16,73,N1-c-M1,16,1,school,Polysemy,Datisi,3,1,All schools have hallways,Some schools are employers,Some employers have hallways,NA,3712,Datisi,0,0,0,0
73_17,73,N1-c-M1,17,1,widows,Valid Filler,Darii,3,1,All widows are women,Some parents are widows ,Some parents are women,NA,2224,Darii,1,1,0,0
73_18,73,N1-c-M1,18,0,change,Homonymy,Dimatis,3,1,Some transformation is change,All change is money,Some money is transformation,NA,6784,Dimatis,0,1,0,0
73_19,73,N1-c-M1,19,1,clowns,Valid Filler,Dimatis,3,1,Some jugglers are clowns ,All clowns are performers,Some performers are jugglers,NA,3520,Dimatis,1,1,0,0
73_20,73,N1-c-M1,20,1,book,Polysemy,Darii,3,1,All books are bound,Some exposés are books,Some exposés are bound,NA,4968,Darii,0,0,0,0
73_21,73,N1-c-M1,21,0,spices,Invalid Filler,Darii*,3,1,All mustard seeds are spices,Some dried roots are spices ,Some dried roots are mustard seeds,NA,5055,Darii,0,1,0,0
73_22,73,N1-c-M1,22,1,poets,Valid Filler,Disamis,3,1,Some poets are teachers,All poets are writers ,Some writers are teachers,NA,2200,Disamis,1,1,0,0
73_23,73,N1-c-M1,23,0,college,Polysemy,Dimatis,3,1,Some funding sources are colleges,All colleges are places filled with desks,Some places filled with desks are funding sources,NA,4696,Dimatis,0,1,0,0
73_24,73,N1-c-M1,24,1,suitcases,Valid Filler,Darii,3,1,All suitcases are luggage,Some bags are suitcases,Some bags are luggage,NA,3016,Darii,1,1,0,0
73_25,73,N1-c-M1,25,0,match,Homonymy,Datisi,3,1,All matches are combustible,Some matches are pay-per-view broadcasts,Some pay-per-view broadcasts are combustible,NA,3111,Datisi,0,1,0,0
73_26,73,N1-c-M1,26,0,antiques,Invalid Filler,Dimatis*,3,1,Some pieces of jewelry are antiques,All medieval manuscripts are antiques  ,Some medieval manuscripts are pieces of jewelry,NA,2800,Dimatis,0,1,0,0
73_27,73,N1-c-M1,27,0,magazines,Polysemy,Datisi,3,1,All magazines are recyclable,Some magazines are media corporations ,Some media corporations are recyclable,NA,3000,Datisi,0,1,0,0
73_28,73,N1-c-M1,28,1,statues,Valid Filler,Disamis,3,1,Some statues are bronzes,All statues are sculptures,Some sculptures are bronzes,NA,2280,Disamis,1,1,0,0
73_29,73,N1-c-M1,29,0,lunch,Polysemy,Darii,3,1,All lunches are breaks,Some sandwiches are lunches,Some sandwiches are breaks ,NA,2671,Darii,0,1,0,0
73_30,73,N1-c-M1,30,0,bat,Homonymy,Dimatis,3,1,Some sporting goods are bats,All bats are animals,Some animals are sporting goods,NA,4336,Dimatis,0,1,0,0
73_31,73,N1-c-M1,31,1,doughnuts,Valid Filler,Dimatis,3,1,Some pastries are doughnuts ,All doughnuts are sugary foods,Some sugary foods are pastries,NA,2503,Dimatis,1,1,0,0
73_32,73,N1-c-M1,32,0,dresses,Invalid Filler,Dimatis*,3,1,Some cocktail outfits are dresses,All ball gowns are dresses ,Some ball gowns are cocktail outfits,NA,5919,Dimatis,0,1,0,0
73_33,73,N1-c-M1,33,1,ponies,Valid Filler,Disamis,3,1,Some ponies are thoroughbreds,All ponies are neighing animals,Some neighing animals are thoroughbreds,NA,3072,Disamis,1,1,0,0
73_34,73,N1-c-M1,34,0,funerals,Invalid Filler,Disamis*,3,1,Some funerals are family gatherings,All anonymous burials are funerals,Some anonymous burials are family gatherings,NA,4193,Disamis,0,1,0,0
73_35,73,N1-c-M1,35,0,star,Homonymy,Disamis,3,1,Some stars are red dwarfs,All stars are famous people,Some famous people are red dwarfs,NA,3911,Disamis,0,1,0,0
73_36,73,N1-c-M1,36,0,ring,Homonymy,Dimatis,3,1,Some accessories are rings,All rings are sounds,Some sounds are accessories,NA,2456,Dimatis,0,1,0,0
73_37,73,N1-c-M1,37,1,picnic,Polysemy,Disamis,3,1,Some picnics are romantic,All picnics are prepared foods,Some prepared foods are romantic,NA,3703,Disamis,0,0,0,0
73_38,73,N1-c-M1,38,1,liars,Valid Filler,Darii,3,1,All liars are humans,Some criminals are liars ,Some criminals are humans,NA,2696,Darii,1,1,0,0
73_39,73,N1-c-M1,39,0,breakfast,Polysemy,Dimatis,3,1,Some meetings are breakfasts,All breakfasts are nutrients,Some nutrients are meetings,NA,2480,Dimatis,0,1,0,0
73_40,73,N1-c-M1,40,1,grapes,Valid Filler,Datisi,3,1,All grapes are fruits,Some grapes are snacks,Some snacks are fruits ,NA,2432,Datisi,1,1,0,0
73_41,73,N1-c-M1,41,1,ruler,Homonymy,Datisi,3,1,All rulers are standard lengths,Some rulers are queens,Some queens are standard lengths,NA,3024,Datisi,0,0,0,0
73_42,73,N1-c-M1,42,1,toilets,Invalid Filler,Datisi*,3,1,All outhouses are toilets,Some toilets are urinals ,Some urinals are outhouses,NA,2928,Datisi,0,0,0,0
73_43,73,N1-c-M1,43,1,burgers,Valid Filler,Datisi,3,1,All burgers have protein,Some burgers are drive-thru orders,Some drive-thru orders have protein,NA,3416,Datisi,1,1,0,0
73_44,73,N1-c-M1,44,0,dances,Invalid Filler,Dimatis*,3,1,Some mating rituals are dances,All ballets are dances ,Some ballets are mating rituals ,NA,5407,Dimatis,0,1,0,0
73_45,73,N1-c-M1,45,0,rock,Homonymy,Disamis,3,1,Some rock is marble,All rock is music,Some music is marble,NA,2456,Disamis,0,1,0,0
73_46,73,N1-c-M1,46,1,rifles,Valid Filler,Datisi,3,1,All rifles are guns,Some rifles are safety hazards,Some safety hazards are guns,NA,5312,Datisi,1,1,0,0
73_47,73,N1-c-M1,47,0,injuries,Invalid Filler,Darii*,3,1,All broken bones are injuries,Some sunburns are injuries,Some sunburns are broken bones,NA,3576,Darii,0,1,0,0
73_48,73,N1-c-M1,48,0,stones,Invalid Filler,Disamis*,3,1,Some stones are pebbles,All boulders are stones,Some boulders are pebbles,NA,4600,Disamis,0,1,0,0
73_49,73,N1-c-M1,49,1,trucks,Valid Filler,Darii,3,1,All trucks are vehicles,Some cars are trucks ,Some cars are vehicles,NA,2216,Darii,1,1,0,0
73_50,73,N1-c-M1,50,1,actors,Invalid Filler,Disamis*,3,1,Some actors are women,All male leads are actors,Some male leads are women,NA,4791,Disamis,0,0,0,0
73_51,73,N1-c-M1,51,1,singers,Valid Filler,Dimatis,3,1,Some YouTubers are singers,All singers are musicians,Some musicians are YouTubers,NA,3079,Dimatis,1,1,0,0
73_52,73,N1-c-M1,52,0,novel,Polysemy,Dimatis,3,1,Some flammable objects are novels,All novels are fictions,Some fictions are flammable objects,NA,2872,Dimatis,0,1,0,0
73_53,73,N1-c-M1,53,0,letter,Polysemy,Disamis,3,1,Some letters are crumpled,All letters are communications,Some communications are crumpled,NA,3024,Disamis,0,1,0,0
73_54,73,N1-c-M1,54,0,sausages,Invalid Filler,Disamis*,3,1,Some sausages are chili dogs,All pepperonis are sausages,Some pepperonis are chili dogs,NA,4680,Disamis,0,1,0,0
73_55,73,N1-c-M1,55,0,peppers,Invalid Filler,Darii*,3,1,All jalapenos are peppers ,Some yellow vegetables are peppers,Some yellow vegetables are jalapenos,NA,6264,Darii,0,1,0,0
73_56,73,N1-c-M1,56,0,ball,Homonymy,Darii,3,1,All balls are toys,Some birthday parties are balls,Some senior proms are toys,NA,2856,Darii,0,1,0,0
74_1,74,N1-c-M1,1,0,bat,Homonymy,Darii,1,1,All bats share a common ancestor,Some sporting goods are bats,Some sporting goods share a common ancestor,NA,9641,Darii,0,1,0,0
74_2,74,N1-c-M1,2,1,mugs,Valid Filler,Datisi,1,1,All mugs are cups ,Some mugs are ceramics,Some ceramics are cups ,NA,8513,Datisi,1,1,0,0
74_3,74,N1-c-M1,3,1,change,Homonymy,Darii,1,1,All change is money,Some surprises are change,Some surprises are money,NA,7764,Darii,0,0,0,0
74_4,74,N1-c-M1,4,1,actors,Invalid Filler,Datisi*,1,1,All male leads are actors,Some actors are women,Some women are male leads,NA,8116,Datisi,0,0,0,0
74_5,74,N1-c-M1,5,0,stones,Invalid Filler,Datisi*,1,1,All pebbles are stones,Some stones are boulders,Some boulders are pebbles,NA,6079,Datisi,0,1,0,0
74_6,74,N1-c-M1,6,1,liars,Valid Filler,Dimatis,1,1,Some criminals are liars ,All liars are humans,Some humans are criminals ,NA,5496,Dimatis,1,1,0,0
74_7,74,N1-c-M1,7,1,funerals,Invalid Filler,Datisi*,1,1,All open-casket services are funerals,Some funerals are anonymous burials,Some anonymous burials are open-casket services,NA,33336,Datisi,0,0,0,0
74_8,74,N1-c-M1,8,1,college,Polysemy,Darii,1,1,All colleges grant degrees,Some historic buildings are colleges,Some historic buildings grant degrees,NA,29896,Darii,0,0,0,0
74_9,74,N1-c-M1,9,0,mothers,Invalid Filler,Darii*,1,1,All grandmothers are mothers,Some teens are mothers,Some teens are grandmothers,NA,9000,Darii,0,1,0,0
74_10,74,N1-c-M1,10,0,picnic,Polysemy,Datisi,1,1,All picnics happen in nature,Some picnics are salads,Some salads happen in nature,NA,10372,Datisi,0,1,0,0
74_11,74,N1-c-M1,11,0,ruler,Homonymy,Disamis,1,1,Some rulers are kings,All rulers are standard lengths,Some standard lengths are kings,NA,8686,Disamis,0,1,0,0
74_12,74,N1-c-M1,12,1,swords,Valid Filler,Disamis,1,1,Some swords are decorative,All swords are weapons ,Some weapons are decorative ,NA,4856,Disamis,1,1,0,0
74_13,74,N1-c-M1,13,0,rock,Homonymy,Datisi,1,1,All rock has guitars,Some rock is marble,Some marble has guitars,NA,8725,Datisi,0,1,0,0
74_14,74,N1-c-M1,14,0,school,Polysemy,Disamis,1,1,Some schools are rectangular,All schools are employers,Some employers are rectangular,NA,4497,Disamis,0,1,0,0
74_15,74,N1-c-M1,15,1,thieves,Invalid Filler,Dimatis*,1,1,Some children are thieves,All mob bosses are thieves,Some mob bosses are children,NA,9485,Dimatis,0,0,0,0
74_16,74,N1-c-M1,16,0,city,Polysemy,Datisi,1,1,All cities are bureaucracies,Some cities are graffitied places,Some graffitied places are bureaucracies,NA,15174,Datisi,0,1,0,0
74_17,74,N1-c-M1,17,1,singers,Valid Filler,Darii,1,1,All singers are vocalists ,Some guitarists are singers,Some guitarists are vocalists,NA,5436,Darii,1,1,0,0
74_18,74,N1-c-M1,18,0,Wave,Homonymy,Dimatis,1,1,Some gestures are waves,All waves are liquids,Some liquids are gestures,NA,4435,Dimatis,0,1,0,0
74_19,74,N1-c-M1,19,1,suitcases,Valid Filler,Dimatis,1,1,Some bags are suitcases,All suitcases are pieces of luggage,Some pieces of luggage are bags,NA,5746,Dimatis,1,1,0,0
74_20,74,N1-c-M1,20,0,novel,Polysemy,Darii,1,1,All novels are flammable,Some debuts are novels,Some debuts are flammable,NA,7681,Darii,0,1,0,0
74_21,74,N1-c-M1,21,1,dresses,Invalid Filler,Darii*,1,1,All ball gowns are dresses ,Some cocktail outfits are dresses,Some cocktail outfits are ball gowns,NA,6776,Darii,0,0,0,0
74_22,74,N1-c-M1,22,1,grapes,Valid Filler,Disamis,1,1,Some grapes are red ,All grapes are fruits ,Some fruits are red ,NA,2999,Disamis,1,1,0,0
74_23,74,N1-c-M1,23,0,company,Polysemy,Dimatis,1,1,Some storefronts are companies,All companies are hierarchies,Some hierarchies are storefronts,NA,3685,Dimatis,0,1,0,0
74_24,74,N1-c-M1,24,0,clowns,Valid Filler,Darii,1,1,All clowns can juggle ,Some circus performers are clowns ,Some circus performers can juggle,NA,25416,Darii,1,0,0,0
74_25,74,N1-c-M1,25,0,star,Homonymy,Datisi,1,1,All stars have autographs,Some stars are red dwarfs,Some red dwarfs have autographs,NA,6623,Datisi,0,1,0,0
74_26,74,N1-c-M1,26,0,injuries,Invalid Filler,Dimatis*,1,1,Some sunburns are injuries,All broken bones are injuries,Some broken bones are sunburns,NA,5394,Dimatis,0,1,0,0
74_27,74,N1-c-M1,27,0,letter,Polysemy,Datisi,1,1,All letters have stamps,Some letters are rejections,Some rejections have stamps,NA,4830,Datisi,0,1,0,0
74_28,74,N1-c-M1,28,1,rifles,Valid Filler,Disamis,1,1,Some rifles are for hunting,All rifles are guns ,Some guns are for hunting,NA,5437,Disamis,1,1,0,0
74_29,74,N1-c-M1,29,0,breakfast,Polysemy,Darii,1,1,All breakfasts are under three hours,Some smoothies are breakfasts,Some smoothies are under three hours,NA,7309,Darii,0,1,0,0
74_30,74,N1-c-M1,30,0,board,Homonymy,Dimatis,1,1,Some governing organizations are boards,All boards are wooden planks,Some wooden planks are governing organizations,NA,6064,Dimatis,0,1,0,0
74_31,74,N1-c-M1,31,1,trucks,Valid Filler,Dimatis,1,1,Some cars are trucks ,All trucks are vehicles,Some vehicles are cars ,NA,2663,Dimatis,1,1,0,0
74_32,74,N1-c-M1,32,1,spices,Invalid Filler,Dimatis*,1,1,Some dried roots are spices ,All mustard seeds are spices ,Some mustard seeds are dried roots,NA,4478,Dimatis,0,0,0,0
74_33,74,N1-c-M1,33,1,burgers,Valid Filler,Disamis,1,1,Some burgers are overcooked ,All burgers are sandwiches,Some sandwiches are overcooked ,NA,6265,Disamis,1,1,0,0
74_34,74,N1-c-M1,34,0,steaks,Invalid Filler,Disamis*,1,1,Some steaks are filet mignons,All ribeyes are steaks,Some ribeyes are filet mignons,NA,5295,Disamis,0,1,0,0
74_35,74,N1-c-M1,35,0,match,Homonymy,Disamis,1,1,Some matches are pay-per-view,All matches are fire starters,Some fire starters are pay-per-view,NA,11666,Disamis,0,1,0,0
74_36,74,N1-c-M1,36,0,ball,Homonymy,Dimatis,1,1,Some parties are balls,All balls are toys,Some toys are parties,NA,5888,Dimatis,0,1,0,0
74_37,74,N1-c-M1,37,0,dinner,Polysemy,Disamis,1,1,Some dinners are black tie,All dinners are foods,Some foods are black tie,NA,5381,Disamis,0,1,0,0
74_38,74,N1-c-M1,38,1,dolls,Valid Filler,Darii,1,1,All dolls are man made,Some toys are dolls ,Some toys are man made,NA,3081,Darii,1,1,0,0
74_39,74,N1-c-M1,39,0,lunch,Polysemy,Dimatis,1,1,Some breaks are lunches,All lunches are foods,Some foods are breaks,NA,6206,Dimatis,0,1,0,0
74_40,74,N1-c-M1,40,1,poets,Valid Filler,Datisi,1,1,All poets are writers ,Some poets are teachers,Some teachers are writers,NA,3023,Datisi,1,1,0,0
74_41,74,N1-c-M1,41,1,cabinet,Homonymy,Datisi,1,1,All cabinets are political appointments,Some cabinets are shelving units,Some shelving units are political appointments,NA,6185,Datisi,0,0,0,0
74_42,74,N1-c-M1,42,1,sausages,Invalid Filler,Datisi*,1,1,All chili dogs are sausages,Some sausages are salamis,Some salamis are chili dogs,NA,5852,Datisi,0,0,0,0
74_43,74,N1-c-M1,43,0,ponies,Valid Filler,Datisi,1,1,All ponies neigh,Some ponies are thoroughbreds,Some thoroughbreds neigh,NA,6396,Datisi,1,0,0,0
74_44,74,N1-c-M1,44,1,peppers,Invalid Filler,Dimatis*,1,1,Some yellow vegetables are peppers ,All jalapenos are peppers,Some jalapenos are yellow vegetables,NA,5353,Dimatis,0,0,0,0
74_45,74,N1-c-M1,45,1,suit,Homonymy,Disamis,1,1,Some suits have multiple defendants,All suits are dress attire,Some dress attire has multiple defendants,NA,5351,Disamis,0,0,0,0
74_46,74,N1-c-M1,46,1,statues,Valid Filler,Datisi,1,1,All statues are sculptures,Some statues are bronzes,Some bronzes are sculptures,NA,5999,Datisi,1,1,0,0
74_47,74,N1-c-M1,47,0,antiques,Invalid Filler,Darii*,1,1,All medieval manuscripts are antiques ,Some pieces of jewelry are antiques ,Some pieces of jewelry are medieval manuscripts,NA,4208,Darii,0,1,0,0
74_48,74,N1-c-M1,48,0,shapes,Invalid Filler,Disamis*,1,1,Some shapes are triangles,All squares are shapes,Some squares are triangles,NA,5789,Disamis,0,1,0,0
74_49,74,N1-c-M1,49,1,doughnuts,Valid Filler,Darii,1,1,All doughnuts are sugary ,Some pastries are doughnuts ,Some pastries are sugary,NA,7298,Darii,1,1,0,0
74_50,74,N1-c-M1,50,0,colors,Invalid Filler,Disamis*,1,1,Some colors are primary ,All shades of purple are colors ,Some shades of purple are primary,NA,7570,Disamis,0,1,0,0
74_51,74,N1-c-M1,51,1,widows,Valid Filler,Dimatis,1,1,Some parents are widows ,All widows are women,Some women are parents,NA,4123,Dimatis,1,1,0,0
74_52,74,N1-c-M1,52,0,book,Polysemy,Dimatis,1,1,Some doorstops are books,All books are pieces of intellectual property,Some pieces of intellectual property are doorstops,NA,18457,Dimatis,0,1,0,0
74_53,74,N1-c-M1,53,0,magazines,Polysemy,Disamis,1,1,Some magazines are coffee-stained,All magazines are subscriptions,Some subscriptions are coffee-stained,NA,5913,Disamis,0,1,0,0
74_54,74,N1-c-M1,54,1,toilets,Invalid Filler,Disamis*,1,1,Some toilets are coed,All urinals are toilets,Some urinals are coed,NA,5521,Disamis,0,0,0,0
74_55,74,N1-c-M1,55,0,dances,Invalid Filler,Darii*,1,1,All ballets are dances ,Some mating rituals are dances ,Some mating rituals are ballets,NA,6060,Darii,0,1,0,0
74_56,74,N1-c-M1,56,1,ring,Homonymy,Darii,1,1,All rings are sounds,Some accessories are rings,Some accessories are sounds,NA,3913,Darii,0,0,0,0
75_1,75,N1-c-M1,1,0,novel,Polysemy,Disamis,2,2,Some novels weigh over a pound,All novels are stories,Some stories weigh over a pound,NA,4167,Disamis,0,1,0,0
75_2,75,N1-c-M1,2,0,thieves,Invalid Filler,Datisi*,2,2,All mob bosses are thieves,Some thieves are children,Some children are mob bosses,NA,3319,Datisi,0,1,0,0
75_3,75,N1-c-M1,3,0,steaks,Invalid Filler,Dimatis*,2,2,Some delicious entrées are steaks,All rotten ribeyes are steaks,Some rotten ribeyes are delicious entrées,NA,4839,Dimatis,0,1,0,0
75_4,75,N1-c-M1,4,0,dances,Invalid Filler,Disamis*,2,2,Some dances are mating rituals ,All ballets are dances,Some ballets are mating rituals ,NA,5695,Disamis,0,1,0,0
75_5,75,N1-c-M1,5,0,ring,Homonymy,Disamis,2,2,Some rings are made of gold,All rings are sounds,Some sounds are made of gold,NA,3638,Disamis,0,1,0,0
75_6,75,N1-c-M1,6,0,mothers,Invalid Filler,Disamis*,2,2,Some mothers are teens,All grandmas are mothers,Some grandmas are teens,NA,2926,Disamis,0,1,0,0
75_7,75,N1-c-M1,7,1,suitcases,Valid Filler,Datisi,2,2,All suitcases are pieces of luggage,Some suitcases are bags,Some bags are pieces of luggage,NA,3663,Datisi,1,1,0,0
75_8,75,N1-c-M1,8,0,shapes,Invalid Filler,Dimatis*,2,2,Some road signs are shapes,All cylinders are shapes,Some cylinders are road signs,NA,5344,Dimatis,0,1,0,0
75_9,75,N1-c-M1,9,0,picnic,Polysemy,Darii,2,2,All picnics happen in nature,Some salads are picnics,Some salads happen in nature,NA,2703,Darii,0,1,0,0
75_10,75,N1-c-M1,10,0,lunch,Polysemy,Datisi,2,2,All lunches are breaks,Some lunches are soups,Some soups are breaks,NA,2735,Datisi,0,1,0,0
75_11,75,N1-c-M1,11,0,bat,Homonymy,Disamis,2,2,Some bats are made for softball,All bats are animals,Some animals are made for softball,NA,5880,Disamis,0,1,0,0
75_12,75,N1-c-M1,12,0,ruler,Homonymy,Dimatis,2,2,Some queens are rulers,All rulers are standard lengths,Some standard lengths are queens,NA,3687,Dimatis,0,1,0,0
75_13,75,N1-c-M1,13,0,city,Polysemy,Darii,2,2,All cities are bureaucracies,Some graffitied places are cities,Some graffitied places are bureaucracies,NA,3879,Darii,0,1,0,0
75_14,75,N1-c-M1,14,0,breakfast,Polysemy,Disamis,2,2,Some breakfasts are under an hour,All breakfasts are nutrients,Some nutrients are under an hour,NA,3278,Disamis,0,1,0,0
75_15,75,N1-c-M1,15,1,grapes,Valid Filler,Dimatis,2,2,Some snacks are grapes,All grapes are fruits ,Some fruits are snacks,NA,3119,Dimatis,1,1,0,0
75_16,75,N1-c-M1,16,1,liars,Valid Filler,Datisi,2,2,All liars are humans,Some liars are criminals,Some criminals are humans,NA,3399,Datisi,1,1,0,0
75_17,75,N1-c-M1,17,0,board,Homonymy,Datisi,2,2,All boards are wooden planks,Some boards are governing organizations,Some governing organizations are wooden planks,NA,3063,Datisi,0,1,0,0
75_18,75,N1-c-M1,18,0,cabinet,Homonymy,Darii,2,2,All cabinets are political appointments,Some shelving units are cabinets,Some shelving units are political appointments,NA,2695,Darii,0,1,0,0
75_19,75,N1-c-M1,19,0,change,Homonymy,Disamis,2,2,Some change is transformation,All change is money,Some money is transformation,NA,3102,Disamis,0,1,0,0
75_20,75,N1-c-M1,20,1,doughnuts,Valid Filler,Disamis,2,2,Some doughnuts are glazed,All doughnuts are sugary foods,Some sugary foods are glazed,NA,3912,Disamis,1,1,0,0
75_21,75,N1-c-M1,21,0,toilets,Invalid Filler,Dimatis*,2,2,Some seats are toilets ,All urinals are toilets,Some urinals are seats,NA,3303,Dimatis,0,1,0,0
75_22,75,N1-c-M1,22,0,dinner,Polysemy,Dimatis,2,2,Some black tie events are dinners,All dinners are foods,Some foods are black tie events,NA,3992,Dimatis,0,1,0,0
75_23,75,N1-c-M1,23,1,trucks,Valid Filler,Datisi,2,2,All trucks are vehicles,Some trucks are big rigs,Some big rigs are vehicles,NA,2919,Datisi,1,1,0,0
75_24,75,N1-c-M1,24,1,clowns,Valid Filler,Disamis,2,2,Some clowns are mimes,All clowns are entertainers,Some entertainers are mimes,NA,3375,Disamis,1,1,0,0
75_25,75,N1-c-M1,25,0,sausages,Invalid Filler,Darii*,2,2,All chili dogs are sausages,Some pizza toppings are sausages,Some pizza toppings are chili dogs,NA,2832,Darii,0,1,0,0
75_26,75,N1-c-M1,26,0,college,Polysemy,Disamis,2,2,Some colleges have chancellors,All colleges are groups of buildings,Some groups of buildings have chancellors,NA,2735,Disamis,0,1,0,0
75_27,75,N1-c-M1,27,0,magazines,Polysemy,Dimatis,2,2,Some recyclables are magazines,All magazines are subscriptions,Some subscriptions are recyclables,NA,3023,Dimatis,0,1,0,0
75_28,75,N1-c-M1,28,1,dolls,Valid Filler,Disamis,2,2,Some dolls are toys,All dolls are man made objects,Some man made objects are toys,NA,5311,Disamis,1,1,0,0
75_29,75,N1-c-M1,29,0,wave,Homonymy,Datisi,2,2,All waves are water,Some waves are gestures,Some gestures are water,NA,3784,Datisi,0,1,0,0
75_30,75,N1-c-M1,30,0,injuries,Invalid Filler,Datisi*,2,2,All broken bones are injuries,Some injuries are sunburns,Some sunburns are broken bones,NA,3088,Datisi,0,1,0,0
75_31,75,N1-c-M1,31,1,burgers,Valid Filler,Dimatis,2,2,Some entrées are burgers,All burgers are sandwiches,Some sandwiches are entrées,NA,3199,Dimatis,1,1,0,0
75_32,75,N1-c-M1,32,0,colors,Invalid Filler,Dimatis*,2,2,Some pastels are colors,All shade of neon green are colors ,Some shades of neon green are pastels,NA,5751,Dimatis,0,1,0,0
75_33,75,N1-c-M1,33,1,poets,Valid Filler,Darii,2,2,All poets are writers ,Some teachers are poets,Some teachers are writers,NA,2767,Darii,1,1,0,0
75_34,75,N1-c-M1,34,0,stones,Invalid Filler,Darii*,2,2,All boulders are stones,Some paperweights are stones,Some paperweights are boulders,NA,4960,Darii,0,1,0,0
75_35,75,N1-c-M1,35,0,ponies,Valid Filler,Darii,2,2,All ponies neigh,Some thoroughbreds are ponies,Some thoroughbreds neigh,NA,2503,Darii,1,0,0,0
75_36,75,N1-c-M1,36,1,singers,Valid Filler,Disamis,2,2,Some singers are guitarists,All singers are vocalists,Some vocalists are guitarists,NA,3374,Disamis,1,1,0,0
75_37,75,N1-c-M1,37,0,match,Homonymy,Dimatis,2,2,Some pay-per-view broadcasts are matches,All matches are fire starters,Some fire starters are pay-per-view broadcasts,NA,3447,Dimatis,0,1,0,0
75_38,75,N1-c-M1,38,0,funerals,Invalid Filler,Darii*,2,2,All anonymous burials are funerals,Some family gatherings are funerals,Some family gatherings are anonymous burials,NA,2487,Darii,0,1,0,0
75_39,75,N1-c-M1,39,1,mugs,Valid Filler,Darii,2,2,All mugs are cups ,Some ceramics are mugs,Some ceramics are cups ,NA,4111,Darii,1,1,0,0
75_40,75,N1-c-M1,40,1,swords,Valid Filler,Dimatis,2,2,Some sharp things are swords,All swords are weapons,Some weapons are sharp things,NA,2431,Dimatis,1,1,0,0
75_41,75,N1-c-M1,41,0,letter,Polysemy,Darii,2,2,All letters have stamps,Some rejections are letters,Some rejections have stamps,NA,3095,Darii,0,1,0,0
75_42,75,N1-c-M1,42,1,statues,Valid Filler,Darii,2,2,All statues are sculptures,Some artworks are statues,Some artworks are sculptures,NA,2639,Darii,1,1,0,0
75_43,75,N1-c-M1,43,0,suit,Homonymy,Dimatis,2,2,Some court proceedings are suits,All suits are formal outfits,Some formal outfits are court proceedings,NA,2375,Dimatis,0,1,0,0
75_44,75,N1-c-M1,44,0,ball,Homonymy,Datisi,2,2,All balls are toys,Some balls are senior proms,Some senior proms are toys,NA,2799,Datisi,0,1,0,0
75_45,75,N1-c-M1,45,0,actors,Invalid Filler,Darii*,2,2,All male leads are actors,Some women are actors,Some women are male leads,NA,2231,Darii,0,1,0,0
75_46,75,N1-c-M1,46,1,book,Polysemy,Datisi,2,2,All books are printed,Some books are romances,Some romances are printed,NA,3399,Datisi,0,0,0,0
75_47,75,N1-c-M1,47,1,widows,Valid Filler,Datisi,2,2,All widows are women,Some widows are parents,Some parents are women,NA,4774,Datisi,1,1,0,0
75_48,75,N1-c-M1,48,0,school,Polysemy,Dimatis,2,2,Some rectangular buildings are schools,All schools are employers,Some employers are rectangular buildings,NA,3000,Dimatis,0,1,0,0
75_49,75,N1-c-M1,49,0,rock,Homonymy,Darii,2,2,All rock has guitars,Some marble is rock,Some marble has guitars,NA,3479,Darii,0,1,0,0
75_50,75,N1-c-M1,50,0,spices,Invalid Filler,Datisi*,2,2,All mustard seeds are spices ,Some spices are dried roots ,Some dried roots are mustard seeds,NA,4104,Datisi,0,1,0,0
75_51,75,N1-c-M1,51,0,peppers,Invalid Filler,Datisi*,2,2,All jalapenos are peppers,Some peppers are yellow vegetables ,Some yellow vegetables are jalapenos,NA,4007,Datisi,0,1,0,0
75_52,75,N1-c-M1,52,1,rifles,Valid Filler,Dimatis,2,2,Some safety hazards are rifles,All rifles are guns,Some guns are safety hazards,NA,2574,Dimatis,1,1,0,0
75_53,75,N1-c-M1,53,0,star,Homonymy,Darii,2,2,All stars have autographs,Some red dwarfs are stars,Some red dwarfs have autographs,NA,3088,Darii,0,1,0,0
75_54,75,N1-c-M1,54,0,dresses,Invalid Filler,Disamis*,2,2,Some dresses are cocktail outfits,All ball gowns are dresses ,Some ball gowns are cocktail outfits,NA,3007,Disamis,0,1,0,0
75_55,75,N1-c-M1,55,0,antiques,Invalid Filler,Disamis*,2,2,Some antiques are pieces of jewelry,All medieval manuscripts are antiques ,Some medieval manuscripts are pieces of jewelry,NA,4215,Disamis,0,1,0,0
75_56,75,N1-c-M1,56,0,company,Polysemy,Datisi,2,2,All companies are buildings,Some companies are hierarchies,Some hierarchies are buildings,NA,2503,Datisi,0,1,0,0
76_1,76,N1-c-M1,1,0,rock,Homonymy,Darii,2,1,All rock has guitars,Some marble is rock,Some marble has guitars,NA,6915,Darii,0,1,0,0
76_2,76,N1-c-M1,2,0,trucks,Valid Filler,Datisi,2,1,All trucks are vehicles,Some trucks are big rigs,Some big rigs are vehicles,NA,6750,Datisi,1,0,0,0
76_3,76,N1-c-M1,3,0,star,Homonymy,Darii,2,1,All stars have autographs,Some red dwarfs are stars,Some red dwarfs have autographs,NA,6785,Darii,0,1,0,0
76_4,76,N1-c-M1,4,0,injuries,Invalid Filler,Datisi*,2,1,All broken bones are injuries,Some injuries are sunburns,Some sunburns are broken bones,NA,4710,Datisi,0,1,0,0
76_5,76,N1-c-M1,5,0,peppers,Invalid Filler,Datisi*,2,1,All jalapenos are peppers,Some peppers are yellow vegetables ,Some yellow vegetables are jalapenos,NA,8545,Datisi,0,1,0,0
76_6,76,N1-c-M1,6,1,grapes,Valid Filler,Dimatis,2,1,Some snacks are grapes,All grapes are fruits ,Some fruits are snacks,NA,4593,Dimatis,1,1,0,0
76_7,76,N1-c-M1,7,1,spices,Invalid Filler,Datisi*,2,1,All mustard seeds are spices ,Some spices are dried roots ,Some dried roots are mustard seeds,NA,8617,Datisi,0,0,0,0
76_8,76,N1-c-M1,8,0,city,Polysemy,Darii,2,1,All cities are bureaucracies,Some graffitied places are cities,Some graffitied places are bureaucracies,NA,8076,Darii,0,1,0,0
76_9,76,N1-c-M1,9,0,sausages,Invalid Filler,Darii*,2,1,All chili dogs are sausages,Some pizza toppings are sausages,Some pizza toppings are chili dogs,NA,5375,Darii,0,1,0,0
76_10,76,N1-c-M1,10,0,lunch,Polysemy,Datisi,2,1,All lunches are breaks,Some lunches are soups,Some soups are breaks,NA,5112,Datisi,0,1,0,0
76_11,76,N1-c-M1,11,0,ring,Homonymy,Disamis,2,1,Some rings are made of gold,All rings are sounds,Some sounds are made of gold,NA,5028,Disamis,0,1,0,0
76_12,76,N1-c-M1,12,1,doughnuts,Valid Filler,Disamis,2,1,Some doughnuts are glazed,All doughnuts are sugary foods,Some sugary foods are glazed,NA,6430,Disamis,1,1,0,0
76_13,76,N1-c-M1,13,0,board,Homonymy,Datisi,2,1,All boards are wooden planks,Some boards are governing organizations,Some governing organizations are wooden planks,NA,4614,Datisi,0,1,0,0
76_14,76,N1-c-M1,14,0,college,Polysemy,Disamis,2,1,Some colleges have chancellors,All colleges are groups of buildings,Some groups of buildings have chancellors,NA,6397,Disamis,0,1,0,0
76_15,76,N1-c-M1,15,0,toilets,Invalid Filler,Dimatis*,2,1,Some seats are toilets ,All urinals are toilets,Some urinals are seats,NA,4350,Dimatis,0,1,0,0
76_16,76,N1-c-M1,16,0,company,Polysemy,Datisi,2,1,All companies are buildings,Some companies are hierarchies,Some hierarchies are buildings,NA,4399,Datisi,0,1,0,0
76_17,76,N1-c-M1,17,1,ponies,Valid Filler,Darii,2,1,All ponies neigh,Some thoroughbreds are ponies,Some thoroughbreds neigh,NA,7333,Darii,1,1,0,0
76_18,76,N1-c-M1,18,0,match,Homonymy,Dimatis,2,1,Some pay-per-view broadcasts are matches,All matches are fire starters,Some fire starters are pay-per-view broadcasts,NA,6667,Dimatis,0,1,0,0
76_19,76,N1-c-M1,19,0,rifles,Valid Filler,Dimatis,2,1,Some safety hazards are rifles,All rifles are guns,Some guns are safety hazards,NA,8008,Dimatis,1,0,0,0
76_20,76,N1-c-M1,20,1,letter,Polysemy,Darii,2,1,All letters have stamps,Some rejections are letters,Some rejections have stamps,NA,12124,Darii,0,0,0,0
76_21,76,N1-c-M1,21,1,funerals,Invalid Filler,Darii*,2,1,All anonymous burials are funerals,Some family gatherings are funerals,Some family gatherings are anonymous burials,NA,11547,Darii,0,0,0,0
76_22,76,N1-c-M1,22,1,dolls,Valid Filler,Disamis,2,1,Some dolls are toys,All dolls are man made objects,Some man made objects are toys,NA,5653,Disamis,1,1,0,0
76_23,76,N1-c-M1,23,0,school,Polysemy,Dimatis,2,1,Some rectangular buildings are schools,All schools are employers,Some employers are rectangular buildings,NA,9285,Dimatis,0,1,0,0
76_24,76,N1-c-M1,24,1,statues,Valid Filler,Darii,2,1,All statues are sculptures,Some artworks are statues,Some artworks are sculptures,NA,4654,Darii,1,1,0,0
76_25,76,N1-c-M1,25,0,wave,Homonymy,Datisi,2,1,All waves are water,Some waves are gestures,Some gestures are water,NA,11210,Datisi,0,1,0,0
76_26,76,N1-c-M1,26,0,colors,Invalid Filler,Dimatis*,2,1,Some pastels are colors,All shade of neon green are colors ,Some shades of neon green are pastels,NA,4765,Dimatis,0,1,0,0
76_27,76,N1-c-M1,27,0,book,Polysemy,Datisi,2,1,All books are printed,Some books are romances,Some romances are printed,NA,7601,Datisi,0,1,0,0
76_28,76,N1-c-M1,28,1,clowns,Valid Filler,Disamis,2,1,Some clowns are mimes,All clowns are entertainers,Some entertainers are mimes,NA,9826,Disamis,1,1,0,0
76_29,76,N1-c-M1,29,0,picnic,Polysemy,Darii,2,1,All picnics happen in nature,Some salads are picnics,Some salads happen in nature,NA,4572,Darii,0,1,0,0
76_30,76,N1-c-M1,30,0,suit,Homonymy,Dimatis,2,1,Some court proceedings are suits,All suits are formal outfits,Some formal outfits are court proceedings,NA,10754,Dimatis,0,1,0,0
76_31,76,N1-c-M1,31,1,swords,Valid Filler,Dimatis,2,1,Some sharp things are swords,All swords are weapons,Some weapons are sharp things,NA,4581,Dimatis,1,1,0,0
76_32,76,N1-c-M1,32,0,steaks,Invalid Filler,Dimatis*,2,1,Some delicious entrées are steaks,All rotten ribeyes are steaks,Some rotten ribeyes are delicious entrées,NA,5837,Dimatis,0,1,0,0
76_33,76,N1-c-M1,33,1,singers,Valid Filler,Disamis,2,1,Some singers are guitarists,All singers are vocalists,Some vocalists are guitarists,NA,6222,Disamis,1,1,0,0
76_34,76,N1-c-M1,34,0,dresses,Invalid Filler,Disamis*,2,1,Some dresses are cocktail outfits,All ball gowns are dresses ,Some ball gowns are cocktail outfits,NA,8031,Disamis,0,1,0,0
76_35,76,N1-c-M1,35,0,change,Homonymy,Disamis,2,1,Some change is transformation,All change is money,Some money is transformation,NA,4789,Disamis,0,1,0,0
76_36,76,N1-c-M1,36,0,ruler,Homonymy,Dimatis,2,1,Some queens are rulers,All rulers are standard lengths,Some standard lengths are queens,NA,4442,Dimatis,0,1,0,0
76_37,76,N1-c-M1,37,0,breakfast,Polysemy,Disamis,2,1,Some breakfasts are under an hour,All breakfasts are nutrients,Some nutrients are under an hour,NA,4591,Disamis,0,1,0,0
76_38,76,N1-c-M1,38,1,poets,Valid Filler,Darii,2,1,All poets are writers ,Some teachers are poets,Some teachers are writers,NA,6181,Darii,1,1,0,0
76_39,76,N1-c-M1,39,0,dinner,Polysemy,Dimatis,2,1,Some black tie events are dinners,All dinners are foods,Some foods are black tie events,NA,6646,Dimatis,0,1,0,0
76_40,76,N1-c-M1,40,1,liars,Valid Filler,Datisi,2,1,All liars are humans,Some liars are criminals,Some criminals are humans,NA,4820,Datisi,1,1,0,0
76_41,76,N1-c-M1,41,0,ball,Homonymy,Datisi,2,1,All balls are toys,Some balls are senior proms,Some senior proms are toys,NA,4142,Datisi,0,1,0,0
76_42,76,N1-c-M1,42,0,thieves,Invalid Filler,Datisi*,2,1,All mob bosses are thieves,Some thieves are children,Some children are mob bosses,NA,12432,Datisi,0,1,0,0
76_43,76,N1-c-M1,43,1,widows,Valid Filler,Datisi,2,1,All widows are women,Some widows are parents,Some parents are women,NA,5461,Datisi,1,1,0,0
76_44,76,N1-c-M1,44,0,shapes,Invalid Filler,Dimatis*,2,1,Some road signs are shapes,All cylinders are shapes,Some cylinders are road signs,NA,20728,Dimatis,0,1,0,0
76_45,76,N1-c-M1,45,0,bat,Homonymy,Disamis,2,1,Some bats are made for softball,All bats are animals,Some animals are made for softball,NA,4765,Disamis,0,1,0,0
76_46,76,N1-c-M1,46,1,suitcases,Valid Filler,Datisi,2,1,All suitcases are pieces of luggage,Some suitcases are bags,Some bags are pieces of luggage,NA,10690,Datisi,1,1,0,0
76_47,76,N1-c-M1,47,0,actors,Invalid Filler,Darii*,2,1,All male leads are actors,Some women are actors,Some women are male leads,NA,3882,Darii,0,1,0,0
76_48,76,N1-c-M1,48,0,dances,Invalid Filler,Disamis*,2,1,Some dances are mating rituals ,All ballets are dances,Some ballets are mating rituals ,NA,5533,Disamis,0,1,0,0
76_49,76,N1-c-M1,49,1,mugs,Valid Filler,Darii,2,1,All mugs are cups ,Some ceramics are mugs,Some ceramics are cups ,NA,5814,Darii,1,1,0,0
76_50,76,N1-c-M1,50,0,antiques,Invalid Filler,Disamis*,2,1,Some antiques are pieces of jewelry,All medieval manuscripts are antiques ,Some medieval manuscripts are pieces of jewelry,NA,5278,Disamis,0,1,0,0
76_51,76,N1-c-M1,51,1,burgers,Valid Filler,Dimatis,2,1,Some entrées are burgers,All burgers are sandwiches,Some sandwiches are entrées,NA,5519,Dimatis,1,1,0,0
76_52,76,N1-c-M1,52,0,magazines,Polysemy,Dimatis,2,1,Some recyclables are magazines,All magazines are subscriptions,Some subscriptions are recyclables,NA,8010,Dimatis,0,1,0,0
76_53,76,N1-c-M1,53,0,novel,Polysemy,Disamis,2,1,Some novels weigh over a pound,All novels are stories,Some stories weigh over a pound,NA,7418,Disamis,0,1,0,0
76_54,76,N1-c-M1,54,0,mothers,Invalid Filler,Disamis*,2,1,Some mothers are teens,All grandmas are mothers,Some grandmas are teens,NA,4782,Disamis,0,1,0,0
76_55,76,N1-c-M1,55,0,stones,Invalid Filler,Darii*,2,1,All boulders are stones,Some paperweights are stones,Some paperweights are boulders,NA,3981,Darii,0,1,0,0
76_56,76,N1-c-M1,56,0,cabinet,Homonymy,Darii,2,1,All cabinets are political appointments,Some shelving units are cabinets,Some shelving units are political appointments,NA,4895,Darii,0,1,0,0
77_1,77,N1-c-M1,1,1,book,Polysemy,Disamis,4,2,Some books are doorstops,All books are pieces of intellectual property,Some pieces of intellectual property are doorstops,NA,12254,Disamis,0,0,0,0
77_2,77,N1-c-M1,2,1,mothers,Invalid Filler,Datisi*,4,2,All grandmas are mothers ,Some mothers are teens,Some teens are grandmas,NA,18230,Datisi,0,0,0,0
77_3,77,N1-c-M1,3,0,funerals,Invalid Filler,Dimatis*,4,2,Some family gatherings are funerals,All anonymous burials are funerals,Some anonymous burials are family gatherings,NA,9062,Dimatis,0,1,0,0
77_4,77,N1-c-M1,4,0,peppers,Invalid Filler,Disamis*,4,2,Some peppers are yellow vegetables ,All jalapenos are peppers,Some jalapenos are yellow vegetables,NA,8551,Disamis,0,1,0,0
77_5,77,N1-c-M1,5,0,ball,Homonymy,Disamis,4,2,Some balls are senior proms,All balls are toys,Some toys are senior proms,NA,3015,Disamis,0,1,0,0
77_6,77,N1-c-M1,6,0,thieves,Invalid Filler,Disamis*,4,2,Some thieves are children,All mob bosses are thieves,Some mob bosses are children,NA,3718,Disamis,0,1,0,0
77_7,77,N1-c-M1,7,1,clowns,Valid Filler,Datisi,4,2,All clowns are entertainers,Some clowns are mimes,Some mimes are entertainers,NA,3615,Datisi,1,1,0,0
77_8,77,N1-c-M1,8,1,stones,Invalid Filler,Dimatis*,4,2,Some paperweights are stones,All boulders are stones,Some boulders are paperweights,NA,5471,Dimatis,0,0,0,0
77_9,77,N1-c-M1,9,1,dinner,Polysemy,Darii,4,2,All dinners happen after four o'clock,Some lasagnas are dinners,Some lasagnas happen after four o'clock,NA,4143,Darii,0,0,0,0
77_10,77,N1-c-M1,10,1,breakfast,Polysemy,Datisi,4,2,All breakfasts are under three hours,Some breakfasts are smoothies,Some smoothies are under three hours,NA,4855,Datisi,0,0,0,0
77_11,77,N1-c-M1,11,0,board,Homonymy,Disamis,4,2,Some boards are governing organizations,All boards are wooden planks,Some wooden planks are governing organizations,NA,7831,Disamis,0,1,0,0
77_12,77,N1-c-M1,12,0,cabinet,Homonymy,Dimatis,4,2,Some shelving units are cabinets,All cabinets are political appointments,Some political appointments are shelving units,NA,8623,Dimatis,0,1,0,0
77_13,77,N1-c-M1,13,1,school,Polysemy,Darii,4,2,All schools have classrooms,Some employers are schools,Some employers have classrooms,NA,4671,Darii,0,0,0,0
77_14,77,N1-c-M1,14,0,lunch,Polysemy,Disamis,4,2,Some lunches are breaks,All lunches are foods,Some foods are breaks,NA,4439,Disamis,0,1,0,0
77_15,77,N1-c-M1,15,1,poets,Valid Filler,Dimatis,4,2,Some teachers are poets,All poets are writers ,Some writers are teachers,NA,5326,Dimatis,1,1,0,0
77_16,77,N1-c-M1,16,1,dolls,Valid Filler,Datisi,4,2,All dolls are man made,Some dolls are toys,Some toys are man made,NA,2768,Datisi,1,1,0,0
77_17,77,N1-c-M1,17,0,bat,Homonymy,Datisi,4,2,All bats are animals,Some bats are sporting goods,Some sporting goods are animals,NA,5934,Datisi,0,1,0,0
77_18,77,N1-c-M1,18,1,ruler,Homonymy,Darii,4,2,All rulers are standard lengths,Some queens are rulers,Some queens are standard lengths,NA,4566,Darii,0,0,0,0
77_19,77,N1-c-M1,19,0,Wave,Homonymy,Disamis,4,2,Some waves are gestures,All waves are liquids,Some liquids are gestures,NA,4079,Disamis,0,1,0,0
77_20,77,N1-c-M1,20,1,trucks,Valid Filler,Disamis,4,2,Some trucks are big rigs,All trucks are vehicles,Some vehicles are big rigs,NA,3510,Disamis,1,1,0,0
77_21,77,N1-c-M1,21,1,sausages,Invalid Filler,Dimatis*,4,2,Some pizza toppings are sausages,All chili dogs are sausages,Some chili dogs are pizza toppings,NA,8871,Dimatis,0,0,0,0
77_22,77,N1-c-M1,22,1,picnic,Polysemy,Dimatis,4,2,Some summertime activities are picnics,All picnics are prepared foods,Some prepared foods are summertime activities,NA,5942,Dimatis,0,0,0,0
77_23,77,N1-c-M1,23,1,doughnuts,Valid Filler,Datisi,4,2,All doughnuts are sugary ,Some doughnuts are treats,Some treats are sugary,NA,2871,Datisi,1,1,0,0
77_24,77,N1-c-M1,24,1,suitcases,Valid Filler,Disamis,4,2,Some suitcases are bags,All suitcases are pieces of luggage,Some pieces of luggage are bags,NA,2670,Disamis,1,1,0,0
77_25,77,N1-c-M1,25,1,toilets,Invalid Filler,Darii*,4,2,All urinals are toilets,Some seats are toilets,Some seats are urinals,NA,6391,Darii,0,0,0,0
77_26,77,N1-c-M1,26,1,company,Polysemy,Disamis,4,2,Some companies are in city centers,All companies are hierarchies,Some hierarchies are in city centers,NA,4687,Disamis,0,0,0,0
77_27,77,N1-c-M1,27,1,letter,Polysemy,Dimatis,4,2,Some papers are letters,All letters are communications,Some communications are papers,NA,3647,Dimatis,0,0,0,0
77_28,77,N1-c-M1,28,1,liars,Valid Filler,Disamis,4,2,Some liars are criminals,All liars are humans,Some humans are criminals ,NA,2415,Disamis,1,1,0,0
77_29,77,N1-c-M1,29,0,change,Homonymy,Datisi,4,2,All change is money,Some change is transformation,Some transformation is money,NA,11823,Datisi,0,1,0,0
77_30,77,N1-c-M1,30,0,antiques,Invalid Filler,Datisi*,4,2,All medieval manuscripts are antiques ,Some antiques are pieces of jewelry,Some pieces of jewelry are medieval manuscripts,NA,5223,Datisi,0,1,0,0
77_31,77,N1-c-M1,31,1,ponies,Valid Filler,Dimatis,4,2,Some thoroughbreds are ponies,All ponies are neighing animals,Some neighing animals are thoroughbreds,NA,3751,Dimatis,1,1,0,0
77_32,77,N1-c-M1,32,1,actors,Invalid Filler,Dimatis*,4,2,Some women are actors,All male leads are actors,Some male leads are women,NA,7303,Dimatis,0,0,0,0
77_33,77,N1-c-M1,33,1,grapes,Valid Filler,Darii,4,2,All grapes are fruits ,Some snacks are grapes,Some snacks are fruits,NA,2751,Darii,1,1,0,0
77_34,77,N1-c-M1,34,1,shapes,Invalid Filler,Darii*,4,2,All cylinders are shapes,Some road signs are shapes,Some road signs are cylinders,NA,4199,Darii,0,0,0,0
77_35,77,N1-c-M1,35,1,burgers,Valid Filler,Darii,4,2,All burgers have protein,Some entrées are burgers,Some entrées have protein,NA,2759,Darii,1,1,0,0
77_36,77,N1-c-M1,36,1,widows,Valid Filler,Disamis,4,2,Some widows are parents,All widows are women,Some women are parents,NA,1999,Disamis,1,1,0,0
77_37,77,N1-c-M1,37,0,star,Homonymy,Dimatis,4,2,Some celestial objects are stars,All stars are famous people,Some famous people are celestial objects,NA,5191,Dimatis,0,1,0,0
77_38,77,N1-c-M1,38,0,steaks,Invalid Filler,Darii*,4,2,All rotten ribeyes are steaks,Some delicious meals are steaks,Some delicoius meals are rotten ribeyes,NA,10727,Darii,0,1,0,0
77_39,77,N1-c-M1,39,1,swords,Valid Filler,Darii,4,2,All swords are weapons,Some sharp objects are swords,Some sharp objects are weapons,NA,3063,Darii,1,1,0,0
77_40,77,N1-c-M1,40,1,mugs,Valid Filler,Dimatis,4,2,Some ceramics are mugs,All mugs are cups ,Some cups are ceramics,NA,5407,Dimatis,1,1,0,0
77_41,77,N1-c-M1,41,0,magazines,Polysemy,Darii,4,2,All magazines are recyclable,Some media corporations are magazines,Some media corporations are recyclable,NA,4638,Darii,0,1,0,0
77_42,77,N1-c-M1,42,0,rifles,Valid Filler,Darii,4,2,All rifles are guns,Some safety hazards are rifles,Some safety hazards are guns,NA,25615,Darii,1,0,0,0
77_43,77,N1-c-M1,43,0,rock,Homonymy,Dimatis,4,2,Some marble is rock,All rock is music,Some music is marble,NA,2759,Dimatis,0,1,0,0
77_44,77,N1-c-M1,44,1,ring,Homonymy,Datisi,4,2,All rings are sounds,Some rings are accessories,Some accessories are sounds,NA,7687,Datisi,0,0,0,0
77_45,77,N1-c-M1,45,1,colors,Invalid Filler,Darii*,4,2,Some pastels are colors,All shades of neon green are colors ,Some shades of neon green are pastels,NA,4727,Darii,0,0,0,0
77_46,77,N1-c-M1,46,1,novel,Polysemy,Datisi,4,2,All novels are flammable,Some novels are debuts,Some debuts are flammable,NA,3631,Datisi,0,0,0,0
77_47,77,N1-c-M1,47,1,singers,Valid Filler,Datisi,4,2,All singers are performers,Some singers are men,Some men are performers,NA,2527,Datisi,1,1,0,0
77_48,77,N1-c-M1,48,1,city,Polysemy,Dimatis,4,2,Some bureaucracies are cities,All cities are graffitied places,Some graffitied places are bureaucracies,NA,3119,Dimatis,0,0,0,0
77_49,77,N1-c-M1,49,0,suit,Homonymy,Darii,4,2,All suits are dress attire,Some court proceedings are suits,Some court proceedings are dress attire,NA,4335,Darii,0,1,0,0
77_50,77,N1-c-M1,50,1,dresses,Invalid Filler,Datisi*,4,2,All ball gowns are dresses ,Some dresses are cocktail outfits,Some cocktail outfits are ball gowns,NA,4263,Datisi,0,0,0,0
77_51,77,N1-c-M1,51,1,dances,Invalid Filler,Datisi*,4,2,All ballets are dances ,Some dances are mating rituals,Some mating rituals are ballets ,NA,31135,Datisi,0,0,0,0
77_52,77,N1-c-M1,52,1,statues,Valid Filler,Dimatis,4,2,Some bronzes are statues,All statues are sculptures,Some sculptures are bronzes,NA,2935,Dimatis,1,1,0,0
77_53,77,N1-c-M1,53,0,match,Homonymy,Darii,4,2,All matches are combustible,Some pay-per-view broadcasts are matches,Some pay-per-view broadcasts are combustible,NA,6351,Darii,0,1,0,0
77_54,77,N1-c-M1,54,1,spices,Invalid Filler,Disamis*,4,2,Some spices are dried roots,All mustard seeds are spices ,Some mustard seeds are dried roots,NA,5679,Disamis,0,0,0,0
77_55,77,N1-c-M1,55,0,injuries,Invalid Filler,Disamis*,4,2,Some injuries are sunburns,All broken bones are injuries,Some broken bones are sunburns,NA,3096,Disamis,0,1,0,0
77_56,77,N1-c-M1,56,1,college,Polysemy,Datisi,4,2,All colleges grant degrees,Some colleges are historic buildings,Some historic buildings grant degrees,NA,4559,Datisi,0,0,0,0
78_1,78,N1-c-M1,1,1,suit,Homonymy,Darii,4,1,All suits are dress attire,Some court proceedings are suits,Some court proceedings are dress attire,NA,4612,Darii,0,0,0,0
78_2,78,N1-c-M1,2,1,doughnuts,Valid Filler,Datisi,4,1,All doughnuts are sugary ,Some doughnuts are treats,Some treats are sugary,NA,2231,Datisi,1,1,0,0
78_3,78,N1-c-M1,3,0,match,Homonymy,Darii,4,1,All matches are combustible,Some pay-per-view broadcasts are matches,Some pay-per-view broadcasts are combustible,NA,2783,Darii,0,1,0,0
78_4,78,N1-c-M1,4,0,antiques,Invalid Filler,Datisi*,4,1,All medieval manuscripts are antiques ,Some antiques are pieces of jewelry,Some pieces of jewelry are medieval manuscripts,NA,3583,Datisi,0,1,0,0
78_5,78,N1-c-M1,5,0,dances,Invalid Filler,Datisi*,4,1,All ballets are dances ,Some dances are mating rituals,Some mating rituals are ballets ,NA,3457,Datisi,0,1,0,0
78_6,78,N1-c-M1,6,1,poets,Valid Filler,Dimatis,4,1,Some teachers are poets,All poets are writers ,Some writers are teachers,NA,2006,Dimatis,1,1,0,0
78_7,78,N1-c-M1,7,0,dresses,Invalid Filler,Datisi*,4,1,All ball gowns are dresses ,Some dresses are cocktail outfits,Some cocktail outfits are ball gowns,NA,4664,Datisi,0,1,0,0
78_8,78,N1-c-M1,8,1,school,Polysemy,Darii,4,1,All schools have classrooms,Some employers are schools,Some employers have classrooms,NA,4358,Darii,0,0,0,0
78_9,78,N1-c-M1,9,0,toilets,Invalid Filler,Darii*,4,1,All urinals are toilets,Some seats are toilets,Some seats are urinals,NA,4000,Darii,0,1,0,0
78_10,78,N1-c-M1,10,0,breakfast,Polysemy,Datisi,4,1,All breakfasts are under three hours,Some breakfasts are smoothies,Some smoothies are under three hours,NA,2319,Datisi,0,1,0,0
78_11,78,N1-c-M1,11,0,ball,Homonymy,Disamis,4,1,Some balls are senior proms,All balls are toys,Some toys are senior proms,NA,3488,Disamis,0,1,0,0
78_12,78,N1-c-M1,12,1,trucks,Valid Filler,Disamis,4,1,Some trucks are big rigs,All trucks are vehicles,Some vehicles are big rigs,NA,2719,Disamis,1,1,0,0
78_13,78,N1-c-M1,13,0,bat,Homonymy,Datisi,4,1,All bats are animals,Some bats are sporting goods,Some sporting goods are animals,NA,5208,Datisi,0,1,0,0
78_14,78,N1-c-M1,14,0,company,Polysemy,Disamis,4,1,Some companies are in city centers,All companies are hierarchies,Some hierarchies are in city centers,NA,4216,Disamis,0,1,0,0
78_15,78,N1-c-M1,15,0,sausages,Invalid Filler,Dimatis*,4,1,Some pizza toppings are sausages,All chili dogs are sausages,Some chili dogs are pizza toppings,NA,2359,Dimatis,0,1,0,0
78_16,78,N1-c-M1,16,1,college,Polysemy,Datisi,4,1,All colleges grant degrees,Some colleges are historic buildings,Some historic buildings grant degrees,NA,3439,Datisi,0,0,0,0
78_17,78,N1-c-M1,17,1,burgers,Valid Filler,Darii,4,1,All burgers have protein,Some entrées are burgers,Some entrées have protein,NA,3120,Darii,1,1,0,0
78_18,78,N1-c-M1,18,0,star,Homonymy,Dimatis,4,1,Some celestial objects are stars,All stars are famous people,Some famous people are celestial objects,NA,2808,Dimatis,0,1,0,0
78_19,78,N1-c-M1,19,1,statues,Valid Filler,Dimatis,4,1,Some bronzes are statues,All statues are sculptures,Some sculptures are bronzes,NA,4806,Dimatis,1,1,0,0
78_20,78,N1-c-M1,20,0,magazines,Polysemy,Darii,4,1,All magazines are recyclable,Some media corporations are magazines,Some media corporations are recyclable,NA,2501,Darii,0,1,0,0
78_21,78,N1-c-M1,21,0,steaks,Invalid Filler,Darii*,4,1,All rotten ribeyes are steaks,Some delicious meals are steaks,Some delicoius meals are rotten ribeyes,NA,2807,Darii,0,1,0,0
78_22,78,N1-c-M1,22,1,liars,Valid Filler,Disamis,4,1,Some liars are criminals,All liars are humans,Some humans are criminals ,NA,1727,Disamis,1,1,0,0
78_23,78,N1-c-M1,23,0,city,Polysemy,Dimatis,4,1,Some bureaucracies are cities,All cities are graffitied places,Some graffitied places are bureaucracies,NA,7223,Dimatis,0,1,0,0
78_24,78,N1-c-M1,24,1,rifles,Valid Filler,Darii,4,1,All rifles are guns,Some safety hazards are rifles,Some safety hazards are guns,NA,5127,Darii,1,1,0,0
78_25,78,N1-c-M1,25,0,change,Homonymy,Datisi,4,1,All change is money,Some change is transformation,Some transformation is money,NA,2488,Datisi,0,1,0,0
78_26,78,N1-c-M1,26,0,actors,Invalid Filler,Dimatis*,4,1,Some women are actors,All male leads are actors,Some male leads are women,NA,3160,Dimatis,0,1,0,0
78_27,78,N1-c-M1,27,0,novel,Polysemy,Datisi,4,1,All novels are flammable,Some novels are debuts,Some debuts are flammable,NA,2495,Datisi,0,1,0,0
78_28,78,N1-c-M1,28,1,suitcases,Valid Filler,Disamis,4,1,Some suitcases are bags,All suitcases are pieces of luggage,Some pieces of luggage are bags,NA,2599,Disamis,1,1,0,0
78_29,78,N1-c-M1,29,1,dinner,Polysemy,Darii,4,1,All dinners happen after four o'clock,Some lasagnas are dinners,Some lasagnas happen after four o'clock,NA,2456,Darii,0,0,0,0
78_30,78,N1-c-M1,30,0,rock,Homonymy,Dimatis,4,1,Some marble is rock,All rock is music,Some music is marble,NA,1992,Dimatis,0,1,0,0
78_31,78,N1-c-M1,31,1,mugs,Valid Filler,Dimatis,4,1,Some ceramics are mugs,All mugs are cups ,Some cups are ceramics,NA,1656,Dimatis,1,1,0,0
78_32,78,N1-c-M1,32,0,funerals,Invalid Filler,Dimatis*,4,1,Some family gatherings are funerals,All anonymous burials are funerals,Some anonymous burials are family gatherings,NA,4687,Dimatis,0,1,0,0
78_33,78,N1-c-M1,33,1,widows,Valid Filler,Disamis,4,1,Some widows are parents,All widows are women,Some women are parents,NA,1784,Disamis,1,1,0,0
78_34,78,N1-c-M1,34,0,spices,Invalid Filler,Disamis*,4,1,Some spices are dried roots,All mustard seeds are spices ,Some mustard seeds are dried roots,NA,3054,Disamis,0,1,0,0
78_35,78,N1-c-M1,35,0,Wave,Homonymy,Disamis,4,1,Some waves are gestures,All waves are liquids,Some liquids are gestures,NA,1896,Disamis,0,1,0,0
78_36,78,N1-c-M1,36,0,cabinet,Homonymy,Dimatis,4,1,Some shelving units are cabinets,All cabinets are political appointments,Some political appointments are shelving units,NA,2104,Dimatis,0,1,0,0
78_37,78,N1-c-M1,37,0,lunch,Polysemy,Disamis,4,1,Some lunches are breaks,All lunches are foods,Some foods are breaks,NA,2905,Disamis,0,1,0,0
78_38,78,N1-c-M1,38,1,grapes,Valid Filler,Darii,4,1,All grapes are fruits ,Some snacks are grapes,Some snacks are fruits,NA,1735,Darii,1,1,0,0
78_39,78,N1-c-M1,39,0,picnic,Polysemy,Dimatis,4,1,Some summertime activities are picnics,All picnics are prepared foods,Some prepared foods are summertime activities,NA,2847,Dimatis,0,1,0,0
78_40,78,N1-c-M1,40,1,dolls,Valid Filler,Datisi,4,1,All dolls are man made,Some dolls are toys,Some toys are man made,NA,2632,Datisi,1,1,0,0
78_41,78,N1-c-M1,41,0,ring,Homonymy,Datisi,4,1,All rings are sounds,Some rings are accessories,Some accessories are sounds,NA,3676,Datisi,0,1,0,0
78_42,78,N1-c-M1,42,0,mothers,Invalid Filler,Datisi*,4,1,All grandmas are mothers ,Some mothers are teens,Some teens are grandmas,NA,2967,Datisi,0,1,0,0
78_43,78,N1-c-M1,43,1,singers,Valid Filler,Datisi,4,1,All singers are performers,Some singers are men,Some men are performers,NA,1687,Datisi,1,1,0,0
78_44,78,N1-c-M1,44,0,stones,Invalid Filler,Dimatis*,4,1,Some paperweights are stones,All boulders are stones,Some boulders are paperweights,NA,3504,Dimatis,0,1,0,0
78_45,78,N1-c-M1,45,0,board,Homonymy,Disamis,4,1,Some boards are governing organizations,All boards are wooden planks,Some wooden planks are governing organizations,NA,2126,Disamis,0,1,0,0
78_46,78,N1-c-M1,46,1,clowns,Valid Filler,Datisi,4,1,All clowns are entertainers,Some clowns are mimes,Some mimes are entertainers,NA,1967,Datisi,1,1,0,0
78_47,78,N1-c-M1,47,0,colors,Invalid Filler,Darii*,4,1,Some pastels are colors,All shades of neon green are colors ,Some shades of neon green are pastels,NA,3184,Darii,0,1,0,0
78_48,78,N1-c-M1,48,1,peppers,Invalid Filler,Disamis*,4,1,Some peppers are yellow vegetables ,All jalapenos are peppers,Some jalapenos are yellow vegetables,NA,2590,Disamis,0,0,0,0
78_49,78,N1-c-M1,49,1,swords,Valid Filler,Darii,4,1,All swords are weapons,Some sharp objects are swords,Some sharp objects are weapons,NA,2231,Darii,1,1,0,0
78_50,78,N1-c-M1,50,0,injuries,Invalid Filler,Disamis*,4,1,Some injuries are sunburns,All broken bones are injuries,Some broken bones are sunburns,NA,2103,Disamis,0,1,0,0
78_51,78,N1-c-M1,51,1,ponies,Valid Filler,Dimatis,4,1,Some thoroughbreds are ponies,All ponies are neighing animals,Some neighing animals are thoroughbreds,NA,2558,Dimatis,1,1,0,0
78_52,78,N1-c-M1,52,1,letter,Polysemy,Dimatis,4,1,Some papers are letters,All letters are communications,Some communications are papers,NA,2560,Dimatis,0,0,0,0
78_53,78,N1-c-M1,53,0,book,Polysemy,Disamis,4,1,Some books are doorstops,All books are pieces of intellectual property,Some pieces of intellectual property are doorstops,NA,3751,Disamis,0,1,0,0
78_54,78,N1-c-M1,54,0,thieves,Invalid Filler,Disamis*,4,1,Some thieves are children,All mob bosses are thieves,Some mob bosses are children,NA,5408,Disamis,0,1,0,0
78_55,78,N1-c-M1,55,0,shapes,Invalid Filler,Darii*,4,1,All cylinders are shapes,Some road signs are shapes,Some road signs are cylinders,NA,6664,Darii,0,1,0,0
78_56,78,N1-c-M1,56,0,ruler,Homonymy,Darii,4,1,All rulers are standard lengths,Some queens are rulers,Some queens are standard lengths,NA,2800,Darii,0,1,0,0
79_1,79,N1-c-M1,1,0,board,Homonymy,Darii,3,1,All boards are wooden planks,Some governing organizations are boards,Some governing organizations are wooden planks,NA,5304,Darii,0,1,0,0
79_2,79,N1-c-M1,2,1,swords,Valid Filler,Datisi,3,1,All swords are weapons,Some swords are museum pieces,Some museum pieces are weapons,NA,4070,Datisi,1,1,0,0
79_3,79,N1-c-M1,3,0,Wave,Homonymy,Darii,3,1,All waves are water,Some gestures are waves,Some gestures are water,NA,4075,Darii,0,1,0,0
79_4,79,N1-c-M1,4,1,colors,Invalid Filler,Datisi*,3,1,All shades of neon green are colors ,Some colors are pastels,Some pastels are shades of neon green ,NA,4006,Datisi,0,0,0,0
79_5,79,N1-c-M1,5,0,shapes,Invalid Filler,Datisi*,3,1,All road signs are shapes,Some shapes are cylinders,Some cylinders are road signs,NA,6137,Datisi,0,1,0,0
79_6,79,N1-c-M1,6,1,dolls,Valid Filler,Dimatis,3,1,Some toys are dolls ,All dolls are man made objects,Some man made objects are toys,NA,3826,Dimatis,1,1,0,0
79_7,79,N1-c-M1,7,0,steaks,Invalid Filler,Datisi*,3,1,All rotten ribeyes are steaks,Some steaks are delicious meals,Some delicious meals are rotten ribeyes,NA,3971,Datisi,0,1,0,0
79_8,79,N1-c-M1,8,1,company,Polysemy,Darii,3,1,All companies are buildings,Some tech giants are companies,Some tech giants are buildings,NA,5024,Darii,0,0,0,0
79_9,79,N1-c-M1,9,0,thieves,Invalid Filler,Darii*,3,1,All mob bosses are thieves,Some children are thieves,Some children are mob bosses,NA,4362,Darii,0,1,0,0
79_10,79,N1-c-M1,10,1,dinner,Polysemy,Datisi,3,1,All dinners happen after four o'clock,Some dinners are meatloafs,Some meatloafs happen after four o'clock,NA,4778,Datisi,0,0,0,0
79_11,79,N1-c-M1,11,0,cabinet,Homonymy,Disamis,3,1,Some cabinets are antique furniture,All cabinets are political appointments,Some political appointments are antique furniture,NA,3863,Disamis,0,1,0,0
79_12,79,N1-c-M1,12,1,mugs,Valid Filler,Disamis,3,1,Some mugs are ceramics,All mugs are cups ,Some cups are ceramics,NA,3571,Disamis,1,1,0,0
79_13,79,N1-c-M1,13,0,suit,Homonymy,Datisi,3,1,All suits are dress attire,Some suits are court proceedings,Some court proceedings are dress attire,NA,3927,Datisi,0,1,0,0
79_14,79,N1-c-M1,14,0,city,Polysemy,Disamis,3,1,Some cities are corrupt,All cities are groups of buildings,Some groups of buildings are corrupt,NA,5371,Disamis,0,1,0,0
79_15,79,N1-c-M1,15,0,mothers,Invalid Filler,Dimatis*,3,1,Some teens are mothers,All grandmas are mothers ,Some grandmas are teens,NA,5406,Dimatis,0,1,0,0
79_16,79,N1-c-M1,16,0,school,Polysemy,Datisi,3,1,All schools have hallways,Some schools are employers,Some employers have hallways,NA,3364,Datisi,0,1,0,0
79_17,79,N1-c-M1,17,1,widows,Valid Filler,Darii,3,1,All widows are women,Some parents are widows ,Some parents are women,NA,6359,Darii,1,1,0,0
79_18,79,N1-c-M1,18,0,change,Homonymy,Dimatis,3,1,Some transformation is change,All change is money,Some money is transformation,NA,4054,Dimatis,0,1,0,0
79_19,79,N1-c-M1,19,1,clowns,Valid Filler,Dimatis,3,1,Some jugglers are clowns ,All clowns are performers,Some performers are jugglers,NA,3112,Dimatis,1,1,0,0
79_20,79,N1-c-M1,20,0,book,Polysemy,Darii,3,1,All books are bound,Some exposés are books,Some exposés are bound,NA,3706,Darii,0,1,0,0
79_21,79,N1-c-M1,21,0,spices,Invalid Filler,Darii*,3,1,All mustard seeds are spices,Some dried roots are spices ,Some dried roots are mustard seeds,NA,7755,Darii,0,1,0,0
79_22,79,N1-c-M1,22,1,poets,Valid Filler,Disamis,3,1,Some poets are teachers,All poets are writers ,Some writers are teachers,NA,3361,Disamis,1,1,0,0
79_23,79,N1-c-M1,23,1,college,Polysemy,Dimatis,3,1,Some funding sources are colleges,All colleges are places filled with desks,Some places filled with desks are funding sources,NA,4981,Dimatis,0,0,0,0
79_24,79,N1-c-M1,24,1,suitcases,Valid Filler,Darii,3,1,All suitcases are luggage,Some bags are suitcases,Some bags are luggage,NA,3663,Darii,1,1,0,0
79_25,79,N1-c-M1,25,0,match,Homonymy,Datisi,3,1,All matches are combustible,Some matches are pay-per-view broadcasts,Some pay-per-view broadcasts are combustible,NA,4391,Datisi,0,1,0,0
79_26,79,N1-c-M1,26,0,antiques,Invalid Filler,Dimatis*,3,1,Some pieces of jewelry are antiques,All medieval manuscripts are antiques  ,Some medieval manuscripts are pieces of jewelry,NA,4143,Dimatis,0,1,0,0
79_27,79,N1-c-M1,27,0,magazines,Polysemy,Datisi,3,1,All magazines are recyclable,Some magazines are media corporations ,Some media corporations are recyclable,NA,6163,Datisi,0,1,0,0
79_28,79,N1-c-M1,28,1,statues,Valid Filler,Disamis,3,1,Some statues are bronzes,All statues are sculptures,Some sculptures are bronzes,NA,3373,Disamis,1,1,0,0
79_29,79,N1-c-M1,29,0,lunch,Polysemy,Darii,3,1,All lunches are breaks,Some sandwiches are lunches,Some sandwiches are breaks ,NA,3438,Darii,0,1,0,0
79_30,79,N1-c-M1,30,0,bat,Homonymy,Dimatis,3,1,Some sporting goods are bats,All bats are animals,Some animals are sporting goods,NA,3083,Dimatis,0,1,0,0
79_31,79,N1-c-M1,31,1,doughnuts,Valid Filler,Dimatis,3,1,Some pastries are doughnuts ,All doughnuts are sugary foods,Some sugary foods are pastries,NA,3583,Dimatis,1,1,0,0
79_32,79,N1-c-M1,32,1,dresses,Invalid Filler,Dimatis*,3,1,Some cocktail outfits are dresses,All ball gowns are dresses ,Some ball gowns are cocktail outfits,NA,6748,Dimatis,0,0,0,0
79_33,79,N1-c-M1,33,1,ponies,Valid Filler,Disamis,3,1,Some ponies are thoroughbreds,All ponies are neighing animals,Some neighing animals are thoroughbreds,NA,4239,Disamis,1,1,0,0
79_34,79,N1-c-M1,34,0,funerals,Invalid Filler,Disamis*,3,1,Some funerals are family gatherings,All anonymous burials are funerals,Some anonymous burials are family gatherings,NA,6254,Disamis,0,1,0,0
79_35,79,N1-c-M1,35,0,star,Homonymy,Disamis,3,1,Some stars are red dwarfs,All stars are famous people,Some famous people are red dwarfs,NA,4186,Disamis,0,1,0,0
79_36,79,N1-c-M1,36,0,ring,Homonymy,Dimatis,3,1,Some accessories are rings,All rings are sounds,Some sounds are accessories,NA,4036,Dimatis,0,1,0,0
79_37,79,N1-c-M1,37,1,picnic,Polysemy,Disamis,3,1,Some picnics are romantic,All picnics are prepared foods,Some prepared foods are romantic,NA,4971,Disamis,0,0,0,0
79_38,79,N1-c-M1,38,1,liars,Valid Filler,Darii,3,1,All liars are humans,Some criminals are liars ,Some criminals are humans,NA,7618,Darii,1,1,0,0
79_39,79,N1-c-M1,39,0,breakfast,Polysemy,Dimatis,3,1,Some meetings are breakfasts,All breakfasts are nutrients,Some nutrients are meetings,NA,3211,Dimatis,0,1,0,0
79_40,79,N1-c-M1,40,1,grapes,Valid Filler,Datisi,3,1,All grapes are fruits,Some grapes are snacks,Some snacks are fruits ,NA,4373,Datisi,1,1,0,0
79_41,79,N1-c-M1,41,1,ruler,Homonymy,Datisi,3,1,All rulers are standard lengths,Some rulers are queens,Some queens are standard lengths,NA,7408,Datisi,0,0,0,0
79_42,79,N1-c-M1,42,1,toilets,Invalid Filler,Datisi*,3,1,All outhouses are toilets,Some toilets are urinals ,Some urinals are outhouses,NA,3819,Datisi,0,0,0,0
79_43,79,N1-c-M1,43,1,burgers,Valid Filler,Datisi,3,1,All burgers have protein,Some burgers are drive-thru orders,Some drive-thru orders have protein,NA,4301,Datisi,1,1,0,0
79_44,79,N1-c-M1,44,0,dances,Invalid Filler,Dimatis*,3,1,Some mating rituals are dances,All ballets are dances ,Some ballets are mating rituals ,NA,4409,Dimatis,0,1,0,0
79_45,79,N1-c-M1,45,0,rock,Homonymy,Disamis,3,1,Some rock is marble,All rock is music,Some music is marble,NA,2957,Disamis,0,1,0,0
79_46,79,N1-c-M1,46,1,rifles,Valid Filler,Datisi,3,1,All rifles are guns,Some rifles are safety hazards,Some safety hazards are guns,NA,4240,Datisi,1,1,0,0
79_47,79,N1-c-M1,47,0,injuries,Invalid Filler,Darii*,3,1,All broken bones are injuries,Some sunburns are injuries,Some sunburns are broken bones,NA,3058,Darii,0,1,0,0
79_48,79,N1-c-M1,48,0,stones,Invalid Filler,Disamis*,3,1,Some stones are pebbles,All boulders are stones,Some boulders are pebbles,NA,3860,Disamis,0,1,0,0
79_49,79,N1-c-M1,49,1,trucks,Valid Filler,Darii,3,1,All trucks are vehicles,Some cars are trucks ,Some cars are vehicles,NA,7197,Darii,1,1,0,0
79_50,79,N1-c-M1,50,0,actors,Invalid Filler,Disamis*,3,1,Some actors are women,All male leads are actors,Some male leads are women,NA,5005,Disamis,0,1,0,0
79_51,79,N1-c-M1,51,1,singers,Valid Filler,Dimatis,3,1,Some YouTubers are singers,All singers are musicians,Some musicians are YouTubers,NA,4100,Dimatis,1,1,0,0
79_52,79,N1-c-M1,52,0,novel,Polysemy,Dimatis,3,1,Some flammable objects are novels,All novels are fictions,Some fictions are flammable objects,NA,4970,Dimatis,0,1,0,0
79_53,79,N1-c-M1,53,0,letter,Polysemy,Disamis,3,1,Some letters are crumpled,All letters are communications,Some communications are crumpled,NA,3103,Disamis,0,1,0,0
79_54,79,N1-c-M1,54,0,sausages,Invalid Filler,Disamis*,3,1,Some sausages are chili dogs,All pepperonis are sausages,Some pepperonis are chili dogs,NA,5528,Disamis,0,1,0,0
79_55,79,N1-c-M1,55,0,peppers,Invalid Filler,Darii*,3,1,All jalapenos are peppers ,Some yellow vegetables are peppers,Some yellow vegetables are jalapenos,NA,4880,Darii,0,1,0,0
79_56,79,N1-c-M1,56,0,ball,Homonymy,Darii,3,1,All balls are toys,Some birthday parties are balls,Some senior proms are toys,NA,3525,Darii,0,1,0,0
80_1,80,N1-c-M1,1,0,book,Polysemy,Disamis,4,2,Some books are doorstops,All books are pieces of intellectual property,Some pieces of intellectual property are doorstops,NA,69755,Disamis,0,1,0,0
80_2,80,N1-c-M1,2,0,mothers,Invalid Filler,Datisi*,4,2,All grandmas are mothers ,Some mothers are teens,Some teens are grandmas,NA,4743,Datisi,0,1,0,0
80_3,80,N1-c-M1,3,0,funerals,Invalid Filler,Dimatis*,4,2,Some family gatherings are funerals,All anonymous burials are funerals,Some anonymous burials are family gatherings,NA,17048,Dimatis,0,1,0,0
80_4,80,N1-c-M1,4,1,peppers,Invalid Filler,Disamis*,4,2,Some peppers are yellow vegetables ,All jalapenos are peppers,Some jalapenos are yellow vegetables,NA,53296,Disamis,0,0,0,0
80_5,80,N1-c-M1,5,0,ball,Homonymy,Disamis,4,2,Some balls are senior proms,All balls are toys,Some toys are senior proms,NA,30143,Disamis,0,1,0,0
80_6,80,N1-c-M1,6,0,thieves,Invalid Filler,Disamis*,4,2,Some thieves are children,All mob bosses are thieves,Some mob bosses are children,NA,26257,Disamis,0,1,0,0
80_7,80,N1-c-M1,7,1,clowns,Valid Filler,Datisi,4,2,All clowns are entertainers,Some clowns are mimes,Some mimes are entertainers,NA,36807,Datisi,1,1,0,0
80_8,80,N1-c-M1,8,0,stones,Invalid Filler,Dimatis*,4,2,Some paperweights are stones,All boulders are stones,Some boulders are paperweights,NA,20123,Dimatis,0,1,0,0
80_9,80,N1-c-M1,9,0,dinner,Polysemy,Darii,4,2,All dinners happen after four o'clock,Some lasagnas are dinners,Some lasagnas happen after four o'clock,NA,36503,Darii,0,1,0,0
80_10,80,N1-c-M1,10,0,breakfast,Polysemy,Datisi,4,2,All breakfasts are under three hours,Some breakfasts are smoothies,Some smoothies are under three hours,NA,4565,Datisi,0,1,0,0
80_11,80,N1-c-M1,11,0,board,Homonymy,Disamis,4,2,Some boards are governing organizations,All boards are wooden planks,Some wooden planks are governing organizations,NA,4653,Disamis,0,1,0,0
80_12,80,N1-c-M1,12,0,cabinet,Homonymy,Dimatis,4,2,Some shelving units are cabinets,All cabinets are political appointments,Some political appointments are shelving units,NA,3653,Dimatis,0,1,0,0
80_13,80,N1-c-M1,13,0,school,Polysemy,Darii,4,2,All schools have classrooms,Some employers are schools,Some employers have classrooms,NA,7382,Darii,0,1,0,0
80_14,80,N1-c-M1,14,0,lunch,Polysemy,Disamis,4,2,Some lunches are breaks,All lunches are foods,Some foods are breaks,NA,20258,Disamis,0,1,0,0
80_15,80,N1-c-M1,15,1,poets,Valid Filler,Dimatis,4,2,Some teachers are poets,All poets are writers ,Some writers are teachers,NA,6547,Dimatis,1,1,0,0
80_16,80,N1-c-M1,16,1,dolls,Valid Filler,Datisi,4,2,All dolls are man made,Some dolls are toys,Some toys are man made,NA,4511,Datisi,1,1,0,0
80_17,80,N1-c-M1,17,0,bat,Homonymy,Datisi,4,2,All bats are animals,Some bats are sporting goods,Some sporting goods are animals,NA,31163,Datisi,0,1,0,0
80_18,80,N1-c-M1,18,0,ruler,Homonymy,Darii,4,2,All rulers are standard lengths,Some queens are rulers,Some queens are standard lengths,NA,6991,Darii,0,1,0,0
80_19,80,N1-c-M1,19,0,Wave,Homonymy,Disamis,4,2,Some waves are gestures,All waves are liquids,Some liquids are gestures,NA,5465,Disamis,0,1,0,0
80_20,80,N1-c-M1,20,1,trucks,Valid Filler,Disamis,4,2,Some trucks are big rigs,All trucks are vehicles,Some vehicles are big rigs,NA,74928,Disamis,1,1,0,0
80_21,80,N1-c-M1,21,0,sausages,Invalid Filler,Dimatis*,4,2,Some pizza toppings are sausages,All chili dogs are sausages,Some chili dogs are pizza toppings,NA,28865,Dimatis,0,1,0,0
80_22,80,N1-c-M1,22,0,picnic,Polysemy,Dimatis,4,2,Some summertime activities are picnics,All picnics are prepared foods,Some prepared foods are summertime activities,NA,41072,Dimatis,0,1,0,0
80_23,80,N1-c-M1,23,1,doughnuts,Valid Filler,Datisi,4,2,All doughnuts are sugary ,Some doughnuts are treats,Some treats are sugary,NA,3456,Datisi,1,1,0,0
80_24,80,N1-c-M1,24,1,suitcases,Valid Filler,Disamis,4,2,Some suitcases are bags,All suitcases are pieces of luggage,Some pieces of luggage are bags,NA,3433,Disamis,1,1,0,0
80_25,80,N1-c-M1,25,0,toilets,Invalid Filler,Darii*,4,2,All urinals are toilets,Some seats are toilets,Some seats are urinals,NA,59876,Darii,0,1,0,0
80_26,80,N1-c-M1,26,1,company,Polysemy,Disamis,4,2,Some companies are in city centers,All companies are hierarchies,Some hierarchies are in city centers,NA,6667,Disamis,0,0,0,0
80_27,80,N1-c-M1,27,1,letter,Polysemy,Dimatis,4,2,Some papers are letters,All letters are communications,Some communications are papers,NA,3216,Dimatis,0,0,0,0
80_28,80,N1-c-M1,28,1,liars,Valid Filler,Disamis,4,2,Some liars are criminals,All liars are humans,Some humans are criminals ,NA,2887,Disamis,1,1,0,0
80_29,80,N1-c-M1,29,1,change,Homonymy,Datisi,4,2,All change is money,Some change is transformation,Some transformation is money,NA,6169,Datisi,0,0,0,0
80_30,80,N1-c-M1,30,0,antiques,Invalid Filler,Datisi*,4,2,All medieval manuscripts are antiques ,Some antiques are pieces of jewelry,Some pieces of jewelry are medieval manuscripts,NA,29596,Datisi,0,1,0,0
80_31,80,N1-c-M1,31,1,ponies,Valid Filler,Dimatis,4,2,Some thoroughbreds are ponies,All ponies are neighing animals,Some neighing animals are thoroughbreds,NA,9109,Dimatis,1,1,0,0
80_32,80,N1-c-M1,32,1,actors,Invalid Filler,Dimatis*,4,2,Some women are actors,All male leads are actors,Some male leads are women,NA,11613,Dimatis,0,0,0,0
80_33,80,N1-c-M1,33,1,grapes,Valid Filler,Darii,4,2,All grapes are fruits ,Some snacks are grapes,Some snacks are fruits,NA,4392,Darii,1,1,0,0
80_34,80,N1-c-M1,34,0,shapes,Invalid Filler,Darii*,4,2,All cylinders are shapes,Some road signs are shapes,Some road signs are cylinders,NA,57570,Darii,0,1,0,0
80_35,80,N1-c-M1,35,1,burgers,Valid Filler,Darii,4,2,All burgers have protein,Some entrées are burgers,Some entrées have protein,NA,34566,Darii,1,1,0,0
80_36,80,N1-c-M1,36,1,widows,Valid Filler,Disamis,4,2,Some widows are parents,All widows are women,Some women are parents,NA,5230,Disamis,1,1,0,0
80_37,80,N1-c-M1,37,0,star,Homonymy,Dimatis,4,2,Some celestial objects are stars,All stars are famous people,Some famous people are celestial objects,NA,5478,Dimatis,0,1,0,0
80_38,80,N1-c-M1,38,0,steaks,Invalid Filler,Darii*,4,2,All rotten ribeyes are steaks,Some delicious meals are steaks,Some delicoius meals are rotten ribeyes,NA,41218,Darii,0,1,0,0
80_39,80,N1-c-M1,39,1,swords,Valid Filler,Darii,4,2,All swords are weapons,Some sharp objects are swords,Some sharp objects are weapons,NA,2985,Darii,1,1,0,0
80_40,80,N1-c-M1,40,1,mugs,Valid Filler,Dimatis,4,2,Some ceramics are mugs,All mugs are cups ,Some cups are ceramics,NA,4503,Dimatis,1,1,0,0
80_41,80,N1-c-M1,41,0,magazines,Polysemy,Darii,4,2,All magazines are recyclable,Some media corporations are magazines,Some media corporations are recyclable,NA,7673,Darii,0,1,0,0
80_42,80,N1-c-M1,42,1,rifles,Valid Filler,Darii,4,2,All rifles are guns,Some safety hazards are rifles,Some safety hazards are guns,NA,38060,Darii,1,1,0,0
80_43,80,N1-c-M1,43,0,rock,Homonymy,Dimatis,4,2,Some marble is rock,All rock is music,Some music is marble,NA,16079,Dimatis,0,1,0,0
80_44,80,N1-c-M1,44,0,ring,Homonymy,Datisi,4,2,All rings are sounds,Some rings are accessories,Some accessories are sounds,NA,10617,Datisi,0,1,0,0
80_45,80,N1-c-M1,45,0,colors,Invalid Filler,Darii*,4,2,Some pastels are colors,All shades of neon green are colors ,Some shades of neon green are pastels,NA,33669,Darii,0,1,0,0
80_46,80,N1-c-M1,46,0,novel,Polysemy,Datisi,4,2,All novels are flammable,Some novels are debuts,Some debuts are flammable,NA,38143,Datisi,0,1,0,0
80_47,80,N1-c-M1,47,1,singers,Valid Filler,Datisi,4,2,All singers are performers,Some singers are men,Some men are performers,NA,4313,Datisi,1,1,0,0
80_48,80,N1-c-M1,48,1,city,Polysemy,Dimatis,4,2,Some bureaucracies are cities,All cities are graffitied places,Some graffitied places are bureaucracies,NA,16493,Dimatis,0,0,0,0
80_49,80,N1-c-M1,49,0,suit,Homonymy,Darii,4,2,All suits are dress attire,Some court proceedings are suits,Some court proceedings are dress attire,NA,5723,Darii,0,1,0,0
80_50,80,N1-c-M1,50,0,dresses,Invalid Filler,Datisi*,4,2,All ball gowns are dresses ,Some dresses are cocktail outfits,Some cocktail outfits are ball gowns,NA,14105,Datisi,0,1,0,0
80_51,80,N1-c-M1,51,0,dances,Invalid Filler,Datisi*,4,2,All ballets are dances ,Some dances are mating rituals,Some mating rituals are ballets ,NA,47412,Datisi,0,1,0,0
80_52,80,N1-c-M1,52,1,statues,Valid Filler,Dimatis,4,2,Some bronzes are statues,All statues are sculptures,Some sculptures are bronzes,NA,4293,Dimatis,1,1,0,0
80_53,80,N1-c-M1,53,0,match,Homonymy,Darii,4,2,All matches are combustible,Some pay-per-view broadcasts are matches,Some pay-per-view broadcasts are combustible,NA,26488,Darii,0,1,0,0
80_54,80,N1-c-M1,54,1,spices,Invalid Filler,Disamis*,4,2,Some spices are dried roots,All mustard seeds are spices ,Some mustard seeds are dried roots,NA,8169,Disamis,0,0,0,0
80_55,80,N1-c-M1,55,0,injuries,Invalid Filler,Disamis*,4,2,Some injuries are sunburns,All broken bones are injuries,Some broken bones are sunburns,NA,3950,Disamis,0,1,0,0
80_56,80,N1-c-M1,56,0,college,Polysemy,Datisi,4,2,All colleges grant degrees,Some colleges are historic buildings,Some historic buildings grant degrees,NA,46438,Datisi,0,1,0,0
81_1,81,N1-c-M1,1,0,suit,Homonymy,Darii,4,1,All suits are dress attire,Some court proceedings are suits,Some court proceedings are dress attire,NA,8530,Darii,0,1,0,0
81_2,81,N1-c-M1,2,1,doughnuts,Valid Filler,Datisi,4,1,All doughnuts are sugary ,Some doughnuts are treats,Some treats are sugary,NA,1943,Datisi,1,1,0,0
81_3,81,N1-c-M1,3,0,match,Homonymy,Darii,4,1,All matches are combustible,Some pay-per-view broadcasts are matches,Some pay-per-view broadcasts are combustible,NA,2876,Darii,0,1,0,0
81_4,81,N1-c-M1,4,0,antiques,Invalid Filler,Datisi*,4,1,All medieval manuscripts are antiques ,Some antiques are pieces of jewelry,Some pieces of jewelry are medieval manuscripts,NA,3067,Datisi,0,1,0,0
81_5,81,N1-c-M1,5,1,dances,Invalid Filler,Datisi*,4,1,All ballets are dances ,Some dances are mating rituals,Some mating rituals are ballets ,NA,6795,Datisi,0,0,0,0
81_6,81,N1-c-M1,6,1,poets,Valid Filler,Dimatis,4,1,Some teachers are poets,All poets are writers ,Some writers are teachers,NA,1757,Dimatis,1,1,0,0
81_7,81,N1-c-M1,7,0,dresses,Invalid Filler,Datisi*,4,1,All ball gowns are dresses ,Some dresses are cocktail outfits,Some cocktail outfits are ball gowns,NA,5623,Datisi,0,1,0,0
81_8,81,N1-c-M1,8,1,school,Polysemy,Darii,4,1,All schools have classrooms,Some employers are schools,Some employers have classrooms,NA,5011,Darii,0,0,0,0
81_9,81,N1-c-M1,9,0,toilets,Invalid Filler,Darii*,4,1,All urinals are toilets,Some seats are toilets,Some seats are urinals,NA,3907,Darii,0,1,0,0
81_10,81,N1-c-M1,10,0,breakfast,Polysemy,Datisi,4,1,All breakfasts are under three hours,Some breakfasts are smoothies,Some smoothies are under three hours,NA,6088,Datisi,0,1,0,0
81_11,81,N1-c-M1,11,0,ball,Homonymy,Disamis,4,1,Some balls are senior proms,All balls are toys,Some toys are senior proms,NA,1893,Disamis,0,1,0,0
81_12,81,N1-c-M1,12,1,trucks,Valid Filler,Disamis,4,1,Some trucks are big rigs,All trucks are vehicles,Some vehicles are big rigs,NA,2463,Disamis,1,1,0,0
81_13,81,N1-c-M1,13,0,bat,Homonymy,Datisi,4,1,All bats are animals,Some bats are sporting goods,Some sporting goods are animals,NA,2039,Datisi,0,1,0,0
81_14,81,N1-c-M1,14,1,company,Polysemy,Disamis,4,1,Some companies are in city centers,All companies are hierarchies,Some hierarchies are in city centers,NA,3456,Disamis,0,0,0,0
81_15,81,N1-c-M1,15,0,sausages,Invalid Filler,Dimatis*,4,1,Some pizza toppings are sausages,All chili dogs are sausages,Some chili dogs are pizza toppings,NA,2820,Dimatis,0,1,0,0
81_16,81,N1-c-M1,16,1,college,Polysemy,Datisi,4,1,All colleges grant degrees,Some colleges are historic buildings,Some historic buildings grant degrees,NA,3068,Datisi,0,0,0,0
81_17,81,N1-c-M1,17,1,burgers,Valid Filler,Darii,4,1,All burgers have protein,Some entrées are burgers,Some entrées have protein,NA,1603,Darii,1,1,0,0
81_18,81,N1-c-M1,18,0,star,Homonymy,Dimatis,4,1,Some celestial objects are stars,All stars are famous people,Some famous people are celestial objects,NA,2193,Dimatis,0,1,0,0
81_19,81,N1-c-M1,19,1,statues,Valid Filler,Dimatis,4,1,Some bronzes are statues,All statues are sculptures,Some sculptures are bronzes,NA,3322,Dimatis,1,1,0,0
81_20,81,N1-c-M1,20,0,magazines,Polysemy,Darii,4,1,All magazines are recyclable,Some media corporations are magazines,Some media corporations are recyclable,NA,2697,Darii,0,1,0,0
81_21,81,N1-c-M1,21,0,steaks,Invalid Filler,Darii*,4,1,All rotten ribeyes are steaks,Some delicious meals are steaks,Some delicoius meals are rotten ribeyes,NA,3103,Darii,0,1,0,0
81_22,81,N1-c-M1,22,1,liars,Valid Filler,Disamis,4,1,Some liars are criminals,All liars are humans,Some humans are criminals ,NA,1322,Disamis,1,1,0,0
81_23,81,N1-c-M1,23,1,city,Polysemy,Dimatis,4,1,Some bureaucracies are cities,All cities are graffitied places,Some graffitied places are bureaucracies,NA,6184,Dimatis,0,0,0,0
81_24,81,N1-c-M1,24,1,rifles,Valid Filler,Darii,4,1,All rifles are guns,Some safety hazards are rifles,Some safety hazards are guns,NA,3155,Darii,1,1,0,0
81_25,81,N1-c-M1,25,0,change,Homonymy,Datisi,4,1,All change is money,Some change is transformation,Some transformation is money,NA,1838,Datisi,0,1,0,0
81_26,81,N1-c-M1,26,0,actors,Invalid Filler,Dimatis*,4,1,Some women are actors,All male leads are actors,Some male leads are women,NA,3811,Dimatis,0,1,0,0
81_27,81,N1-c-M1,27,0,novel,Polysemy,Datisi,4,1,All novels are flammable,Some novels are debuts,Some debuts are flammable,NA,1760,Datisi,0,1,0,0
81_28,81,N1-c-M1,28,1,suitcases,Valid Filler,Disamis,4,1,Some suitcases are bags,All suitcases are pieces of luggage,Some pieces of luggage are bags,NA,1870,Disamis,1,1,0,0
81_29,81,N1-c-M1,29,0,dinner,Polysemy,Darii,4,1,All dinners happen after four o'clock,Some lasagnas are dinners,Some lasagnas happen after four o'clock,NA,4371,Darii,0,1,0,0
81_30,81,N1-c-M1,30,0,rock,Homonymy,Dimatis,4,1,Some marble is rock,All rock is music,Some music is marble,NA,2242,Dimatis,0,1,0,0
81_31,81,N1-c-M1,31,1,mugs,Valid Filler,Dimatis,4,1,Some ceramics are mugs,All mugs are cups ,Some cups are ceramics,NA,1673,Dimatis,1,1,0,0
81_32,81,N1-c-M1,32,0,funerals,Invalid Filler,Dimatis*,4,1,Some family gatherings are funerals,All anonymous burials are funerals,Some anonymous burials are family gatherings,NA,2784,Dimatis,0,1,0,0
81_33,81,N1-c-M1,33,1,widows,Valid Filler,Disamis,4,1,Some widows are parents,All widows are women,Some women are parents,NA,1694,Disamis,1,1,0,0
81_34,81,N1-c-M1,34,0,spices,Invalid Filler,Disamis*,4,1,Some spices are dried roots,All mustard seeds are spices ,Some mustard seeds are dried roots,NA,5534,Disamis,0,1,0,0
81_35,81,N1-c-M1,35,0,Wave,Homonymy,Disamis,4,1,Some waves are gestures,All waves are liquids,Some liquids are gestures,NA,1771,Disamis,0,1,0,0
81_36,81,N1-c-M1,36,0,cabinet,Homonymy,Dimatis,4,1,Some shelving units are cabinets,All cabinets are political appointments,Some political appointments are shelving units,NA,2184,Dimatis,0,1,0,0
81_37,81,N1-c-M1,37,1,lunch,Polysemy,Disamis,4,1,Some lunches are breaks,All lunches are foods,Some foods are breaks,NA,3748,Disamis,0,0,0,0
81_38,81,N1-c-M1,38,1,grapes,Valid Filler,Darii,4,1,All grapes are fruits ,Some snacks are grapes,Some snacks are fruits,NA,1229,Darii,1,1,0,0
81_39,81,N1-c-M1,39,1,picnic,Polysemy,Dimatis,4,1,Some summertime activities are picnics,All picnics are prepared foods,Some prepared foods are summertime activities,NA,3251,Dimatis,0,0,0,0
81_40,81,N1-c-M1,40,1,dolls,Valid Filler,Datisi,4,1,All dolls are man made,Some dolls are toys,Some toys are man made,NA,2806,Datisi,1,1,0,0
81_41,81,N1-c-M1,41,0,ring,Homonymy,Datisi,4,1,All rings are sounds,Some rings are accessories,Some accessories are sounds,NA,1693,Datisi,0,1,0,0
81_42,81,N1-c-M1,42,0,mothers,Invalid Filler,Datisi*,4,1,All grandmas are mothers ,Some mothers are teens,Some teens are grandmas,NA,2915,Datisi,0,1,0,0
81_43,81,N1-c-M1,43,1,singers,Valid Filler,Datisi,4,1,All singers are performers,Some singers are men,Some men are performers,NA,1659,Datisi,1,1,0,0
81_44,81,N1-c-M1,44,0,stones,Invalid Filler,Dimatis*,4,1,Some paperweights are stones,All boulders are stones,Some boulders are paperweights,NA,2398,Dimatis,0,1,0,0
81_45,81,N1-c-M1,45,0,board,Homonymy,Disamis,4,1,Some boards are governing organizations,All boards are wooden planks,Some wooden planks are governing organizations,NA,2239,Disamis,0,1,0,0
81_46,81,N1-c-M1,46,1,clowns,Valid Filler,Datisi,4,1,All clowns are entertainers,Some clowns are mimes,Some mimes are entertainers,NA,1370,Datisi,1,1,0,0
81_47,81,N1-c-M1,47,0,colors,Invalid Filler,Darii*,4,1,Some pastels are colors,All shades of neon green are colors ,Some shades of neon green are pastels,NA,2493,Darii,0,1,0,0
81_48,81,N1-c-M1,48,0,peppers,Invalid Filler,Disamis*,4,1,Some peppers are yellow vegetables ,All jalapenos are peppers,Some jalapenos are yellow vegetables,NA,2222,Disamis,0,1,0,0
81_49,81,N1-c-M1,49,1,swords,Valid Filler,Darii,4,1,All swords are weapons,Some sharp objects are swords,Some sharp objects are weapons,NA,1402,Darii,1,1,0,0
81_50,81,N1-c-M1,50,0,injuries,Invalid Filler,Disamis*,4,1,Some injuries are sunburns,All broken bones are injuries,Some broken bones are sunburns,NA,1758,Disamis,0,1,0,0
81_51,81,N1-c-M1,51,1,ponies,Valid Filler,Dimatis,4,1,Some thoroughbreds are ponies,All ponies are neighing animals,Some neighing animals are thoroughbreds,NA,2182,Dimatis,1,1,0,0
81_52,81,N1-c-M1,52,1,letter,Polysemy,Dimatis,4,1,Some papers are letters,All letters are communications,Some communications are papers,NA,1610,Dimatis,0,0,0,0
81_53,81,N1-c-M1,53,0,book,Polysemy,Disamis,4,1,Some books are doorstops,All books are pieces of intellectual property,Some pieces of intellectual property are doorstops,NA,1871,Disamis,0,1,0,0
81_54,81,N1-c-M1,54,1,thieves,Invalid Filler,Disamis*,4,1,Some thieves are children,All mob bosses are thieves,Some mob bosses are children,NA,1926,Disamis,0,0,0,0
81_55,81,N1-c-M1,55,0,shapes,Invalid Filler,Darii*,4,1,All cylinders are shapes,Some road signs are shapes,Some road signs are cylinders,NA,5592,Darii,0,1,0,0
81_56,81,N1-c-M1,56,1,ruler,Homonymy,Darii,4,1,All rulers are standard lengths,Some queens are rulers,Some queens are standard lengths,NA,4995,Darii,0,0,0,0
82_1,82,N1-c-M1,1,0,book,Polysemy,Disamis,4,2,Some books are doorstops,All books are pieces of intellectual property,Some pieces of intellectual property are doorstops,NA,6251,Disamis,0,1,0,0
82_2,82,N1-c-M1,2,0,mothers,Invalid Filler,Datisi*,4,2,All grandmas are mothers ,Some mothers are teens,Some teens are grandmas,NA,7617,Datisi,0,1,0,0
82_3,82,N1-c-M1,3,1,funerals,Invalid Filler,Dimatis*,4,2,Some family gatherings are funerals,All anonymous burials are funerals,Some anonymous burials are family gatherings,NA,5678,Dimatis,0,0,0,0
82_4,82,N1-c-M1,4,1,peppers,Invalid Filler,Disamis*,4,2,Some peppers are yellow vegetables ,All jalapenos are peppers,Some jalapenos are yellow vegetables,NA,5217,Disamis,0,0,0,0
82_5,82,N1-c-M1,5,0,ball,Homonymy,Disamis,4,2,Some balls are senior proms,All balls are toys,Some toys are senior proms,NA,3684,Disamis,0,1,0,0
82_6,82,N1-c-M1,6,0,thieves,Invalid Filler,Disamis*,4,2,Some thieves are children,All mob bosses are thieves,Some mob bosses are children,NA,4263,Disamis,0,1,0,0
82_7,82,N1-c-M1,7,1,clowns,Valid Filler,Datisi,4,2,All clowns are entertainers,Some clowns are mimes,Some mimes are entertainers,NA,4324,Datisi,1,1,0,0
82_8,82,N1-c-M1,8,0,stones,Invalid Filler,Dimatis*,4,2,Some paperweights are stones,All boulders are stones,Some boulders are paperweights,NA,5201,Dimatis,0,1,0,0
82_9,82,N1-c-M1,9,1,dinner,Polysemy,Darii,4,2,All dinners happen after four o'clock,Some lasagnas are dinners,Some lasagnas happen after four o'clock,NA,6937,Darii,0,0,0,0
82_10,82,N1-c-M1,10,1,breakfast,Polysemy,Datisi,4,2,All breakfasts are under three hours,Some breakfasts are smoothies,Some smoothies are under three hours,NA,3965,Datisi,0,0,0,0
82_11,82,N1-c-M1,11,0,board,Homonymy,Disamis,4,2,Some boards are governing organizations,All boards are wooden planks,Some wooden planks are governing organizations,NA,3953,Disamis,0,1,0,0
82_12,82,N1-c-M1,12,0,cabinet,Homonymy,Dimatis,4,2,Some shelving units are cabinets,All cabinets are political appointments,Some political appointments are shelving units,NA,3795,Dimatis,0,1,0,0
82_13,82,N1-c-M1,13,1,school,Polysemy,Darii,4,2,All schools have classrooms,Some employers are schools,Some employers have classrooms,NA,3341,Darii,0,0,0,0
82_14,82,N1-c-M1,14,0,lunch,Polysemy,Disamis,4,2,Some lunches are breaks,All lunches are foods,Some foods are breaks,NA,5631,Disamis,0,1,0,0
82_15,82,N1-c-M1,15,1,poets,Valid Filler,Dimatis,4,2,Some teachers are poets,All poets are writers ,Some writers are teachers,NA,3796,Dimatis,1,1,0,0
82_16,82,N1-c-M1,16,1,dolls,Valid Filler,Datisi,4,2,All dolls are man made,Some dolls are toys,Some toys are man made,NA,3014,Datisi,1,1,0,0
82_17,82,N1-c-M1,17,1,bat,Homonymy,Datisi,4,2,All bats are animals,Some bats are sporting goods,Some sporting goods are animals,NA,6488,Datisi,0,0,0,0
82_18,82,N1-c-M1,18,1,ruler,Homonymy,Darii,4,2,All rulers are standard lengths,Some queens are rulers,Some queens are standard lengths,NA,7225,Darii,0,0,0,0
82_19,82,N1-c-M1,19,0,Wave,Homonymy,Disamis,4,2,Some waves are gestures,All waves are liquids,Some liquids are gestures,NA,5538,Disamis,0,1,0,0
82_20,82,N1-c-M1,20,1,trucks,Valid Filler,Disamis,4,2,Some trucks are big rigs,All trucks are vehicles,Some vehicles are big rigs,NA,3116,Disamis,1,1,0,0
82_21,82,N1-c-M1,21,1,sausages,Invalid Filler,Dimatis*,4,2,Some pizza toppings are sausages,All chili dogs are sausages,Some chili dogs are pizza toppings,NA,3092,Dimatis,0,0,0,0
82_22,82,N1-c-M1,22,1,picnic,Polysemy,Dimatis,4,2,Some summertime activities are picnics,All picnics are prepared foods,Some prepared foods are summertime activities,NA,4648,Dimatis,0,0,0,0
82_23,82,N1-c-M1,23,1,doughnuts,Valid Filler,Datisi,4,2,All doughnuts are sugary ,Some doughnuts are treats,Some treats are sugary,NA,2591,Datisi,1,1,0,0
82_24,82,N1-c-M1,24,1,suitcases,Valid Filler,Disamis,4,2,Some suitcases are bags,All suitcases are pieces of luggage,Some pieces of luggage are bags,NA,2482,Disamis,1,1,0,0
82_25,82,N1-c-M1,25,0,toilets,Invalid Filler,Darii*,4,2,All urinals are toilets,Some seats are toilets,Some seats are urinals,NA,5083,Darii,0,1,0,0
82_26,82,N1-c-M1,26,1,company,Polysemy,Disamis,4,2,Some companies are in city centers,All companies are hierarchies,Some hierarchies are in city centers,NA,3547,Disamis,0,0,0,0
82_27,82,N1-c-M1,27,1,letter,Polysemy,Dimatis,4,2,Some papers are letters,All letters are communications,Some communications are papers,NA,2983,Dimatis,0,0,0,0
82_28,82,N1-c-M1,28,1,liars,Valid Filler,Disamis,4,2,Some liars are criminals,All liars are humans,Some humans are criminals ,NA,3007,Disamis,1,1,0,0
82_29,82,N1-c-M1,29,1,change,Homonymy,Datisi,4,2,All change is money,Some change is transformation,Some transformation is money,NA,6200,Datisi,0,0,0,0
82_30,82,N1-c-M1,30,1,antiques,Invalid Filler,Datisi*,4,2,All medieval manuscripts are antiques ,Some antiques are pieces of jewelry,Some pieces of jewelry are medieval manuscripts,NA,5030,Datisi,0,0,0,0
82_31,82,N1-c-M1,31,1,ponies,Valid Filler,Dimatis,4,2,Some thoroughbreds are ponies,All ponies are neighing animals,Some neighing animals are thoroughbreds,NA,3843,Dimatis,1,1,0,0
82_32,82,N1-c-M1,32,0,actors,Invalid Filler,Dimatis*,4,2,Some women are actors,All male leads are actors,Some male leads are women,NA,4716,Dimatis,0,1,0,0
82_33,82,N1-c-M1,33,1,grapes,Valid Filler,Darii,4,2,All grapes are fruits ,Some snacks are grapes,Some snacks are fruits,NA,2858,Darii,1,1,0,0
82_34,82,N1-c-M1,34,0,shapes,Invalid Filler,Darii*,4,2,All cylinders are shapes,Some road signs are shapes,Some road signs are cylinders,NA,8351,Darii,0,1,0,0
82_35,82,N1-c-M1,35,1,burgers,Valid Filler,Darii,4,2,All burgers have protein,Some entrées are burgers,Some entrées have protein,NA,2412,Darii,1,1,0,0
82_36,82,N1-c-M1,36,1,widows,Valid Filler,Disamis,4,2,Some widows are parents,All widows are women,Some women are parents,NA,2498,Disamis,1,1,0,0
82_37,82,N1-c-M1,37,0,star,Homonymy,Dimatis,4,2,Some celestial objects are stars,All stars are famous people,Some famous people are celestial objects,NA,6490,Dimatis,0,1,0,0
82_38,82,N1-c-M1,38,0,steaks,Invalid Filler,Darii*,4,2,All rotten ribeyes are steaks,Some delicious meals are steaks,Some delicoius meals are rotten ribeyes,NA,6285,Darii,0,1,0,0
82_39,82,N1-c-M1,39,1,swords,Valid Filler,Darii,4,2,All swords are weapons,Some sharp objects are swords,Some sharp objects are weapons,NA,4179,Darii,1,1,0,0
82_40,82,N1-c-M1,40,1,mugs,Valid Filler,Dimatis,4,2,Some ceramics are mugs,All mugs are cups ,Some cups are ceramics,NA,2871,Dimatis,1,1,0,0
82_41,82,N1-c-M1,41,0,magazines,Polysemy,Darii,4,2,All magazines are recyclable,Some media corporations are magazines,Some media corporations are recyclable,NA,5343,Darii,0,1,0,0
82_42,82,N1-c-M1,42,1,rifles,Valid Filler,Darii,4,2,All rifles are guns,Some safety hazards are rifles,Some safety hazards are guns,NA,4210,Darii,1,1,0,0
82_43,82,N1-c-M1,43,0,rock,Homonymy,Dimatis,4,2,Some marble is rock,All rock is music,Some music is marble,NA,3887,Dimatis,0,1,0,0
82_44,82,N1-c-M1,44,1,ring,Homonymy,Datisi,4,2,All rings are sounds,Some rings are accessories,Some accessories are sounds,NA,5515,Datisi,0,0,0,0
82_45,82,N1-c-M1,45,0,colors,Invalid Filler,Darii*,4,2,Some pastels are colors,All shades of neon green are colors ,Some shades of neon green are pastels,NA,4855,Darii,0,1,0,0
82_46,82,N1-c-M1,46,0,novel,Polysemy,Datisi,4,2,All novels are flammable,Some novels are debuts,Some debuts are flammable,NA,5467,Datisi,0,1,0,0
82_47,82,N1-c-M1,47,1,singers,Valid Filler,Datisi,4,2,All singers are performers,Some singers are men,Some men are performers,NA,2663,Datisi,1,1,0,0
82_48,82,N1-c-M1,48,1,city,Polysemy,Dimatis,4,2,Some bureaucracies are cities,All cities are graffitied places,Some graffitied places are bureaucracies,NA,6059,Dimatis,0,0,0,0
82_49,82,N1-c-M1,49,0,suit,Homonymy,Darii,4,2,All suits are dress attire,Some court proceedings are suits,Some court proceedings are dress attire,NA,3999,Darii,0,1,0,0
82_50,82,N1-c-M1,50,1,dresses,Invalid Filler,Datisi*,4,2,All ball gowns are dresses ,Some dresses are cocktail outfits,Some cocktail outfits are ball gowns,NA,3030,Datisi,0,0,0,0
82_51,82,N1-c-M1,51,1,dances,Invalid Filler,Datisi*,4,2,All ballets are dances ,Some dances are mating rituals,Some mating rituals are ballets ,NA,4021,Datisi,0,0,0,0
82_52,82,N1-c-M1,52,1,statues,Valid Filler,Dimatis,4,2,Some bronzes are statues,All statues are sculptures,Some sculptures are bronzes,NA,2677,Dimatis,1,1,0,0
82_53,82,N1-c-M1,53,0,match,Homonymy,Darii,4,2,All matches are combustible,Some pay-per-view broadcasts are matches,Some pay-per-view broadcasts are combustible,NA,3931,Darii,0,1,0,0
82_54,82,N1-c-M1,54,1,spices,Invalid Filler,Disamis*,4,2,Some spices are dried roots,All mustard seeds are spices ,Some mustard seeds are dried roots,NA,4733,Disamis,0,0,0,0
82_55,82,N1-c-M1,55,0,injuries,Invalid Filler,Disamis*,4,2,Some injuries are sunburns,All broken bones are injuries,Some broken bones are sunburns,NA,3260,Disamis,0,1,0,0
82_56,82,N1-c-M1,56,0,college,Polysemy,Datisi,4,2,All colleges grant degrees,Some colleges are historic buildings,Some historic buildings grant degrees,NA,5821,Datisi,0,1,0,0
