SubjTrial,SubjectID,ExpNum,ItemNum,Response,TargetWord,TrialType,Syllogism,ListNum,premise1,premise2,conclusion,loadtime,NominalType,AC1,AC2,dominancePercent,abstractType,categoryMistake,digitMatch,RT,SyllogismSimple,ExpectedResponse,ResponseWasCorrect,excl.subj,excl.trial
1_1,1,N3-c-M2,1,1,novel,Polysemy,Darii,2,All novels are printed,Some ideas are novels,Some ideas are printed,*,book-type,C,A,96.7,info,0.1428571429,NA,8216,Darii,0,0,0,0
1_2,1,N3-c-M2,2,1,breakfast,Polysemy,Darii,2,All breakfasts are under three hours,Some smoothies are breakfasts,Some smoothies are under three hours,*,lunch-type,A,C,87.1,event,0.7142857143,NA,7257,Darii,0,0,0,0
1_3,1,N3-c-M2,3,0,shapes,Invalid Filler,Disamis*,2,Some shapes are triangles,All squares are shapes,Some squares are triangles,*,*,*,*,*,*,*,NA,5128,Disamis,0,1,0,0
1_4,1,N3-c-M2,4,0,ball,Homonymy,Dimatis,2,Some dances are balls,All balls are circles,Some circles are dances,*,*,A,C,*,*,0.1666666667,NA,18828,Dimatis,0,1,0,0
1_5,1,N3-c-M2,5,1,ponies,Valid Filler,Datisi,2,All ponies neigh,Some ponies are colts,Some colts neigh,*,*,*,*,*,*,*,NA,34245,Datisi,1,1,0,0
1_6,1,N3-c-M2,6,1,change,Homonymy,Darii,2,All change is legal tender,Some political revolutions are change,Some political revolutions are legal tender,*,*,C,A,*,*,0.8571428571,NA,19665,Darii,0,0,0,0
1_7,1,N3-c-M2,7,1,mugs,Valid Filler,Datisi,2,All mugs are cups ,Some mugs are ceramics,Some ceramics are cups ,*,*,*,*,*,*,*,NA,6208,Datisi,1,1,0,0
1_8,1,N3-c-M2,8,0,star,Homonymy,Datisi,2,All stars are charismatic,Some stars are pulsars,Some pulsars are charismatic,*,*,*,*,*,*,0.7142857143,NA,25087,Datisi,0,1,0,0
1_9,1,N3-c-M2,9,1,mothers,Invalid Filler,Darii*,2,All grandmothers are mothers ,Some teens are mothers,Some grandmothers are teens,*,*,*,*,*,*,*,NA,16535,Darii,0,0,0,0
1_10,1,N3-c-M2,10,0,ring,Homonymy,Darii,2,All rings are sounds,Some accessories are rings,Some accessories are sounds,*,*,A,C,*,*,0.7142857143,NA,8892,Darii,0,1,0,0
1_11,1,N3-c-M2,11,1,grapes,Valid Filler,Disamis,2,Some grapes are red ,All grapes are fruits ,Some fruits are red ,*,*,*,*,*,*,*,NA,2440,Disamis,1,1,0,0
1_12,1,N3-c-M2,12,1,board,Homonymy,Dimatis,2,Some groups are boards,All boards are materials,Some materials are groups,*,*,A,C,*,*,0.5,NA,5139,Dimatis,0,0,0,0
1_13,1,N3-c-M2,13,0,toilets,Invalid Filler,Disamis*,2,Some toilets are coed,All urinals are toilets,Some urinals are coed,*,*,*,*,*,*,*,NA,40494,Disamis,0,1,0,0
1_14,1,N3-c-M2,14,0,suit,Homonymy,Disamis,2,Some suits are settled out of court,All suits are formal outfits,Some formal outfits are settled out of court,*,*,A,C,*,*,0.7142857143,NA,21546,Disamis,0,1,0,0
1_15,1,N3-c-M2,15,0,novel,Polysemy,Darii,2,All novels are flammable,Some debuts are novels,Some debuts are flammable,*,book-type,C,A,96.7,info,1,NA,3824,Darii,0,1,0,0
1_16,1,N3-c-M2,16,1,match,Homonymy,Disamis,2,Some matches are shown on TV,All matches are fire starters,Some fire starters are shown on TV,*,*,A,C,*,*,0,NA,5105,Disamis,0,0,0,0
1_17,1,N3-c-M2,17,1,novel,Polysemy,Darii,2,All novels are bound,Some mysteries are novels,Some mysteries are bound,*,book-type,C,A,96.7,info,0,NA,3300,Darii,0,0,0,0
1_18,1,N3-c-M2,18,1,book,Polysemy,Dimatis,2,Some purchases are books,All books are creative endeavours,Some creative endeavours are purchases,*,book-type,C,A,64.5,info,0.1428571429,NA,4646,Dimatis,0,0,0,0
1_19,1,N3-c-M2,19,1,widows,Valid Filler,Dimatis,2,Some mothers are widows ,All widows are women,Some women are mothers,*,*,*,*,*,*,*,NA,2022,Dimatis,1,1,0,0
1_20,1,N3-c-M2,20,1,dolls,Valid Filler,Darii,2,All dolls are man made,Some toys are dolls ,Some toys are man made,*,*,*,*,*,*,*,NA,2023,Darii,1,1,0,0
1_21,1,N3-c-M2,21,0,rock ,Homonymy,Datisi,2,All rock is rhythmic,Some rock is granite,Some granite is rhythmic,*,*,A,C,100,*,0.8571428571,NA,5439,Datisi,0,1,0,0
1_22,1,N3-c-M2,22,1,change,Homonymy,Darii,2,All change is money,Some surprises are change,Some surprises are money,*,*,C,A,*,*,0,NA,1966,Darii,0,0,0,0
1_23,1,N3-c-M2,23,1,match,Homonymy,Disamis,2,Some matches are competitive,All matches are tools,Some tools are competitive,*,*,A,C,80,*,0.5714285714,NA,2099,Disamis,0,0,0,0
1_24,1,N3-c-M2,24,1,book,Polysemy,Dimatis,2,Some doorstops are books,All books are intellectual property,Some intellectual property is a doorstop,*,book-type,C,A,64.5,info,0.5714285714,NA,2502,Dimatis,0,0,0,0
1_25,1,N3-c-M2,25,1,antiques,Invalid Filler,Darii*,2,All medieval manuscripts are antiques ,Some pieces of jewelry are antiques ,Some pieces of jewelry are medieval manuscripts,*,*,*,*,*,*,*,NA,17102,Darii,0,0,0,0
1_26,1,N3-c-M2,26,1,burgers,Valid Filler,Disamis,2,Some burgers are overcooked ,All burgers are sandwiches,Some sandwiches are overcooked ,*,*,*,*,*,*,*,NA,3258,Disamis,1,1,0,0
1_27,1,N3-c-M2,27,0,cabinet,Homonymy,Datisi,2,All cabinets are political appointments,Some cabinets are antique furniture,Some antique furniture are political appointments,*,*,A,C,*,*,0.8571428571,NA,8371,Datisi,0,1,0,0
1_28,1,N3-c-M2,28,1,peppers,Invalid Filler,Dimatis*,2,Some yellow vegetables are peppers ,All jalapenos are peppers,Some jalapenos are yellow vegetables,*,*,*,*,*,*,*,NA,3875,Dimatis,0,0,0,0
1_29,1,N3-c-M2,29,0,ball,Homonymy,Dimatis,2,Some dances are balls,All balls are spheres,Some spheres are dances,*,*,A,C,*,*,0.7142857143,NA,3091,Dimatis,0,1,0,0
1_30,1,N3-c-M2,30,0,actors,Invalid Filler,Datisi*,2,All male leads are actors,Some actors are women,Some women are male leads,*,*,*,*,*,*,*,NA,2494,Datisi,0,1,0,0
1_31,1,N3-c-M2,31,1,letter,Polysemy,Datisi,2,All letters are paper,Some letters are professions of love,Some professions of love are paper,*,book-type,C,A,78.5,info,0.4285714286,NA,32938,Datisi,0,0,0,0
1_32,1,N3-c-M2,32,1,ball,Homonymy,Dimatis,2,Some parties are balls,All balls are toys,Some toys are parties,*,*,A,C,*,*,0.7142857143,NA,4933,Dimatis,0,0,0,0
1_33,1,N3-c-M2,33,1,ring,Homonymy,Darii,2,All rings are noises,Some anniversary gifts are rings,Some anniversary gifts are noises,*,*,A,C,*,*,0.7142857143,NA,6118,Darii,0,0,0,0
1_34,1,N3-c-M2,34,1,city,Polysemy,Datisi,2,All cities are bureaucracies,Some cities are graffitied ,Some bureaucracies are graffitied,*,city-type,A,C,67.7,inst,0.2857142857,NA,3384,Datisi,0,0,0,0
1_35,1,N3-c-M2,35,0,board,Homonymy,Dimatis,2,Some advisory bodies are boards,All boards are rectangles,Some rectangles are advisory bodies,*,*,A,C,*,*,0.8571428571,NA,4404,Dimatis,0,1,0,0
1_36,1,N3-c-M2,36,1,rifles,Valid Filler,Disamis,2,Some rifles are for hunting,All rifles are guns ,Some guns are for hunting,*,*,*,*,*,*,*,NA,6591,Disamis,1,1,0,0
1_37,1,N3-c-M2,37,1,ruler,Homonymy,Disamis,2,Some rulers are monarchs,All rulers are measuring devices,Some measuring devices are monarchs,*,*,*,*,*,*,0.7142857143,NA,6154,Disamis,0,0,0,0
1_38,1,N3-c-M2,38,0,stones,Invalid Filler,Datisi*,2,All pebbles are stones,Some stones are boulders,Some boulders are pebbles,*,*,*,*,*,*,*,NA,2997,Datisi,0,1,0,0
1_39,1,N3-c-M2,39,1,dresses,Invalid Filler,Darii*,2,All ball gowns are dresses ,Some cocktail outfits are dresses,Some cocktail outfits are ball gowns,*,*,*,*,*,*,*,NA,2883,Darii,0,0,0,0
1_40,1,N3-c-M2,40,0,wave,Homonymy,Dimatis,2,Some greetings are waves,Some waves are tsunamis,Some tsunamis are greetings,*,*,A,C,100,*,0.7142857143,NA,68201,Dimatis,0,1,0,0
1_41,1,N3-c-M2,41,1,suitcases,Valid Filler,Dimatis,2,Some bags are suitcases,All suitcases are pieces of luggage,Some pieces of luggage are bags,*,*,*,*,*,*,*,NA,9754,Dimatis,1,1,0,0
1_42,1,N3-c-M2,42,1,bat,Homonymy,Darii,2,All bats share a common ancestor,Some sporting goods are bats,Some sporting goods share a common ancestor,*,*,*,*,*,*,0.2857142857,NA,4987,Darii,0,0,0,0
1_43,1,N3-c-M2,43,0,city,Polysemy,Datisi,2,All cities have laws,Some cities are earthquake zones,Some earthquake zones have laws,*,city-type,A,C,67.7,inst,0,NA,3624,Datisi,0,1,0,0
1_44,1,N3-c-M2,44,0,picnic,Polysemy,Datisi,2,All picnics happen in nature,Some picnics are salads,Some salads happen in nature,*,lunch-type,A,C,59.2,event,0.5714285714,NA,4276,Datisi,0,1,0,0
1_45,1,N3-c-M2,45,1,rock,Homonymy,Datisi,2,All rock has guitars,Some rock is marble,Some marble has guitars,*,*,A,C,100,*,0.8571428571,NA,23280,Datisi,0,0,0,0
1_46,1,N3-c-M2,46,1,doughnuts,Valid Filler,Darii,2,All doughnuts are sugary ,Some pastries are doughnuts ,Some pastries are sugary,*,*,*,*,*,*,*,NA,2808,Darii,1,1,0,0
1_47,1,N3-c-M2,47,1,trucks,Valid Filler,Dimatis,2,Some cars are trucks ,All trucks are vehicles,Some vehicles are cars ,*,*,*,*,*,*,*,NA,2114,Dimatis,1,1,0,0
1_48,1,N3-c-M2,48,1,swords,Valid Filler,Disamis,2,Some swords are decorative,All swords are weapons ,Some weapons are decorative ,*,*,*,*,*,*,*,NA,2661,Disamis,1,1,0,0
1_49,1,N3-c-M2,49,1,steaks,Invalid Filler,Disamis*,2,Some steaks are filet mignons,All ribeyes are steaks,Some ribeyes are filet mignons,*,*,*,*,*,*,*,NA,2410,Disamis,0,0,0,0
1_50,1,N3-c-M2,50,1,dinner,Polysemy,Disamis,2,Some dinners last an hour,All dinners are sources of nutrition,Some sources of nutrition last an hour,*,lunch-type,A,C,90,event,0.1428571429,NA,3716,Disamis,0,0,0,0
1_51,1,N3-c-M2,51,0,company,Polysemy,Dimatis,2,Some storefronts are companies,All companies are hierarchies,Some hierarchies are storefronts,*,city-type,C,A,83.8,inst,0.7142857143,NA,3349,Dimatis,0,1,0,0
1_52,1,N3-c-M2,52,1,bat,Homonymy,Darii,2,All bats hang upside down,Some sporting goods are bats,Some sporting goods hang upside down,*,*,*,*,*,*,0,NA,4189,Darii,0,0,0,0
1_53,1,N3-c-M2,53,1,poets,Valid Filler,Datisi,2,All poets are writers ,Some poets are teachers,Some teachers are writers,*,*,*,*,*,*,*,NA,1824,Datisi,1,1,0,0
1_54,1,N3-c-M2,54,1,colors,Invalid Filler,Disamis*,2,Some colors are primary ,All shades of purple are colors ,Some shades of purple are primary,*,*,*,*,*,*,*,NA,3218,Disamis,0,0,0,0
1_55,1,N3-c-M2,55,1,magazines,Polysemy,Disamis,2,Some magazines are glossy,All magazines are collaborations,Some collaborations are glossy,*,book-type,C,A,68.9,info,0.5714285714,NA,3631,Disamis,0,0,0,0
1_56,1,N3-c-M2,56,1,magazines,Polysemy,Disamis,2,Some magazines are coffee-stained,All magazines are subscriptions,Some subscriptions are coffee-stained,*,book-type,C,A,68.9,info,0.2857142857,NA,3510,Disamis,0,0,0,0
1_57,1,N3-c-M2,57,0,thieves,Invalid Filler,Dimatis*,2,Some children are thieves,All mob bosses are thieves,Some mob bosses are children,*,*,*,*,*,*,*,NA,5057,Dimatis,0,1,0,0
1_58,1,N3-c-M2,58,0,lunch,Polysemy,Dimatis,2,Some breaks are lunches,All lunches are entrées,Some entrées are breaks,*,lunch-type,A,C,96.6,event,0.7142857143,NA,2801,Dimatis,0,1,0,0
1_59,1,N3-c-M2,59,1,lunch,Polysemy,Dimatis,2,lunch-type,All lunches are menu items,Some menu items are meetings,*,lunch-type,A,C,96.6,event,1,NA,3974,Dimatis,0,0,0,0
1_60,1,N3-c-M2,60,1,dances,Invalid Filler,Darii*,2,All polkas are dances ,Some mating rituals are dances ,Some mating rituals are polkas ,*,*,*,*,*,*,*,NA,3229,Darii,0,0,0,0
1_61,1,N3-c-M2,61,1,breakfast,Polysemy,Darii,2,All breakfasts take place in the morning,Some sandwiches are breakfasts,Some sandwiches take place in the morning,*,lunch-type,A,C,87.1,event,0.4285714286,NA,3071,Darii,0,0,0,0
1_62,1,N3-c-M2,62,0,star,Homonymy,Datisi,2,All stars deal with paparazzi ,Some stars are red dwarfs,Some red dwarfs deal with paparazzi ,*,*,*,*,*,*,0,NA,2679,Datisi,0,1,0,0
1_63,1,N3-c-M2,63,0,cabinet,Homonymy,Datisi,2,All cabinets are selected by leaders,Some cabinets are cupboards,Some cupboards are selected by leaders,*,*,A,C,*,*,0.3333333333,NA,3883,Datisi,0,1,0,0
1_64,1,N3-c-M2,64,0,school,Polysemy,Disamis,2,Some schools are rectangular,All schools are employers,Some employers are rectangular,*,city-type,C,A,45.1,inst,0.5714285714,NA,2960,Disamis,0,1,0,0
1_65,1,N3-c-M2,65,1,change,Homonymy,Darii,2,All change jingles,Some social movements are change,Some social movements jingle,*,*,C,A,*,*,0.5714285714,NA,3728,Darii,0,0,0,0
1_66,1,N3-c-M2,66,0,picnic,Polysemy,Datisi,2,All picnics are leisurely,Some picnics are charcuterie,Some charcuterie is leisurely,*,lunch-type,A,C,59.2,event,0.7142857143,NA,2353,Datisi,0,1,0,0
1_67,1,N3-c-M2,67,0,wave,Homonymy,Dimatis,2,Some gestures are waves,Some waves are ripples,Some ripples are gestures,*,*,A,C,100,*,0.4285714286,NA,2001,Dimatis,0,1,0,0
1_68,1,N3-c-M2,68,1,board,Homonymy,Dimatis,2,Some governing organizations are boards,All boards are wooden planks,Some wooden planks are governing organizations,*,*,A,C,*,*,1,NA,2525,Dimatis,0,0,0,0
1_69,1,N3-c-M2,69,0,cabinet,Homonymy,Datisi,2,All cabinets advise the presidents,Some cabinets are Ikea products,Some ikea products advise the president,*,*,A,C,*,*,0.7142857143,NA,2200,Datisi,0,1,0,0
1_70,1,N3-c-M2,70,0,clowns,Valid Filler,Darii,2,All clowns can juggle ,Some circus performers are clowns ,Some circus performers can juggle,*,*,*,*,*,*,*,NA,2032,Darii,1,0,0,0
1_71,1,N3-c-M2,71,1,liars,Valid Filler,Dimatis,2,Some criminals are liars ,All liars are humans,Some humans are criminals ,*,*,*,*,*,*,*,NA,2359,Dimatis,1,1,0,0
1_72,1,N3-c-M2,72,1,statues,Valid Filler,Datisi,2,All statues are sculptures,Some statues are bronzes,Some bronzes are sculptures,*,*,*,*,*,*,*,NA,2897,Datisi,1,1,0,0
1_73,1,N3-c-M2,73,1,college,Polysemy,Darii,2,All colleges have spirit,Some colleges are national landmarks,Some national landmarks have spirit,*,city-type,A,C,56.6,inst,0.1428571429,NA,7129,Darii,0,0,0,0
1_74,1,N3-c-M2,74,1,school,Polysemy,Disamis,2,Some schools are brick,All schools are communities,Some communities are brick,*,city-type,C,A,45.1,inst,0.5714285714,NA,3000,Disamis,0,0,0,0
1_75,1,N3-c-M2,75,1,bat,Homonymy,Darii,2,All bats are mammals,Some weapons are bats,Some weapons are mammals,*,*,*,*,*,*,0.4285714286,NA,3190,Darii,0,0,0,0
1_76,1,N3-c-M2,76,1,company,Polysemy,Dimatis,2,Some office buildings are companies,All companies are legal entities,Some legal entities are office buildings ,*,city-type,C,A,83.8,inst,0.5714285714,NA,19960,Dimatis,0,0,0,0
1_77,1,N3-c-M2,77,1,suit,Homonymy,Disamis,2,Some suits have multiple defendants,All suits are dress attire,Some dress attire has multiple defendants,*,*,A,C,*,*,0.5714285714,NA,27909,Disamis,0,0,0,0
1_78,1,N3-c-M2,78,0,star,Homonymy,Datisi,2,All stars are famous ,Some stars are red dwarfs,Some red dwarfs are famous,*,*,*,*,*,*,0,NA,2221,Datisi,0,1,0,0
1_79,1,N3-c-M2,79,1,singers,Valid Filler,Darii,2,All singers have an ideal vocal range ,Some guitarists are singers,Some guitarists have an ideal vocal range,*,*,*,*,*,*,*,NA,6646,Darii,1,1,0,0
1_80,1,N3-c-M2,80,1,letter,Polysemy,Datisi,2,All letters have stamps,Some letters are rejections,Some rejections have stamps,*,book-type,C,A,78.5,info,0,NA,2819,Datisi,0,0,0,0
1_81,1,N3-c-M2,81,1,funerals,Invalid Filler,Datisi*,2,All open-casket services are funerals,Some funerals are cremations,Some cremations are open-casket services,*,*,*,*,*,*,*,NA,2929,Datisi,0,0,0,0
1_82,1,N3-c-M2,82,1,injuries,Invalid Filler,Dimatis*,2,Some sunburns are injuries,All cases of frostbite are injuries,Some cases of frostbite are sunburns,*,*,*,*,*,*,*,NA,2904,Dimatis,0,0,0,0
1_83,1,N3-c-M2,83,1,college,Polysemy,Darii,2,All colleges grant degrees,Some colleges are historic buildings,Some historic buildings grant degrees,*,city-type,A,C,56.6,inst,0.2857142857,NA,2185,Darii,0,0,0,0
1_84,1,N3-c-M2,84,1,sausages,Invalid Filler,Datisi*,2,All hot dogs are sausages,Some sausages are salamis,Some hot dogs are salamis,*,*,*,*,*,*,*,NA,2379,Datisi,0,0,0,0
1_85,1,N3-c-M2,85,0,dinner,Polysemy,Disamis,2,Some dinners are black tie,All dinners are foods,Some foods are black tie,*,lunch-type,A,C,90,event,0.5714285714,NA,2341,Disamis,0,1,0,0
1_86,1,N3-c-M2,86,0,ruler,Homonymy,Disamis,2,Some rulers are kings,All rulers are standard lengths,Some standard lengths are kings,*,*,*,*,*,*,0.8571428571,NA,3855,Disamis,0,1,0,0
1_87,1,N3-c-M2,87,1,match,Homonymy,Disamis,2,Some matches are championships,All matches are fire starters,Some fire starters are championships,*,*,A,C,80,*,0.7142857143,NA,2691,Disamis,0,0,0,0
1_88,1,N3-c-M2,88,1,spices,Invalid Filler,Dimatis*,2,Some dried roots are spices ,All mustard seeds are spices ,Some mustard seeds are dried roots,*,*,*,*,*,*,*,NA,2229,Dimatis,0,0,0,0
2_1,2,N3-c-M2,1,0,lunch,Polysemy,Dimatis,1,Some breaks are lunches,All lunches are entrées,Some entrées are breaks,*,lunch-type,A,C,96.6,event,0.7142857143,NA,6131,Dimatis,0,1,0,0
2_2,2,N3-c-M2,2,1,book,Polysemy,Dimatis,1,Some purchases are books,All books are creative endeavours,Some creative endeavours are purchases,*,book-type,C,A,64.5,info,0.1428571429,NA,4358,Dimatis,0,0,0,0
2_3,2,N3-c-M2,3,1,grapes,Valid Filler,Disamis,1,Some grapes are red ,All grapes are fruits ,Some fruits are red ,*,*,*,*,*,*,*,NA,3825,Disamis,1,1,0,0
2_4,2,N3-c-M2,4,1,singers,Valid Filler,Darii,1,All singers have an ideal vocal range ,Some guitarists are singers,Some guitarists have an ideal vocal range,*,*,*,*,*,*,*,NA,5879,Darii,1,1,0,0
2_5,2,N3-c-M2,5,0,ruler,Homonymy,Disamis,1,Some rulers are kings,All rulers are standard lengths,Some standard lengths are kings,*,*,*,*,*,*,0.8571428571,NA,5750,Disamis,0,1,0,0
2_6,2,N3-c-M2,6,1,peppers,Invalid Filler,Dimatis*,1,Some yellow vegetables are peppers ,All jalapenos are peppers,Some jalapenos are yellow vegetables,*,*,*,*,*,*,*,NA,4794,Dimatis,0,0,0,0
2_7,2,N3-c-M2,7,0,injuries,Invalid Filler,Dimatis*,1,Some sunburns are injuries,All cases of frostbite are injuries,Some cases of frostbite are sunburns,*,*,*,*,*,*,*,NA,7258,Dimatis,0,1,0,0
2_8,2,N3-c-M2,8,0,shapes,Invalid Filler,Disamis*,1,Some shapes are triangles,All squares are shapes,Some squares are triangles,*,*,*,*,*,*,*,NA,2843,Disamis,0,1,0,0
2_9,2,N3-c-M2,9,0,colors,Invalid Filler,Disamis*,1,Some colors are primary ,All shades of purple are colors ,Some shades of purple are primary,*,*,*,*,*,*,*,NA,3570,Disamis,0,1,0,0
2_10,2,N3-c-M2,10,0,spices,Invalid Filler,Dimatis*,1,Some dried roots are spices ,All mustard seeds are spices ,Some mustard seeds are dried roots,*,*,*,*,*,*,*,NA,3035,Dimatis,0,1,0,0
2_11,2,N3-c-M2,11,1,ring,Homonymy,Darii,1,All rings are sounds,Some accessories are rings,Some accessories are sounds,*,*,A,C,*,*,0.7142857143,NA,3253,Darii,0,0,0,0
2_12,2,N3-c-M2,12,0,toilets,Invalid Filler,Disamis*,1,Some toilets are coed,All urinals are toilets,Some urinals are coed,*,*,*,*,*,*,*,NA,4291,Disamis,0,1,0,0
2_13,2,N3-c-M2,13,1,ball,Homonymy,Dimatis,1,Some dances are balls,All balls are circles,Some circles are dances,*,*,A,C,*,*,0.1666666667,NA,5020,Dimatis,0,0,0,0
2_14,2,N3-c-M2,14,0,ball,Homonymy,Dimatis,1,Some parties are balls,All balls are toys,Some toys are parties,*,*,A,C,*,*,0.7142857143,NA,2582,Dimatis,0,1,0,0
2_15,2,N3-c-M2,15,1,bat,Homonymy,Darii,1,All bats are mammals,Some weapons are bats,Some weapons are mammals,*,*,*,*,*,*,0.4285714286,NA,3508,Darii,0,0,0,0
2_16,2,N3-c-M2,16,1,novel,Polysemy,Darii,1,All novels are printed,Some ideas are novels,Some ideas are printed,*,book-type,C,A,96.7,info,0.1428571429,NA,2910,Darii,0,0,0,0
2_17,2,N3-c-M2,17,1,dinner,Polysemy,Disamis,1,Some dinners last an hour,All dinners are sources of nutrition,Some sources of nutrition last an hour,*,lunch-type,A,C,90,event,0.1428571429,NA,3896,Disamis,0,0,0,0
2_18,2,N3-c-M2,18,0,wave,Homonymy,Dimatis,1,Some gestures are waves,Some waves are ripples,Some ripples are gestures,*,*,A,C,100,*,0.4285714286,NA,3609,Dimatis,0,1,0,0
2_19,2,N3-c-M2,19,0,stones,Invalid Filler,Datisi*,1,All pebbles are stones,Some stones are boulders,Some boulders are pebbles,*,*,*,*,*,*,*,NA,3832,Datisi,0,1,0,0
2_20,2,N3-c-M2,20,0,wave,Homonymy,Dimatis,1,Some greetings are waves,Some waves are tsunamis,Some tsunamis are greetings,*,*,A,C,100,*,0.7142857143,NA,4299,Dimatis,0,1,0,0
2_21,2,N3-c-M2,21,0,dinner,Polysemy,Disamis,1,Some dinners are black tie,All dinners are foods,Some foods are black tie,*,lunch-type,A,C,90,event,0.5714285714,NA,2843,Disamis,0,1,0,0
2_22,2,N3-c-M2,22,1,picnic,Polysemy,Datisi,1,All picnics are leisurely,Some picnics are charcuterie,Some charcuterie is leisurely,*,lunch-type,A,C,59.2,event,0.7142857143,NA,4629,Datisi,0,0,0,0
2_23,2,N3-c-M2,23,0,book,Polysemy,Dimatis,1,Some doorstops are books,All books are intellectual property,Some intellectual property is a doorstop,*,book-type,C,A,64.5,info,0.5714285714,NA,3997,Dimatis,0,1,0,0
2_24,2,N3-c-M2,24,1,college,Polysemy,Darii,1,All colleges grant degrees,Some colleges are historic buildings,Some historic buildings grant degrees,*,city-type,A,C,56.6,inst,0.2857142857,NA,4537,Darii,0,0,0,0
2_25,2,N3-c-M2,25,0,antiques,Invalid Filler,Darii*,1,All medieval manuscripts are antiques ,Some pieces of jewelry are antiques ,Some pieces of jewelry are medieval manuscripts,*,*,*,*,*,*,*,NA,3775,Darii,0,1,0,0
2_26,2,N3-c-M2,26,1,burgers,Valid Filler,Disamis,1,Some burgers are overcooked ,All burgers are sandwiches,Some sandwiches are overcooked ,*,*,*,*,*,*,*,NA,2875,Disamis,1,1,0,0
2_27,2,N3-c-M2,27,1,thieves,Invalid Filler,Dimatis*,1,Some children are thieves,All mob bosses are thieves,Some mob bosses are children,*,*,*,*,*,*,*,NA,3590,Dimatis,0,0,0,0
2_28,2,N3-c-M2,28,0,city,Polysemy,Datisi,1,All cities are bureaucracies,Some cities are graffitied ,Some bureaucracies are graffitied,*,city-type,A,C,67.7,inst,0.2857142857,NA,3054,Datisi,0,1,0,0
2_29,2,N3-c-M2,29,1,suit,Homonymy,Disamis,1,Some suits are settled out of court,All suits are formal outfits,Some formal outfits are settled out of court,*,*,A,C,*,*,0.7142857143,NA,5293,Disamis,0,0,0,0
2_30,2,N3-c-M2,30,0,college,Polysemy,Darii,1,All colleges have spirit,Some colleges are national landmarks,Some national landmarks have spirit,*,city-type,A,C,56.6,inst,0.1428571429,NA,5505,Darii,0,1,0,0
2_31,2,N3-c-M2,31,0,cabinet,Homonymy,Datisi,1,All cabinets are selected by leaders,Some cabinets are cupboards,Some cupboards are selected by leaders,*,*,A,C,*,*,0.3333333333,NA,4717,Datisi,0,1,0,0
2_32,2,N3-c-M2,32,0,dances,Invalid Filler,Darii*,1,All polkas are dances ,Some mating rituals are dances ,Some mating rituals are polkas ,*,*,*,*,*,*,*,NA,4207,Darii,0,1,0,0
2_33,2,N3-c-M2,33,1,poets,Valid Filler,Datisi,1,All poets are writers ,Some poets are teachers,Some teachers are writers,*,*,*,*,*,*,*,NA,3047,Datisi,1,1,0,0
2_34,2,N3-c-M2,34,0,rock,Homonymy,Datisi,1,All rock has guitars,Some rock is marble,Some marble has guitars,*,*,A,C,100,*,0.8571428571,NA,3326,Datisi,0,1,0,0
2_35,2,N3-c-M2,35,0,ruler,Homonymy,Disamis,1,Some rulers are monarchs,All rulers are measuring devices,Some measuring devices are monarchs,*,*,*,*,*,*,0.7142857143,NA,4136,Disamis,0,1,0,0
2_36,2,N3-c-M2,36,1,match,Homonymy,Disamis,1,Some matches are shown on TV,All matches are fire starters,Some fire starters are shown on TV,*,*,A,C,*,*,0,NA,4877,Disamis,0,0,0,0
2_37,2,N3-c-M2,37,0,cabinet,Homonymy,Datisi,1,All cabinets are political appointments,Some cabinets are antique furniture,Some antique furniture are political appointments,*,*,A,C,*,*,0.8571428571,NA,3069,Datisi,0,1,0,0
2_38,2,N3-c-M2,38,0,lunch,Polysemy,Dimatis,1,lunch-type,All lunches are menu items,Some menu items are meetings,*,lunch-type,A,C,96.6,event,1,NA,2993,Dimatis,0,1,0,0
2_39,2,N3-c-M2,39,0,actors,Invalid Filler,Datisi*,1,All male leads are actors,Some actors are women,Some women are male leads,*,*,*,*,*,*,*,NA,2687,Datisi,0,1,0,0
2_40,2,N3-c-M2,40,0,letter,Polysemy,Datisi,1,All letters are paper,Some letters are professions of love,Some professions of love are paper,*,book-type,C,A,78.5,info,0.4285714286,NA,3167,Datisi,0,1,0,0
2_41,2,N3-c-M2,41,1,ring,Homonymy,Darii,1,All rings are noises,Some anniversary gifts are rings,Some anniversary gifts are noises,*,*,A,C,*,*,0.7142857143,NA,3591,Darii,0,0,0,0
2_42,2,N3-c-M2,42,1,bat,Homonymy,Darii,1,All bats hang upside down,Some sporting goods are bats,Some sporting goods hang upside down,*,*,*,*,*,*,0,NA,5905,Darii,0,0,0,0
2_43,2,N3-c-M2,43,0,match,Homonymy,Disamis,1,Some matches are competitive,All matches are tools,Some tools are competitive,*,*,A,C,80,*,0.5714285714,NA,3803,Disamis,0,1,0,0
2_44,2,N3-c-M2,44,1,mugs,Valid Filler,Datisi,1,All mugs are cups ,Some mugs are ceramics,Some ceramics are cups ,*,*,*,*,*,*,*,NA,2489,Datisi,1,1,0,0
2_45,2,N3-c-M2,45,1,widows,Valid Filler,Dimatis,1,Some mothers are widows ,All widows are women,Some women are mothers,*,*,*,*,*,*,*,NA,2720,Dimatis,1,1,0,0
2_46,2,N3-c-M2,46,0,board,Homonymy,Dimatis,1,Some advisory bodies are boards,All boards are rectangles,Some rectangles are advisory bodies,*,*,A,C,*,*,0.8571428571,NA,3739,Dimatis,0,1,0,0
2_47,2,N3-c-M2,47,0,suit,Homonymy,Disamis,1,Some suits have multiple defendants,All suits are dress attire,Some dress attire has multiple defendants,*,*,A,C,*,*,0.5714285714,NA,3155,Disamis,0,1,0,0
2_48,2,N3-c-M2,48,0,novel,Polysemy,Darii,1,All novels are bound,Some mysteries are novels,Some mysteries are bound,*,book-type,C,A,96.7,info,0,NA,2446,Darii,0,1,0,0
2_49,2,N3-c-M2,49,1,liars,Valid Filler,Dimatis,1,Some criminals are liars ,All liars are humans,Some humans are criminals ,*,*,*,*,*,*,*,NA,2293,Dimatis,1,1,0,0
2_50,2,N3-c-M2,50,1,change,Homonymy,Darii,1,All change is money,Some surprises are change,Some surprises are money,*,*,C,A,*,*,0,NA,2579,Darii,0,0,0,0
2_51,2,N3-c-M2,51,1,statues,Valid Filler,Datisi,1,All statues are sculptures,Some statues are bronzes,Some bronzes are sculptures,*,*,*,*,*,*,*,NA,4937,Datisi,1,1,0,0
2_52,2,N3-c-M2,52,1,rifles,Valid Filler,Disamis,1,Some rifles are for hunting,All rifles are guns ,Some guns are for hunting,*,*,*,*,*,*,*,NA,2970,Disamis,1,1,0,0
2_53,2,N3-c-M2,53,1,trucks,Valid Filler,Dimatis,1,Some cars are trucks ,All trucks are vehicles,Some vehicles are cars ,*,*,*,*,*,*,*,NA,4899,Dimatis,1,1,0,0
2_54,2,N3-c-M2,54,1,city,Polysemy,Datisi,1,All cities have laws,Some cities are earthquake zones,Some earthquake zones have laws,*,city-type,A,C,67.7,inst,0,NA,3990,Datisi,0,0,0,0
2_55,2,N3-c-M2,55,0,steaks,Invalid Filler,Disamis*,1,Some steaks are filet mignons,All ribeyes are steaks,Some ribeyes are filet mignons,*,*,*,*,*,*,*,NA,3688,Disamis,0,1,0,0
2_56,2,N3-c-M2,56,0,picnic,Polysemy,Datisi,1,All picnics happen in nature,Some picnics are salads,Some salads happen in nature,*,lunch-type,A,C,59.2,event,0.5714285714,NA,3401,Datisi,0,1,0,0
2_57,2,N3-c-M2,57,0,company,Polysemy,Dimatis,1,Some storefronts are companies,All companies are hierarchies,Some hierarchies are storefronts,*,city-type,C,A,83.8,inst,0.7142857143,NA,2524,Dimatis,0,1,0,0
2_58,2,N3-c-M2,58,1,school,Polysemy,Disamis,1,Some schools are brick,All schools are communities,Some communities are brick,*,city-type,C,A,45.1,inst,0.5714285714,NA,3104,Disamis,0,0,0,0
2_59,2,N3-c-M2,59,0,sausages,Invalid Filler,Datisi*,1,All hot dogs are sausages,Some sausages are salamis,Some hot dogs are salamis,*,*,*,*,*,*,*,NA,2581,Datisi,0,1,0,0
2_60,2,N3-c-M2,60,1,clowns,Valid Filler,Darii,1,All clowns can juggle ,Some circus performers are clowns ,Some circus performers can juggle,*,*,*,*,*,*,*,NA,3269,Darii,1,1,0,0
2_61,2,N3-c-M2,61,0,board,Homonymy,Dimatis,1,Some governing organizations are boards,All boards are wooden planks,Some wooden planks are governing organizations,*,*,A,C,*,*,1,NA,2982,Dimatis,0,1,0,0
2_62,2,N3-c-M2,62,0,novel,Polysemy,Darii,1,All novels are flammable,Some debuts are novels,Some debuts are flammable,*,book-type,C,A,96.7,info,1,NA,2725,Darii,0,1,0,0
2_63,2,N3-c-M2,63,0,breakfast,Polysemy,Darii,1,All breakfasts take place in the morning,Some sandwiches are breakfasts,Some sandwiches take place in the morning,*,lunch-type,A,C,87.1,event,0.4285714286,NA,3270,Darii,0,1,0,0
2_64,2,N3-c-M2,64,0,cabinet,Homonymy,Datisi,1,All cabinets advise the presidents,Some cabinets are Ikea products,Some ikea products advise the president,*,*,A,C,*,*,0.7142857143,NA,3495,Datisi,0,1,0,0
2_65,2,N3-c-M2,65,0,breakfast,Polysemy,Darii,1,All breakfasts are under three hours,Some smoothies are breakfasts,Some smoothies are under three hours,*,lunch-type,A,C,87.1,event,0.7142857143,NA,2469,Darii,0,1,0,0
2_66,2,N3-c-M2,66,0,star,Homonymy,Datisi,1,All stars are charismatic,Some stars are pulsars,Some pulsars are charismatic,*,*,*,*,*,*,0.7142857143,NA,5234,Datisi,0,1,0,0
2_67,2,N3-c-M2,67,0,mothers,Invalid Filler,Darii*,1,All grandmothers are mothers ,Some teens are mothers,Some grandmothers are teens,*,*,*,*,*,*,*,NA,3979,Darii,0,1,0,0
2_68,2,N3-c-M2,68,0,bat,Homonymy,Darii,1,All bats share a common ancestor,Some sporting goods are bats,Some sporting goods share a common ancestor,*,*,*,*,*,*,0.2857142857,NA,4387,Darii,0,1,0,0
2_69,2,N3-c-M2,69,0,rock ,Homonymy,Datisi,1,All rock is rhythmic,Some rock is granite,Some granite is rhythmic,*,*,A,C,100,*,0.8571428571,NA,4311,Datisi,0,1,0,0
2_70,2,N3-c-M2,70,0,funerals,Invalid Filler,Datisi*,1,All open-casket services are funerals,Some funerals are cremations,Some cremations are open-casket services,*,*,*,*,*,*,*,NA,4245,Datisi,0,1,0,0
2_71,2,N3-c-M2,71,0,change,Homonymy,Darii,1,All change is legal tender,Some political revolutions are change,Some political revolutions are legal tender,*,*,C,A,*,*,0.8571428571,NA,4552,Darii,0,1,0,0
2_72,2,N3-c-M2,72,1,dresses,Invalid Filler,Darii*,1,All ball gowns are dresses ,Some cocktail outfits are dresses,Some cocktail outfits are ball gowns,*,*,*,*,*,*,*,NA,4478,Darii,0,0,0,0
2_73,2,N3-c-M2,73,0,school,Polysemy,Disamis,1,Some schools are rectangular,All schools are employers,Some employers are rectangular,*,city-type,C,A,45.1,inst,0.5714285714,NA,2660,Disamis,0,1,0,0
2_74,2,N3-c-M2,74,1,ponies,Valid Filler,Datisi,1,All ponies neigh,Some ponies are colts,Some colts neigh,*,*,*,*,*,*,*,NA,3394,Datisi,1,1,0,0
2_75,2,N3-c-M2,75,0,star,Homonymy,Datisi,1,All stars are famous ,Some stars are red dwarfs,Some red dwarfs are famous,*,*,*,*,*,*,0,NA,3629,Datisi,0,1,0,0
2_76,2,N3-c-M2,76,1,suitcases,Valid Filler,Dimatis,1,Some bags are suitcases,All suitcases are pieces of luggage,Some pieces of luggage are bags,*,*,*,*,*,*,*,NA,2738,Dimatis,1,1,0,0
2_77,2,N3-c-M2,77,0,star,Homonymy,Datisi,1,All stars deal with paparazzi ,Some stars are red dwarfs,Some red dwarfs deal with paparazzi ,*,*,*,*,*,*,0,NA,2906,Datisi,0,1,0,0
2_78,2,N3-c-M2,78,0,magazines,Polysemy,Disamis,1,Some magazines are coffee-stained,All magazines are subscriptions,Some subscriptions are coffee-stained,*,book-type,C,A,68.9,info,0.2857142857,NA,4260,Disamis,0,1,0,0
2_79,2,N3-c-M2,79,1,company,Polysemy,Dimatis,1,Some office buildings are companies,All companies are legal entities,Some legal entities are office buildings ,*,city-type,C,A,83.8,inst,0.5714285714,NA,3570,Dimatis,0,0,0,0
2_80,2,N3-c-M2,80,0,board,Homonymy,Dimatis,1,Some groups are boards,All boards are materials,Some materials are groups,*,*,A,C,*,*,0.5,NA,3092,Dimatis,0,1,0,0
2_81,2,N3-c-M2,81,1,letter,Polysemy,Datisi,1,All letters have stamps,Some letters are rejections,Some rejections have stamps,*,book-type,C,A,78.5,info,0,NA,3018,Datisi,0,0,0,0
2_82,2,N3-c-M2,82,0,ball,Homonymy,Dimatis,1,Some dances are balls,All balls are spheres,Some spheres are dances,*,*,A,C,*,*,0.7142857143,NA,2648,Dimatis,0,1,0,0
2_83,2,N3-c-M2,83,0,match,Homonymy,Disamis,1,Some matches are championships,All matches are fire starters,Some fire starters are championships,*,*,A,C,80,*,0.7142857143,NA,2881,Disamis,0,1,0,0
2_84,2,N3-c-M2,84,0,change,Homonymy,Darii,1,All change jingles,Some social movements are change,Some social movements jingle,*,*,C,A,*,*,0.5714285714,NA,2766,Darii,0,1,0,0
2_85,2,N3-c-M2,85,1,doughnuts,Valid Filler,Darii,1,All doughnuts are sugary ,Some pastries are doughnuts ,Some pastries are sugary,*,*,*,*,*,*,*,NA,3002,Darii,1,1,0,0
2_86,2,N3-c-M2,86,0,magazines,Polysemy,Disamis,1,Some magazines are glossy,All magazines are collaborations,Some collaborations are glossy,*,book-type,C,A,68.9,info,0.5714285714,NA,2752,Disamis,0,1,0,0
2_87,2,N3-c-M2,87,1,dolls,Valid Filler,Darii,1,All dolls are man made,Some toys are dolls ,Some toys are man made,*,*,*,*,*,*,*,NA,3158,Darii,1,1,0,0
2_88,2,N3-c-M2,88,1,swords,Valid Filler,Disamis,1,Some swords are decorative,All swords are weapons ,Some weapons are decorative ,*,*,*,*,*,*,*,NA,3191,Disamis,1,1,0,0
3_1,3,N3-c-M2,1,0,lunch,Polysemy,Dimatis,1,Some breaks are lunches,All lunches are entrées,Some entrées are breaks,*,lunch-type,A,C,96.6,event,0.7142857143,NA,3988,Dimatis,0,1,0,0
3_2,3,N3-c-M2,2,0,book,Polysemy,Dimatis,1,Some purchases are books,All books are creative endeavours,Some creative endeavours are purchases,*,book-type,C,A,64.5,info,0.1428571429,NA,5014,Dimatis,0,1,0,0
3_3,3,N3-c-M2,3,1,grapes,Valid Filler,Disamis,1,Some grapes are red ,All grapes are fruits ,Some fruits are red ,*,*,*,*,*,*,*,NA,1677,Disamis,1,1,0,0
3_4,3,N3-c-M2,4,1,singers,Valid Filler,Darii,1,All singers have an ideal vocal range ,Some guitarists are singers,Some guitarists have an ideal vocal range,*,*,*,*,*,*,*,NA,3003,Darii,1,1,0,0
3_5,3,N3-c-M2,5,1,ruler,Homonymy,Disamis,1,Some rulers are kings,All rulers are standard lengths,Some standard lengths are kings,*,*,*,*,*,*,0.8571428571,NA,6291,Disamis,0,0,0,0
3_6,3,N3-c-M2,6,1,peppers,Invalid Filler,Dimatis*,1,Some yellow vegetables are peppers ,All jalapenos are peppers,Some jalapenos are yellow vegetables,*,*,*,*,*,*,*,NA,2337,Dimatis,0,0,0,0
3_7,3,N3-c-M2,7,0,injuries,Invalid Filler,Dimatis*,1,Some sunburns are injuries,All cases of frostbite are injuries,Some cases of frostbite are sunburns,*,*,*,*,*,*,*,NA,3100,Dimatis,0,1,0,0
3_8,3,N3-c-M2,8,0,shapes,Invalid Filler,Disamis*,1,Some shapes are triangles,All squares are shapes,Some squares are triangles,*,*,*,*,*,*,*,NA,2149,Disamis,0,1,0,0
3_9,3,N3-c-M2,9,0,colors,Invalid Filler,Disamis*,1,Some colors are primary ,All shades of purple are colors ,Some shades of purple are primary,*,*,*,*,*,*,*,NA,2279,Disamis,0,1,0,0
3_10,3,N3-c-M2,10,0,spices,Invalid Filler,Dimatis*,1,Some dried roots are spices ,All mustard seeds are spices ,Some mustard seeds are dried roots,*,*,*,*,*,*,*,NA,2683,Dimatis,0,1,0,0
3_11,3,N3-c-M2,11,0,ring,Homonymy,Darii,1,All rings are sounds,Some accessories are rings,Some accessories are sounds,*,*,A,C,*,*,0.7142857143,NA,2867,Darii,0,1,0,0
3_12,3,N3-c-M2,12,1,toilets,Invalid Filler,Disamis*,1,Some toilets are coed,All urinals are toilets,Some urinals are coed,*,*,*,*,*,*,*,NA,8345,Disamis,0,0,0,0
3_13,3,N3-c-M2,13,0,ball,Homonymy,Dimatis,1,Some dances are balls,All balls are circles,Some circles are dances,*,*,A,C,*,*,0.1666666667,NA,2078,Dimatis,0,1,0,0
3_14,3,N3-c-M2,14,0,ball,Homonymy,Dimatis,1,Some parties are balls,All balls are toys,Some toys are parties,*,*,A,C,*,*,0.7142857143,NA,2763,Dimatis,0,1,0,0
3_15,3,N3-c-M2,15,0,bat,Homonymy,Darii,1,All bats are mammals,Some weapons are bats,Some weapons are mammals,*,*,*,*,*,*,0.4285714286,NA,3112,Darii,0,1,0,0
3_16,3,N3-c-M2,16,1,novel,Polysemy,Darii,1,All novels are printed,Some ideas are novels,Some ideas are printed,*,book-type,C,A,96.7,info,0.1428571429,NA,8541,Darii,0,0,0,0
3_17,3,N3-c-M2,17,1,dinner,Polysemy,Disamis,1,Some dinners last an hour,All dinners are sources of nutrition,Some sources of nutrition last an hour,*,lunch-type,A,C,90,event,0.1428571429,NA,6508,Disamis,0,0,0,0
3_18,3,N3-c-M2,18,0,wave,Homonymy,Dimatis,1,Some gestures are waves,Some waves are ripples,Some ripples are gestures,*,*,A,C,100,*,0.4285714286,NA,2108,Dimatis,0,1,0,0
3_19,3,N3-c-M2,19,0,stones,Invalid Filler,Datisi*,1,All pebbles are stones,Some stones are boulders,Some boulders are pebbles,*,*,*,*,*,*,*,NA,2729,Datisi,0,1,0,0
3_20,3,N3-c-M2,20,0,wave,Homonymy,Dimatis,1,Some greetings are waves,Some waves are tsunamis,Some tsunamis are greetings,*,*,A,C,100,*,0.7142857143,NA,1854,Dimatis,0,1,0,0
3_21,3,N3-c-M2,21,0,dinner,Polysemy,Disamis,1,Some dinners are black tie,All dinners are foods,Some foods are black tie,*,lunch-type,A,C,90,event,0.5714285714,NA,2250,Disamis,0,1,0,0
3_22,3,N3-c-M2,22,0,picnic,Polysemy,Datisi,1,All picnics are leisurely,Some picnics are charcuterie,Some charcuterie is leisurely,*,lunch-type,A,C,59.2,event,0.7142857143,NA,4095,Datisi,0,1,0,0
3_23,3,N3-c-M2,23,0,book,Polysemy,Dimatis,1,Some doorstops are books,All books are intellectual property,Some intellectual property is a doorstop,*,book-type,C,A,64.5,info,0.5714285714,NA,2524,Dimatis,0,1,0,0
3_24,3,N3-c-M2,24,0,college,Polysemy,Darii,1,All colleges grant degrees,Some colleges are historic buildings,Some historic buildings grant degrees,*,city-type,A,C,56.6,inst,0.2857142857,NA,1895,Darii,0,1,0,0
3_25,3,N3-c-M2,25,0,antiques,Invalid Filler,Darii*,1,All medieval manuscripts are antiques ,Some pieces of jewelry are antiques ,Some pieces of jewelry are medieval manuscripts,*,*,*,*,*,*,*,NA,2003,Darii,0,1,0,0
3_26,3,N3-c-M2,26,1,burgers,Valid Filler,Disamis,1,Some burgers are overcooked ,All burgers are sandwiches,Some sandwiches are overcooked ,*,*,*,*,*,*,*,NA,2074,Disamis,1,1,0,0
3_27,3,N3-c-M2,27,0,thieves,Invalid Filler,Dimatis*,1,Some children are thieves,All mob bosses are thieves,Some mob bosses are children,*,*,*,*,*,*,*,NA,8641,Dimatis,0,1,0,0
3_28,3,N3-c-M2,28,0,city,Polysemy,Datisi,1,All cities are bureaucracies,Some cities are graffitied ,Some bureaucracies are graffitied,*,city-type,A,C,67.7,inst,0.2857142857,NA,1929,Datisi,0,1,0,0
3_29,3,N3-c-M2,29,0,suit,Homonymy,Disamis,1,Some suits are settled out of court,All suits are formal outfits,Some formal outfits are settled out of court,*,*,A,C,*,*,0.7142857143,NA,6754,Disamis,0,1,0,0
3_30,3,N3-c-M2,30,1,college,Polysemy,Darii,1,All colleges have spirit,Some colleges are national landmarks,Some national landmarks have spirit,*,city-type,A,C,56.6,inst,0.1428571429,NA,3246,Darii,0,0,0,0
3_31,3,N3-c-M2,31,0,cabinet,Homonymy,Datisi,1,All cabinets are selected by leaders,Some cabinets are cupboards,Some cupboards are selected by leaders,*,*,A,C,*,*,0.3333333333,NA,1888,Datisi,0,1,0,0
3_32,3,N3-c-M2,32,0,dances,Invalid Filler,Darii*,1,All polkas are dances ,Some mating rituals are dances ,Some mating rituals are polkas ,*,*,*,*,*,*,*,NA,4308,Darii,0,1,0,0
3_33,3,N3-c-M2,33,1,poets,Valid Filler,Datisi,1,All poets are writers ,Some poets are teachers,Some teachers are writers,*,*,*,*,*,*,*,NA,2482,Datisi,1,1,0,0
3_34,3,N3-c-M2,34,0,rock,Homonymy,Datisi,1,All rock has guitars,Some rock is marble,Some marble has guitars,*,*,A,C,100,*,0.8571428571,NA,2200,Datisi,0,1,0,0
3_35,3,N3-c-M2,35,0,ruler,Homonymy,Disamis,1,Some rulers are monarchs,All rulers are measuring devices,Some measuring devices are monarchs,*,*,*,*,*,*,0.7142857143,NA,3255,Disamis,0,1,0,0
3_36,3,N3-c-M2,36,1,match,Homonymy,Disamis,1,Some matches are shown on TV,All matches are fire starters,Some fire starters are shown on TV,*,*,A,C,*,*,0,NA,5312,Disamis,0,0,0,0
3_37,3,N3-c-M2,37,0,cabinet,Homonymy,Datisi,1,All cabinets are political appointments,Some cabinets are antique furniture,Some antique furniture are political appointments,*,*,A,C,*,*,0.8571428571,NA,3366,Datisi,0,1,0,0
3_38,3,N3-c-M2,38,0,lunch,Polysemy,Dimatis,1,lunch-type,All lunches are menu items,Some menu items are meetings,*,lunch-type,A,C,96.6,event,1,NA,2453,Dimatis,0,1,0,0
3_39,3,N3-c-M2,39,0,actors,Invalid Filler,Datisi*,1,All male leads are actors,Some actors are women,Some women are male leads,*,*,*,*,*,*,*,NA,2516,Datisi,0,1,0,0
3_40,3,N3-c-M2,40,0,letter,Polysemy,Datisi,1,All letters are paper,Some letters are professions of love,Some professions of love are paper,*,book-type,C,A,78.5,info,0.4285714286,NA,2820,Datisi,0,1,0,0
3_41,3,N3-c-M2,41,1,ring,Homonymy,Darii,1,All rings are noises,Some anniversary gifts are rings,Some anniversary gifts are noises,*,*,A,C,*,*,0.7142857143,NA,4903,Darii,0,0,0,0
3_42,3,N3-c-M2,42,1,bat,Homonymy,Darii,1,All bats hang upside down,Some sporting goods are bats,Some sporting goods hang upside down,*,*,*,*,*,*,0,NA,5062,Darii,0,0,0,0
3_43,3,N3-c-M2,43,0,match,Homonymy,Disamis,1,Some matches are competitive,All matches are tools,Some tools are competitive,*,*,A,C,80,*,0.5714285714,NA,6663,Disamis,0,1,0,0
3_44,3,N3-c-M2,44,1,mugs,Valid Filler,Datisi,1,All mugs are cups ,Some mugs are ceramics,Some ceramics are cups ,*,*,*,*,*,*,*,NA,1578,Datisi,1,1,0,0
3_45,3,N3-c-M2,45,1,widows,Valid Filler,Dimatis,1,Some mothers are widows ,All widows are women,Some women are mothers,*,*,*,*,*,*,*,NA,8663,Dimatis,1,1,0,0
3_46,3,N3-c-M2,46,0,board,Homonymy,Dimatis,1,Some advisory bodies are boards,All boards are rectangles,Some rectangles are advisory bodies,*,*,A,C,*,*,0.8571428571,NA,3067,Dimatis,0,1,0,0
3_47,3,N3-c-M2,47,0,suit,Homonymy,Disamis,1,Some suits have multiple defendants,All suits are dress attire,Some dress attire has multiple defendants,*,*,A,C,*,*,0.5714285714,NA,2354,Disamis,0,1,0,0
3_48,3,N3-c-M2,48,0,novel,Polysemy,Darii,1,All novels are bound,Some mysteries are novels,Some mysteries are bound,*,book-type,C,A,96.7,info,0,NA,2287,Darii,0,1,0,0
3_49,3,N3-c-M2,49,1,liars,Valid Filler,Dimatis,1,Some criminals are liars ,All liars are humans,Some humans are criminals ,*,*,*,*,*,*,*,NA,2920,Dimatis,1,1,0,0
3_50,3,N3-c-M2,50,1,change,Homonymy,Darii,1,All change is money,Some surprises are change,Some surprises are money,*,*,C,A,*,*,0,NA,2394,Darii,0,0,0,0
3_51,3,N3-c-M2,51,1,statues,Valid Filler,Datisi,1,All statues are sculptures,Some statues are bronzes,Some bronzes are sculptures,*,*,*,*,*,*,*,NA,2762,Datisi,1,1,0,0
3_52,3,N3-c-M2,52,1,rifles,Valid Filler,Disamis,1,Some rifles are for hunting,All rifles are guns ,Some guns are for hunting,*,*,*,*,*,*,*,NA,2612,Disamis,1,1,0,0
3_53,3,N3-c-M2,53,1,trucks,Valid Filler,Dimatis,1,Some cars are trucks ,All trucks are vehicles,Some vehicles are cars ,*,*,*,*,*,*,*,NA,1441,Dimatis,1,1,0,0
3_54,3,N3-c-M2,54,1,city,Polysemy,Datisi,1,All cities have laws,Some cities are earthquake zones,Some earthquake zones have laws,*,city-type,A,C,67.7,inst,0,NA,2958,Datisi,0,0,0,0
3_55,3,N3-c-M2,55,0,steaks,Invalid Filler,Disamis*,1,Some steaks are filet mignons,All ribeyes are steaks,Some ribeyes are filet mignons,*,*,*,*,*,*,*,NA,17954,Disamis,0,1,0,0
3_56,3,N3-c-M2,56,1,picnic,Polysemy,Datisi,1,All picnics happen in nature,Some picnics are salads,Some salads happen in nature,*,lunch-type,A,C,59.2,event,0.5714285714,NA,10299,Datisi,0,0,0,0
3_57,3,N3-c-M2,57,0,company,Polysemy,Dimatis,1,Some storefronts are companies,All companies are hierarchies,Some hierarchies are storefronts,*,city-type,C,A,83.8,inst,0.7142857143,NA,1665,Dimatis,0,1,0,0
3_58,3,N3-c-M2,58,0,school,Polysemy,Disamis,1,Some schools are brick,All schools are communities,Some communities are brick,*,city-type,C,A,45.1,inst,0.5714285714,NA,1995,Disamis,0,1,0,0
3_59,3,N3-c-M2,59,1,sausages,Invalid Filler,Datisi*,1,All hot dogs are sausages,Some sausages are salamis,Some hot dogs are salamis,*,*,*,*,*,*,*,NA,4359,Datisi,0,0,0,0
3_60,3,N3-c-M2,60,1,clowns,Valid Filler,Darii,1,All clowns can juggle ,Some circus performers are clowns ,Some circus performers can juggle,*,*,*,*,*,*,*,NA,2094,Darii,1,1,0,0
3_61,3,N3-c-M2,61,0,board,Homonymy,Dimatis,1,Some governing organizations are boards,All boards are wooden planks,Some wooden planks are governing organizations,*,*,A,C,*,*,1,NA,2067,Dimatis,0,1,0,0
3_62,3,N3-c-M2,62,0,novel,Polysemy,Darii,1,All novels are flammable,Some debuts are novels,Some debuts are flammable,*,book-type,C,A,96.7,info,1,NA,1766,Darii,0,1,0,0
3_63,3,N3-c-M2,63,1,breakfast,Polysemy,Darii,1,All breakfasts take place in the morning,Some sandwiches are breakfasts,Some sandwiches take place in the morning,*,lunch-type,A,C,87.1,event,0.4285714286,NA,3146,Darii,0,0,0,0
3_64,3,N3-c-M2,64,0,cabinet,Homonymy,Datisi,1,All cabinets advise the presidents,Some cabinets are Ikea products,Some ikea products advise the president,*,*,A,C,*,*,0.7142857143,NA,1995,Datisi,0,1,0,0
3_65,3,N3-c-M2,65,1,breakfast,Polysemy,Darii,1,All breakfasts are under three hours,Some smoothies are breakfasts,Some smoothies are under three hours,*,lunch-type,A,C,87.1,event,0.7142857143,NA,2195,Darii,0,0,0,0
3_66,3,N3-c-M2,66,0,star,Homonymy,Datisi,1,All stars are charismatic,Some stars are pulsars,Some pulsars are charismatic,*,*,*,*,*,*,0.7142857143,NA,8991,Datisi,0,1,0,0
3_67,3,N3-c-M2,67,0,mothers,Invalid Filler,Darii*,1,All grandmothers are mothers ,Some teens are mothers,Some grandmothers are teens,*,*,*,*,*,*,*,NA,18321,Darii,0,1,0,0
3_68,3,N3-c-M2,68,0,bat,Homonymy,Darii,1,All bats share a common ancestor,Some sporting goods are bats,Some sporting goods share a common ancestor,*,*,*,*,*,*,0.2857142857,NA,2899,Darii,0,1,0,0
3_69,3,N3-c-M2,69,0,rock ,Homonymy,Datisi,1,All rock is rhythmic,Some rock is granite,Some granite is rhythmic,*,*,A,C,100,*,0.8571428571,NA,1841,Datisi,0,1,0,0
3_70,3,N3-c-M2,70,0,funerals,Invalid Filler,Datisi*,1,All open-casket services are funerals,Some funerals are cremations,Some cremations are open-casket services,*,*,*,*,*,*,*,NA,7946,Datisi,0,1,0,0
3_71,3,N3-c-M2,71,0,change,Homonymy,Darii,1,All change is legal tender,Some political revolutions are change,Some political revolutions are legal tender,*,*,C,A,*,*,0.8571428571,NA,1992,Darii,0,1,0,0
3_72,3,N3-c-M2,72,1,dresses,Invalid Filler,Darii*,1,All ball gowns are dresses ,Some cocktail outfits are dresses,Some cocktail outfits are ball gowns,*,*,*,*,*,*,*,NA,2591,Darii,0,0,0,0
3_73,3,N3-c-M2,73,0,school,Polysemy,Disamis,1,Some schools are rectangular,All schools are employers,Some employers are rectangular,*,city-type,C,A,45.1,inst,0.5714285714,NA,1520,Disamis,0,1,0,0
3_74,3,N3-c-M2,74,1,ponies,Valid Filler,Datisi,1,All ponies neigh,Some ponies are colts,Some colts neigh,*,*,*,*,*,*,*,NA,11229,Datisi,1,1,0,0
3_75,3,N3-c-M2,75,1,star,Homonymy,Datisi,1,All stars are famous ,Some stars are red dwarfs,Some red dwarfs are famous,*,*,*,*,*,*,0,NA,2768,Datisi,0,0,0,0
3_76,3,N3-c-M2,76,1,suitcases,Valid Filler,Dimatis,1,Some bags are suitcases,All suitcases are pieces of luggage,Some pieces of luggage are bags,*,*,*,*,*,*,*,NA,1710,Dimatis,1,1,0,0
3_77,3,N3-c-M2,77,0,star,Homonymy,Datisi,1,All stars deal with paparazzi ,Some stars are red dwarfs,Some red dwarfs deal with paparazzi ,*,*,*,*,*,*,0,NA,3442,Datisi,0,1,0,0
3_78,3,N3-c-M2,78,0,magazines,Polysemy,Disamis,1,Some magazines are coffee-stained,All magazines are subscriptions,Some subscriptions are coffee-stained,*,book-type,C,A,68.9,info,0.2857142857,NA,2624,Disamis,0,1,0,0
3_79,3,N3-c-M2,79,0,company,Polysemy,Dimatis,1,Some office buildings are companies,All companies are legal entities,Some legal entities are office buildings ,*,city-type,C,A,83.8,inst,0.5714285714,NA,6998,Dimatis,0,1,0,0
3_80,3,N3-c-M2,80,0,board,Homonymy,Dimatis,1,Some groups are boards,All boards are materials,Some materials are groups,*,*,A,C,*,*,0.5,NA,4789,Dimatis,0,1,0,0
3_81,3,N3-c-M2,81,0,letter,Polysemy,Datisi,1,All letters have stamps,Some letters are rejections,Some rejections have stamps,*,book-type,C,A,78.5,info,0,NA,6005,Datisi,0,1,0,0
3_82,3,N3-c-M2,82,0,ball,Homonymy,Dimatis,1,Some dances are balls,All balls are spheres,Some spheres are dances,*,*,A,C,*,*,0.7142857143,NA,1863,Dimatis,0,1,0,0
3_83,3,N3-c-M2,83,0,match,Homonymy,Disamis,1,Some matches are championships,All matches are fire starters,Some fire starters are championships,*,*,A,C,80,*,0.7142857143,NA,2084,Disamis,0,1,0,0
3_84,3,N3-c-M2,84,0,change,Homonymy,Darii,1,All change jingles,Some social movements are change,Some social movements jingle,*,*,C,A,*,*,0.5714285714,NA,3892,Darii,0,1,0,0
3_85,3,N3-c-M2,85,1,doughnuts,Valid Filler,Darii,1,All doughnuts are sugary ,Some pastries are doughnuts ,Some pastries are sugary,*,*,*,*,*,*,*,NA,1365,Darii,1,1,0,0
3_86,3,N3-c-M2,86,0,magazines,Polysemy,Disamis,1,Some magazines are glossy,All magazines are collaborations,Some collaborations are glossy,*,book-type,C,A,68.9,info,0.5714285714,NA,1829,Disamis,0,1,0,0
3_87,3,N3-c-M2,87,1,dolls,Valid Filler,Darii,1,All dolls are man made,Some toys are dolls ,Some toys are man made,*,*,*,*,*,*,*,NA,1528,Darii,1,1,0,0
3_88,3,N3-c-M2,88,1,swords,Valid Filler,Disamis,1,Some swords are decorative,All swords are weapons ,Some weapons are decorative ,*,*,*,*,*,*,*,NA,3784,Disamis,1,1,0,0
4_1,4,N3-c-M2,1,1,novel,Polysemy,Darii,2,All novels are printed,Some ideas are novels,Some ideas are printed,*,book-type,C,A,96.7,info,0.1428571429,NA,5897,Darii,0,0,0,0
4_2,4,N3-c-M2,2,1,breakfast,Polysemy,Darii,2,All breakfasts are under three hours,Some smoothies are breakfasts,Some smoothies are under three hours,*,lunch-type,A,C,87.1,event,0.7142857143,NA,7311,Darii,0,0,0,0
4_3,4,N3-c-M2,3,0,shapes,Invalid Filler,Disamis*,2,Some shapes are triangles,All squares are shapes,Some squares are triangles,*,*,*,*,*,*,*,NA,7009,Disamis,0,1,0,0
4_4,4,N3-c-M2,4,0,ball,Homonymy,Dimatis,2,Some dances are balls,All balls are circles,Some circles are dances,*,*,A,C,*,*,0.1666666667,NA,4177,Dimatis,0,1,0,0
4_5,4,N3-c-M2,5,1,ponies,Valid Filler,Datisi,2,All ponies neigh,Some ponies are colts,Some colts neigh,*,*,*,*,*,*,*,NA,3765,Datisi,1,1,0,0
4_6,4,N3-c-M2,6,0,change,Homonymy,Darii,2,All change is legal tender,Some political revolutions are change,Some political revolutions are legal tender,*,*,C,A,*,*,0.8571428571,NA,5633,Darii,0,1,0,0
4_7,4,N3-c-M2,7,1,mugs,Valid Filler,Datisi,2,All mugs are cups ,Some mugs are ceramics,Some ceramics are cups ,*,*,*,*,*,*,*,NA,3923,Datisi,1,1,0,0
4_8,4,N3-c-M2,8,0,star,Homonymy,Datisi,2,All stars are charismatic,Some stars are pulsars,Some pulsars are charismatic,*,*,*,*,*,*,0.7142857143,NA,5029,Datisi,0,1,0,0
4_9,4,N3-c-M2,9,0,mothers,Invalid Filler,Darii*,2,All grandmothers are mothers ,Some teens are mothers,Some grandmothers are teens,*,*,*,*,*,*,*,NA,3572,Darii,0,1,0,0
4_10,4,N3-c-M2,10,0,ring,Homonymy,Darii,2,All rings are sounds,Some accessories are rings,Some accessories are sounds,*,*,A,C,*,*,0.7142857143,NA,3712,Darii,0,1,0,0
4_11,4,N3-c-M2,11,1,grapes,Valid Filler,Disamis,2,Some grapes are red ,All grapes are fruits ,Some fruits are red ,*,*,*,*,*,*,*,NA,3044,Disamis,1,1,0,0
4_12,4,N3-c-M2,12,1,board,Homonymy,Dimatis,2,Some groups are boards,All boards are materials,Some materials are groups,*,*,A,C,*,*,0.5,NA,4514,Dimatis,0,0,0,0
4_13,4,N3-c-M2,13,0,toilets,Invalid Filler,Disamis*,2,Some toilets are coed,All urinals are toilets,Some urinals are coed,*,*,*,*,*,*,*,NA,4609,Disamis,0,1,0,0
4_14,4,N3-c-M2,14,0,suit,Homonymy,Disamis,2,Some suits are settled out of court,All suits are formal outfits,Some formal outfits are settled out of court,*,*,A,C,*,*,0.7142857143,NA,5724,Disamis,0,1,0,0
4_15,4,N3-c-M2,15,0,novel,Polysemy,Darii,2,All novels are flammable,Some debuts are novels,Some debuts are flammable,*,book-type,C,A,96.7,info,1,NA,3996,Darii,0,1,0,0
4_16,4,N3-c-M2,16,1,match,Homonymy,Disamis,2,Some matches are shown on TV,All matches are fire starters,Some fire starters are shown on TV,*,*,A,C,*,*,0,NA,4559,Disamis,0,0,0,0
4_17,4,N3-c-M2,17,0,novel,Polysemy,Darii,2,All novels are bound,Some mysteries are novels,Some mysteries are bound,*,book-type,C,A,96.7,info,0,NA,4831,Darii,0,1,0,0
4_18,4,N3-c-M2,18,1,book,Polysemy,Dimatis,2,Some purchases are books,All books are creative endeavours,Some creative endeavours are purchases,*,book-type,C,A,64.5,info,0.1428571429,NA,4457,Dimatis,0,0,0,0
4_19,4,N3-c-M2,19,1,widows,Valid Filler,Dimatis,2,Some mothers are widows ,All widows are women,Some women are mothers,*,*,*,*,*,*,*,NA,2863,Dimatis,1,1,0,0
4_20,4,N3-c-M2,20,1,dolls,Valid Filler,Darii,2,All dolls are man made,Some toys are dolls ,Some toys are man made,*,*,*,*,*,*,*,NA,2922,Darii,1,1,0,0
4_21,4,N3-c-M2,21,0,rock ,Homonymy,Datisi,2,All rock is rhythmic,Some rock is granite,Some granite is rhythmic,*,*,A,C,100,*,0.8571428571,NA,3669,Datisi,0,1,0,0
4_22,4,N3-c-M2,22,1,change,Homonymy,Darii,2,All change is money,Some surprises are change,Some surprises are money,*,*,C,A,*,*,0,NA,3426,Darii,0,0,0,0
4_23,4,N3-c-M2,23,0,match,Homonymy,Disamis,2,Some matches are competitive,All matches are tools,Some tools are competitive,*,*,A,C,80,*,0.5714285714,NA,6036,Disamis,0,1,0,0
4_24,4,N3-c-M2,24,0,book,Polysemy,Dimatis,2,Some doorstops are books,All books are intellectual property,Some intellectual property is a doorstop,*,book-type,C,A,64.5,info,0.5714285714,NA,4442,Dimatis,0,1,0,0
4_25,4,N3-c-M2,25,0,antiques,Invalid Filler,Darii*,2,All medieval manuscripts are antiques ,Some pieces of jewelry are antiques ,Some pieces of jewelry are medieval manuscripts,*,*,*,*,*,*,*,NA,5330,Darii,0,1,0,0
4_26,4,N3-c-M2,26,1,burgers,Valid Filler,Disamis,2,Some burgers are overcooked ,All burgers are sandwiches,Some sandwiches are overcooked ,*,*,*,*,*,*,*,NA,3548,Disamis,1,1,0,0
4_27,4,N3-c-M2,27,0,cabinet,Homonymy,Datisi,2,All cabinets are political appointments,Some cabinets are antique furniture,Some antique furniture are political appointments,*,*,A,C,*,*,0.8571428571,NA,4052,Datisi,0,1,0,0
4_28,4,N3-c-M2,28,0,peppers,Invalid Filler,Dimatis*,2,Some yellow vegetables are peppers ,All jalapenos are peppers,Some jalapenos are yellow vegetables,*,*,*,*,*,*,*,NA,5032,Dimatis,0,1,0,0
4_29,4,N3-c-M2,29,0,ball,Homonymy,Dimatis,2,Some dances are balls,All balls are spheres,Some spheres are dances,*,*,A,C,*,*,0.7142857143,NA,3509,Dimatis,0,1,0,0
4_30,4,N3-c-M2,30,1,actors,Invalid Filler,Datisi*,2,All male leads are actors,Some actors are women,Some women are male leads,*,*,*,*,*,*,*,NA,4757,Datisi,0,0,0,0
4_31,4,N3-c-M2,31,1,letter,Polysemy,Datisi,2,All letters are paper,Some letters are professions of love,Some professions of love are paper,*,book-type,C,A,78.5,info,0.4285714286,NA,6266,Datisi,0,0,0,0
4_32,4,N3-c-M2,32,0,ball,Homonymy,Dimatis,2,Some parties are balls,All balls are toys,Some toys are parties,*,*,A,C,*,*,0.7142857143,NA,3897,Dimatis,0,1,0,0
4_33,4,N3-c-M2,33,0,ring,Homonymy,Darii,2,All rings are noises,Some anniversary gifts are rings,Some anniversary gifts are noises,*,*,A,C,*,*,0.7142857143,NA,3924,Darii,0,1,0,0
4_34,4,N3-c-M2,34,1,city,Polysemy,Datisi,2,All cities are bureaucracies,Some cities are graffitied ,Some bureaucracies are graffitied,*,city-type,A,C,67.7,inst,0.2857142857,NA,6254,Datisi,0,0,0,0
4_35,4,N3-c-M2,35,0,board,Homonymy,Dimatis,2,Some advisory bodies are boards,All boards are rectangles,Some rectangles are advisory bodies,*,*,A,C,*,*,0.8571428571,NA,3496,Dimatis,0,1,0,0
4_36,4,N3-c-M2,36,1,rifles,Valid Filler,Disamis,2,Some rifles are for hunting,All rifles are guns ,Some guns are for hunting,*,*,*,*,*,*,*,NA,3231,Disamis,1,1,0,0
4_37,4,N3-c-M2,37,0,ruler,Homonymy,Disamis,2,Some rulers are monarchs,All rulers are measuring devices,Some measuring devices are monarchs,*,*,*,*,*,*,0.7142857143,NA,3903,Disamis,0,1,0,0
4_38,4,N3-c-M2,38,0,stones,Invalid Filler,Datisi*,2,All pebbles are stones,Some stones are boulders,Some boulders are pebbles,*,*,*,*,*,*,*,NA,4125,Datisi,0,1,0,0
4_39,4,N3-c-M2,39,0,dresses,Invalid Filler,Darii*,2,All ball gowns are dresses ,Some cocktail outfits are dresses,Some cocktail outfits are ball gowns,*,*,*,*,*,*,*,NA,5569,Darii,0,1,0,0
4_40,4,N3-c-M2,40,0,wave,Homonymy,Dimatis,2,Some greetings are waves,Some waves are tsunamis,Some tsunamis are greetings,*,*,A,C,100,*,0.7142857143,NA,3578,Dimatis,0,1,0,0
4_41,4,N3-c-M2,41,1,suitcases,Valid Filler,Dimatis,2,Some bags are suitcases,All suitcases are pieces of luggage,Some pieces of luggage are bags,*,*,*,*,*,*,*,NA,4268,Dimatis,1,1,0,0
4_42,4,N3-c-M2,42,0,bat,Homonymy,Darii,2,All bats share a common ancestor,Some sporting goods are bats,Some sporting goods share a common ancestor,*,*,*,*,*,*,0.2857142857,NA,5480,Darii,0,1,0,0
4_43,4,N3-c-M2,43,1,city,Polysemy,Datisi,2,All cities have laws,Some cities are earthquake zones,Some earthquake zones have laws,*,city-type,A,C,67.7,inst,0,NA,4048,Datisi,0,0,0,0
4_44,4,N3-c-M2,44,1,picnic,Polysemy,Datisi,2,All picnics happen in nature,Some picnics are salads,Some salads happen in nature,*,lunch-type,A,C,59.2,event,0.5714285714,NA,4086,Datisi,0,0,0,0
4_45,4,N3-c-M2,45,0,rock,Homonymy,Datisi,2,All rock has guitars,Some rock is marble,Some marble has guitars,*,*,A,C,100,*,0.8571428571,NA,3616,Datisi,0,1,0,0
4_46,4,N3-c-M2,46,1,doughnuts,Valid Filler,Darii,2,All doughnuts are sugary ,Some pastries are doughnuts ,Some pastries are sugary,*,*,*,*,*,*,*,NA,7231,Darii,1,1,0,0
4_47,4,N3-c-M2,47,1,trucks,Valid Filler,Dimatis,2,Some cars are trucks ,All trucks are vehicles,Some vehicles are cars ,*,*,*,*,*,*,*,NA,2822,Dimatis,1,1,0,0
4_48,4,N3-c-M2,48,1,swords,Valid Filler,Disamis,2,Some swords are decorative,All swords are weapons ,Some weapons are decorative ,*,*,*,*,*,*,*,NA,3362,Disamis,1,1,0,0
4_49,4,N3-c-M2,49,0,steaks,Invalid Filler,Disamis*,2,Some steaks are filet mignons,All ribeyes are steaks,Some ribeyes are filet mignons,*,*,*,*,*,*,*,NA,4267,Disamis,0,1,0,0
4_50,4,N3-c-M2,50,0,dinner,Polysemy,Disamis,2,Some dinners last an hour,All dinners are sources of nutrition,Some sources of nutrition last an hour,*,lunch-type,A,C,90,event,0.1428571429,NA,4779,Disamis,0,1,0,0
4_51,4,N3-c-M2,51,0,company,Polysemy,Dimatis,2,Some storefronts are companies,All companies are hierarchies,Some hierarchies are storefronts,*,city-type,C,A,83.8,inst,0.7142857143,NA,4984,Dimatis,0,1,0,0
4_52,4,N3-c-M2,52,0,bat,Homonymy,Darii,2,All bats hang upside down,Some sporting goods are bats,Some sporting goods hang upside down,*,*,*,*,*,*,0,NA,3580,Darii,0,1,0,0
4_53,4,N3-c-M2,53,1,poets,Valid Filler,Datisi,2,All poets are writers ,Some poets are teachers,Some teachers are writers,*,*,*,*,*,*,*,NA,3015,Datisi,1,1,0,0
4_54,4,N3-c-M2,54,0,colors,Invalid Filler,Disamis*,2,Some colors are primary ,All shades of purple are colors ,Some shades of purple are primary,*,*,*,*,*,*,*,NA,4007,Disamis,0,1,0,0
4_55,4,N3-c-M2,55,0,magazines,Polysemy,Disamis,2,Some magazines are glossy,All magazines are collaborations,Some collaborations are glossy,*,book-type,C,A,68.9,info,0.5714285714,NA,3829,Disamis,0,1,0,0
4_56,4,N3-c-M2,56,0,magazines,Polysemy,Disamis,2,Some magazines are coffee-stained,All magazines are subscriptions,Some subscriptions are coffee-stained,*,book-type,C,A,68.9,info,0.2857142857,NA,3127,Disamis,0,1,0,0
4_57,4,N3-c-M2,57,0,thieves,Invalid Filler,Dimatis*,2,Some children are thieves,All mob bosses are thieves,Some mob bosses are children,*,*,*,*,*,*,*,NA,3502,Dimatis,0,1,0,0
4_58,4,N3-c-M2,58,0,lunch,Polysemy,Dimatis,2,Some breaks are lunches,All lunches are entrées,Some entrées are breaks,*,lunch-type,A,C,96.6,event,0.7142857143,NA,2950,Dimatis,0,1,0,0
4_59,4,N3-c-M2,59,0,lunch,Polysemy,Dimatis,2,lunch-type,All lunches are menu items,Some menu items are meetings,*,lunch-type,A,C,96.6,event,1,NA,3034,Dimatis,0,1,0,0
4_60,4,N3-c-M2,60,0,dances,Invalid Filler,Darii*,2,All polkas are dances ,Some mating rituals are dances ,Some mating rituals are polkas ,*,*,*,*,*,*,*,NA,3254,Darii,0,1,0,0
4_61,4,N3-c-M2,61,1,breakfast,Polysemy,Darii,2,All breakfasts take place in the morning,Some sandwiches are breakfasts,Some sandwiches take place in the morning,*,lunch-type,A,C,87.1,event,0.4285714286,NA,4278,Darii,0,0,0,0
4_62,4,N3-c-M2,62,0,star,Homonymy,Datisi,2,All stars deal with paparazzi ,Some stars are red dwarfs,Some red dwarfs deal with paparazzi ,*,*,*,*,*,*,0,NA,3649,Datisi,0,1,0,0
4_63,4,N3-c-M2,63,0,cabinet,Homonymy,Datisi,2,All cabinets are selected by leaders,Some cabinets are cupboards,Some cupboards are selected by leaders,*,*,A,C,*,*,0.3333333333,NA,2992,Datisi,0,1,0,0
4_64,4,N3-c-M2,64,0,school,Polysemy,Disamis,2,Some schools are rectangular,All schools are employers,Some employers are rectangular,*,city-type,C,A,45.1,inst,0.5714285714,NA,3473,Disamis,0,1,0,0
4_65,4,N3-c-M2,65,0,change,Homonymy,Darii,2,All change jingles,Some social movements are change,Some social movements jingle,*,*,C,A,*,*,0.5714285714,NA,3320,Darii,0,1,0,0
4_66,4,N3-c-M2,66,1,picnic,Polysemy,Datisi,2,All picnics are leisurely,Some picnics are charcuterie,Some charcuterie is leisurely,*,lunch-type,A,C,59.2,event,0.7142857143,NA,4625,Datisi,0,0,0,0
4_67,4,N3-c-M2,67,0,wave,Homonymy,Dimatis,2,Some gestures are waves,Some waves are ripples,Some ripples are gestures,*,*,A,C,100,*,0.4285714286,NA,4344,Dimatis,0,1,0,0
4_68,4,N3-c-M2,68,0,board,Homonymy,Dimatis,2,Some governing organizations are boards,All boards are wooden planks,Some wooden planks are governing organizations,*,*,A,C,*,*,1,NA,4102,Dimatis,0,1,0,0
4_69,4,N3-c-M2,69,0,cabinet,Homonymy,Datisi,2,All cabinets advise the presidents,Some cabinets are Ikea products,Some ikea products advise the president,*,*,A,C,*,*,0.7142857143,NA,3835,Datisi,0,1,0,0
4_70,4,N3-c-M2,70,1,clowns,Valid Filler,Darii,2,All clowns can juggle ,Some circus performers are clowns ,Some circus performers can juggle,*,*,*,*,*,*,*,NA,3158,Darii,1,1,0,0
4_71,4,N3-c-M2,71,1,liars,Valid Filler,Dimatis,2,Some criminals are liars ,All liars are humans,Some humans are criminals ,*,*,*,*,*,*,*,NA,2925,Dimatis,1,1,0,0
4_72,4,N3-c-M2,72,1,statues,Valid Filler,Datisi,2,All statues are sculptures,Some statues are bronzes,Some bronzes are sculptures,*,*,*,*,*,*,*,NA,3787,Datisi,1,1,0,0
4_73,4,N3-c-M2,73,0,college,Polysemy,Darii,2,All colleges have spirit,Some colleges are national landmarks,Some national landmarks have spirit,*,city-type,A,C,56.6,inst,0.1428571429,NA,3730,Darii,0,1,0,0
4_74,4,N3-c-M2,74,0,school,Polysemy,Disamis,2,Some schools are brick,All schools are communities,Some communities are brick,*,city-type,C,A,45.1,inst,0.5714285714,NA,3476,Disamis,0,1,0,0
4_75,4,N3-c-M2,75,0,bat,Homonymy,Darii,2,All bats are mammals,Some weapons are bats,Some weapons are mammals,*,*,*,*,*,*,0.4285714286,NA,3624,Darii,0,1,0,0
4_76,4,N3-c-M2,76,0,company,Polysemy,Dimatis,2,Some office buildings are companies,All companies are legal entities,Some legal entities are office buildings ,*,city-type,C,A,83.8,inst,0.5714285714,NA,3944,Dimatis,0,1,0,0
4_77,4,N3-c-M2,77,0,suit,Homonymy,Disamis,2,Some suits have multiple defendants,All suits are dress attire,Some dress attire has multiple defendants,*,*,A,C,*,*,0.5714285714,NA,3656,Disamis,0,1,0,0
4_78,4,N3-c-M2,78,1,star,Homonymy,Datisi,2,All stars are famous ,Some stars are red dwarfs,Some red dwarfs are famous,*,*,*,*,*,*,0,NA,3612,Datisi,0,0,0,0
4_79,4,N3-c-M2,79,1,singers,Valid Filler,Darii,2,All singers have an ideal vocal range ,Some guitarists are singers,Some guitarists have an ideal vocal range,*,*,*,*,*,*,*,NA,5826,Darii,1,1,0,0
4_80,4,N3-c-M2,80,1,letter,Polysemy,Datisi,2,All letters have stamps,Some letters are rejections,Some rejections have stamps,*,book-type,C,A,78.5,info,0,NA,5158,Datisi,0,0,0,0
4_81,4,N3-c-M2,81,0,funerals,Invalid Filler,Datisi*,2,All open-casket services are funerals,Some funerals are cremations,Some cremations are open-casket services,*,*,*,*,*,*,*,NA,3565,Datisi,0,1,0,0
4_82,4,N3-c-M2,82,0,injuries,Invalid Filler,Dimatis*,2,Some sunburns are injuries,All cases of frostbite are injuries,Some cases of frostbite are sunburns,*,*,*,*,*,*,*,NA,3862,Dimatis,0,1,0,0
4_83,4,N3-c-M2,83,0,college,Polysemy,Darii,2,All colleges grant degrees,Some colleges are historic buildings,Some historic buildings grant degrees,*,city-type,A,C,56.6,inst,0.2857142857,NA,5207,Darii,0,1,0,0
4_84,4,N3-c-M2,84,0,sausages,Invalid Filler,Datisi*,2,All hot dogs are sausages,Some sausages are salamis,Some hot dogs are salamis,*,*,*,*,*,*,*,NA,3163,Datisi,0,1,0,0
4_85,4,N3-c-M2,85,1,dinner,Polysemy,Disamis,2,Some dinners are black tie,All dinners are foods,Some foods are black tie,*,lunch-type,A,C,90,event,0.5714285714,NA,6486,Disamis,0,0,0,0
4_86,4,N3-c-M2,86,0,ruler,Homonymy,Disamis,2,Some rulers are kings,All rulers are standard lengths,Some standard lengths are kings,*,*,*,*,*,*,0.8571428571,NA,4722,Disamis,0,1,0,0
4_87,4,N3-c-M2,87,0,match,Homonymy,Disamis,2,Some matches are championships,All matches are fire starters,Some fire starters are championships,*,*,A,C,80,*,0.7142857143,NA,3117,Disamis,0,1,0,0
4_88,4,N3-c-M2,88,1,spices,Invalid Filler,Dimatis*,2,Some dried roots are spices ,All mustard seeds are spices ,Some mustard seeds are dried roots,*,*,*,*,*,*,*,NA,4837,Dimatis,0,0,0,0
5_1,5,N3-c-M2,1,0,lunch,Polysemy,Dimatis,1,Some breaks are lunches,All lunches are entrées,Some entrées are breaks,*,lunch-type,A,C,96.6,event,0.7142857143,NA,8203,Dimatis,0,1,0,0
5_2,5,N3-c-M2,2,1,book,Polysemy,Dimatis,1,Some purchases are books,All books are creative endeavours,Some creative endeavours are purchases,*,book-type,C,A,64.5,info,0.1428571429,NA,3860,Dimatis,0,0,0,0
5_3,5,N3-c-M2,3,1,grapes,Valid Filler,Disamis,1,Some grapes are red ,All grapes are fruits ,Some fruits are red ,*,*,*,*,*,*,*,NA,2651,Disamis,1,1,0,0
5_4,5,N3-c-M2,4,1,singers,Valid Filler,Darii,1,All singers have an ideal vocal range ,Some guitarists are singers,Some guitarists have an ideal vocal range,*,*,*,*,*,*,*,NA,4107,Darii,1,1,0,0
5_5,5,N3-c-M2,5,0,ruler,Homonymy,Disamis,1,Some rulers are kings,All rulers are standard lengths,Some standard lengths are kings,*,*,*,*,*,*,0.8571428571,NA,3518,Disamis,0,1,0,0
5_6,5,N3-c-M2,6,0,peppers,Invalid Filler,Dimatis*,1,Some yellow vegetables are peppers ,All jalapenos are peppers,Some jalapenos are yellow vegetables,*,*,*,*,*,*,*,NA,3178,Dimatis,0,1,0,0
5_7,5,N3-c-M2,7,0,injuries,Invalid Filler,Dimatis*,1,Some sunburns are injuries,All cases of frostbite are injuries,Some cases of frostbite are sunburns,*,*,*,*,*,*,*,NA,3127,Dimatis,0,1,0,0
5_8,5,N3-c-M2,8,0,shapes,Invalid Filler,Disamis*,1,Some shapes are triangles,All squares are shapes,Some squares are triangles,*,*,*,*,*,*,*,NA,2630,Disamis,0,1,0,0
5_9,5,N3-c-M2,9,1,colors,Invalid Filler,Disamis*,1,Some colors are primary ,All shades of purple are colors ,Some shades of purple are primary,*,*,*,*,*,*,*,NA,3132,Disamis,0,0,0,0
5_10,5,N3-c-M2,10,1,spices,Invalid Filler,Dimatis*,1,Some dried roots are spices ,All mustard seeds are spices ,Some mustard seeds are dried roots,*,*,*,*,*,*,*,NA,3532,Dimatis,0,0,0,0
5_11,5,N3-c-M2,11,0,ring,Homonymy,Darii,1,All rings are sounds,Some accessories are rings,Some accessories are sounds,*,*,A,C,*,*,0.7142857143,NA,3155,Darii,0,1,0,0
5_12,5,N3-c-M2,12,0,toilets,Invalid Filler,Disamis*,1,Some toilets are coed,All urinals are toilets,Some urinals are coed,*,*,*,*,*,*,*,NA,4973,Disamis,0,1,0,0
5_13,5,N3-c-M2,13,0,ball,Homonymy,Dimatis,1,Some dances are balls,All balls are circles,Some circles are dances,*,*,A,C,*,*,0.1666666667,NA,5244,Dimatis,0,1,0,0
5_14,5,N3-c-M2,14,0,ball,Homonymy,Dimatis,1,Some parties are balls,All balls are toys,Some toys are parties,*,*,A,C,*,*,0.7142857143,NA,2825,Dimatis,0,1,0,0
5_15,5,N3-c-M2,15,0,bat,Homonymy,Darii,1,All bats are mammals,Some weapons are bats,Some weapons are mammals,*,*,*,*,*,*,0.4285714286,NA,3196,Darii,0,1,0,0
5_16,5,N3-c-M2,16,1,novel,Polysemy,Darii,1,All novels are printed,Some ideas are novels,Some ideas are printed,*,book-type,C,A,96.7,info,0.1428571429,NA,2626,Darii,0,0,0,0
5_17,5,N3-c-M2,17,1,dinner,Polysemy,Disamis,1,Some dinners last an hour,All dinners are sources of nutrition,Some sources of nutrition last an hour,*,lunch-type,A,C,90,event,0.1428571429,NA,4198,Disamis,0,0,0,0
5_18,5,N3-c-M2,18,0,wave,Homonymy,Dimatis,1,Some gestures are waves,Some waves are ripples,Some ripples are gestures,*,*,A,C,100,*,0.4285714286,NA,3135,Dimatis,0,1,0,0
5_19,5,N3-c-M2,19,0,stones,Invalid Filler,Datisi*,1,All pebbles are stones,Some stones are boulders,Some boulders are pebbles,*,*,*,*,*,*,*,NA,3108,Datisi,0,1,0,0
5_20,5,N3-c-M2,20,0,wave,Homonymy,Dimatis,1,Some greetings are waves,Some waves are tsunamis,Some tsunamis are greetings,*,*,A,C,100,*,0.7142857143,NA,8110,Dimatis,0,1,0,0
5_21,5,N3-c-M2,21,0,dinner,Polysemy,Disamis,1,Some dinners are black tie,All dinners are foods,Some foods are black tie,*,lunch-type,A,C,90,event,0.5714285714,NA,3392,Disamis,0,1,0,0
5_22,5,N3-c-M2,22,0,picnic,Polysemy,Datisi,1,All picnics are leisurely,Some picnics are charcuterie,Some charcuterie is leisurely,*,lunch-type,A,C,59.2,event,0.7142857143,NA,4426,Datisi,0,1,0,0
5_23,5,N3-c-M2,23,0,book,Polysemy,Dimatis,1,Some doorstops are books,All books are intellectual property,Some intellectual property is a doorstop,*,book-type,C,A,64.5,info,0.5714285714,NA,4604,Dimatis,0,1,0,0
5_24,5,N3-c-M2,24,1,college,Polysemy,Darii,1,All colleges grant degrees,Some colleges are historic buildings,Some historic buildings grant degrees,*,city-type,A,C,56.6,inst,0.2857142857,NA,4067,Darii,0,0,0,0
5_25,5,N3-c-M2,25,0,antiques,Invalid Filler,Darii*,1,All medieval manuscripts are antiques ,Some pieces of jewelry are antiques ,Some pieces of jewelry are medieval manuscripts,*,*,*,*,*,*,*,NA,3546,Darii,0,1,0,0
5_26,5,N3-c-M2,26,1,burgers,Valid Filler,Disamis,1,Some burgers are overcooked ,All burgers are sandwiches,Some sandwiches are overcooked ,*,*,*,*,*,*,*,NA,3349,Disamis,1,1,0,0
5_27,5,N3-c-M2,27,0,thieves,Invalid Filler,Dimatis*,1,Some children are thieves,All mob bosses are thieves,Some mob bosses are children,*,*,*,*,*,*,*,NA,2659,Dimatis,0,1,0,0
5_28,5,N3-c-M2,28,1,city,Polysemy,Datisi,1,All cities are bureaucracies,Some cities are graffitied ,Some bureaucracies are graffitied,*,city-type,A,C,67.7,inst,0.2857142857,NA,3186,Datisi,0,0,0,0
5_29,5,N3-c-M2,29,0,suit,Homonymy,Disamis,1,Some suits are settled out of court,All suits are formal outfits,Some formal outfits are settled out of court,*,*,A,C,*,*,0.7142857143,NA,3986,Disamis,0,1,0,0
5_30,5,N3-c-M2,30,1,college,Polysemy,Darii,1,All colleges have spirit,Some colleges are national landmarks,Some national landmarks have spirit,*,city-type,A,C,56.6,inst,0.1428571429,NA,3064,Darii,0,0,0,0
5_31,5,N3-c-M2,31,1,cabinet,Homonymy,Datisi,1,All cabinets are selected by leaders,Some cabinets are cupboards,Some cupboards are selected by leaders,*,*,A,C,*,*,0.3333333333,NA,4147,Datisi,0,0,0,0
5_32,5,N3-c-M2,32,0,dances,Invalid Filler,Darii*,1,All polkas are dances ,Some mating rituals are dances ,Some mating rituals are polkas ,*,*,*,*,*,*,*,NA,2929,Darii,0,1,0,0
5_33,5,N3-c-M2,33,1,poets,Valid Filler,Datisi,1,All poets are writers ,Some poets are teachers,Some teachers are writers,*,*,*,*,*,*,*,NA,2224,Datisi,1,1,0,0
5_34,5,N3-c-M2,34,0,rock,Homonymy,Datisi,1,All rock has guitars,Some rock is marble,Some marble has guitars,*,*,A,C,100,*,0.8571428571,NA,4420,Datisi,0,1,0,0
5_35,5,N3-c-M2,35,0,ruler,Homonymy,Disamis,1,Some rulers are monarchs,All rulers are measuring devices,Some measuring devices are monarchs,*,*,*,*,*,*,0.7142857143,NA,4115,Disamis,0,1,0,0
5_36,5,N3-c-M2,36,1,match,Homonymy,Disamis,1,Some matches are shown on TV,All matches are fire starters,Some fire starters are shown on TV,*,*,A,C,*,*,0,NA,3367,Disamis,0,0,0,0
5_37,5,N3-c-M2,37,0,cabinet,Homonymy,Datisi,1,All cabinets are political appointments,Some cabinets are antique furniture,Some antique furniture are political appointments,*,*,A,C,*,*,0.8571428571,NA,3334,Datisi,0,1,0,0
5_38,5,N3-c-M2,38,0,lunch,Polysemy,Dimatis,1,lunch-type,All lunches are menu items,Some menu items are meetings,*,lunch-type,A,C,96.6,event,1,NA,4215,Dimatis,0,1,0,0
5_39,5,N3-c-M2,39,0,actors,Invalid Filler,Datisi*,1,All male leads are actors,Some actors are women,Some women are male leads,*,*,*,*,*,*,*,NA,5590,Datisi,0,1,0,0
5_40,5,N3-c-M2,40,1,letter,Polysemy,Datisi,1,All letters are paper,Some letters are professions of love,Some professions of love are paper,*,book-type,C,A,78.5,info,0.4285714286,NA,5247,Datisi,0,0,0,0
5_41,5,N3-c-M2,41,1,ring,Homonymy,Darii,1,All rings are noises,Some anniversary gifts are rings,Some anniversary gifts are noises,*,*,A,C,*,*,0.7142857143,NA,4209,Darii,0,0,0,0
5_42,5,N3-c-M2,42,1,bat,Homonymy,Darii,1,All bats hang upside down,Some sporting goods are bats,Some sporting goods hang upside down,*,*,*,*,*,*,0,NA,4407,Darii,0,0,0,0
5_43,5,N3-c-M2,43,0,match,Homonymy,Disamis,1,Some matches are competitive,All matches are tools,Some tools are competitive,*,*,A,C,80,*,0.5714285714,NA,3217,Disamis,0,1,0,0
5_44,5,N3-c-M2,44,1,mugs,Valid Filler,Datisi,1,All mugs are cups ,Some mugs are ceramics,Some ceramics are cups ,*,*,*,*,*,*,*,NA,2968,Datisi,1,1,0,0
5_45,5,N3-c-M2,45,1,widows,Valid Filler,Dimatis,1,Some mothers are widows ,All widows are women,Some women are mothers,*,*,*,*,*,*,*,NA,3414,Dimatis,1,1,0,0
5_46,5,N3-c-M2,46,0,board,Homonymy,Dimatis,1,Some advisory bodies are boards,All boards are rectangles,Some rectangles are advisory bodies,*,*,A,C,*,*,0.8571428571,NA,3010,Dimatis,0,1,0,0
5_47,5,N3-c-M2,47,0,suit,Homonymy,Disamis,1,Some suits have multiple defendants,All suits are dress attire,Some dress attire has multiple defendants,*,*,A,C,*,*,0.5714285714,NA,3794,Disamis,0,1,0,0
5_48,5,N3-c-M2,48,0,novel,Polysemy,Darii,1,All novels are bound,Some mysteries are novels,Some mysteries are bound,*,book-type,C,A,96.7,info,0,NA,2856,Darii,0,1,0,0
5_49,5,N3-c-M2,49,1,liars,Valid Filler,Dimatis,1,Some criminals are liars ,All liars are humans,Some humans are criminals ,*,*,*,*,*,*,*,NA,2723,Dimatis,1,1,0,0
5_50,5,N3-c-M2,50,1,change,Homonymy,Darii,1,All change is money,Some surprises are change,Some surprises are money,*,*,C,A,*,*,0,NA,3201,Darii,0,0,0,0
5_51,5,N3-c-M2,51,1,statues,Valid Filler,Datisi,1,All statues are sculptures,Some statues are bronzes,Some bronzes are sculptures,*,*,*,*,*,*,*,NA,3220,Datisi,1,1,0,0
5_52,5,N3-c-M2,52,1,rifles,Valid Filler,Disamis,1,Some rifles are for hunting,All rifles are guns ,Some guns are for hunting,*,*,*,*,*,*,*,NA,2705,Disamis,1,1,0,0
5_53,5,N3-c-M2,53,1,trucks,Valid Filler,Dimatis,1,Some cars are trucks ,All trucks are vehicles,Some vehicles are cars ,*,*,*,*,*,*,*,NA,2355,Dimatis,1,1,0,0
5_54,5,N3-c-M2,54,1,city,Polysemy,Datisi,1,All cities have laws,Some cities are earthquake zones,Some earthquake zones have laws,*,city-type,A,C,67.7,inst,0,NA,3646,Datisi,0,0,0,0
5_55,5,N3-c-M2,55,1,steaks,Invalid Filler,Disamis*,1,Some steaks are filet mignons,All ribeyes are steaks,Some ribeyes are filet mignons,*,*,*,*,*,*,*,NA,3011,Disamis,0,0,0,0
5_56,5,N3-c-M2,56,1,picnic,Polysemy,Datisi,1,All picnics happen in nature,Some picnics are salads,Some salads happen in nature,*,lunch-type,A,C,59.2,event,0.5714285714,NA,3084,Datisi,0,0,0,0
5_57,5,N3-c-M2,57,0,company,Polysemy,Dimatis,1,Some storefronts are companies,All companies are hierarchies,Some hierarchies are storefronts,*,city-type,C,A,83.8,inst,0.7142857143,NA,2760,Dimatis,0,1,0,0
5_58,5,N3-c-M2,58,1,school,Polysemy,Disamis,1,Some schools are brick,All schools are communities,Some communities are brick,*,city-type,C,A,45.1,inst,0.5714285714,NA,2758,Disamis,0,0,0,0
5_59,5,N3-c-M2,59,0,sausages,Invalid Filler,Datisi*,1,All hot dogs are sausages,Some sausages are salamis,Some hot dogs are salamis,*,*,*,*,*,*,*,NA,3330,Datisi,0,1,0,0
5_60,5,N3-c-M2,60,1,clowns,Valid Filler,Darii,1,All clowns can juggle ,Some circus performers are clowns ,Some circus performers can juggle,*,*,*,*,*,*,*,NA,3654,Darii,1,1,0,0
5_61,5,N3-c-M2,61,0,board,Homonymy,Dimatis,1,Some governing organizations are boards,All boards are wooden planks,Some wooden planks are governing organizations,*,*,A,C,*,*,1,NA,3231,Dimatis,0,1,0,0
5_62,5,N3-c-M2,62,0,novel,Polysemy,Darii,1,All novels are flammable,Some debuts are novels,Some debuts are flammable,*,book-type,C,A,96.7,info,1,NA,3288,Darii,0,1,0,0
5_63,5,N3-c-M2,63,1,breakfast,Polysemy,Darii,1,All breakfasts take place in the morning,Some sandwiches are breakfasts,Some sandwiches take place in the morning,*,lunch-type,A,C,87.1,event,0.4285714286,NA,2746,Darii,0,0,0,0
5_64,5,N3-c-M2,64,0,cabinet,Homonymy,Datisi,1,All cabinets advise the presidents,Some cabinets are Ikea products,Some ikea products advise the president,*,*,A,C,*,*,0.7142857143,NA,2966,Datisi,0,1,0,0
5_65,5,N3-c-M2,65,1,breakfast,Polysemy,Darii,1,All breakfasts are under three hours,Some smoothies are breakfasts,Some smoothies are under three hours,*,lunch-type,A,C,87.1,event,0.7142857143,NA,3823,Darii,0,0,0,0
5_66,5,N3-c-M2,66,0,star,Homonymy,Datisi,1,All stars are charismatic,Some stars are pulsars,Some pulsars are charismatic,*,*,*,*,*,*,0.7142857143,NA,3009,Datisi,0,1,0,0
5_67,5,N3-c-M2,67,0,mothers,Invalid Filler,Darii*,1,All grandmothers are mothers ,Some teens are mothers,Some grandmothers are teens,*,*,*,*,*,*,*,NA,4111,Darii,0,1,0,0
5_68,5,N3-c-M2,68,1,bat,Homonymy,Darii,1,All bats share a common ancestor,Some sporting goods are bats,Some sporting goods share a common ancestor,*,*,*,*,*,*,0.2857142857,NA,3596,Darii,0,0,0,0
5_69,5,N3-c-M2,69,0,rock ,Homonymy,Datisi,1,All rock is rhythmic,Some rock is granite,Some granite is rhythmic,*,*,A,C,100,*,0.8571428571,NA,3363,Datisi,0,1,0,0
5_70,5,N3-c-M2,70,0,funerals,Invalid Filler,Datisi*,1,All open-casket services are funerals,Some funerals are cremations,Some cremations are open-casket services,*,*,*,*,*,*,*,NA,3734,Datisi,0,1,0,0
5_71,5,N3-c-M2,71,0,change,Homonymy,Darii,1,All change is legal tender,Some political revolutions are change,Some political revolutions are legal tender,*,*,C,A,*,*,0.8571428571,NA,4125,Darii,0,1,0,0
5_72,5,N3-c-M2,72,1,dresses,Invalid Filler,Darii*,1,All ball gowns are dresses ,Some cocktail outfits are dresses,Some cocktail outfits are ball gowns,*,*,*,*,*,*,*,NA,4373,Darii,0,0,0,0
5_73,5,N3-c-M2,73,0,school,Polysemy,Disamis,1,Some schools are rectangular,All schools are employers,Some employers are rectangular,*,city-type,C,A,45.1,inst,0.5714285714,NA,3021,Disamis,0,1,0,0
5_74,5,N3-c-M2,74,1,ponies,Valid Filler,Datisi,1,All ponies neigh,Some ponies are colts,Some colts neigh,*,*,*,*,*,*,*,NA,3699,Datisi,1,1,0,0
5_75,5,N3-c-M2,75,1,star,Homonymy,Datisi,1,All stars are famous ,Some stars are red dwarfs,Some red dwarfs are famous,*,*,*,*,*,*,0,NA,2766,Datisi,0,0,0,0
5_76,5,N3-c-M2,76,1,suitcases,Valid Filler,Dimatis,1,Some bags are suitcases,All suitcases are pieces of luggage,Some pieces of luggage are bags,*,*,*,*,*,*,*,NA,2998,Dimatis,1,1,0,0
5_77,5,N3-c-M2,77,1,star,Homonymy,Datisi,1,All stars deal with paparazzi ,Some stars are red dwarfs,Some red dwarfs deal with paparazzi ,*,*,*,*,*,*,0,NA,4524,Datisi,0,0,0,0
5_78,5,N3-c-M2,78,0,magazines,Polysemy,Disamis,1,Some magazines are coffee-stained,All magazines are subscriptions,Some subscriptions are coffee-stained,*,book-type,C,A,68.9,info,0.2857142857,NA,4189,Disamis,0,1,0,0
5_79,5,N3-c-M2,79,1,company,Polysemy,Dimatis,1,Some office buildings are companies,All companies are legal entities,Some legal entities are office buildings ,*,city-type,C,A,83.8,inst,0.5714285714,NA,2728,Dimatis,0,0,0,0
5_80,5,N3-c-M2,80,0,board,Homonymy,Dimatis,1,Some groups are boards,All boards are materials,Some materials are groups,*,*,A,C,*,*,0.5,NA,2921,Dimatis,0,1,0,0
5_81,5,N3-c-M2,81,1,letter,Polysemy,Datisi,1,All letters have stamps,Some letters are rejections,Some rejections have stamps,*,book-type,C,A,78.5,info,0,NA,2758,Datisi,0,0,0,0
5_82,5,N3-c-M2,82,0,ball,Homonymy,Dimatis,1,Some dances are balls,All balls are spheres,Some spheres are dances,*,*,A,C,*,*,0.7142857143,NA,2795,Dimatis,0,1,0,0
5_83,5,N3-c-M2,83,0,match,Homonymy,Disamis,1,Some matches are championships,All matches are fire starters,Some fire starters are championships,*,*,A,C,80,*,0.7142857143,NA,3308,Disamis,0,1,0,0
5_84,5,N3-c-M2,84,1,change,Homonymy,Darii,1,All change jingles,Some social movements are change,Some social movements jingle,*,*,C,A,*,*,0.5714285714,NA,4284,Darii,0,0,0,0
5_85,5,N3-c-M2,85,1,doughnuts,Valid Filler,Darii,1,All doughnuts are sugary ,Some pastries are doughnuts ,Some pastries are sugary,*,*,*,*,*,*,*,NA,3716,Darii,1,1,0,0
5_86,5,N3-c-M2,86,1,magazines,Polysemy,Disamis,1,Some magazines are glossy,All magazines are collaborations,Some collaborations are glossy,*,book-type,C,A,68.9,info,0.5714285714,NA,2614,Disamis,0,0,0,0
5_87,5,N3-c-M2,87,1,dolls,Valid Filler,Darii,1,All dolls are man made,Some toys are dolls ,Some toys are man made,*,*,*,*,*,*,*,NA,2541,Darii,1,1,0,0
5_88,5,N3-c-M2,88,1,swords,Valid Filler,Disamis,1,Some swords are decorative,All swords are weapons ,Some weapons are decorative ,*,*,*,*,*,*,*,NA,3378,Disamis,1,1,0,0
6_1,6,N3-c-M2,1,1,novel,Polysemy,Darii,2,All novels are printed,Some ideas are novels,Some ideas are printed,*,book-type,C,A,96.7,info,0.1428571429,NA,2663,Darii,0,0,0,0
6_2,6,N3-c-M2,2,1,breakfast,Polysemy,Darii,2,All breakfasts are under three hours,Some smoothies are breakfasts,Some smoothies are under three hours,*,lunch-type,A,C,87.1,event,0.7142857143,NA,10702,Darii,0,0,0,0
6_3,6,N3-c-M2,3,0,shapes,Invalid Filler,Disamis*,2,Some shapes are triangles,All squares are shapes,Some squares are triangles,*,*,*,*,*,*,*,NA,17015,Disamis,0,1,0,0
6_4,6,N3-c-M2,4,0,ball,Homonymy,Dimatis,2,Some dances are balls,All balls are circles,Some circles are dances,*,*,A,C,*,*,0.1666666667,NA,3639,Dimatis,0,1,0,0
6_5,6,N3-c-M2,5,1,ponies,Valid Filler,Datisi,2,All ponies neigh,Some ponies are colts,Some colts neigh,*,*,*,*,*,*,*,NA,2999,Datisi,1,1,0,0
6_6,6,N3-c-M2,6,1,change,Homonymy,Darii,2,All change is legal tender,Some political revolutions are change,Some political revolutions are legal tender,*,*,C,A,*,*,0.8571428571,NA,63854,Darii,0,0,0,0
6_7,6,N3-c-M2,7,1,mugs,Valid Filler,Datisi,2,All mugs are cups ,Some mugs are ceramics,Some ceramics are cups ,*,*,*,*,*,*,*,NA,3967,Datisi,1,1,0,0
6_8,6,N3-c-M2,8,0,star,Homonymy,Datisi,2,All stars are charismatic,Some stars are pulsars,Some pulsars are charismatic,*,*,*,*,*,*,0.7142857143,NA,3431,Datisi,0,1,0,0
6_9,6,N3-c-M2,9,0,mothers,Invalid Filler,Darii*,2,All grandmothers are mothers ,Some teens are mothers,Some grandmothers are teens,*,*,*,*,*,*,*,NA,51462,Darii,0,1,0,0
6_10,6,N3-c-M2,10,0,ring,Homonymy,Darii,2,All rings are sounds,Some accessories are rings,Some accessories are sounds,*,*,A,C,*,*,0.7142857143,NA,4759,Darii,0,1,0,0
6_11,6,N3-c-M2,11,1,grapes,Valid Filler,Disamis,2,Some grapes are red ,All grapes are fruits ,Some fruits are red ,*,*,*,*,*,*,*,NA,10095,Disamis,1,1,0,0
6_12,6,N3-c-M2,12,0,board,Homonymy,Dimatis,2,Some groups are boards,All boards are materials,Some materials are groups,*,*,A,C,*,*,0.5,NA,2574,Dimatis,0,1,0,0
6_13,6,N3-c-M2,13,0,toilets,Invalid Filler,Disamis*,2,Some toilets are coed,All urinals are toilets,Some urinals are coed,*,*,*,*,*,*,*,NA,3639,Disamis,0,1,0,0
6_14,6,N3-c-M2,14,0,suit,Homonymy,Disamis,2,Some suits are settled out of court,All suits are formal outfits,Some formal outfits are settled out of court,*,*,A,C,*,*,0.7142857143,NA,4743,Disamis,0,1,0,0
6_15,6,N3-c-M2,15,1,novel,Polysemy,Darii,2,All novels are flammable,Some debuts are novels,Some debuts are flammable,*,book-type,C,A,96.7,info,1,NA,3799,Darii,0,0,0,0
6_16,6,N3-c-M2,16,1,match,Homonymy,Disamis,2,Some matches are shown on TV,All matches are fire starters,Some fire starters are shown on TV,*,*,A,C,*,*,0,NA,7431,Disamis,0,0,0,0
6_17,6,N3-c-M2,17,1,novel,Polysemy,Darii,2,All novels are bound,Some mysteries are novels,Some mysteries are bound,*,book-type,C,A,96.7,info,0,NA,3439,Darii,0,0,0,0
6_18,6,N3-c-M2,18,1,book,Polysemy,Dimatis,2,Some purchases are books,All books are creative endeavours,Some creative endeavours are purchases,*,book-type,C,A,64.5,info,0.1428571429,NA,4415,Dimatis,0,0,0,0
6_19,6,N3-c-M2,19,1,widows,Valid Filler,Dimatis,2,Some mothers are widows ,All widows are women,Some women are mothers,*,*,*,*,*,*,*,NA,3511,Dimatis,1,1,0,0
6_20,6,N3-c-M2,20,1,dolls,Valid Filler,Darii,2,All dolls are man made,Some toys are dolls ,Some toys are man made,*,*,*,*,*,*,*,NA,7071,Darii,1,1,0,0
6_21,6,N3-c-M2,21,0,rock ,Homonymy,Datisi,2,All rock is rhythmic,Some rock is granite,Some granite is rhythmic,*,*,A,C,100,*,0.8571428571,NA,3615,Datisi,0,1,0,0
6_22,6,N3-c-M2,22,1,change,Homonymy,Darii,2,All change is money,Some surprises are change,Some surprises are money,*,*,C,A,*,*,0,NA,3040,Darii,0,0,0,0
6_23,6,N3-c-M2,23,1,match,Homonymy,Disamis,2,Some matches are competitive,All matches are tools,Some tools are competitive,*,*,A,C,80,*,0.5714285714,NA,4575,Disamis,0,0,0,0
6_24,6,N3-c-M2,24,0,book,Polysemy,Dimatis,2,Some doorstops are books,All books are intellectual property,Some intellectual property is a doorstop,*,book-type,C,A,64.5,info,0.5714285714,NA,3646,Dimatis,0,1,0,0
6_25,6,N3-c-M2,25,1,antiques,Invalid Filler,Darii*,2,All medieval manuscripts are antiques ,Some pieces of jewelry are antiques ,Some pieces of jewelry are medieval manuscripts,*,*,*,*,*,*,*,NA,23591,Darii,0,0,0,0
6_26,6,N3-c-M2,26,1,burgers,Valid Filler,Disamis,2,Some burgers are overcooked ,All burgers are sandwiches,Some sandwiches are overcooked ,*,*,*,*,*,*,*,NA,5447,Disamis,1,1,0,0
6_27,6,N3-c-M2,27,0,cabinet,Homonymy,Datisi,2,All cabinets are political appointments,Some cabinets are antique furniture,Some antique furniture are political appointments,*,*,A,C,*,*,0.8571428571,NA,30687,Datisi,0,1,0,0
6_28,6,N3-c-M2,28,1,peppers,Invalid Filler,Dimatis*,2,Some yellow vegetables are peppers ,All jalapenos are peppers,Some jalapenos are yellow vegetables,*,*,*,*,*,*,*,NA,2887,Dimatis,0,0,0,0
6_29,6,N3-c-M2,29,0,ball,Homonymy,Dimatis,2,Some dances are balls,All balls are spheres,Some spheres are dances,*,*,A,C,*,*,0.7142857143,NA,15023,Dimatis,0,1,0,0
6_30,6,N3-c-M2,30,1,actors,Invalid Filler,Datisi*,2,All male leads are actors,Some actors are women,Some women are male leads,*,*,*,*,*,*,*,NA,4231,Datisi,0,0,0,0
6_31,6,N3-c-M2,31,0,letter,Polysemy,Datisi,2,All letters are paper,Some letters are professions of love,Some professions of love are paper,*,book-type,C,A,78.5,info,0.4285714286,NA,4280,Datisi,0,1,0,0
6_32,6,N3-c-M2,32,0,ball,Homonymy,Dimatis,2,Some parties are balls,All balls are toys,Some toys are parties,*,*,A,C,*,*,0.7142857143,NA,37831,Dimatis,0,1,0,0
6_33,6,N3-c-M2,33,1,ring,Homonymy,Darii,2,All rings are noises,Some anniversary gifts are rings,Some anniversary gifts are noises,*,*,A,C,*,*,0.7142857143,NA,4111,Darii,0,0,0,0
6_34,6,N3-c-M2,34,0,city,Polysemy,Datisi,2,All cities are bureaucracies,Some cities are graffitied ,Some bureaucracies are graffitied,*,city-type,A,C,67.7,inst,0.2857142857,NA,3503,Datisi,0,1,0,0
6_35,6,N3-c-M2,35,0,board,Homonymy,Dimatis,2,Some advisory bodies are boards,All boards are rectangles,Some rectangles are advisory bodies,*,*,A,C,*,*,0.8571428571,NA,3576,Dimatis,0,1,0,0
6_36,6,N3-c-M2,36,1,rifles,Valid Filler,Disamis,2,Some rifles are for hunting,All rifles are guns ,Some guns are for hunting,*,*,*,*,*,*,*,NA,77933,Disamis,1,1,0,0
6_37,6,N3-c-M2,37,0,ruler,Homonymy,Disamis,2,Some rulers are monarchs,All rulers are measuring devices,Some measuring devices are monarchs,*,*,*,*,*,*,0.7142857143,NA,4182,Disamis,0,1,0,0
6_38,6,N3-c-M2,38,0,stones,Invalid Filler,Datisi*,2,All pebbles are stones,Some stones are boulders,Some boulders are pebbles,*,*,*,*,*,*,*,NA,2711,Datisi,0,1,0,0
6_39,6,N3-c-M2,39,1,dresses,Invalid Filler,Darii*,2,All ball gowns are dresses ,Some cocktail outfits are dresses,Some cocktail outfits are ball gowns,*,*,*,*,*,*,*,NA,3760,Darii,0,0,0,0
6_40,6,N3-c-M2,40,0,wave,Homonymy,Dimatis,2,Some greetings are waves,Some waves are tsunamis,Some tsunamis are greetings,*,*,A,C,100,*,0.7142857143,NA,26783,Dimatis,0,1,0,0
6_41,6,N3-c-M2,41,1,suitcases,Valid Filler,Dimatis,2,Some bags are suitcases,All suitcases are pieces of luggage,Some pieces of luggage are bags,*,*,*,*,*,*,*,NA,8551,Dimatis,1,1,0,0
6_42,6,N3-c-M2,42,1,bat,Homonymy,Darii,2,All bats share a common ancestor,Some sporting goods are bats,Some sporting goods share a common ancestor,*,*,*,*,*,*,0.2857142857,NA,4775,Darii,0,0,0,0
6_43,6,N3-c-M2,43,1,city,Polysemy,Datisi,2,All cities have laws,Some cities are earthquake zones,Some earthquake zones have laws,*,city-type,A,C,67.7,inst,0,NA,4615,Datisi,0,0,0,0
6_44,6,N3-c-M2,44,0,picnic,Polysemy,Datisi,2,All picnics happen in nature,Some picnics are salads,Some salads happen in nature,*,lunch-type,A,C,59.2,event,0.5714285714,NA,15656,Datisi,0,1,0,0
6_45,6,N3-c-M2,45,0,rock,Homonymy,Datisi,2,All rock has guitars,Some rock is marble,Some marble has guitars,*,*,A,C,100,*,0.8571428571,NA,2838,Datisi,0,1,0,0
6_46,6,N3-c-M2,46,1,doughnuts,Valid Filler,Darii,2,All doughnuts are sugary ,Some pastries are doughnuts ,Some pastries are sugary,*,*,*,*,*,*,*,NA,15511,Darii,1,1,0,0
6_47,6,N3-c-M2,47,1,trucks,Valid Filler,Dimatis,2,Some cars are trucks ,All trucks are vehicles,Some vehicles are cars ,*,*,*,*,*,*,*,NA,4144,Dimatis,1,1,0,0
6_48,6,N3-c-M2,48,1,swords,Valid Filler,Disamis,2,Some swords are decorative,All swords are weapons ,Some weapons are decorative ,*,*,*,*,*,*,*,NA,6775,Disamis,1,1,0,0
6_49,6,N3-c-M2,49,0,steaks,Invalid Filler,Disamis*,2,Some steaks are filet mignons,All ribeyes are steaks,Some ribeyes are filet mignons,*,*,*,*,*,*,*,NA,4279,Disamis,0,1,0,0
6_50,6,N3-c-M2,50,0,dinner,Polysemy,Disamis,2,Some dinners last an hour,All dinners are sources of nutrition,Some sources of nutrition last an hour,*,lunch-type,A,C,90,event,0.1428571429,NA,9487,Disamis,0,1,0,0
6_51,6,N3-c-M2,51,0,company,Polysemy,Dimatis,2,Some storefronts are companies,All companies are hierarchies,Some hierarchies are storefronts,*,city-type,C,A,83.8,inst,0.7142857143,NA,23007,Dimatis,0,1,0,0
6_52,6,N3-c-M2,52,0,bat,Homonymy,Darii,2,All bats hang upside down,Some sporting goods are bats,Some sporting goods hang upside down,*,*,*,*,*,*,0,NA,3319,Darii,0,1,0,0
6_53,6,N3-c-M2,53,1,poets,Valid Filler,Datisi,2,All poets are writers ,Some poets are teachers,Some teachers are writers,*,*,*,*,*,*,*,NA,46814,Datisi,1,1,0,0
6_54,6,N3-c-M2,54,1,colors,Invalid Filler,Disamis*,2,Some colors are primary ,All shades of purple are colors ,Some shades of purple are primary,*,*,*,*,*,*,*,NA,2895,Disamis,0,0,0,0
6_55,6,N3-c-M2,55,1,magazines,Polysemy,Disamis,2,Some magazines are glossy,All magazines are collaborations,Some collaborations are glossy,*,book-type,C,A,68.9,info,0.5714285714,NA,3903,Disamis,0,0,0,0
6_56,6,N3-c-M2,56,0,magazines,Polysemy,Disamis,2,Some magazines are coffee-stained,All magazines are subscriptions,Some subscriptions are coffee-stained,*,book-type,C,A,68.9,info,0.2857142857,NA,5927,Disamis,0,1,0,0
6_57,6,N3-c-M2,57,0,thieves,Invalid Filler,Dimatis*,2,Some children are thieves,All mob bosses are thieves,Some mob bosses are children,*,*,*,*,*,*,*,NA,75558,Dimatis,0,1,0,0
6_58,6,N3-c-M2,58,0,lunch,Polysemy,Dimatis,2,Some breaks are lunches,All lunches are entrées,Some entrées are breaks,*,lunch-type,A,C,96.6,event,0.7142857143,NA,2671,Dimatis,0,1,0,0
6_59,6,N3-c-M2,59,0,lunch,Polysemy,Dimatis,2,lunch-type,All lunches are menu items,Some menu items are meetings,*,lunch-type,A,C,96.6,event,1,NA,2911,Dimatis,0,1,0,0
6_60,6,N3-c-M2,60,0,dances,Invalid Filler,Darii*,2,All polkas are dances ,Some mating rituals are dances ,Some mating rituals are polkas ,*,*,*,*,*,*,*,NA,2679,Darii,0,1,0,0
6_61,6,N3-c-M2,61,1,breakfast,Polysemy,Darii,2,All breakfasts take place in the morning,Some sandwiches are breakfasts,Some sandwiches take place in the morning,*,lunch-type,A,C,87.1,event,0.4285714286,NA,3032,Darii,0,0,0,0
6_62,6,N3-c-M2,62,0,star,Homonymy,Datisi,2,All stars deal with paparazzi ,Some stars are red dwarfs,Some red dwarfs deal with paparazzi ,*,*,*,*,*,*,0,NA,2790,Datisi,0,1,0,0
6_63,6,N3-c-M2,63,0,cabinet,Homonymy,Datisi,2,All cabinets are selected by leaders,Some cabinets are cupboards,Some cupboards are selected by leaders,*,*,A,C,*,*,0.3333333333,NA,3175,Datisi,0,1,0,0
6_64,6,N3-c-M2,64,1,school,Polysemy,Disamis,2,Some schools are rectangular,All schools are employers,Some employers are rectangular,*,city-type,C,A,45.1,inst,0.5714285714,NA,2759,Disamis,0,0,0,0
6_65,6,N3-c-M2,65,1,change,Homonymy,Darii,2,All change jingles,Some social movements are change,Some social movements jingle,*,*,C,A,*,*,0.5714285714,NA,2607,Darii,0,0,0,0
6_66,6,N3-c-M2,66,1,picnic,Polysemy,Datisi,2,All picnics are leisurely,Some picnics are charcuterie,Some charcuterie is leisurely,*,lunch-type,A,C,59.2,event,0.7142857143,NA,4327,Datisi,0,0,0,0
6_67,6,N3-c-M2,67,0,wave,Homonymy,Dimatis,2,Some gestures are waves,Some waves are ripples,Some ripples are gestures,*,*,A,C,100,*,0.4285714286,NA,2135,Dimatis,0,1,0,0
6_68,6,N3-c-M2,68,0,board,Homonymy,Dimatis,2,Some governing organizations are boards,All boards are wooden planks,Some wooden planks are governing organizations,*,*,A,C,*,*,1,NA,5383,Dimatis,0,1,0,0
6_69,6,N3-c-M2,69,0,cabinet,Homonymy,Datisi,2,All cabinets advise the presidents,Some cabinets are Ikea products,Some ikea products advise the president,*,*,A,C,*,*,0.7142857143,NA,5927,Datisi,0,1,0,0
6_70,6,N3-c-M2,70,1,clowns,Valid Filler,Darii,2,All clowns can juggle ,Some circus performers are clowns ,Some circus performers can juggle,*,*,*,*,*,*,*,NA,4263,Darii,1,1,0,0
6_71,6,N3-c-M2,71,1,liars,Valid Filler,Dimatis,2,Some criminals are liars ,All liars are humans,Some humans are criminals ,*,*,*,*,*,*,*,NA,2263,Dimatis,1,1,0,0
6_72,6,N3-c-M2,72,0,statues,Valid Filler,Datisi,2,All statues are sculptures,Some statues are bronzes,Some bronzes are sculptures,*,*,*,*,*,*,*,NA,3015,Datisi,1,0,0,0
6_73,6,N3-c-M2,73,0,college,Polysemy,Darii,2,All colleges have spirit,Some colleges are national landmarks,Some national landmarks have spirit,*,city-type,A,C,56.6,inst,0.1428571429,NA,3975,Darii,0,1,0,0
6_74,6,N3-c-M2,74,1,school,Polysemy,Disamis,2,Some schools are brick,All schools are communities,Some communities are brick,*,city-type,C,A,45.1,inst,0.5714285714,NA,4831,Disamis,0,0,0,0
6_75,6,N3-c-M2,75,0,bat,Homonymy,Darii,2,All bats are mammals,Some weapons are bats,Some weapons are mammals,*,*,*,*,*,*,0.4285714286,NA,3809,Darii,0,1,0,0
6_76,6,N3-c-M2,76,0,company,Polysemy,Dimatis,2,Some office buildings are companies,All companies are legal entities,Some legal entities are office buildings ,*,city-type,C,A,83.8,inst,0.5714285714,NA,3422,Dimatis,0,1,0,0
6_77,6,N3-c-M2,77,0,suit,Homonymy,Disamis,2,Some suits have multiple defendants,All suits are dress attire,Some dress attire has multiple defendants,*,*,A,C,*,*,0.5714285714,NA,5896,Disamis,0,1,0,0
6_78,6,N3-c-M2,78,0,star,Homonymy,Datisi,2,All stars are famous ,Some stars are red dwarfs,Some red dwarfs are famous,*,*,*,*,*,*,0,NA,2838,Datisi,0,1,0,0
6_79,6,N3-c-M2,79,0,singers,Valid Filler,Darii,2,All singers have an ideal vocal range ,Some guitarists are singers,Some guitarists have an ideal vocal range,*,*,*,*,*,*,*,NA,2232,Darii,1,0,0,0
6_80,6,N3-c-M2,80,1,letter,Polysemy,Datisi,2,All letters have stamps,Some letters are rejections,Some rejections have stamps,*,book-type,C,A,78.5,info,0,NA,4767,Datisi,0,0,0,0
6_81,6,N3-c-M2,81,0,funerals,Invalid Filler,Datisi*,2,All open-casket services are funerals,Some funerals are cremations,Some cremations are open-casket services,*,*,*,*,*,*,*,NA,5047,Datisi,0,1,0,0
6_82,6,N3-c-M2,82,0,injuries,Invalid Filler,Dimatis*,2,Some sunburns are injuries,All cases of frostbite are injuries,Some cases of frostbite are sunburns,*,*,*,*,*,*,*,NA,3727,Dimatis,0,1,0,0
6_83,6,N3-c-M2,83,0,college,Polysemy,Darii,2,All colleges grant degrees,Some colleges are historic buildings,Some historic buildings grant degrees,*,city-type,A,C,56.6,inst,0.2857142857,NA,4039,Darii,0,1,0,0
6_84,6,N3-c-M2,84,0,sausages,Invalid Filler,Datisi*,2,All hot dogs are sausages,Some sausages are salamis,Some hot dogs are salamis,*,*,*,*,*,*,*,NA,2415,Datisi,0,1,0,0
6_85,6,N3-c-M2,85,1,dinner,Polysemy,Disamis,2,Some dinners are black tie,All dinners are foods,Some foods are black tie,*,lunch-type,A,C,90,event,0.5714285714,NA,4615,Disamis,0,0,0,0
6_86,6,N3-c-M2,86,0,ruler,Homonymy,Disamis,2,Some rulers are kings,All rulers are standard lengths,Some standard lengths are kings,*,*,*,*,*,*,0.8571428571,NA,5039,Disamis,0,1,0,0
6_87,6,N3-c-M2,87,0,match,Homonymy,Disamis,2,Some matches are championships,All matches are fire starters,Some fire starters are championships,*,*,A,C,80,*,0.7142857143,NA,2847,Disamis,0,1,0,0
6_88,6,N3-c-M2,88,1,spices,Invalid Filler,Dimatis*,2,Some dried roots are spices ,All mustard seeds are spices ,Some mustard seeds are dried roots,*,*,*,*,*,*,*,NA,3407,Dimatis,0,0,0,0
7_1,7,N3-c-M2,1,0,lunch,Polysemy,Dimatis,1,Some breaks are lunches,All lunches are entrées,Some entrées are breaks,*,lunch-type,A,C,96.6,event,0.7142857143,NA,6672,Dimatis,0,1,0,0
7_2,7,N3-c-M2,2,1,book,Polysemy,Dimatis,1,Some purchases are books,All books are creative endeavours,Some creative endeavours are purchases,*,book-type,C,A,64.5,info,0.1428571429,NA,5629,Dimatis,0,0,0,0
7_3,7,N3-c-M2,3,1,grapes,Valid Filler,Disamis,1,Some grapes are red ,All grapes are fruits ,Some fruits are red ,*,*,*,*,*,*,*,NA,3917,Disamis,1,1,0,0
7_4,7,N3-c-M2,4,1,singers,Valid Filler,Darii,1,All singers have an ideal vocal range ,Some guitarists are singers,Some guitarists have an ideal vocal range,*,*,*,*,*,*,*,NA,4584,Darii,1,1,0,0
7_5,7,N3-c-M2,5,0,ruler,Homonymy,Disamis,1,Some rulers are kings,All rulers are standard lengths,Some standard lengths are kings,*,*,*,*,*,*,0.8571428571,NA,5882,Disamis,0,1,0,0
7_6,7,N3-c-M2,6,0,peppers,Invalid Filler,Dimatis*,1,Some yellow vegetables are peppers ,All jalapenos are peppers,Some jalapenos are yellow vegetables,*,*,*,*,*,*,*,NA,22132,Dimatis,0,1,0,0
7_7,7,N3-c-M2,7,0,injuries,Invalid Filler,Dimatis*,1,Some sunburns are injuries,All cases of frostbite are injuries,Some cases of frostbite are sunburns,*,*,*,*,*,*,*,NA,4963,Dimatis,0,1,0,0
7_8,7,N3-c-M2,8,0,shapes,Invalid Filler,Disamis*,1,Some shapes are triangles,All squares are shapes,Some squares are triangles,*,*,*,*,*,*,*,NA,5181,Disamis,0,1,0,0
7_9,7,N3-c-M2,9,0,colors,Invalid Filler,Disamis*,1,Some colors are primary ,All shades of purple are colors ,Some shades of purple are primary,*,*,*,*,*,*,*,NA,6707,Disamis,0,1,0,0
7_10,7,N3-c-M2,10,0,spices,Invalid Filler,Dimatis*,1,Some dried roots are spices ,All mustard seeds are spices ,Some mustard seeds are dried roots,*,*,*,*,*,*,*,NA,5489,Dimatis,0,1,0,0
7_11,7,N3-c-M2,11,1,ring,Homonymy,Darii,1,All rings are sounds,Some accessories are rings,Some accessories are sounds,*,*,A,C,*,*,0.7142857143,NA,5429,Darii,0,0,0,0
7_12,7,N3-c-M2,12,0,toilets,Invalid Filler,Disamis*,1,Some toilets are coed,All urinals are toilets,Some urinals are coed,*,*,*,*,*,*,*,NA,6262,Disamis,0,1,0,0
7_13,7,N3-c-M2,13,1,ball,Homonymy,Dimatis,1,Some dances are balls,All balls are circles,Some circles are dances,*,*,A,C,*,*,0.1666666667,NA,6122,Dimatis,0,0,0,0
7_14,7,N3-c-M2,14,1,ball,Homonymy,Dimatis,1,Some parties are balls,All balls are toys,Some toys are parties,*,*,A,C,*,*,0.7142857143,NA,5197,Dimatis,0,0,0,0
7_15,7,N3-c-M2,15,0,bat,Homonymy,Darii,1,All bats are mammals,Some weapons are bats,Some weapons are mammals,*,*,*,*,*,*,0.4285714286,NA,7878,Darii,0,1,0,0
7_16,7,N3-c-M2,16,1,novel,Polysemy,Darii,1,All novels are printed,Some ideas are novels,Some ideas are printed,*,book-type,C,A,96.7,info,0.1428571429,NA,3904,Darii,0,0,0,0
7_17,7,N3-c-M2,17,1,dinner,Polysemy,Disamis,1,Some dinners last an hour,All dinners are sources of nutrition,Some sources of nutrition last an hour,*,lunch-type,A,C,90,event,0.1428571429,NA,5598,Disamis,0,0,0,0
7_18,7,N3-c-M2,18,0,wave,Homonymy,Dimatis,1,Some gestures are waves,Some waves are ripples,Some ripples are gestures,*,*,A,C,100,*,0.4285714286,NA,5295,Dimatis,0,1,0,0
7_19,7,N3-c-M2,19,0,stones,Invalid Filler,Datisi*,1,All pebbles are stones,Some stones are boulders,Some boulders are pebbles,*,*,*,*,*,*,*,NA,6205,Datisi,0,1,0,0
7_20,7,N3-c-M2,20,0,wave,Homonymy,Dimatis,1,Some greetings are waves,Some waves are tsunamis,Some tsunamis are greetings,*,*,A,C,100,*,0.7142857143,NA,5235,Dimatis,0,1,0,0
7_21,7,N3-c-M2,21,0,dinner,Polysemy,Disamis,1,Some dinners are black tie,All dinners are foods,Some foods are black tie,*,lunch-type,A,C,90,event,0.5714285714,NA,5689,Disamis,0,1,0,0
7_22,7,N3-c-M2,22,0,picnic,Polysemy,Datisi,1,All picnics are leisurely,Some picnics are charcuterie,Some charcuterie is leisurely,*,lunch-type,A,C,59.2,event,0.7142857143,NA,6651,Datisi,0,1,0,0
7_23,7,N3-c-M2,23,0,book,Polysemy,Dimatis,1,Some doorstops are books,All books are intellectual property,Some intellectual property is a doorstop,*,book-type,C,A,64.5,info,0.5714285714,NA,8022,Dimatis,0,1,0,0
7_24,7,N3-c-M2,24,1,college,Polysemy,Darii,1,All colleges grant degrees,Some colleges are historic buildings,Some historic buildings grant degrees,*,city-type,A,C,56.6,inst,0.2857142857,NA,5697,Darii,0,0,0,0
7_25,7,N3-c-M2,25,0,antiques,Invalid Filler,Darii*,1,All medieval manuscripts are antiques ,Some pieces of jewelry are antiques ,Some pieces of jewelry are medieval manuscripts,*,*,*,*,*,*,*,NA,4810,Darii,0,1,0,0
7_26,7,N3-c-M2,26,1,burgers,Valid Filler,Disamis,1,Some burgers are overcooked ,All burgers are sandwiches,Some sandwiches are overcooked ,*,*,*,*,*,*,*,NA,3735,Disamis,1,1,0,0
7_27,7,N3-c-M2,27,0,thieves,Invalid Filler,Dimatis*,1,Some children are thieves,All mob bosses are thieves,Some mob bosses are children,*,*,*,*,*,*,*,NA,3892,Dimatis,0,1,0,0
7_28,7,N3-c-M2,28,1,city,Polysemy,Datisi,1,All cities are bureaucracies,Some cities are graffitied ,Some bureaucracies are graffitied,*,city-type,A,C,67.7,inst,0.2857142857,NA,5487,Datisi,0,0,0,0
7_29,7,N3-c-M2,29,1,suit,Homonymy,Disamis,1,Some suits are settled out of court,All suits are formal outfits,Some formal outfits are settled out of court,*,*,A,C,*,*,0.7142857143,NA,6836,Disamis,0,0,0,0
7_30,7,N3-c-M2,30,1,college,Polysemy,Darii,1,All colleges have spirit,Some colleges are national landmarks,Some national landmarks have spirit,*,city-type,A,C,56.6,inst,0.1428571429,NA,4505,Darii,0,0,0,0
7_31,7,N3-c-M2,31,0,cabinet,Homonymy,Datisi,1,All cabinets are selected by leaders,Some cabinets are cupboards,Some cupboards are selected by leaders,*,*,A,C,*,*,0.3333333333,NA,4753,Datisi,0,1,0,0
7_32,7,N3-c-M2,32,0,dances,Invalid Filler,Darii*,1,All polkas are dances ,Some mating rituals are dances ,Some mating rituals are polkas ,*,*,*,*,*,*,*,NA,5337,Darii,0,1,0,0
7_33,7,N3-c-M2,33,1,poets,Valid Filler,Datisi,1,All poets are writers ,Some poets are teachers,Some teachers are writers,*,*,*,*,*,*,*,NA,4124,Datisi,1,1,0,0
7_34,7,N3-c-M2,34,0,rock,Homonymy,Datisi,1,All rock has guitars,Some rock is marble,Some marble has guitars,*,*,A,C,100,*,0.8571428571,NA,4476,Datisi,0,1,0,0
7_35,7,N3-c-M2,35,0,ruler,Homonymy,Disamis,1,Some rulers are monarchs,All rulers are measuring devices,Some measuring devices are monarchs,*,*,*,*,*,*,0.7142857143,NA,5232,Disamis,0,1,0,0
7_36,7,N3-c-M2,36,1,match,Homonymy,Disamis,1,Some matches are shown on TV,All matches are fire starters,Some fire starters are shown on TV,*,*,A,C,*,*,0,NA,6219,Disamis,0,0,0,0
7_37,7,N3-c-M2,37,0,cabinet,Homonymy,Datisi,1,All cabinets are political appointments,Some cabinets are antique furniture,Some antique furniture are political appointments,*,*,A,C,*,*,0.8571428571,NA,4736,Datisi,0,1,0,0
7_38,7,N3-c-M2,38,0,lunch,Polysemy,Dimatis,1,lunch-type,All lunches are menu items,Some menu items are meetings,*,lunch-type,A,C,96.6,event,1,NA,4199,Dimatis,0,1,0,0
7_39,7,N3-c-M2,39,0,actors,Invalid Filler,Datisi*,1,All male leads are actors,Some actors are women,Some women are male leads,*,*,*,*,*,*,*,NA,5784,Datisi,0,1,0,0
7_40,7,N3-c-M2,40,1,letter,Polysemy,Datisi,1,All letters are paper,Some letters are professions of love,Some professions of love are paper,*,book-type,C,A,78.5,info,0.4285714286,NA,4758,Datisi,0,0,0,0
7_41,7,N3-c-M2,41,1,ring,Homonymy,Darii,1,All rings are noises,Some anniversary gifts are rings,Some anniversary gifts are noises,*,*,A,C,*,*,0.7142857143,NA,4066,Darii,0,0,0,0
7_42,7,N3-c-M2,42,1,bat,Homonymy,Darii,1,All bats hang upside down,Some sporting goods are bats,Some sporting goods hang upside down,*,*,*,*,*,*,0,NA,4878,Darii,0,0,0,0
7_43,7,N3-c-M2,43,1,match,Homonymy,Disamis,1,Some matches are competitive,All matches are tools,Some tools are competitive,*,*,A,C,80,*,0.5714285714,NA,4107,Disamis,0,0,0,0
7_44,7,N3-c-M2,44,1,mugs,Valid Filler,Datisi,1,All mugs are cups ,Some mugs are ceramics,Some ceramics are cups ,*,*,*,*,*,*,*,NA,4073,Datisi,1,1,0,0
7_45,7,N3-c-M2,45,1,widows,Valid Filler,Dimatis,1,Some mothers are widows ,All widows are women,Some women are mothers,*,*,*,*,*,*,*,NA,3573,Dimatis,1,1,0,0
7_46,7,N3-c-M2,46,0,board,Homonymy,Dimatis,1,Some advisory bodies are boards,All boards are rectangles,Some rectangles are advisory bodies,*,*,A,C,*,*,0.8571428571,NA,3925,Dimatis,0,1,0,0
7_47,7,N3-c-M2,47,0,suit,Homonymy,Disamis,1,Some suits have multiple defendants,All suits are dress attire,Some dress attire has multiple defendants,*,*,A,C,*,*,0.5714285714,NA,4955,Disamis,0,1,0,0
7_48,7,N3-c-M2,48,0,novel,Polysemy,Darii,1,All novels are bound,Some mysteries are novels,Some mysteries are bound,*,book-type,C,A,96.7,info,0,NA,4752,Darii,0,1,0,0
7_49,7,N3-c-M2,49,1,liars,Valid Filler,Dimatis,1,Some criminals are liars ,All liars are humans,Some humans are criminals ,*,*,*,*,*,*,*,NA,3692,Dimatis,1,1,0,0
7_50,7,N3-c-M2,50,1,change,Homonymy,Darii,1,All change is money,Some surprises are change,Some surprises are money,*,*,C,A,*,*,0,NA,4208,Darii,0,0,0,0
7_51,7,N3-c-M2,51,1,statues,Valid Filler,Datisi,1,All statues are sculptures,Some statues are bronzes,Some bronzes are sculptures,*,*,*,*,*,*,*,NA,6460,Datisi,1,1,0,0
7_52,7,N3-c-M2,52,1,rifles,Valid Filler,Disamis,1,Some rifles are for hunting,All rifles are guns ,Some guns are for hunting,*,*,*,*,*,*,*,NA,4136,Disamis,1,1,0,0
7_53,7,N3-c-M2,53,1,trucks,Valid Filler,Dimatis,1,Some cars are trucks ,All trucks are vehicles,Some vehicles are cars ,*,*,*,*,*,*,*,NA,4073,Dimatis,1,1,0,0
7_54,7,N3-c-M2,54,1,city,Polysemy,Datisi,1,All cities have laws,Some cities are earthquake zones,Some earthquake zones have laws,*,city-type,A,C,67.7,inst,0,NA,4807,Datisi,0,0,0,0
7_55,7,N3-c-M2,55,1,steaks,Invalid Filler,Disamis*,1,Some steaks are filet mignons,All ribeyes are steaks,Some ribeyes are filet mignons,*,*,*,*,*,*,*,NA,8067,Disamis,0,0,0,0
7_56,7,N3-c-M2,56,1,picnic,Polysemy,Datisi,1,All picnics happen in nature,Some picnics are salads,Some salads happen in nature,*,lunch-type,A,C,59.2,event,0.5714285714,NA,5661,Datisi,0,0,0,0
7_57,7,N3-c-M2,57,0,company,Polysemy,Dimatis,1,Some storefronts are companies,All companies are hierarchies,Some hierarchies are storefronts,*,city-type,C,A,83.8,inst,0.7142857143,NA,5309,Dimatis,0,1,0,0
7_58,7,N3-c-M2,58,1,school,Polysemy,Disamis,1,Some schools are brick,All schools are communities,Some communities are brick,*,city-type,C,A,45.1,inst,0.5714285714,NA,3855,Disamis,0,0,0,0
7_59,7,N3-c-M2,59,0,sausages,Invalid Filler,Datisi*,1,All hot dogs are sausages,Some sausages are salamis,Some hot dogs are salamis,*,*,*,*,*,*,*,NA,4775,Datisi,0,1,0,0
7_60,7,N3-c-M2,60,1,clowns,Valid Filler,Darii,1,All clowns can juggle ,Some circus performers are clowns ,Some circus performers can juggle,*,*,*,*,*,*,*,NA,4108,Darii,1,1,0,0
7_61,7,N3-c-M2,61,0,board,Homonymy,Dimatis,1,Some governing organizations are boards,All boards are wooden planks,Some wooden planks are governing organizations,*,*,A,C,*,*,1,NA,6509,Dimatis,0,1,0,0
7_62,7,N3-c-M2,62,0,novel,Polysemy,Darii,1,All novels are flammable,Some debuts are novels,Some debuts are flammable,*,book-type,C,A,96.7,info,1,NA,4143,Darii,0,1,0,0
7_63,7,N3-c-M2,63,1,breakfast,Polysemy,Darii,1,All breakfasts take place in the morning,Some sandwiches are breakfasts,Some sandwiches take place in the morning,*,lunch-type,A,C,87.1,event,0.4285714286,NA,4695,Darii,0,0,0,0
7_64,7,N3-c-M2,64,0,cabinet,Homonymy,Datisi,1,All cabinets advise the presidents,Some cabinets are Ikea products,Some ikea products advise the president,*,*,A,C,*,*,0.7142857143,NA,5893,Datisi,0,1,0,0
7_65,7,N3-c-M2,65,1,breakfast,Polysemy,Darii,1,All breakfasts are under three hours,Some smoothies are breakfasts,Some smoothies are under three hours,*,lunch-type,A,C,87.1,event,0.7142857143,NA,8297,Darii,0,0,0,0
7_66,7,N3-c-M2,66,0,star,Homonymy,Datisi,1,All stars are charismatic,Some stars are pulsars,Some pulsars are charismatic,*,*,*,*,*,*,0.7142857143,NA,5133,Datisi,0,1,0,0
7_67,7,N3-c-M2,67,0,mothers,Invalid Filler,Darii*,1,All grandmothers are mothers ,Some teens are mothers,Some grandmothers are teens,*,*,*,*,*,*,*,NA,4757,Darii,0,1,0,0
7_68,7,N3-c-M2,68,1,bat,Homonymy,Darii,1,All bats share a common ancestor,Some sporting goods are bats,Some sporting goods share a common ancestor,*,*,*,*,*,*,0.2857142857,NA,5271,Darii,0,0,0,0
7_69,7,N3-c-M2,69,0,rock ,Homonymy,Datisi,1,All rock is rhythmic,Some rock is granite,Some granite is rhythmic,*,*,A,C,100,*,0.8571428571,NA,5805,Datisi,0,1,0,0
7_70,7,N3-c-M2,70,1,funerals,Invalid Filler,Datisi*,1,All open-casket services are funerals,Some funerals are cremations,Some cremations are open-casket services,*,*,*,*,*,*,*,NA,5208,Datisi,0,0,0,0
7_71,7,N3-c-M2,71,0,change,Homonymy,Darii,1,All change is legal tender,Some political revolutions are change,Some political revolutions are legal tender,*,*,C,A,*,*,0.8571428571,NA,4765,Darii,0,1,0,0
7_72,7,N3-c-M2,72,0,dresses,Invalid Filler,Darii*,1,All ball gowns are dresses ,Some cocktail outfits are dresses,Some cocktail outfits are ball gowns,*,*,*,*,*,*,*,NA,7038,Darii,0,1,0,0
7_73,7,N3-c-M2,73,0,school,Polysemy,Disamis,1,Some schools are rectangular,All schools are employers,Some employers are rectangular,*,city-type,C,A,45.1,inst,0.5714285714,NA,4271,Disamis,0,1,0,0
7_74,7,N3-c-M2,74,1,ponies,Valid Filler,Datisi,1,All ponies neigh,Some ponies are colts,Some colts neigh,*,*,*,*,*,*,*,NA,4327,Datisi,1,1,0,0
7_75,7,N3-c-M2,75,0,star,Homonymy,Datisi,1,All stars are famous ,Some stars are red dwarfs,Some red dwarfs are famous,*,*,*,*,*,*,0,NA,7520,Datisi,0,1,0,0
7_76,7,N3-c-M2,76,1,suitcases,Valid Filler,Dimatis,1,Some bags are suitcases,All suitcases are pieces of luggage,Some pieces of luggage are bags,*,*,*,*,*,*,*,NA,4489,Dimatis,1,1,0,0
7_77,7,N3-c-M2,77,0,star,Homonymy,Datisi,1,All stars deal with paparazzi ,Some stars are red dwarfs,Some red dwarfs deal with paparazzi ,*,*,*,*,*,*,0,NA,5007,Datisi,0,1,0,0
7_78,7,N3-c-M2,78,0,magazines,Polysemy,Disamis,1,Some magazines are coffee-stained,All magazines are subscriptions,Some subscriptions are coffee-stained,*,book-type,C,A,68.9,info,0.2857142857,NA,4476,Disamis,0,1,0,0
7_79,7,N3-c-M2,79,1,company,Polysemy,Dimatis,1,Some office buildings are companies,All companies are legal entities,Some legal entities are office buildings ,*,city-type,C,A,83.8,inst,0.5714285714,NA,7839,Dimatis,0,0,0,0
7_80,7,N3-c-M2,80,1,board,Homonymy,Dimatis,1,Some groups are boards,All boards are materials,Some materials are groups,*,*,A,C,*,*,0.5,NA,7325,Dimatis,0,0,0,0
7_81,7,N3-c-M2,81,1,letter,Polysemy,Datisi,1,All letters have stamps,Some letters are rejections,Some rejections have stamps,*,book-type,C,A,78.5,info,0,NA,3813,Datisi,0,0,0,0
7_82,7,N3-c-M2,82,0,ball,Homonymy,Dimatis,1,Some dances are balls,All balls are spheres,Some spheres are dances,*,*,A,C,*,*,0.7142857143,NA,6148,Dimatis,0,1,0,0
7_83,7,N3-c-M2,83,0,match,Homonymy,Disamis,1,Some matches are championships,All matches are fire starters,Some fire starters are championships,*,*,A,C,80,*,0.7142857143,NA,5230,Disamis,0,1,0,0
7_84,7,N3-c-M2,84,0,change,Homonymy,Darii,1,All change jingles,Some social movements are change,Some social movements jingle,*,*,C,A,*,*,0.5714285714,NA,4793,Darii,0,1,0,0
7_85,7,N3-c-M2,85,1,doughnuts,Valid Filler,Darii,1,All doughnuts are sugary ,Some pastries are doughnuts ,Some pastries are sugary,*,*,*,*,*,*,*,NA,3945,Darii,1,1,0,0
7_86,7,N3-c-M2,86,0,magazines,Polysemy,Disamis,1,Some magazines are glossy,All magazines are collaborations,Some collaborations are glossy,*,book-type,C,A,68.9,info,0.5714285714,NA,4192,Disamis,0,1,0,0
7_87,7,N3-c-M2,87,1,dolls,Valid Filler,Darii,1,All dolls are man made,Some toys are dolls ,Some toys are man made,*,*,*,*,*,*,*,NA,3667,Darii,1,1,0,0
7_88,7,N3-c-M2,88,1,swords,Valid Filler,Disamis,1,Some swords are decorative,All swords are weapons ,Some weapons are decorative ,*,*,*,*,*,*,*,NA,4697,Disamis,1,1,0,0
8_1,8,N3-c-M2,1,1,novel,Polysemy,Darii,2,All novels are printed,Some ideas are novels,Some ideas are printed,*,book-type,C,A,96.7,info,0.1428571429,NA,3791,Darii,0,0,0,0
8_2,8,N3-c-M2,2,1,breakfast,Polysemy,Darii,2,All breakfasts are under three hours,Some smoothies are breakfasts,Some smoothies are under three hours,*,lunch-type,A,C,87.1,event,0.7142857143,NA,4184,Darii,0,0,0,0
8_3,8,N3-c-M2,3,0,shapes,Invalid Filler,Disamis*,2,Some shapes are triangles,All squares are shapes,Some squares are triangles,*,*,*,*,*,*,*,NA,3398,Disamis,0,1,0,0
8_4,8,N3-c-M2,4,0,ball,Homonymy,Dimatis,2,Some dances are balls,All balls are circles,Some circles are dances,*,*,A,C,*,*,0.1666666667,NA,4993,Dimatis,0,1,0,0
8_5,8,N3-c-M2,5,0,ponies,Valid Filler,Datisi,2,All ponies neigh,Some ponies are colts,Some colts neigh,*,*,*,*,*,*,*,NA,5607,Datisi,1,0,0,0
8_6,8,N3-c-M2,6,1,change,Homonymy,Darii,2,All change is legal tender,Some political revolutions are change,Some political revolutions are legal tender,*,*,C,A,*,*,0.8571428571,NA,20839,Darii,0,0,0,0
8_7,8,N3-c-M2,7,1,mugs,Valid Filler,Datisi,2,All mugs are cups ,Some mugs are ceramics,Some ceramics are cups ,*,*,*,*,*,*,*,NA,3867,Datisi,1,1,0,0
8_8,8,N3-c-M2,8,1,star,Homonymy,Datisi,2,All stars are charismatic,Some stars are pulsars,Some pulsars are charismatic,*,*,*,*,*,*,0.7142857143,NA,9788,Datisi,0,0,0,0
8_9,8,N3-c-M2,9,0,mothers,Invalid Filler,Darii*,2,All grandmothers are mothers ,Some teens are mothers,Some grandmothers are teens,*,*,*,*,*,*,*,NA,4352,Darii,0,1,0,0
8_10,8,N3-c-M2,10,0,ring,Homonymy,Darii,2,All rings are sounds,Some accessories are rings,Some accessories are sounds,*,*,A,C,*,*,0.7142857143,NA,4016,Darii,0,1,0,0
8_11,8,N3-c-M2,11,1,grapes,Valid Filler,Disamis,2,Some grapes are red ,All grapes are fruits ,Some fruits are red ,*,*,*,*,*,*,*,NA,3580,Disamis,1,1,0,0
8_12,8,N3-c-M2,12,1,board,Homonymy,Dimatis,2,Some groups are boards,All boards are materials,Some materials are groups,*,*,A,C,*,*,0.5,NA,4579,Dimatis,0,0,0,0
8_13,8,N3-c-M2,13,0,toilets,Invalid Filler,Disamis*,2,Some toilets are coed,All urinals are toilets,Some urinals are coed,*,*,*,*,*,*,*,NA,5422,Disamis,0,1,0,0
8_14,8,N3-c-M2,14,1,suit,Homonymy,Disamis,2,Some suits are settled out of court,All suits are formal outfits,Some formal outfits are settled out of court,*,*,A,C,*,*,0.7142857143,NA,8277,Disamis,0,0,0,0
8_15,8,N3-c-M2,15,0,novel,Polysemy,Darii,2,All novels are flammable,Some debuts are novels,Some debuts are flammable,*,book-type,C,A,96.7,info,1,NA,87890,Darii,0,1,0,0
8_16,8,N3-c-M2,16,1,match,Homonymy,Disamis,2,Some matches are shown on TV,All matches are fire starters,Some fire starters are shown on TV,*,*,A,C,*,*,0,NA,3439,Disamis,0,0,0,0
8_17,8,N3-c-M2,17,1,novel,Polysemy,Darii,2,All novels are bound,Some mysteries are novels,Some mysteries are bound,*,book-type,C,A,96.7,info,0,NA,4062,Darii,0,0,0,0
8_18,8,N3-c-M2,18,1,book,Polysemy,Dimatis,2,Some purchases are books,All books are creative endeavours,Some creative endeavours are purchases,*,book-type,C,A,64.5,info,0.1428571429,NA,81593,Dimatis,0,0,0,0
8_19,8,N3-c-M2,19,1,widows,Valid Filler,Dimatis,2,Some mothers are widows ,All widows are women,Some women are mothers,*,*,*,*,*,*,*,NA,3697,Dimatis,1,1,0,0
8_20,8,N3-c-M2,20,1,dolls,Valid Filler,Darii,2,All dolls are man made,Some toys are dolls ,Some toys are man made,*,*,*,*,*,*,*,NA,6005,Darii,1,1,0,0
8_21,8,N3-c-M2,21,0,rock ,Homonymy,Datisi,2,All rock is rhythmic,Some rock is granite,Some granite is rhythmic,*,*,A,C,100,*,0.8571428571,NA,6093,Datisi,0,1,0,0
8_22,8,N3-c-M2,22,-99,change,Homonymy,Darii,2,All change is money,Some surprises are change,Some surprises are money,*,*,C,A,*,*,0,NA,120005,Darii,0,0,0,1
8_23,8,N3-c-M2,23,-99,match,Homonymy,Disamis,2,Some matches are competitive,All matches are tools,Some tools are competitive,*,*,A,C,80,*,0.5714285714,NA,120002,Disamis,0,0,0,1
8_24,8,N3-c-M2,24,-99,book,Polysemy,Dimatis,2,Some doorstops are books,All books are intellectual property,Some intellectual property is a doorstop,*,book-type,C,A,64.5,info,0.5714285714,NA,120002,Dimatis,0,0,0,1
8_25,8,N3-c-M2,25,0,antiques,Invalid Filler,Darii*,2,All medieval manuscripts are antiques ,Some pieces of jewelry are antiques ,Some pieces of jewelry are medieval manuscripts,*,*,*,*,*,*,*,NA,71793,Darii,0,1,0,0
8_26,8,N3-c-M2,26,1,burgers,Valid Filler,Disamis,2,Some burgers are overcooked ,All burgers are sandwiches,Some sandwiches are overcooked ,*,*,*,*,*,*,*,NA,41854,Disamis,1,1,0,0
8_27,8,N3-c-M2,27,0,cabinet,Homonymy,Datisi,2,All cabinets are political appointments,Some cabinets are antique furniture,Some antique furniture are political appointments,*,*,A,C,*,*,0.8571428571,NA,3870,Datisi,0,1,0,0
8_28,8,N3-c-M2,28,0,peppers,Invalid Filler,Dimatis*,2,Some yellow vegetables are peppers ,All jalapenos are peppers,Some jalapenos are yellow vegetables,*,*,*,*,*,*,*,NA,18136,Dimatis,0,1,0,0
8_29,8,N3-c-M2,29,0,ball,Homonymy,Dimatis,2,Some dances are balls,All balls are spheres,Some spheres are dances,*,*,A,C,*,*,0.7142857143,NA,5057,Dimatis,0,1,0,0
8_30,8,N3-c-M2,30,0,actors,Invalid Filler,Datisi*,2,All male leads are actors,Some actors are women,Some women are male leads,*,*,*,*,*,*,*,NA,5312,Datisi,0,1,0,0
8_31,8,N3-c-M2,31,1,letter,Polysemy,Datisi,2,All letters are paper,Some letters are professions of love,Some professions of love are paper,*,book-type,C,A,78.5,info,0.4285714286,NA,4299,Datisi,0,0,0,0
8_32,8,N3-c-M2,32,0,ball,Homonymy,Dimatis,2,Some parties are balls,All balls are toys,Some toys are parties,*,*,A,C,*,*,0.7142857143,NA,3227,Dimatis,0,1,0,0
8_33,8,N3-c-M2,33,0,ring,Homonymy,Darii,2,All rings are noises,Some anniversary gifts are rings,Some anniversary gifts are noises,*,*,A,C,*,*,0.7142857143,NA,3323,Darii,0,1,0,0
8_34,8,N3-c-M2,34,1,city,Polysemy,Datisi,2,All cities are bureaucracies,Some cities are graffitied ,Some bureaucracies are graffitied,*,city-type,A,C,67.7,inst,0.2857142857,NA,5049,Datisi,0,0,0,0
8_35,8,N3-c-M2,35,0,board,Homonymy,Dimatis,2,Some advisory bodies are boards,All boards are rectangles,Some rectangles are advisory bodies,*,*,A,C,*,*,0.8571428571,NA,7288,Dimatis,0,1,0,0
8_36,8,N3-c-M2,36,1,rifles,Valid Filler,Disamis,2,Some rifles are for hunting,All rifles are guns ,Some guns are for hunting,*,*,*,*,*,*,*,NA,3490,Disamis,1,1,0,0
8_37,8,N3-c-M2,37,0,ruler,Homonymy,Disamis,2,Some rulers are monarchs,All rulers are measuring devices,Some measuring devices are monarchs,*,*,*,*,*,*,0.7142857143,NA,4508,Disamis,0,1,0,0
8_38,8,N3-c-M2,38,0,stones,Invalid Filler,Datisi*,2,All pebbles are stones,Some stones are boulders,Some boulders are pebbles,*,*,*,*,*,*,*,NA,3339,Datisi,0,1,0,0
8_39,8,N3-c-M2,39,1,dresses,Invalid Filler,Darii*,2,All ball gowns are dresses ,Some cocktail outfits are dresses,Some cocktail outfits are ball gowns,*,*,*,*,*,*,*,NA,7978,Darii,0,0,0,0
8_40,8,N3-c-M2,40,0,wave,Homonymy,Dimatis,2,Some greetings are waves,Some waves are tsunamis,Some tsunamis are greetings,*,*,A,C,100,*,0.7142857143,NA,3109,Dimatis,0,1,0,0
8_41,8,N3-c-M2,41,1,suitcases,Valid Filler,Dimatis,2,Some bags are suitcases,All suitcases are pieces of luggage,Some pieces of luggage are bags,*,*,*,*,*,*,*,NA,2962,Dimatis,1,1,0,0
8_42,8,N3-c-M2,42,0,bat,Homonymy,Darii,2,All bats share a common ancestor,Some sporting goods are bats,Some sporting goods share a common ancestor,*,*,*,*,*,*,0.2857142857,NA,5916,Darii,0,1,0,0
8_43,8,N3-c-M2,43,1,city,Polysemy,Datisi,2,All cities have laws,Some cities are earthquake zones,Some earthquake zones have laws,*,city-type,A,C,67.7,inst,0,NA,4726,Datisi,0,0,0,0
8_44,8,N3-c-M2,44,0,picnic,Polysemy,Datisi,2,All picnics happen in nature,Some picnics are salads,Some salads happen in nature,*,lunch-type,A,C,59.2,event,0.5714285714,NA,5850,Datisi,0,1,0,0
8_45,8,N3-c-M2,45,0,rock,Homonymy,Datisi,2,All rock has guitars,Some rock is marble,Some marble has guitars,*,*,A,C,100,*,0.8571428571,NA,10557,Datisi,0,1,0,0
8_46,8,N3-c-M2,46,1,doughnuts,Valid Filler,Darii,2,All doughnuts are sugary ,Some pastries are doughnuts ,Some pastries are sugary,*,*,*,*,*,*,*,NA,4236,Darii,1,1,0,0
8_47,8,N3-c-M2,47,1,trucks,Valid Filler,Dimatis,2,Some cars are trucks ,All trucks are vehicles,Some vehicles are cars ,*,*,*,*,*,*,*,NA,79942,Dimatis,1,1,0,0
8_48,8,N3-c-M2,48,1,swords,Valid Filler,Disamis,2,Some swords are decorative,All swords are weapons ,Some weapons are decorative ,*,*,*,*,*,*,*,NA,19623,Disamis,1,1,0,0
8_49,8,N3-c-M2,49,0,steaks,Invalid Filler,Disamis*,2,Some steaks are filet mignons,All ribeyes are steaks,Some ribeyes are filet mignons,*,*,*,*,*,*,*,NA,8669,Disamis,0,1,0,0
8_50,8,N3-c-M2,50,1,dinner,Polysemy,Disamis,2,Some dinners last an hour,All dinners are sources of nutrition,Some sources of nutrition last an hour,*,lunch-type,A,C,90,event,0.1428571429,NA,7010,Disamis,0,0,0,0
8_51,8,N3-c-M2,51,0,company,Polysemy,Dimatis,2,Some storefronts are companies,All companies are hierarchies,Some hierarchies are storefronts,*,city-type,C,A,83.8,inst,0.7142857143,NA,3158,Dimatis,0,1,0,0
8_52,8,N3-c-M2,52,1,bat,Homonymy,Darii,2,All bats hang upside down,Some sporting goods are bats,Some sporting goods hang upside down,*,*,*,*,*,*,0,NA,3574,Darii,0,0,0,0
8_53,8,N3-c-M2,53,1,poets,Valid Filler,Datisi,2,All poets are writers ,Some poets are teachers,Some teachers are writers,*,*,*,*,*,*,*,NA,3275,Datisi,1,1,0,0
8_54,8,N3-c-M2,54,1,colors,Invalid Filler,Disamis*,2,Some colors are primary ,All shades of purple are colors ,Some shades of purple are primary,*,*,*,*,*,*,*,NA,10451,Disamis,0,0,0,0
8_55,8,N3-c-M2,55,0,magazines,Polysemy,Disamis,2,Some magazines are glossy,All magazines are collaborations,Some collaborations are glossy,*,book-type,C,A,68.9,info,0.5714285714,NA,39061,Disamis,0,1,0,0
8_56,8,N3-c-M2,56,-99,magazines,Polysemy,Disamis,2,Some magazines are coffee-stained,All magazines are subscriptions,Some subscriptions are coffee-stained,*,book-type,C,A,68.9,info,0.2857142857,NA,120003,Disamis,0,0,0,1
8_57,8,N3-c-M2,57,0,thieves,Invalid Filler,Dimatis*,2,Some children are thieves,All mob bosses are thieves,Some mob bosses are children,*,*,*,*,*,*,*,NA,4134,Dimatis,0,1,0,0
8_58,8,N3-c-M2,58,1,lunch,Polysemy,Dimatis,2,Some breaks are lunches,All lunches are entrées,Some entrées are breaks,*,lunch-type,A,C,96.6,event,0.7142857143,NA,3481,Dimatis,0,0,0,0
8_59,8,N3-c-M2,59,0,lunch,Polysemy,Dimatis,2,lunch-type,All lunches are menu items,Some menu items are meetings,*,lunch-type,A,C,96.6,event,1,NA,3122,Dimatis,0,1,0,0
8_60,8,N3-c-M2,60,0,dances,Invalid Filler,Darii*,2,All polkas are dances ,Some mating rituals are dances ,Some mating rituals are polkas ,*,*,*,*,*,*,*,NA,3255,Darii,0,1,0,0
8_61,8,N3-c-M2,61,1,breakfast,Polysemy,Darii,2,All breakfasts take place in the morning,Some sandwiches are breakfasts,Some sandwiches take place in the morning,*,lunch-type,A,C,87.1,event,0.4285714286,NA,5500,Darii,0,0,0,0
8_62,8,N3-c-M2,62,0,star,Homonymy,Datisi,2,All stars deal with paparazzi ,Some stars are red dwarfs,Some red dwarfs deal with paparazzi ,*,*,*,*,*,*,0,NA,4688,Datisi,0,1,0,0
8_63,8,N3-c-M2,63,0,cabinet,Homonymy,Datisi,2,All cabinets are selected by leaders,Some cabinets are cupboards,Some cupboards are selected by leaders,*,*,A,C,*,*,0.3333333333,NA,4299,Datisi,0,1,0,0
8_64,8,N3-c-M2,64,0,school,Polysemy,Disamis,2,Some schools are rectangular,All schools are employers,Some employers are rectangular,*,city-type,C,A,45.1,inst,0.5714285714,NA,4663,Disamis,0,1,0,0
8_65,8,N3-c-M2,65,0,change,Homonymy,Darii,2,All change jingles,Some social movements are change,Some social movements jingle,*,*,C,A,*,*,0.5714285714,NA,36027,Darii,0,1,0,0
8_66,8,N3-c-M2,66,1,picnic,Polysemy,Datisi,2,All picnics are leisurely,Some picnics are charcuterie,Some charcuterie is leisurely,*,lunch-type,A,C,59.2,event,0.7142857143,NA,5528,Datisi,0,0,0,0
8_67,8,N3-c-M2,67,0,wave,Homonymy,Dimatis,2,Some gestures are waves,Some waves are ripples,Some ripples are gestures,*,*,A,C,100,*,0.4285714286,NA,5962,Dimatis,0,1,0,0
8_68,8,N3-c-M2,68,0,board,Homonymy,Dimatis,2,Some governing organizations are boards,All boards are wooden planks,Some wooden planks are governing organizations,*,*,A,C,*,*,1,NA,13958,Dimatis,0,1,0,0
8_69,8,N3-c-M2,69,0,cabinet,Homonymy,Datisi,2,All cabinets advise the presidents,Some cabinets are Ikea products,Some ikea products advise the president,*,*,A,C,*,*,0.7142857143,NA,4021,Datisi,0,1,0,0
8_70,8,N3-c-M2,70,1,clowns,Valid Filler,Darii,2,All clowns can juggle ,Some circus performers are clowns ,Some circus performers can juggle,*,*,*,*,*,*,*,NA,4197,Darii,1,1,0,0
8_71,8,N3-c-M2,71,1,liars,Valid Filler,Dimatis,2,Some criminals are liars ,All liars are humans,Some humans are criminals ,*,*,*,*,*,*,*,NA,44729,Dimatis,1,1,0,0
8_72,8,N3-c-M2,72,1,statues,Valid Filler,Datisi,2,All statues are sculptures,Some statues are bronzes,Some bronzes are sculptures,*,*,*,*,*,*,*,NA,12341,Datisi,1,1,0,0
8_73,8,N3-c-M2,73,0,college,Polysemy,Darii,2,All colleges have spirit,Some colleges are national landmarks,Some national landmarks have spirit,*,city-type,A,C,56.6,inst,0.1428571429,NA,13192,Darii,0,1,0,0
8_74,8,N3-c-M2,74,1,school,Polysemy,Disamis,2,Some schools are brick,All schools are communities,Some communities are brick,*,city-type,C,A,45.1,inst,0.5714285714,NA,2807,Disamis,0,0,0,0
8_75,8,N3-c-M2,75,0,bat,Homonymy,Darii,2,All bats are mammals,Some weapons are bats,Some weapons are mammals,*,*,*,*,*,*,0.4285714286,NA,2902,Darii,0,1,0,0
8_76,8,N3-c-M2,76,1,company,Polysemy,Dimatis,2,Some office buildings are companies,All companies are legal entities,Some legal entities are office buildings ,*,city-type,C,A,83.8,inst,0.5714285714,NA,2963,Dimatis,0,0,0,0
8_77,8,N3-c-M2,77,0,suit,Homonymy,Disamis,2,Some suits have multiple defendants,All suits are dress attire,Some dress attire has multiple defendants,*,*,A,C,*,*,0.5714285714,NA,10273,Disamis,0,1,0,0
8_78,8,N3-c-M2,78,1,star,Homonymy,Datisi,2,All stars are famous ,Some stars are red dwarfs,Some red dwarfs are famous,*,*,*,*,*,*,0,NA,3180,Datisi,0,0,0,0
8_79,8,N3-c-M2,79,1,singers,Valid Filler,Darii,2,All singers have an ideal vocal range ,Some guitarists are singers,Some guitarists have an ideal vocal range,*,*,*,*,*,*,*,NA,3085,Darii,1,1,0,0
8_80,8,N3-c-M2,80,1,letter,Polysemy,Datisi,2,All letters have stamps,Some letters are rejections,Some rejections have stamps,*,book-type,C,A,78.5,info,0,NA,4594,Datisi,0,0,0,0
8_81,8,N3-c-M2,81,0,funerals,Invalid Filler,Datisi*,2,All open-casket services are funerals,Some funerals are cremations,Some cremations are open-casket services,*,*,*,*,*,*,*,NA,6429,Datisi,0,1,0,0
8_82,8,N3-c-M2,82,0,injuries,Invalid Filler,Dimatis*,2,Some sunburns are injuries,All cases of frostbite are injuries,Some cases of frostbite are sunburns,*,*,*,*,*,*,*,NA,7259,Dimatis,0,1,0,0
8_83,8,N3-c-M2,83,1,college,Polysemy,Darii,2,All colleges grant degrees,Some colleges are historic buildings,Some historic buildings grant degrees,*,city-type,A,C,56.6,inst,0.2857142857,NA,4306,Darii,0,0,0,0
8_84,8,N3-c-M2,84,0,sausages,Invalid Filler,Datisi*,2,All hot dogs are sausages,Some sausages are salamis,Some hot dogs are salamis,*,*,*,*,*,*,*,NA,3554,Datisi,0,1,0,0
8_85,8,N3-c-M2,85,0,dinner,Polysemy,Disamis,2,Some dinners are black tie,All dinners are foods,Some foods are black tie,*,lunch-type,A,C,90,event,0.5714285714,NA,9065,Disamis,0,1,0,0
8_86,8,N3-c-M2,86,0,ruler,Homonymy,Disamis,2,Some rulers are kings,All rulers are standard lengths,Some standard lengths are kings,*,*,*,*,*,*,0.8571428571,NA,41675,Disamis,0,1,0,0
8_87,8,N3-c-M2,87,0,match,Homonymy,Disamis,2,Some matches are championships,All matches are fire starters,Some fire starters are championships,*,*,A,C,80,*,0.7142857143,NA,3407,Disamis,0,1,0,0
8_88,8,N3-c-M2,88,1,spices,Invalid Filler,Dimatis*,2,Some dried roots are spices ,All mustard seeds are spices ,Some mustard seeds are dried roots,*,*,*,*,*,*,*,NA,6565,Dimatis,0,0,0,0
9_1,9,N3-c-M2,1,1,novel,Polysemy,Darii,2,All novels are printed,Some ideas are novels,Some ideas are printed,*,book-type,C,A,96.7,info,0.1428571429,NA,4047,Darii,0,0,0,0
9_2,9,N3-c-M2,2,0,breakfast,Polysemy,Darii,2,All breakfasts are under three hours,Some smoothies are breakfasts,Some smoothies are under three hours,*,lunch-type,A,C,87.1,event,0.7142857143,NA,2435,Darii,0,1,0,0
9_3,9,N3-c-M2,3,0,shapes,Invalid Filler,Disamis*,2,Some shapes are triangles,All squares are shapes,Some squares are triangles,*,*,*,*,*,*,*,NA,3263,Disamis,0,1,0,0
9_4,9,N3-c-M2,4,0,ball,Homonymy,Dimatis,2,Some dances are balls,All balls are circles,Some circles are dances,*,*,A,C,*,*,0.1666666667,NA,1982,Dimatis,0,1,0,0
9_5,9,N3-c-M2,5,1,ponies,Valid Filler,Datisi,2,All ponies neigh,Some ponies are colts,Some colts neigh,*,*,*,*,*,*,*,NA,3115,Datisi,1,1,0,0
9_6,9,N3-c-M2,6,0,change,Homonymy,Darii,2,All change is legal tender,Some political revolutions are change,Some political revolutions are legal tender,*,*,C,A,*,*,0.8571428571,NA,3130,Darii,0,1,0,0
9_7,9,N3-c-M2,7,1,mugs,Valid Filler,Datisi,2,All mugs are cups ,Some mugs are ceramics,Some ceramics are cups ,*,*,*,*,*,*,*,NA,2084,Datisi,1,1,0,0
9_8,9,N3-c-M2,8,1,star,Homonymy,Datisi,2,All stars are charismatic,Some stars are pulsars,Some pulsars are charismatic,*,*,*,*,*,*,0.7142857143,NA,1914,Datisi,0,0,0,0
9_9,9,N3-c-M2,9,1,mothers,Invalid Filler,Darii*,2,All grandmothers are mothers ,Some teens are mothers,Some grandmothers are teens,*,*,*,*,*,*,*,NA,3065,Darii,0,0,0,0
9_10,9,N3-c-M2,10,0,ring,Homonymy,Darii,2,All rings are sounds,Some accessories are rings,Some accessories are sounds,*,*,A,C,*,*,0.7142857143,NA,1566,Darii,0,1,0,0
9_11,9,N3-c-M2,11,1,grapes,Valid Filler,Disamis,2,Some grapes are red ,All grapes are fruits ,Some fruits are red ,*,*,*,*,*,*,*,NA,2732,Disamis,1,1,0,0
9_12,9,N3-c-M2,12,1,board,Homonymy,Dimatis,2,Some groups are boards,All boards are materials,Some materials are groups,*,*,A,C,*,*,0.5,NA,3599,Dimatis,0,0,0,0
9_13,9,N3-c-M2,13,0,toilets,Invalid Filler,Disamis*,2,Some toilets are coed,All urinals are toilets,Some urinals are coed,*,*,*,*,*,*,*,NA,2231,Disamis,0,1,0,0
9_14,9,N3-c-M2,14,0,suit,Homonymy,Disamis,2,Some suits are settled out of court,All suits are formal outfits,Some formal outfits are settled out of court,*,*,A,C,*,*,0.7142857143,NA,1951,Disamis,0,1,0,0
9_15,9,N3-c-M2,15,1,novel,Polysemy,Darii,2,All novels are flammable,Some debuts are novels,Some debuts are flammable,*,book-type,C,A,96.7,info,1,NA,2398,Darii,0,0,0,0
9_16,9,N3-c-M2,16,1,match,Homonymy,Disamis,2,Some matches are shown on TV,All matches are fire starters,Some fire starters are shown on TV,*,*,A,C,*,*,0,NA,2182,Disamis,0,0,0,0
9_17,9,N3-c-M2,17,1,novel,Polysemy,Darii,2,All novels are bound,Some mysteries are novels,Some mysteries are bound,*,book-type,C,A,96.7,info,0,NA,2748,Darii,0,0,0,0
9_18,9,N3-c-M2,18,1,book,Polysemy,Dimatis,2,Some purchases are books,All books are creative endeavours,Some creative endeavours are purchases,*,book-type,C,A,64.5,info,0.1428571429,NA,2082,Dimatis,0,0,0,0
9_19,9,N3-c-M2,19,1,widows,Valid Filler,Dimatis,2,Some mothers are widows ,All widows are women,Some women are mothers,*,*,*,*,*,*,*,NA,2413,Dimatis,1,1,0,0
9_20,9,N3-c-M2,20,1,dolls,Valid Filler,Darii,2,All dolls are man made,Some toys are dolls ,Some toys are man made,*,*,*,*,*,*,*,NA,1886,Darii,1,1,0,0
9_21,9,N3-c-M2,21,0,rock ,Homonymy,Datisi,2,All rock is rhythmic,Some rock is granite,Some granite is rhythmic,*,*,A,C,100,*,0.8571428571,NA,2599,Datisi,0,1,0,0
9_22,9,N3-c-M2,22,1,change,Homonymy,Darii,2,All change is money,Some surprises are change,Some surprises are money,*,*,C,A,*,*,0,NA,2548,Darii,0,0,0,0
9_23,9,N3-c-M2,23,1,match,Homonymy,Disamis,2,Some matches are competitive,All matches are tools,Some tools are competitive,*,*,A,C,80,*,0.5714285714,NA,1499,Disamis,0,0,0,0
9_24,9,N3-c-M2,24,0,book,Polysemy,Dimatis,2,Some doorstops are books,All books are intellectual property,Some intellectual property is a doorstop,*,book-type,C,A,64.5,info,0.5714285714,NA,3848,Dimatis,0,1,0,0
9_25,9,N3-c-M2,25,1,antiques,Invalid Filler,Darii*,2,All medieval manuscripts are antiques ,Some pieces of jewelry are antiques ,Some pieces of jewelry are medieval manuscripts,*,*,*,*,*,*,*,NA,2701,Darii,0,0,0,0
9_26,9,N3-c-M2,26,1,burgers,Valid Filler,Disamis,2,Some burgers are overcooked ,All burgers are sandwiches,Some sandwiches are overcooked ,*,*,*,*,*,*,*,NA,4049,Disamis,1,1,0,0
9_27,9,N3-c-M2,27,1,cabinet,Homonymy,Datisi,2,All cabinets are political appointments,Some cabinets are antique furniture,Some antique furniture are political appointments,*,*,A,C,*,*,0.8571428571,NA,2048,Datisi,0,0,0,0
9_28,9,N3-c-M2,28,1,peppers,Invalid Filler,Dimatis*,2,Some yellow vegetables are peppers ,All jalapenos are peppers,Some jalapenos are yellow vegetables,*,*,*,*,*,*,*,NA,1948,Dimatis,0,0,0,0
9_29,9,N3-c-M2,29,0,ball,Homonymy,Dimatis,2,Some dances are balls,All balls are spheres,Some spheres are dances,*,*,A,C,*,*,0.7142857143,NA,2983,Dimatis,0,1,0,0
9_30,9,N3-c-M2,30,0,actors,Invalid Filler,Datisi*,2,All male leads are actors,Some actors are women,Some women are male leads,*,*,*,*,*,*,*,NA,1681,Datisi,0,1,0,0
9_31,9,N3-c-M2,31,1,letter,Polysemy,Datisi,2,All letters are paper,Some letters are professions of love,Some professions of love are paper,*,book-type,C,A,78.5,info,0.4285714286,NA,1882,Datisi,0,0,0,0
9_32,9,N3-c-M2,32,1,ball,Homonymy,Dimatis,2,Some parties are balls,All balls are toys,Some toys are parties,*,*,A,C,*,*,0.7142857143,NA,1397,Dimatis,0,0,0,0
9_33,9,N3-c-M2,33,1,ring,Homonymy,Darii,2,All rings are noises,Some anniversary gifts are rings,Some anniversary gifts are noises,*,*,A,C,*,*,0.7142857143,NA,1415,Darii,0,0,0,0
9_34,9,N3-c-M2,34,1,city,Polysemy,Datisi,2,All cities are bureaucracies,Some cities are graffitied ,Some bureaucracies are graffitied,*,city-type,A,C,67.7,inst,0.2857142857,NA,1234,Datisi,0,0,0,0
9_35,9,N3-c-M2,35,1,board,Homonymy,Dimatis,2,Some advisory bodies are boards,All boards are rectangles,Some rectangles are advisory bodies,*,*,A,C,*,*,0.8571428571,NA,1165,Dimatis,0,0,0,0
9_36,9,N3-c-M2,36,1,rifles,Valid Filler,Disamis,2,Some rifles are for hunting,All rifles are guns ,Some guns are for hunting,*,*,*,*,*,*,*,NA,1299,Disamis,1,1,0,0
9_37,9,N3-c-M2,37,1,ruler,Homonymy,Disamis,2,Some rulers are monarchs,All rulers are measuring devices,Some measuring devices are monarchs,*,*,*,*,*,*,0.7142857143,NA,1831,Disamis,0,0,0,0
9_38,9,N3-c-M2,38,1,stones,Invalid Filler,Datisi*,2,All pebbles are stones,Some stones are boulders,Some boulders are pebbles,*,*,*,*,*,*,*,NA,1381,Datisi,0,0,0,0
9_39,9,N3-c-M2,39,1,dresses,Invalid Filler,Darii*,2,All ball gowns are dresses ,Some cocktail outfits are dresses,Some cocktail outfits are ball gowns,*,*,*,*,*,*,*,NA,1285,Darii,0,0,0,0
9_40,9,N3-c-M2,40,1,wave,Homonymy,Dimatis,2,Some greetings are waves,Some waves are tsunamis,Some tsunamis are greetings,*,*,A,C,100,*,0.7142857143,NA,2282,Dimatis,0,0,0,0
9_41,9,N3-c-M2,41,1,suitcases,Valid Filler,Dimatis,2,Some bags are suitcases,All suitcases are pieces of luggage,Some pieces of luggage are bags,*,*,*,*,*,*,*,NA,1181,Dimatis,1,1,0,0
9_42,9,N3-c-M2,42,1,bat,Homonymy,Darii,2,All bats share a common ancestor,Some sporting goods are bats,Some sporting goods share a common ancestor,*,*,*,*,*,*,0.2857142857,NA,1232,Darii,0,0,0,0
9_43,9,N3-c-M2,43,1,city,Polysemy,Datisi,2,All cities have laws,Some cities are earthquake zones,Some earthquake zones have laws,*,city-type,A,C,67.7,inst,0,NA,1031,Datisi,0,0,0,0
9_44,9,N3-c-M2,44,1,picnic,Polysemy,Datisi,2,All picnics happen in nature,Some picnics are salads,Some salads happen in nature,*,lunch-type,A,C,59.2,event,0.5714285714,NA,1134,Datisi,0,0,0,0
9_45,9,N3-c-M2,45,1,rock,Homonymy,Datisi,2,All rock has guitars,Some rock is marble,Some marble has guitars,*,*,A,C,100,*,0.8571428571,NA,2080,Datisi,0,0,0,0
9_46,9,N3-c-M2,46,0,doughnuts,Valid Filler,Darii,2,All doughnuts are sugary ,Some pastries are doughnuts ,Some pastries are sugary,*,*,*,*,*,*,*,NA,1100,Darii,1,0,0,0
9_47,9,N3-c-M2,47,0,trucks,Valid Filler,Dimatis,2,Some cars are trucks ,All trucks are vehicles,Some vehicles are cars ,*,*,*,*,*,*,*,NA,1066,Dimatis,1,0,0,0
9_48,9,N3-c-M2,48,0,swords,Valid Filler,Disamis,2,Some swords are decorative,All swords are weapons ,Some weapons are decorative ,*,*,*,*,*,*,*,NA,1066,Disamis,1,0,0,0
9_49,9,N3-c-M2,49,1,steaks,Invalid Filler,Disamis*,2,Some steaks are filet mignons,All ribeyes are steaks,Some ribeyes are filet mignons,*,*,*,*,*,*,*,NA,1449,Disamis,0,0,0,0
9_50,9,N3-c-M2,50,1,dinner,Polysemy,Disamis,2,Some dinners last an hour,All dinners are sources of nutrition,Some sources of nutrition last an hour,*,lunch-type,A,C,90,event,0.1428571429,NA,3264,Disamis,0,0,0,0
9_51,9,N3-c-M2,51,1,company,Polysemy,Dimatis,2,Some storefronts are companies,All companies are hierarchies,Some hierarchies are storefronts,*,city-type,C,A,83.8,inst,0.7142857143,NA,1133,Dimatis,0,0,0,0
9_52,9,N3-c-M2,52,1,bat,Homonymy,Darii,2,All bats hang upside down,Some sporting goods are bats,Some sporting goods hang upside down,*,*,*,*,*,*,0,NA,1981,Darii,0,0,0,0
9_53,9,N3-c-M2,53,1,poets,Valid Filler,Datisi,2,All poets are writers ,Some poets are teachers,Some teachers are writers,*,*,*,*,*,*,*,NA,1731,Datisi,1,1,0,0
9_54,9,N3-c-M2,54,0,colors,Invalid Filler,Disamis*,2,Some colors are primary ,All shades of purple are colors ,Some shades of purple are primary,*,*,*,*,*,*,*,NA,1316,Disamis,0,1,0,0
9_55,9,N3-c-M2,55,1,magazines,Polysemy,Disamis,2,Some magazines are glossy,All magazines are collaborations,Some collaborations are glossy,*,book-type,C,A,68.9,info,0.5714285714,NA,1131,Disamis,0,0,0,0
9_56,9,N3-c-M2,56,0,magazines,Polysemy,Disamis,2,Some magazines are coffee-stained,All magazines are subscriptions,Some subscriptions are coffee-stained,*,book-type,C,A,68.9,info,0.2857142857,NA,997,Disamis,0,1,0,0
9_57,9,N3-c-M2,57,1,thieves,Invalid Filler,Dimatis*,2,Some children are thieves,All mob bosses are thieves,Some mob bosses are children,*,*,*,*,*,*,*,NA,1618,Dimatis,0,0,0,0
9_58,9,N3-c-M2,58,1,lunch,Polysemy,Dimatis,2,Some breaks are lunches,All lunches are entrées,Some entrées are breaks,*,lunch-type,A,C,96.6,event,0.7142857143,NA,1115,Dimatis,0,0,0,0
9_59,9,N3-c-M2,59,1,lunch,Polysemy,Dimatis,2,lunch-type,All lunches are menu items,Some menu items are meetings,*,lunch-type,A,C,96.6,event,1,NA,2149,Dimatis,0,0,0,0
9_60,9,N3-c-M2,60,1,dances,Invalid Filler,Darii*,2,All polkas are dances ,Some mating rituals are dances ,Some mating rituals are polkas ,*,*,*,*,*,*,*,NA,1315,Darii,0,0,0,0
9_61,9,N3-c-M2,61,1,breakfast,Polysemy,Darii,2,All breakfasts take place in the morning,Some sandwiches are breakfasts,Some sandwiches take place in the morning,*,lunch-type,A,C,87.1,event,0.4285714286,NA,1231,Darii,0,0,0,0
9_62,9,N3-c-M2,62,1,star,Homonymy,Datisi,2,All stars deal with paparazzi ,Some stars are red dwarfs,Some red dwarfs deal with paparazzi ,*,*,*,*,*,*,0,NA,1232,Datisi,0,0,0,0
9_63,9,N3-c-M2,63,1,cabinet,Homonymy,Datisi,2,All cabinets are selected by leaders,Some cabinets are cupboards,Some cupboards are selected by leaders,*,*,A,C,*,*,0.3333333333,NA,1014,Datisi,0,0,0,0
9_64,9,N3-c-M2,64,1,school,Polysemy,Disamis,2,Some schools are rectangular,All schools are employers,Some employers are rectangular,*,city-type,C,A,45.1,inst,0.5714285714,NA,1834,Disamis,0,0,0,0
9_65,9,N3-c-M2,65,1,change,Homonymy,Darii,2,All change jingles,Some social movements are change,Some social movements jingle,*,*,C,A,*,*,0.5714285714,NA,5847,Darii,0,0,0,0
9_66,9,N3-c-M2,66,1,picnic,Polysemy,Datisi,2,All picnics are leisurely,Some picnics are charcuterie,Some charcuterie is leisurely,*,lunch-type,A,C,59.2,event,0.7142857143,NA,10881,Datisi,0,0,0,0
9_67,9,N3-c-M2,67,1,wave,Homonymy,Dimatis,2,Some gestures are waves,Some waves are ripples,Some ripples are gestures,*,*,A,C,100,*,0.4285714286,NA,7349,Dimatis,0,0,0,0
9_68,9,N3-c-M2,68,1,board,Homonymy,Dimatis,2,Some governing organizations are boards,All boards are wooden planks,Some wooden planks are governing organizations,*,*,A,C,*,*,1,NA,1630,Dimatis,0,0,0,0
9_69,9,N3-c-M2,69,1,cabinet,Homonymy,Datisi,2,All cabinets advise the presidents,Some cabinets are Ikea products,Some ikea products advise the president,*,*,A,C,*,*,0.7142857143,NA,1285,Datisi,0,0,0,0
9_70,9,N3-c-M2,70,1,clowns,Valid Filler,Darii,2,All clowns can juggle ,Some circus performers are clowns ,Some circus performers can juggle,*,*,*,*,*,*,*,NA,1381,Darii,1,1,0,0
9_71,9,N3-c-M2,71,1,liars,Valid Filler,Dimatis,2,Some criminals are liars ,All liars are humans,Some humans are criminals ,*,*,*,*,*,*,*,NA,1248,Dimatis,1,1,0,0
9_72,9,N3-c-M2,72,1,statues,Valid Filler,Datisi,2,All statues are sculptures,Some statues are bronzes,Some bronzes are sculptures,*,*,*,*,*,*,*,NA,1117,Datisi,1,1,0,0
9_73,9,N3-c-M2,73,1,college,Polysemy,Darii,2,All colleges have spirit,Some colleges are national landmarks,Some national landmarks have spirit,*,city-type,A,C,56.6,inst,0.1428571429,NA,1531,Darii,0,0,0,0
9_74,9,N3-c-M2,74,0,school,Polysemy,Disamis,2,Some schools are brick,All schools are communities,Some communities are brick,*,city-type,C,A,45.1,inst,0.5714285714,NA,1065,Disamis,0,1,0,0
9_75,9,N3-c-M2,75,1,bat,Homonymy,Darii,2,All bats are mammals,Some weapons are bats,Some weapons are mammals,*,*,*,*,*,*,0.4285714286,NA,1898,Darii,0,0,0,0
9_76,9,N3-c-M2,76,1,company,Polysemy,Dimatis,2,Some office buildings are companies,All companies are legal entities,Some legal entities are office buildings ,*,city-type,C,A,83.8,inst,0.5714285714,NA,1065,Dimatis,0,0,0,0
9_77,9,N3-c-M2,77,0,suit,Homonymy,Disamis,2,Some suits have multiple defendants,All suits are dress attire,Some dress attire has multiple defendants,*,*,A,C,*,*,0.5714285714,NA,1933,Disamis,0,1,0,0
9_78,9,N3-c-M2,78,1,star,Homonymy,Datisi,2,All stars are famous ,Some stars are red dwarfs,Some red dwarfs are famous,*,*,*,*,*,*,0,NA,1848,Datisi,0,0,0,0
9_79,9,N3-c-M2,79,1,singers,Valid Filler,Darii,2,All singers have an ideal vocal range ,Some guitarists are singers,Some guitarists have an ideal vocal range,*,*,*,*,*,*,*,NA,29998,Darii,1,1,0,0
9_80,9,N3-c-M2,80,1,letter,Polysemy,Datisi,2,All letters have stamps,Some letters are rejections,Some rejections have stamps,*,book-type,C,A,78.5,info,0,NA,1068,Datisi,0,0,0,0
9_81,9,N3-c-M2,81,1,funerals,Invalid Filler,Datisi*,2,All open-casket services are funerals,Some funerals are cremations,Some cremations are open-casket services,*,*,*,*,*,*,*,NA,1797,Datisi,0,0,0,0
9_82,9,N3-c-M2,82,1,injuries,Invalid Filler,Dimatis*,2,Some sunburns are injuries,All cases of frostbite are injuries,Some cases of frostbite are sunburns,*,*,*,*,*,*,*,NA,1799,Dimatis,0,0,0,0
9_83,9,N3-c-M2,83,1,college,Polysemy,Darii,2,All colleges grant degrees,Some colleges are historic buildings,Some historic buildings grant degrees,*,city-type,A,C,56.6,inst,0.2857142857,NA,1348,Darii,0,0,0,0
9_84,9,N3-c-M2,84,1,sausages,Invalid Filler,Datisi*,2,All hot dogs are sausages,Some sausages are salamis,Some hot dogs are salamis,*,*,*,*,*,*,*,NA,1199,Datisi,0,0,0,0
9_85,9,N3-c-M2,85,1,dinner,Polysemy,Disamis,2,Some dinners are black tie,All dinners are foods,Some foods are black tie,*,lunch-type,A,C,90,event,0.5714285714,NA,1115,Disamis,0,0,0,0
9_86,9,N3-c-M2,86,1,ruler,Homonymy,Disamis,2,Some rulers are kings,All rulers are standard lengths,Some standard lengths are kings,*,*,*,*,*,*,0.8571428571,NA,1446,Disamis,0,0,0,0
9_87,9,N3-c-M2,87,1,match,Homonymy,Disamis,2,Some matches are championships,All matches are fire starters,Some fire starters are championships,*,*,A,C,80,*,0.7142857143,NA,1221,Disamis,0,0,0,0
9_88,9,N3-c-M2,88,1,spices,Invalid Filler,Dimatis*,2,Some dried roots are spices ,All mustard seeds are spices ,Some mustard seeds are dried roots,*,*,*,*,*,*,*,NA,2628,Dimatis,0,0,0,0
10_1,10,N3-c-M2,1,0,lunch,Polysemy,Dimatis,1,Some breaks are lunches,All lunches are entrées,Some entrées are breaks,*,lunch-type,A,C,96.6,event,0.7142857143,NA,7166,Dimatis,0,1,0,0
10_2,10,N3-c-M2,2,0,book,Polysemy,Dimatis,1,Some purchases are books,All books are creative endeavours,Some creative endeavours are purchases,*,book-type,C,A,64.5,info,0.1428571429,NA,9335,Dimatis,0,1,0,0
10_3,10,N3-c-M2,3,1,grapes,Valid Filler,Disamis,1,Some grapes are red ,All grapes are fruits ,Some fruits are red ,*,*,*,*,*,*,*,NA,2727,Disamis,1,1,0,0
10_4,10,N3-c-M2,4,1,singers,Valid Filler,Darii,1,All singers have an ideal vocal range ,Some guitarists are singers,Some guitarists have an ideal vocal range,*,*,*,*,*,*,*,NA,8542,Darii,1,1,0,0
10_5,10,N3-c-M2,5,0,ruler,Homonymy,Disamis,1,Some rulers are kings,All rulers are standard lengths,Some standard lengths are kings,*,*,*,*,*,*,0.8571428571,NA,4960,Disamis,0,1,0,0
10_6,10,N3-c-M2,6,0,peppers,Invalid Filler,Dimatis*,1,Some yellow vegetables are peppers ,All jalapenos are peppers,Some jalapenos are yellow vegetables,*,*,*,*,*,*,*,NA,63270,Dimatis,0,1,0,0
10_7,10,N3-c-M2,7,0,injuries,Invalid Filler,Dimatis*,1,Some sunburns are injuries,All cases of frostbite are injuries,Some cases of frostbite are sunburns,*,*,*,*,*,*,*,NA,4191,Dimatis,0,1,0,0
10_8,10,N3-c-M2,8,0,shapes,Invalid Filler,Disamis*,1,Some shapes are triangles,All squares are shapes,Some squares are triangles,*,*,*,*,*,*,*,NA,3134,Disamis,0,1,0,0
10_9,10,N3-c-M2,9,0,colors,Invalid Filler,Disamis*,1,Some colors are primary ,All shades of purple are colors ,Some shades of purple are primary,*,*,*,*,*,*,*,NA,32879,Disamis,0,1,0,0
10_10,10,N3-c-M2,10,0,spices,Invalid Filler,Dimatis*,1,Some dried roots are spices ,All mustard seeds are spices ,Some mustard seeds are dried roots,*,*,*,*,*,*,*,NA,5134,Dimatis,0,1,0,0
10_11,10,N3-c-M2,11,0,ring,Homonymy,Darii,1,All rings are sounds,Some accessories are rings,Some accessories are sounds,*,*,A,C,*,*,0.7142857143,NA,4031,Darii,0,1,0,0
10_12,10,N3-c-M2,12,0,toilets,Invalid Filler,Disamis*,1,Some toilets are coed,All urinals are toilets,Some urinals are coed,*,*,*,*,*,*,*,NA,3687,Disamis,0,1,0,0
10_13,10,N3-c-M2,13,0,ball,Homonymy,Dimatis,1,Some dances are balls,All balls are circles,Some circles are dances,*,*,A,C,*,*,0.1666666667,NA,2504,Dimatis,0,1,0,0
10_14,10,N3-c-M2,14,0,ball,Homonymy,Dimatis,1,Some parties are balls,All balls are toys,Some toys are parties,*,*,A,C,*,*,0.7142857143,NA,1776,Dimatis,0,1,0,0
10_15,10,N3-c-M2,15,0,bat,Homonymy,Darii,1,All bats are mammals,Some weapons are bats,Some weapons are mammals,*,*,*,*,*,*,0.4285714286,NA,2352,Darii,0,1,0,0
10_16,10,N3-c-M2,16,0,novel,Polysemy,Darii,1,All novels are printed,Some ideas are novels,Some ideas are printed,*,book-type,C,A,96.7,info,0.1428571429,NA,4231,Darii,0,1,0,0
10_17,10,N3-c-M2,17,1,dinner,Polysemy,Disamis,1,Some dinners last an hour,All dinners are sources of nutrition,Some sources of nutrition last an hour,*,lunch-type,A,C,90,event,0.1428571429,NA,4327,Disamis,0,0,0,0
10_18,10,N3-c-M2,18,0,wave,Homonymy,Dimatis,1,Some gestures are waves,Some waves are ripples,Some ripples are gestures,*,*,A,C,100,*,0.4285714286,NA,1959,Dimatis,0,1,0,0
10_19,10,N3-c-M2,19,0,stones,Invalid Filler,Datisi*,1,All pebbles are stones,Some stones are boulders,Some boulders are pebbles,*,*,*,*,*,*,*,NA,2751,Datisi,0,1,0,0
10_20,10,N3-c-M2,20,0,wave,Homonymy,Dimatis,1,Some greetings are waves,Some waves are tsunamis,Some tsunamis are greetings,*,*,A,C,100,*,0.7142857143,NA,1775,Dimatis,0,1,0,0
10_21,10,N3-c-M2,21,0,dinner,Polysemy,Disamis,1,Some dinners are black tie,All dinners are foods,Some foods are black tie,*,lunch-type,A,C,90,event,0.5714285714,NA,1871,Disamis,0,1,0,0
10_22,10,N3-c-M2,22,0,picnic,Polysemy,Datisi,1,All picnics are leisurely,Some picnics are charcuterie,Some charcuterie is leisurely,*,lunch-type,A,C,59.2,event,0.7142857143,NA,1920,Datisi,0,1,0,0
10_23,10,N3-c-M2,23,0,book,Polysemy,Dimatis,1,Some doorstops are books,All books are intellectual property,Some intellectual property is a doorstop,*,book-type,C,A,64.5,info,0.5714285714,NA,2175,Dimatis,0,1,0,0
10_24,10,N3-c-M2,24,0,college,Polysemy,Darii,1,All colleges grant degrees,Some colleges are historic buildings,Some historic buildings grant degrees,*,city-type,A,C,56.6,inst,0.2857142857,NA,2447,Darii,0,1,0,0
10_25,10,N3-c-M2,25,0,antiques,Invalid Filler,Darii*,1,All medieval manuscripts are antiques ,Some pieces of jewelry are antiques ,Some pieces of jewelry are medieval manuscripts,*,*,*,*,*,*,*,NA,3639,Darii,0,1,0,0
10_26,10,N3-c-M2,26,1,burgers,Valid Filler,Disamis,1,Some burgers are overcooked ,All burgers are sandwiches,Some sandwiches are overcooked ,*,*,*,*,*,*,*,NA,7159,Disamis,1,1,0,0
10_27,10,N3-c-M2,27,0,thieves,Invalid Filler,Dimatis*,1,Some children are thieves,All mob bosses are thieves,Some mob bosses are children,*,*,*,*,*,*,*,NA,1696,Dimatis,0,1,0,0
10_28,10,N3-c-M2,28,0,city,Polysemy,Datisi,1,All cities are bureaucracies,Some cities are graffitied ,Some bureaucracies are graffitied,*,city-type,A,C,67.7,inst,0.2857142857,NA,3214,Datisi,0,1,0,0
10_29,10,N3-c-M2,29,0,suit,Homonymy,Disamis,1,Some suits are settled out of court,All suits are formal outfits,Some formal outfits are settled out of court,*,*,A,C,*,*,0.7142857143,NA,8598,Disamis,0,1,0,0
10_30,10,N3-c-M2,30,0,college,Polysemy,Darii,1,All colleges have spirit,Some colleges are national landmarks,Some national landmarks have spirit,*,city-type,A,C,56.6,inst,0.1428571429,NA,1736,Darii,0,1,0,0
10_31,10,N3-c-M2,31,0,cabinet,Homonymy,Datisi,1,All cabinets are selected by leaders,Some cabinets are cupboards,Some cupboards are selected by leaders,*,*,A,C,*,*,0.3333333333,NA,2951,Datisi,0,1,0,0
10_32,10,N3-c-M2,32,0,dances,Invalid Filler,Darii*,1,All polkas are dances ,Some mating rituals are dances ,Some mating rituals are polkas ,*,*,*,*,*,*,*,NA,1848,Darii,0,1,0,0
10_33,10,N3-c-M2,33,1,poets,Valid Filler,Datisi,1,All poets are writers ,Some poets are teachers,Some teachers are writers,*,*,*,*,*,*,*,NA,2703,Datisi,1,1,0,0
10_34,10,N3-c-M2,34,0,rock,Homonymy,Datisi,1,All rock has guitars,Some rock is marble,Some marble has guitars,*,*,A,C,100,*,0.8571428571,NA,9759,Datisi,0,1,0,0
10_35,10,N3-c-M2,35,0,ruler,Homonymy,Disamis,1,Some rulers are monarchs,All rulers are measuring devices,Some measuring devices are monarchs,*,*,*,*,*,*,0.7142857143,NA,1727,Disamis,0,1,0,0
10_36,10,N3-c-M2,36,1,match,Homonymy,Disamis,1,Some matches are shown on TV,All matches are fire starters,Some fire starters are shown on TV,*,*,A,C,*,*,0,NA,5488,Disamis,0,0,0,0
10_37,10,N3-c-M2,37,0,cabinet,Homonymy,Datisi,1,All cabinets are political appointments,Some cabinets are antique furniture,Some antique furniture are political appointments,*,*,A,C,*,*,0.8571428571,NA,2039,Datisi,0,1,0,0
10_38,10,N3-c-M2,38,0,lunch,Polysemy,Dimatis,1,lunch-type,All lunches are menu items,Some menu items are meetings,*,lunch-type,A,C,96.6,event,1,NA,2063,Dimatis,0,1,0,0
10_39,10,N3-c-M2,39,0,actors,Invalid Filler,Datisi*,1,All male leads are actors,Some actors are women,Some women are male leads,*,*,*,*,*,*,*,NA,3783,Datisi,0,1,0,0
10_40,10,N3-c-M2,40,0,letter,Polysemy,Datisi,1,All letters are paper,Some letters are professions of love,Some professions of love are paper,*,book-type,C,A,78.5,info,0.4285714286,NA,2743,Datisi,0,1,0,0
10_41,10,N3-c-M2,41,0,ring,Homonymy,Darii,1,All rings are noises,Some anniversary gifts are rings,Some anniversary gifts are noises,*,*,A,C,*,*,0.7142857143,NA,2047,Darii,0,1,0,0
10_42,10,N3-c-M2,42,0,bat,Homonymy,Darii,1,All bats hang upside down,Some sporting goods are bats,Some sporting goods hang upside down,*,*,*,*,*,*,0,NA,4344,Darii,0,1,0,0
10_43,10,N3-c-M2,43,0,match,Homonymy,Disamis,1,Some matches are competitive,All matches are tools,Some tools are competitive,*,*,A,C,80,*,0.5714285714,NA,1966,Disamis,0,1,0,0
10_44,10,N3-c-M2,44,1,mugs,Valid Filler,Datisi,1,All mugs are cups ,Some mugs are ceramics,Some ceramics are cups ,*,*,*,*,*,*,*,NA,2384,Datisi,1,1,0,0
10_45,10,N3-c-M2,45,1,widows,Valid Filler,Dimatis,1,Some mothers are widows ,All widows are women,Some women are mothers,*,*,*,*,*,*,*,NA,2408,Dimatis,1,1,0,0
10_46,10,N3-c-M2,46,0,board,Homonymy,Dimatis,1,Some advisory bodies are boards,All boards are rectangles,Some rectangles are advisory bodies,*,*,A,C,*,*,0.8571428571,NA,2551,Dimatis,0,1,0,0
10_47,10,N3-c-M2,47,0,suit,Homonymy,Disamis,1,Some suits have multiple defendants,All suits are dress attire,Some dress attire has multiple defendants,*,*,A,C,*,*,0.5714285714,NA,1816,Disamis,0,1,0,0
10_48,10,N3-c-M2,48,0,novel,Polysemy,Darii,1,All novels are bound,Some mysteries are novels,Some mysteries are bound,*,book-type,C,A,96.7,info,0,NA,1909,Darii,0,1,0,0
10_49,10,N3-c-M2,49,1,liars,Valid Filler,Dimatis,1,Some criminals are liars ,All liars are humans,Some humans are criminals ,*,*,*,*,*,*,*,NA,3407,Dimatis,1,1,0,0
10_50,10,N3-c-M2,50,1,change,Homonymy,Darii,1,All change is money,Some surprises are change,Some surprises are money,*,*,C,A,*,*,0,NA,2072,Darii,0,0,0,0
10_51,10,N3-c-M2,51,1,statues,Valid Filler,Datisi,1,All statues are sculptures,Some statues are bronzes,Some bronzes are sculptures,*,*,*,*,*,*,*,NA,6879,Datisi,1,1,0,0
10_52,10,N3-c-M2,52,1,rifles,Valid Filler,Disamis,1,Some rifles are for hunting,All rifles are guns ,Some guns are for hunting,*,*,*,*,*,*,*,NA,2886,Disamis,1,1,0,0
10_53,10,N3-c-M2,53,1,trucks,Valid Filler,Dimatis,1,Some cars are trucks ,All trucks are vehicles,Some vehicles are cars ,*,*,*,*,*,*,*,NA,1479,Dimatis,1,1,0,0
10_54,10,N3-c-M2,54,0,city,Polysemy,Datisi,1,All cities have laws,Some cities are earthquake zones,Some earthquake zones have laws,*,city-type,A,C,67.7,inst,0,NA,3215,Datisi,0,1,0,0
10_55,10,N3-c-M2,55,0,steaks,Invalid Filler,Disamis*,1,Some steaks are filet mignons,All ribeyes are steaks,Some ribeyes are filet mignons,*,*,*,*,*,*,*,NA,3527,Disamis,0,1,0,0
10_56,10,N3-c-M2,56,0,picnic,Polysemy,Datisi,1,All picnics happen in nature,Some picnics are salads,Some salads happen in nature,*,lunch-type,A,C,59.2,event,0.5714285714,NA,10255,Datisi,0,1,0,0
10_57,10,N3-c-M2,57,0,company,Polysemy,Dimatis,1,Some storefronts are companies,All companies are hierarchies,Some hierarchies are storefronts,*,city-type,C,A,83.8,inst,0.7142857143,NA,2326,Dimatis,0,1,0,0
10_58,10,N3-c-M2,58,0,school,Polysemy,Disamis,1,Some schools are brick,All schools are communities,Some communities are brick,*,city-type,C,A,45.1,inst,0.5714285714,NA,2119,Disamis,0,1,0,0
10_59,10,N3-c-M2,59,0,sausages,Invalid Filler,Datisi*,1,All hot dogs are sausages,Some sausages are salamis,Some hot dogs are salamis,*,*,*,*,*,*,*,NA,3599,Datisi,0,1,0,0
10_60,10,N3-c-M2,60,1,clowns,Valid Filler,Darii,1,All clowns can juggle ,Some circus performers are clowns ,Some circus performers can juggle,*,*,*,*,*,*,*,NA,2111,Darii,1,1,0,0
10_61,10,N3-c-M2,61,0,board,Homonymy,Dimatis,1,Some governing organizations are boards,All boards are wooden planks,Some wooden planks are governing organizations,*,*,A,C,*,*,1,NA,4936,Dimatis,0,1,0,0
10_62,10,N3-c-M2,62,0,novel,Polysemy,Darii,1,All novels are flammable,Some debuts are novels,Some debuts are flammable,*,book-type,C,A,96.7,info,1,NA,1784,Darii,0,1,0,0
10_63,10,N3-c-M2,63,0,breakfast,Polysemy,Darii,1,All breakfasts take place in the morning,Some sandwiches are breakfasts,Some sandwiches take place in the morning,*,lunch-type,A,C,87.1,event,0.4285714286,NA,1840,Darii,0,1,0,0
10_64,10,N3-c-M2,64,0,cabinet,Homonymy,Datisi,1,All cabinets advise the presidents,Some cabinets are Ikea products,Some ikea products advise the president,*,*,A,C,*,*,0.7142857143,NA,2656,Datisi,0,1,0,0
10_65,10,N3-c-M2,65,1,breakfast,Polysemy,Darii,1,All breakfasts are under three hours,Some smoothies are breakfasts,Some smoothies are under three hours,*,lunch-type,A,C,87.1,event,0.7142857143,NA,7798,Darii,0,0,0,0
10_66,10,N3-c-M2,66,0,star,Homonymy,Datisi,1,All stars are charismatic,Some stars are pulsars,Some pulsars are charismatic,*,*,*,*,*,*,0.7142857143,NA,2191,Datisi,0,1,0,0
10_67,10,N3-c-M2,67,0,mothers,Invalid Filler,Darii*,1,All grandmothers are mothers ,Some teens are mothers,Some grandmothers are teens,*,*,*,*,*,*,*,NA,1879,Darii,0,1,0,0
10_68,10,N3-c-M2,68,0,bat,Homonymy,Darii,1,All bats share a common ancestor,Some sporting goods are bats,Some sporting goods share a common ancestor,*,*,*,*,*,*,0.2857142857,NA,3935,Darii,0,1,0,0
10_69,10,N3-c-M2,69,0,rock ,Homonymy,Datisi,1,All rock is rhythmic,Some rock is granite,Some granite is rhythmic,*,*,A,C,100,*,0.8571428571,NA,40423,Datisi,0,1,0,0
10_70,10,N3-c-M2,70,0,funerals,Invalid Filler,Datisi*,1,All open-casket services are funerals,Some funerals are cremations,Some cremations are open-casket services,*,*,*,*,*,*,*,NA,6815,Datisi,0,1,0,0
10_71,10,N3-c-M2,71,0,change,Homonymy,Darii,1,All change is legal tender,Some political revolutions are change,Some political revolutions are legal tender,*,*,C,A,*,*,0.8571428571,NA,6399,Darii,0,1,0,0
10_72,10,N3-c-M2,72,1,dresses,Invalid Filler,Darii*,1,All ball gowns are dresses ,Some cocktail outfits are dresses,Some cocktail outfits are ball gowns,*,*,*,*,*,*,*,NA,11055,Darii,0,0,0,0
10_73,10,N3-c-M2,73,0,school,Polysemy,Disamis,1,Some schools are rectangular,All schools are employers,Some employers are rectangular,*,city-type,C,A,45.1,inst,0.5714285714,NA,2743,Disamis,0,1,0,0
10_74,10,N3-c-M2,74,0,ponies,Valid Filler,Datisi,1,All ponies neigh,Some ponies are colts,Some colts neigh,*,*,*,*,*,*,*,NA,1823,Datisi,1,0,0,0
10_75,10,N3-c-M2,75,0,star,Homonymy,Datisi,1,All stars are famous ,Some stars are red dwarfs,Some red dwarfs are famous,*,*,*,*,*,*,0,NA,2903,Datisi,0,1,0,0
10_76,10,N3-c-M2,76,1,suitcases,Valid Filler,Dimatis,1,Some bags are suitcases,All suitcases are pieces of luggage,Some pieces of luggage are bags,*,*,*,*,*,*,*,NA,2855,Dimatis,1,1,0,0
10_77,10,N3-c-M2,77,0,star,Homonymy,Datisi,1,All stars deal with paparazzi ,Some stars are red dwarfs,Some red dwarfs deal with paparazzi ,*,*,*,*,*,*,0,NA,2039,Datisi,0,1,0,0
10_78,10,N3-c-M2,78,0,magazines,Polysemy,Disamis,1,Some magazines are coffee-stained,All magazines are subscriptions,Some subscriptions are coffee-stained,*,book-type,C,A,68.9,info,0.2857142857,NA,1719,Disamis,0,1,0,0
10_79,10,N3-c-M2,79,0,company,Polysemy,Dimatis,1,Some office buildings are companies,All companies are legal entities,Some legal entities are office buildings ,*,city-type,C,A,83.8,inst,0.5714285714,NA,3248,Dimatis,0,1,0,0
10_80,10,N3-c-M2,80,0,board,Homonymy,Dimatis,1,Some groups are boards,All boards are materials,Some materials are groups,*,*,A,C,*,*,0.5,NA,1520,Dimatis,0,1,0,0
10_81,10,N3-c-M2,81,1,letter,Polysemy,Datisi,1,All letters have stamps,Some letters are rejections,Some rejections have stamps,*,book-type,C,A,78.5,info,0,NA,3927,Datisi,0,0,0,0
10_82,10,N3-c-M2,82,0,ball,Homonymy,Dimatis,1,Some dances are balls,All balls are spheres,Some spheres are dances,*,*,A,C,*,*,0.7142857143,NA,1823,Dimatis,0,1,0,0
10_83,10,N3-c-M2,83,0,match,Homonymy,Disamis,1,Some matches are championships,All matches are fire starters,Some fire starters are championships,*,*,A,C,80,*,0.7142857143,NA,3871,Disamis,0,1,0,0
10_84,10,N3-c-M2,84,0,change,Homonymy,Darii,1,All change jingles,Some social movements are change,Some social movements jingle,*,*,C,A,*,*,0.5714285714,NA,3360,Darii,0,1,0,0
10_85,10,N3-c-M2,85,1,doughnuts,Valid Filler,Darii,1,All doughnuts are sugary ,Some pastries are doughnuts ,Some pastries are sugary,*,*,*,*,*,*,*,NA,1918,Darii,1,1,0,0
10_86,10,N3-c-M2,86,0,magazines,Polysemy,Disamis,1,Some magazines are glossy,All magazines are collaborations,Some collaborations are glossy,*,book-type,C,A,68.9,info,0.5714285714,NA,2191,Disamis,0,1,0,0
10_87,10,N3-c-M2,87,1,dolls,Valid Filler,Darii,1,All dolls are man made,Some toys are dolls ,Some toys are man made,*,*,*,*,*,*,*,NA,2239,Darii,1,1,0,0
10_88,10,N3-c-M2,88,0,swords,Valid Filler,Disamis,1,Some swords are decorative,All swords are weapons ,Some weapons are decorative ,*,*,*,*,*,*,*,NA,4496,Disamis,1,0,0,0
11_1,11,N3-c-M2,1,1,novel,Polysemy,Darii,2,All novels are printed,Some ideas are novels,Some ideas are printed,*,book-type,C,A,96.7,info,0.1428571429,NA,4007,Darii,0,0,0,0
11_2,11,N3-c-M2,2,0,breakfast,Polysemy,Darii,2,All breakfasts are under three hours,Some smoothies are breakfasts,Some smoothies are under three hours,*,lunch-type,A,C,87.1,event,0.7142857143,NA,13252,Darii,0,1,0,0
11_3,11,N3-c-M2,3,0,shapes,Invalid Filler,Disamis*,2,Some shapes are triangles,All squares are shapes,Some squares are triangles,*,*,*,*,*,*,*,NA,5897,Disamis,0,1,0,0
11_4,11,N3-c-M2,4,0,ball,Homonymy,Dimatis,2,Some dances are balls,All balls are circles,Some circles are dances,*,*,A,C,*,*,0.1666666667,NA,2395,Dimatis,0,1,0,0
11_5,11,N3-c-M2,5,0,ponies,Valid Filler,Datisi,2,All ponies neigh,Some ponies are colts,Some colts neigh,*,*,*,*,*,*,*,NA,3703,Datisi,1,0,0,0
11_6,11,N3-c-M2,6,0,change,Homonymy,Darii,2,All change is legal tender,Some political revolutions are change,Some political revolutions are legal tender,*,*,C,A,*,*,0.8571428571,NA,9307,Darii,0,1,0,0
11_7,11,N3-c-M2,7,1,mugs,Valid Filler,Datisi,2,All mugs are cups ,Some mugs are ceramics,Some ceramics are cups ,*,*,*,*,*,*,*,NA,4240,Datisi,1,1,0,0
11_8,11,N3-c-M2,8,0,star,Homonymy,Datisi,2,All stars are charismatic,Some stars are pulsars,Some pulsars are charismatic,*,*,*,*,*,*,0.7142857143,NA,4263,Datisi,0,1,0,0
11_9,11,N3-c-M2,9,0,mothers,Invalid Filler,Darii*,2,All grandmothers are mothers ,Some teens are mothers,Some grandmothers are teens,*,*,*,*,*,*,*,NA,2911,Darii,0,1,0,0
11_10,11,N3-c-M2,10,0,ring,Homonymy,Darii,2,All rings are sounds,Some accessories are rings,Some accessories are sounds,*,*,A,C,*,*,0.7142857143,NA,2751,Darii,0,1,0,0
11_11,11,N3-c-M2,11,1,grapes,Valid Filler,Disamis,2,Some grapes are red ,All grapes are fruits ,Some fruits are red ,*,*,*,*,*,*,*,NA,3178,Disamis,1,1,0,0
11_12,11,N3-c-M2,12,0,board,Homonymy,Dimatis,2,Some groups are boards,All boards are materials,Some materials are groups,*,*,A,C,*,*,0.5,NA,10548,Dimatis,0,1,0,0
11_13,11,N3-c-M2,13,0,toilets,Invalid Filler,Disamis*,2,Some toilets are coed,All urinals are toilets,Some urinals are coed,*,*,*,*,*,*,*,NA,5119,Disamis,0,1,0,0
11_14,11,N3-c-M2,14,0,suit,Homonymy,Disamis,2,Some suits are settled out of court,All suits are formal outfits,Some formal outfits are settled out of court,*,*,A,C,*,*,0.7142857143,NA,17779,Disamis,0,1,0,0
11_15,11,N3-c-M2,15,0,novel,Polysemy,Darii,2,All novels are flammable,Some debuts are novels,Some debuts are flammable,*,book-type,C,A,96.7,info,1,NA,2592,Darii,0,1,0,0
11_16,11,N3-c-M2,16,1,match,Homonymy,Disamis,2,Some matches are shown on TV,All matches are fire starters,Some fire starters are shown on TV,*,*,A,C,*,*,0,NA,4569,Disamis,0,0,0,0
11_17,11,N3-c-M2,17,0,novel,Polysemy,Darii,2,All novels are bound,Some mysteries are novels,Some mysteries are bound,*,book-type,C,A,96.7,info,0,NA,9824,Darii,0,1,0,0
11_18,11,N3-c-M2,18,1,book,Polysemy,Dimatis,2,Some purchases are books,All books are creative endeavours,Some creative endeavours are purchases,*,book-type,C,A,64.5,info,0.1428571429,NA,4421,Dimatis,0,0,0,0
11_19,11,N3-c-M2,19,1,widows,Valid Filler,Dimatis,2,Some mothers are widows ,All widows are women,Some women are mothers,*,*,*,*,*,*,*,NA,2241,Dimatis,1,1,0,0
11_20,11,N3-c-M2,20,1,dolls,Valid Filler,Darii,2,All dolls are man made,Some toys are dolls ,Some toys are man made,*,*,*,*,*,*,*,NA,2802,Darii,1,1,0,0
11_21,11,N3-c-M2,21,0,rock ,Homonymy,Datisi,2,All rock is rhythmic,Some rock is granite,Some granite is rhythmic,*,*,A,C,100,*,0.8571428571,NA,3110,Datisi,0,1,0,0
11_22,11,N3-c-M2,22,1,change,Homonymy,Darii,2,All change is money,Some surprises are change,Some surprises are money,*,*,C,A,*,*,0,NA,5778,Darii,0,0,0,0
11_23,11,N3-c-M2,23,0,match,Homonymy,Disamis,2,Some matches are competitive,All matches are tools,Some tools are competitive,*,*,A,C,80,*,0.5714285714,NA,4360,Disamis,0,1,0,0
11_24,11,N3-c-M2,24,0,book,Polysemy,Dimatis,2,Some doorstops are books,All books are intellectual property,Some intellectual property is a doorstop,*,book-type,C,A,64.5,info,0.5714285714,NA,7048,Dimatis,0,1,0,0
11_25,11,N3-c-M2,25,0,antiques,Invalid Filler,Darii*,2,All medieval manuscripts are antiques ,Some pieces of jewelry are antiques ,Some pieces of jewelry are medieval manuscripts,*,*,*,*,*,*,*,NA,3409,Darii,0,1,0,0
11_26,11,N3-c-M2,26,1,burgers,Valid Filler,Disamis,2,Some burgers are overcooked ,All burgers are sandwiches,Some sandwiches are overcooked ,*,*,*,*,*,*,*,NA,3528,Disamis,1,1,0,0
11_27,11,N3-c-M2,27,0,cabinet,Homonymy,Datisi,2,All cabinets are political appointments,Some cabinets are antique furniture,Some antique furniture are political appointments,*,*,A,C,*,*,0.8571428571,NA,6636,Datisi,0,1,0,0
11_28,11,N3-c-M2,28,0,peppers,Invalid Filler,Dimatis*,2,Some yellow vegetables are peppers ,All jalapenos are peppers,Some jalapenos are yellow vegetables,*,*,*,*,*,*,*,NA,6506,Dimatis,0,1,0,0
11_29,11,N3-c-M2,29,0,ball,Homonymy,Dimatis,2,Some dances are balls,All balls are spheres,Some spheres are dances,*,*,A,C,*,*,0.7142857143,NA,4476,Dimatis,0,1,0,0
11_30,11,N3-c-M2,30,0,actors,Invalid Filler,Datisi*,2,All male leads are actors,Some actors are women,Some women are male leads,*,*,*,*,*,*,*,NA,2277,Datisi,0,1,0,0
11_31,11,N3-c-M2,31,0,letter,Polysemy,Datisi,2,All letters are paper,Some letters are professions of love,Some professions of love are paper,*,book-type,C,A,78.5,info,0.4285714286,NA,5775,Datisi,0,1,0,0
11_32,11,N3-c-M2,32,0,ball,Homonymy,Dimatis,2,Some parties are balls,All balls are toys,Some toys are parties,*,*,A,C,*,*,0.7142857143,NA,3572,Dimatis,0,1,0,0
11_33,11,N3-c-M2,33,0,ring,Homonymy,Darii,2,All rings are noises,Some anniversary gifts are rings,Some anniversary gifts are noises,*,*,A,C,*,*,0.7142857143,NA,2349,Darii,0,1,0,0
11_34,11,N3-c-M2,34,0,city,Polysemy,Datisi,2,All cities are bureaucracies,Some cities are graffitied ,Some bureaucracies are graffitied,*,city-type,A,C,67.7,inst,0.2857142857,NA,5715,Datisi,0,1,0,0
11_35,11,N3-c-M2,35,0,board,Homonymy,Dimatis,2,Some advisory bodies are boards,All boards are rectangles,Some rectangles are advisory bodies,*,*,A,C,*,*,0.8571428571,NA,5827,Dimatis,0,1,0,0
11_36,11,N3-c-M2,36,1,rifles,Valid Filler,Disamis,2,Some rifles are for hunting,All rifles are guns ,Some guns are for hunting,*,*,*,*,*,*,*,NA,3076,Disamis,1,1,0,0
11_37,11,N3-c-M2,37,0,ruler,Homonymy,Disamis,2,Some rulers are monarchs,All rulers are measuring devices,Some measuring devices are monarchs,*,*,*,*,*,*,0.7142857143,NA,3754,Disamis,0,1,0,0
11_38,11,N3-c-M2,38,0,stones,Invalid Filler,Datisi*,2,All pebbles are stones,Some stones are boulders,Some boulders are pebbles,*,*,*,*,*,*,*,NA,3518,Datisi,0,1,0,0
11_39,11,N3-c-M2,39,0,dresses,Invalid Filler,Darii*,2,All ball gowns are dresses ,Some cocktail outfits are dresses,Some cocktail outfits are ball gowns,*,*,*,*,*,*,*,NA,5928,Darii,0,1,0,0
11_40,11,N3-c-M2,40,0,wave,Homonymy,Dimatis,2,Some greetings are waves,Some waves are tsunamis,Some tsunamis are greetings,*,*,A,C,100,*,0.7142857143,NA,2405,Dimatis,0,1,0,0
11_41,11,N3-c-M2,41,1,suitcases,Valid Filler,Dimatis,2,Some bags are suitcases,All suitcases are pieces of luggage,Some pieces of luggage are bags,*,*,*,*,*,*,*,NA,7411,Dimatis,1,1,0,0
11_42,11,N3-c-M2,42,0,bat,Homonymy,Darii,2,All bats share a common ancestor,Some sporting goods are bats,Some sporting goods share a common ancestor,*,*,*,*,*,*,0.2857142857,NA,3574,Darii,0,1,0,0
11_43,11,N3-c-M2,43,0,city,Polysemy,Datisi,2,All cities have laws,Some cities are earthquake zones,Some earthquake zones have laws,*,city-type,A,C,67.7,inst,0,NA,4330,Datisi,0,1,0,0
11_44,11,N3-c-M2,44,0,picnic,Polysemy,Datisi,2,All picnics happen in nature,Some picnics are salads,Some salads happen in nature,*,lunch-type,A,C,59.2,event,0.5714285714,NA,9911,Datisi,0,1,0,0
11_45,11,N3-c-M2,45,0,rock,Homonymy,Datisi,2,All rock has guitars,Some rock is marble,Some marble has guitars,*,*,A,C,100,*,0.8571428571,NA,3178,Datisi,0,1,0,0
11_46,11,N3-c-M2,46,1,doughnuts,Valid Filler,Darii,2,All doughnuts are sugary ,Some pastries are doughnuts ,Some pastries are sugary,*,*,*,*,*,*,*,NA,3234,Darii,1,1,0,0
11_47,11,N3-c-M2,47,1,trucks,Valid Filler,Dimatis,2,Some cars are trucks ,All trucks are vehicles,Some vehicles are cars ,*,*,*,*,*,*,*,NA,1967,Dimatis,1,1,0,0
11_48,11,N3-c-M2,48,1,swords,Valid Filler,Disamis,2,Some swords are decorative,All swords are weapons ,Some weapons are decorative ,*,*,*,*,*,*,*,NA,6201,Disamis,1,1,0,0
11_49,11,N3-c-M2,49,0,steaks,Invalid Filler,Disamis*,2,Some steaks are filet mignons,All ribeyes are steaks,Some ribeyes are filet mignons,*,*,*,*,*,*,*,NA,3980,Disamis,0,1,0,0
11_50,11,N3-c-M2,50,1,dinner,Polysemy,Disamis,2,Some dinners last an hour,All dinners are sources of nutrition,Some sources of nutrition last an hour,*,lunch-type,A,C,90,event,0.1428571429,NA,4405,Disamis,0,0,0,0
11_51,11,N3-c-M2,51,0,company,Polysemy,Dimatis,2,Some storefronts are companies,All companies are hierarchies,Some hierarchies are storefronts,*,city-type,C,A,83.8,inst,0.7142857143,NA,7334,Dimatis,0,1,0,0
11_52,11,N3-c-M2,52,1,bat,Homonymy,Darii,2,All bats hang upside down,Some sporting goods are bats,Some sporting goods hang upside down,*,*,*,*,*,*,0,NA,3075,Darii,0,0,0,0
11_53,11,N3-c-M2,53,1,poets,Valid Filler,Datisi,2,All poets are writers ,Some poets are teachers,Some teachers are writers,*,*,*,*,*,*,*,NA,2064,Datisi,1,1,0,0
11_54,11,N3-c-M2,54,0,colors,Invalid Filler,Disamis*,2,Some colors are primary ,All shades of purple are colors ,Some shades of purple are primary,*,*,*,*,*,*,*,NA,5818,Disamis,0,1,0,0
11_55,11,N3-c-M2,55,0,magazines,Polysemy,Disamis,2,Some magazines are glossy,All magazines are collaborations,Some collaborations are glossy,*,book-type,C,A,68.9,info,0.5714285714,NA,5069,Disamis,0,1,0,0
11_56,11,N3-c-M2,56,0,magazines,Polysemy,Disamis,2,Some magazines are coffee-stained,All magazines are subscriptions,Some subscriptions are coffee-stained,*,book-type,C,A,68.9,info,0.2857142857,NA,4867,Disamis,0,1,0,0
11_57,11,N3-c-M2,57,0,thieves,Invalid Filler,Dimatis*,2,Some children are thieves,All mob bosses are thieves,Some mob bosses are children,*,*,*,*,*,*,*,NA,4141,Dimatis,0,1,0,0
11_58,11,N3-c-M2,58,0,lunch,Polysemy,Dimatis,2,Some breaks are lunches,All lunches are entrées,Some entrées are breaks,*,lunch-type,A,C,96.6,event,0.7142857143,NA,5265,Dimatis,0,1,0,0
11_59,11,N3-c-M2,59,0,lunch,Polysemy,Dimatis,2,lunch-type,All lunches are menu items,Some menu items are meetings,*,lunch-type,A,C,96.6,event,1,NA,3139,Dimatis,0,1,0,0
11_60,11,N3-c-M2,60,0,dances,Invalid Filler,Darii*,2,All polkas are dances ,Some mating rituals are dances ,Some mating rituals are polkas ,*,*,*,*,*,*,*,NA,3374,Darii,0,1,0,0
11_61,11,N3-c-M2,61,0,breakfast,Polysemy,Darii,2,All breakfasts take place in the morning,Some sandwiches are breakfasts,Some sandwiches take place in the morning,*,lunch-type,A,C,87.1,event,0.4285714286,NA,5249,Darii,0,1,0,0
11_62,11,N3-c-M2,62,0,star,Homonymy,Datisi,2,All stars deal with paparazzi ,Some stars are red dwarfs,Some red dwarfs deal with paparazzi ,*,*,*,*,*,*,0,NA,2825,Datisi,0,1,0,0
11_63,11,N3-c-M2,63,1,cabinet,Homonymy,Datisi,2,All cabinets are selected by leaders,Some cabinets are cupboards,Some cupboards are selected by leaders,*,*,A,C,*,*,0.3333333333,NA,6703,Datisi,0,0,0,0
11_64,11,N3-c-M2,64,0,school,Polysemy,Disamis,2,Some schools are rectangular,All schools are employers,Some employers are rectangular,*,city-type,C,A,45.1,inst,0.5714285714,NA,2594,Disamis,0,1,0,0
11_65,11,N3-c-M2,65,0,change,Homonymy,Darii,2,All change jingles,Some social movements are change,Some social movements jingle,*,*,C,A,*,*,0.5714285714,NA,4247,Darii,0,1,0,0
11_66,11,N3-c-M2,66,0,picnic,Polysemy,Datisi,2,All picnics are leisurely,Some picnics are charcuterie,Some charcuterie is leisurely,*,lunch-type,A,C,59.2,event,0.7142857143,NA,3036,Datisi,0,1,0,0
11_67,11,N3-c-M2,67,0,wave,Homonymy,Dimatis,2,Some gestures are waves,Some waves are ripples,Some ripples are gestures,*,*,A,C,100,*,0.4285714286,NA,3126,Dimatis,0,1,0,0
11_68,11,N3-c-M2,68,0,board,Homonymy,Dimatis,2,Some governing organizations are boards,All boards are wooden planks,Some wooden planks are governing organizations,*,*,A,C,*,*,1,NA,2841,Dimatis,0,1,0,0
11_69,11,N3-c-M2,69,0,cabinet,Homonymy,Datisi,2,All cabinets advise the presidents,Some cabinets are Ikea products,Some ikea products advise the president,*,*,A,C,*,*,0.7142857143,NA,10322,Datisi,0,1,0,0
11_70,11,N3-c-M2,70,1,clowns,Valid Filler,Darii,2,All clowns can juggle ,Some circus performers are clowns ,Some circus performers can juggle,*,*,*,*,*,*,*,NA,4372,Darii,1,1,0,0
11_71,11,N3-c-M2,71,1,liars,Valid Filler,Dimatis,2,Some criminals are liars ,All liars are humans,Some humans are criminals ,*,*,*,*,*,*,*,NA,2248,Dimatis,1,1,0,0
11_72,11,N3-c-M2,72,1,statues,Valid Filler,Datisi,2,All statues are sculptures,Some statues are bronzes,Some bronzes are sculptures,*,*,*,*,*,*,*,NA,5374,Datisi,1,1,0,0
11_73,11,N3-c-M2,73,1,college,Polysemy,Darii,2,All colleges have spirit,Some colleges are national landmarks,Some national landmarks have spirit,*,city-type,A,C,56.6,inst,0.1428571429,NA,5259,Darii,0,0,0,0
11_74,11,N3-c-M2,74,0,school,Polysemy,Disamis,2,Some schools are brick,All schools are communities,Some communities are brick,*,city-type,C,A,45.1,inst,0.5714285714,NA,3193,Disamis,0,1,0,0
11_75,11,N3-c-M2,75,0,bat,Homonymy,Darii,2,All bats are mammals,Some weapons are bats,Some weapons are mammals,*,*,*,*,*,*,0.4285714286,NA,4829,Darii,0,1,0,0
11_76,11,N3-c-M2,76,1,company,Polysemy,Dimatis,2,Some office buildings are companies,All companies are legal entities,Some legal entities are office buildings ,*,city-type,C,A,83.8,inst,0.5714285714,NA,9528,Dimatis,0,0,0,0
11_77,11,N3-c-M2,77,0,suit,Homonymy,Disamis,2,Some suits have multiple defendants,All suits are dress attire,Some dress attire has multiple defendants,*,*,A,C,*,*,0.5714285714,NA,4078,Disamis,0,1,0,0
11_78,11,N3-c-M2,78,1,star,Homonymy,Datisi,2,All stars are famous ,Some stars are red dwarfs,Some red dwarfs are famous,*,*,*,*,*,*,0,NA,2749,Datisi,0,0,0,0
11_79,11,N3-c-M2,79,1,singers,Valid Filler,Darii,2,All singers have an ideal vocal range ,Some guitarists are singers,Some guitarists have an ideal vocal range,*,*,*,*,*,*,*,NA,3034,Darii,1,1,0,0
11_80,11,N3-c-M2,80,1,letter,Polysemy,Datisi,2,All letters have stamps,Some letters are rejections,Some rejections have stamps,*,book-type,C,A,78.5,info,0,NA,3463,Datisi,0,0,0,0
11_81,11,N3-c-M2,81,1,funerals,Invalid Filler,Datisi*,2,All open-casket services are funerals,Some funerals are cremations,Some cremations are open-casket services,*,*,*,*,*,*,*,NA,5292,Datisi,0,0,0,0
11_82,11,N3-c-M2,82,0,injuries,Invalid Filler,Dimatis*,2,Some sunburns are injuries,All cases of frostbite are injuries,Some cases of frostbite are sunburns,*,*,*,*,*,*,*,NA,10611,Dimatis,0,1,0,0
11_83,11,N3-c-M2,83,1,college,Polysemy,Darii,2,All colleges grant degrees,Some colleges are historic buildings,Some historic buildings grant degrees,*,city-type,A,C,56.6,inst,0.2857142857,NA,9156,Darii,0,0,0,0
11_84,11,N3-c-M2,84,0,sausages,Invalid Filler,Datisi*,2,All hot dogs are sausages,Some sausages are salamis,Some hot dogs are salamis,*,*,*,*,*,*,*,NA,3213,Datisi,0,1,0,0
11_85,11,N3-c-M2,85,0,dinner,Polysemy,Disamis,2,Some dinners are black tie,All dinners are foods,Some foods are black tie,*,lunch-type,A,C,90,event,0.5714285714,NA,2430,Disamis,0,1,0,0
11_86,11,N3-c-M2,86,0,ruler,Homonymy,Disamis,2,Some rulers are kings,All rulers are standard lengths,Some standard lengths are kings,*,*,*,*,*,*,0.8571428571,NA,2434,Disamis,0,1,0,0
11_87,11,N3-c-M2,87,0,match,Homonymy,Disamis,2,Some matches are championships,All matches are fire starters,Some fire starters are championships,*,*,A,C,80,*,0.7142857143,NA,3979,Disamis,0,1,0,0
11_88,11,N3-c-M2,88,1,spices,Invalid Filler,Dimatis*,2,Some dried roots are spices ,All mustard seeds are spices ,Some mustard seeds are dried roots,*,*,*,*,*,*,*,NA,6755,Dimatis,0,0,0,0
12_1,12,N3-c-M2,1,1,lunch,Polysemy,Dimatis,1,Some breaks are lunches,All lunches are entrées,Some entrées are breaks,*,lunch-type,A,C,96.6,event,0.7142857143,NA,16394,Dimatis,0,0,0,0
12_2,12,N3-c-M2,2,0,book,Polysemy,Dimatis,1,Some purchases are books,All books are creative endeavours,Some creative endeavours are purchases,*,book-type,C,A,64.5,info,0.1428571429,NA,5583,Dimatis,0,1,0,0
12_3,12,N3-c-M2,3,1,grapes,Valid Filler,Disamis,1,Some grapes are red ,All grapes are fruits ,Some fruits are red ,*,*,*,*,*,*,*,NA,4654,Disamis,1,1,0,0
12_4,12,N3-c-M2,4,1,singers,Valid Filler,Darii,1,All singers have an ideal vocal range ,Some guitarists are singers,Some guitarists have an ideal vocal range,*,*,*,*,*,*,*,NA,9111,Darii,1,1,0,0
12_5,12,N3-c-M2,5,0,ruler,Homonymy,Disamis,1,Some rulers are kings,All rulers are standard lengths,Some standard lengths are kings,*,*,*,*,*,*,0.8571428571,NA,8425,Disamis,0,1,0,0
12_6,12,N3-c-M2,6,1,peppers,Invalid Filler,Dimatis*,1,Some yellow vegetables are peppers ,All jalapenos are peppers,Some jalapenos are yellow vegetables,*,*,*,*,*,*,*,NA,34923,Dimatis,0,0,0,0
12_7,12,N3-c-M2,7,0,injuries,Invalid Filler,Dimatis*,1,Some sunburns are injuries,All cases of frostbite are injuries,Some cases of frostbite are sunburns,*,*,*,*,*,*,*,NA,21274,Dimatis,0,1,0,0
12_8,12,N3-c-M2,8,0,shapes,Invalid Filler,Disamis*,1,Some shapes are triangles,All squares are shapes,Some squares are triangles,*,*,*,*,*,*,*,NA,4233,Disamis,0,1,0,0
12_9,12,N3-c-M2,9,0,colors,Invalid Filler,Disamis*,1,Some colors are primary ,All shades of purple are colors ,Some shades of purple are primary,*,*,*,*,*,*,*,NA,12621,Disamis,0,1,0,0
12_10,12,N3-c-M2,10,0,spices,Invalid Filler,Dimatis*,1,Some dried roots are spices ,All mustard seeds are spices ,Some mustard seeds are dried roots,*,*,*,*,*,*,*,NA,10242,Dimatis,0,1,0,0
12_11,12,N3-c-M2,11,0,ring,Homonymy,Darii,1,All rings are sounds,Some accessories are rings,Some accessories are sounds,*,*,A,C,*,*,0.7142857143,NA,6387,Darii,0,1,0,0
12_12,12,N3-c-M2,12,1,toilets,Invalid Filler,Disamis*,1,Some toilets are coed,All urinals are toilets,Some urinals are coed,*,*,*,*,*,*,*,NA,11678,Disamis,0,0,0,0
12_13,12,N3-c-M2,13,0,ball,Homonymy,Dimatis,1,Some dances are balls,All balls are circles,Some circles are dances,*,*,A,C,*,*,0.1666666667,NA,6155,Dimatis,0,1,0,0
12_14,12,N3-c-M2,14,0,ball,Homonymy,Dimatis,1,Some parties are balls,All balls are toys,Some toys are parties,*,*,A,C,*,*,0.7142857143,NA,4147,Dimatis,0,1,0,0
12_15,12,N3-c-M2,15,0,bat,Homonymy,Darii,1,All bats are mammals,Some weapons are bats,Some weapons are mammals,*,*,*,*,*,*,0.4285714286,NA,7757,Darii,0,1,0,0
12_16,12,N3-c-M2,16,1,novel,Polysemy,Darii,1,All novels are printed,Some ideas are novels,Some ideas are printed,*,book-type,C,A,96.7,info,0.1428571429,NA,6810,Darii,0,0,0,0
12_17,12,N3-c-M2,17,0,dinner,Polysemy,Disamis,1,Some dinners last an hour,All dinners are sources of nutrition,Some sources of nutrition last an hour,*,lunch-type,A,C,90,event,0.1428571429,NA,4568,Disamis,0,1,0,0
12_18,12,N3-c-M2,18,1,wave,Homonymy,Dimatis,1,Some gestures are waves,Some waves are ripples,Some ripples are gestures,*,*,A,C,100,*,0.4285714286,NA,61109,Dimatis,0,0,0,0
12_19,12,N3-c-M2,19,1,stones,Invalid Filler,Datisi*,1,All pebbles are stones,Some stones are boulders,Some boulders are pebbles,*,*,*,*,*,*,*,NA,10068,Datisi,0,0,0,0
12_20,12,N3-c-M2,20,0,wave,Homonymy,Dimatis,1,Some greetings are waves,Some waves are tsunamis,Some tsunamis are greetings,*,*,A,C,100,*,0.7142857143,NA,4444,Dimatis,0,1,0,0
12_21,12,N3-c-M2,21,0,dinner,Polysemy,Disamis,1,Some dinners are black tie,All dinners are foods,Some foods are black tie,*,lunch-type,A,C,90,event,0.5714285714,NA,5097,Disamis,0,1,0,0
12_22,12,N3-c-M2,22,1,picnic,Polysemy,Datisi,1,All picnics are leisurely,Some picnics are charcuterie,Some charcuterie is leisurely,*,lunch-type,A,C,59.2,event,0.7142857143,NA,15252,Datisi,0,0,0,0
12_23,12,N3-c-M2,23,1,book,Polysemy,Dimatis,1,Some doorstops are books,All books are intellectual property,Some intellectual property is a doorstop,*,book-type,C,A,64.5,info,0.5714285714,NA,8984,Dimatis,0,0,0,0
12_24,12,N3-c-M2,24,0,college,Polysemy,Darii,1,All colleges grant degrees,Some colleges are historic buildings,Some historic buildings grant degrees,*,city-type,A,C,56.6,inst,0.2857142857,NA,8050,Darii,0,1,0,0
12_25,12,N3-c-M2,25,0,antiques,Invalid Filler,Darii*,1,All medieval manuscripts are antiques ,Some pieces of jewelry are antiques ,Some pieces of jewelry are medieval manuscripts,*,*,*,*,*,*,*,NA,8693,Darii,0,1,0,0
12_26,12,N3-c-M2,26,0,burgers,Valid Filler,Disamis,1,Some burgers are overcooked ,All burgers are sandwiches,Some sandwiches are overcooked ,*,*,*,*,*,*,*,NA,5925,Disamis,1,0,0,0
12_27,12,N3-c-M2,27,0,thieves,Invalid Filler,Dimatis*,1,Some children are thieves,All mob bosses are thieves,Some mob bosses are children,*,*,*,*,*,*,*,NA,5449,Dimatis,0,1,0,0
12_28,12,N3-c-M2,28,0,city,Polysemy,Datisi,1,All cities are bureaucracies,Some cities are graffitied ,Some bureaucracies are graffitied,*,city-type,A,C,67.7,inst,0.2857142857,NA,12164,Datisi,0,1,0,0
12_29,12,N3-c-M2,29,1,suit,Homonymy,Disamis,1,Some suits are settled out of court,All suits are formal outfits,Some formal outfits are settled out of court,*,*,A,C,*,*,0.7142857143,NA,6135,Disamis,0,0,0,0
12_30,12,N3-c-M2,30,0,college,Polysemy,Darii,1,All colleges have spirit,Some colleges are national landmarks,Some national landmarks have spirit,*,city-type,A,C,56.6,inst,0.1428571429,NA,4296,Darii,0,1,0,0
12_31,12,N3-c-M2,31,1,cabinet,Homonymy,Datisi,1,All cabinets are selected by leaders,Some cabinets are cupboards,Some cupboards are selected by leaders,*,*,A,C,*,*,0.3333333333,NA,7373,Datisi,0,0,0,0
12_32,12,N3-c-M2,32,0,dances,Invalid Filler,Darii*,1,All polkas are dances ,Some mating rituals are dances ,Some mating rituals are polkas ,*,*,*,*,*,*,*,NA,4129,Darii,0,1,0,0
12_33,12,N3-c-M2,33,1,poets,Valid Filler,Datisi,1,All poets are writers ,Some poets are teachers,Some teachers are writers,*,*,*,*,*,*,*,NA,4915,Datisi,1,1,0,0
12_34,12,N3-c-M2,34,0,rock,Homonymy,Datisi,1,All rock has guitars,Some rock is marble,Some marble has guitars,*,*,A,C,100,*,0.8571428571,NA,6431,Datisi,0,1,0,0
12_35,12,N3-c-M2,35,0,ruler,Homonymy,Disamis,1,Some rulers are monarchs,All rulers are measuring devices,Some measuring devices are monarchs,*,*,*,*,*,*,0.7142857143,NA,3158,Disamis,0,1,0,0
12_36,12,N3-c-M2,36,1,match,Homonymy,Disamis,1,Some matches are shown on TV,All matches are fire starters,Some fire starters are shown on TV,*,*,A,C,*,*,0,NA,8462,Disamis,0,0,0,0
12_37,12,N3-c-M2,37,0,cabinet,Homonymy,Datisi,1,All cabinets are political appointments,Some cabinets are antique furniture,Some antique furniture are political appointments,*,*,A,C,*,*,0.8571428571,NA,4900,Datisi,0,1,0,0
12_38,12,N3-c-M2,38,0,lunch,Polysemy,Dimatis,1,lunch-type,All lunches are menu items,Some menu items are meetings,*,lunch-type,A,C,96.6,event,1,NA,5869,Dimatis,0,1,0,0
12_39,12,N3-c-M2,39,0,actors,Invalid Filler,Datisi*,1,All male leads are actors,Some actors are women,Some women are male leads,*,*,*,*,*,*,*,NA,6115,Datisi,0,1,0,0
12_40,12,N3-c-M2,40,0,letter,Polysemy,Datisi,1,All letters are paper,Some letters are professions of love,Some professions of love are paper,*,book-type,C,A,78.5,info,0.4285714286,NA,10523,Datisi,0,1,0,0
12_41,12,N3-c-M2,41,0,ring,Homonymy,Darii,1,All rings are noises,Some anniversary gifts are rings,Some anniversary gifts are noises,*,*,A,C,*,*,0.7142857143,NA,4220,Darii,0,1,0,0
12_42,12,N3-c-M2,42,0,bat,Homonymy,Darii,1,All bats hang upside down,Some sporting goods are bats,Some sporting goods hang upside down,*,*,*,*,*,*,0,NA,8606,Darii,0,1,0,0
12_43,12,N3-c-M2,43,1,match,Homonymy,Disamis,1,Some matches are competitive,All matches are tools,Some tools are competitive,*,*,A,C,80,*,0.5714285714,NA,5386,Disamis,0,0,0,0
12_44,12,N3-c-M2,44,1,mugs,Valid Filler,Datisi,1,All mugs are cups ,Some mugs are ceramics,Some ceramics are cups ,*,*,*,*,*,*,*,NA,4446,Datisi,1,1,0,0
12_45,12,N3-c-M2,45,1,widows,Valid Filler,Dimatis,1,Some mothers are widows ,All widows are women,Some women are mothers,*,*,*,*,*,*,*,NA,3664,Dimatis,1,1,0,0
12_46,12,N3-c-M2,46,0,board,Homonymy,Dimatis,1,Some advisory bodies are boards,All boards are rectangles,Some rectangles are advisory bodies,*,*,A,C,*,*,0.8571428571,NA,4191,Dimatis,0,1,0,0
12_47,12,N3-c-M2,47,1,suit,Homonymy,Disamis,1,Some suits have multiple defendants,All suits are dress attire,Some dress attire has multiple defendants,*,*,A,C,*,*,0.5714285714,NA,8149,Disamis,0,0,0,0
12_48,12,N3-c-M2,48,0,novel,Polysemy,Darii,1,All novels are bound,Some mysteries are novels,Some mysteries are bound,*,book-type,C,A,96.7,info,0,NA,3795,Darii,0,1,0,0
12_49,12,N3-c-M2,49,1,liars,Valid Filler,Dimatis,1,Some criminals are liars ,All liars are humans,Some humans are criminals ,*,*,*,*,*,*,*,NA,11830,Dimatis,1,1,0,0
12_50,12,N3-c-M2,50,1,change,Homonymy,Darii,1,All change is money,Some surprises are change,Some surprises are money,*,*,C,A,*,*,0,NA,3690,Darii,0,0,0,0
12_51,12,N3-c-M2,51,1,statues,Valid Filler,Datisi,1,All statues are sculptures,Some statues are bronzes,Some bronzes are sculptures,*,*,*,*,*,*,*,NA,5564,Datisi,1,1,0,0
12_52,12,N3-c-M2,52,1,rifles,Valid Filler,Disamis,1,Some rifles are for hunting,All rifles are guns ,Some guns are for hunting,*,*,*,*,*,*,*,NA,4819,Disamis,1,1,0,0
12_53,12,N3-c-M2,53,1,trucks,Valid Filler,Dimatis,1,Some cars are trucks ,All trucks are vehicles,Some vehicles are cars ,*,*,*,*,*,*,*,NA,3648,Dimatis,1,1,0,0
12_54,12,N3-c-M2,54,1,city,Polysemy,Datisi,1,All cities have laws,Some cities are earthquake zones,Some earthquake zones have laws,*,city-type,A,C,67.7,inst,0,NA,5716,Datisi,0,0,0,0
12_55,12,N3-c-M2,55,0,steaks,Invalid Filler,Disamis*,1,Some steaks are filet mignons,All ribeyes are steaks,Some ribeyes are filet mignons,*,*,*,*,*,*,*,NA,13002,Disamis,0,1,0,0
12_56,12,N3-c-M2,56,0,picnic,Polysemy,Datisi,1,All picnics happen in nature,Some picnics are salads,Some salads happen in nature,*,lunch-type,A,C,59.2,event,0.5714285714,NA,4463,Datisi,0,1,0,0
12_57,12,N3-c-M2,57,1,company,Polysemy,Dimatis,1,Some storefronts are companies,All companies are hierarchies,Some hierarchies are storefronts,*,city-type,C,A,83.8,inst,0.7142857143,NA,22875,Dimatis,0,0,0,0
12_58,12,N3-c-M2,58,0,school,Polysemy,Disamis,1,Some schools are brick,All schools are communities,Some communities are brick,*,city-type,C,A,45.1,inst,0.5714285714,NA,7676,Disamis,0,1,0,0
12_59,12,N3-c-M2,59,0,sausages,Invalid Filler,Datisi*,1,All hot dogs are sausages,Some sausages are salamis,Some hot dogs are salamis,*,*,*,*,*,*,*,NA,3686,Datisi,0,1,0,0
12_60,12,N3-c-M2,60,1,clowns,Valid Filler,Darii,1,All clowns can juggle ,Some circus performers are clowns ,Some circus performers can juggle,*,*,*,*,*,*,*,NA,6645,Darii,1,1,0,0
12_61,12,N3-c-M2,61,0,board,Homonymy,Dimatis,1,Some governing organizations are boards,All boards are wooden planks,Some wooden planks are governing organizations,*,*,A,C,*,*,1,NA,5028,Dimatis,0,1,0,0
12_62,12,N3-c-M2,62,0,novel,Polysemy,Darii,1,All novels are flammable,Some debuts are novels,Some debuts are flammable,*,book-type,C,A,96.7,info,1,NA,9597,Darii,0,1,0,0
12_63,12,N3-c-M2,63,1,breakfast,Polysemy,Darii,1,All breakfasts take place in the morning,Some sandwiches are breakfasts,Some sandwiches take place in the morning,*,lunch-type,A,C,87.1,event,0.4285714286,NA,8203,Darii,0,0,0,0
12_64,12,N3-c-M2,64,0,cabinet,Homonymy,Datisi,1,All cabinets advise the presidents,Some cabinets are Ikea products,Some ikea products advise the president,*,*,A,C,*,*,0.7142857143,NA,6760,Datisi,0,1,0,0
12_65,12,N3-c-M2,65,0,breakfast,Polysemy,Darii,1,All breakfasts are under three hours,Some smoothies are breakfasts,Some smoothies are under three hours,*,lunch-type,A,C,87.1,event,0.7142857143,NA,8388,Darii,0,1,0,0
12_66,12,N3-c-M2,66,1,star,Homonymy,Datisi,1,All stars are charismatic,Some stars are pulsars,Some pulsars are charismatic,*,*,*,*,*,*,0.7142857143,NA,16399,Datisi,0,0,0,0
12_67,12,N3-c-M2,67,0,mothers,Invalid Filler,Darii*,1,All grandmothers are mothers ,Some teens are mothers,Some grandmothers are teens,*,*,*,*,*,*,*,NA,5381,Darii,0,1,0,0
12_68,12,N3-c-M2,68,0,bat,Homonymy,Darii,1,All bats share a common ancestor,Some sporting goods are bats,Some sporting goods share a common ancestor,*,*,*,*,*,*,0.2857142857,NA,14997,Darii,0,1,0,0
12_69,12,N3-c-M2,69,0,rock ,Homonymy,Datisi,1,All rock is rhythmic,Some rock is granite,Some granite is rhythmic,*,*,A,C,100,*,0.8571428571,NA,4437,Datisi,0,1,0,0
12_70,12,N3-c-M2,70,1,funerals,Invalid Filler,Datisi*,1,All open-casket services are funerals,Some funerals are cremations,Some cremations are open-casket services,*,*,*,*,*,*,*,NA,11512,Datisi,0,0,0,0
12_71,12,N3-c-M2,71,0,change,Homonymy,Darii,1,All change is legal tender,Some political revolutions are change,Some political revolutions are legal tender,*,*,C,A,*,*,0.8571428571,NA,10618,Darii,0,1,0,0
12_72,12,N3-c-M2,72,0,dresses,Invalid Filler,Darii*,1,All ball gowns are dresses ,Some cocktail outfits are dresses,Some cocktail outfits are ball gowns,*,*,*,*,*,*,*,NA,22344,Darii,0,1,0,0
12_73,12,N3-c-M2,73,0,school,Polysemy,Disamis,1,Some schools are rectangular,All schools are employers,Some employers are rectangular,*,city-type,C,A,45.1,inst,0.5714285714,NA,3873,Disamis,0,1,0,0
12_74,12,N3-c-M2,74,0,ponies,Valid Filler,Datisi,1,All ponies neigh,Some ponies are colts,Some colts neigh,*,*,*,*,*,*,*,NA,2759,Datisi,1,0,0,0
12_75,12,N3-c-M2,75,0,star,Homonymy,Datisi,1,All stars are famous ,Some stars are red dwarfs,Some red dwarfs are famous,*,*,*,*,*,*,0,NA,3703,Datisi,0,1,0,0
12_76,12,N3-c-M2,76,1,suitcases,Valid Filler,Dimatis,1,Some bags are suitcases,All suitcases are pieces of luggage,Some pieces of luggage are bags,*,*,*,*,*,*,*,NA,3387,Dimatis,1,1,0,0
12_77,12,N3-c-M2,77,0,star,Homonymy,Datisi,1,All stars deal with paparazzi ,Some stars are red dwarfs,Some red dwarfs deal with paparazzi ,*,*,*,*,*,*,0,NA,3606,Datisi,0,1,0,0
12_78,12,N3-c-M2,78,0,magazines,Polysemy,Disamis,1,Some magazines are coffee-stained,All magazines are subscriptions,Some subscriptions are coffee-stained,*,book-type,C,A,68.9,info,0.2857142857,NA,3092,Disamis,0,1,0,0
12_79,12,N3-c-M2,79,1,company,Polysemy,Dimatis,1,Some office buildings are companies,All companies are legal entities,Some legal entities are office buildings ,*,city-type,C,A,83.8,inst,0.5714285714,NA,3311,Dimatis,0,0,0,0
12_80,12,N3-c-M2,80,1,board,Homonymy,Dimatis,1,Some groups are boards,All boards are materials,Some materials are groups,*,*,A,C,*,*,0.5,NA,3213,Dimatis,0,0,0,0
12_81,12,N3-c-M2,81,1,letter,Polysemy,Datisi,1,All letters have stamps,Some letters are rejections,Some rejections have stamps,*,book-type,C,A,78.5,info,0,NA,3260,Datisi,0,0,0,0
12_82,12,N3-c-M2,82,0,ball,Homonymy,Dimatis,1,Some dances are balls,All balls are spheres,Some spheres are dances,*,*,A,C,*,*,0.7142857143,NA,3973,Dimatis,0,1,0,0
12_83,12,N3-c-M2,83,0,match,Homonymy,Disamis,1,Some matches are championships,All matches are fire starters,Some fire starters are championships,*,*,A,C,80,*,0.7142857143,NA,3691,Disamis,0,1,0,0
12_84,12,N3-c-M2,84,1,change,Homonymy,Darii,1,All change jingles,Some social movements are change,Some social movements jingle,*,*,C,A,*,*,0.5714285714,NA,4911,Darii,0,0,0,0
12_85,12,N3-c-M2,85,1,doughnuts,Valid Filler,Darii,1,All doughnuts are sugary ,Some pastries are doughnuts ,Some pastries are sugary,*,*,*,*,*,*,*,NA,6631,Darii,1,1,0,0
12_86,12,N3-c-M2,86,1,magazines,Polysemy,Disamis,1,Some magazines are glossy,All magazines are collaborations,Some collaborations are glossy,*,book-type,C,A,68.9,info,0.5714285714,NA,2961,Disamis,0,0,0,0
12_87,12,N3-c-M2,87,1,dolls,Valid Filler,Darii,1,All dolls are man made,Some toys are dolls ,Some toys are man made,*,*,*,*,*,*,*,NA,2384,Darii,1,1,0,0
12_88,12,N3-c-M2,88,0,swords,Valid Filler,Disamis,1,Some swords are decorative,All swords are weapons ,Some weapons are decorative ,*,*,*,*,*,*,*,NA,3881,Disamis,1,0,0,0
13_1,13,N3-c-M2,1,0,novel,Polysemy,Darii,2,All novels are printed,Some ideas are novels,Some ideas are printed,*,book-type,C,A,96.7,info,0.1428571429,NA,3455,Darii,0,1,0,0
13_2,13,N3-c-M2,2,0,breakfast,Polysemy,Darii,2,All breakfasts are under three hours,Some smoothies are breakfasts,Some smoothies are under three hours,*,lunch-type,A,C,87.1,event,0.7142857143,NA,2969,Darii,0,1,0,0
13_3,13,N3-c-M2,3,0,shapes,Invalid Filler,Disamis*,2,Some shapes are triangles,All squares are shapes,Some squares are triangles,*,*,*,*,*,*,*,NA,8438,Disamis,0,1,0,0
13_4,13,N3-c-M2,4,0,ball,Homonymy,Dimatis,2,Some dances are balls,All balls are circles,Some circles are dances,*,*,A,C,*,*,0.1666666667,NA,2935,Dimatis,0,1,0,0
13_5,13,N3-c-M2,5,1,ponies,Valid Filler,Datisi,2,All ponies neigh,Some ponies are colts,Some colts neigh,*,*,*,*,*,*,*,NA,6433,Datisi,1,1,0,0
13_6,13,N3-c-M2,6,0,change,Homonymy,Darii,2,All change is legal tender,Some political revolutions are change,Some political revolutions are legal tender,*,*,C,A,*,*,0.8571428571,NA,15047,Darii,0,1,0,0
13_7,13,N3-c-M2,7,1,mugs,Valid Filler,Datisi,2,All mugs are cups ,Some mugs are ceramics,Some ceramics are cups ,*,*,*,*,*,*,*,NA,3209,Datisi,1,1,0,0
13_8,13,N3-c-M2,8,0,star,Homonymy,Datisi,2,All stars are charismatic,Some stars are pulsars,Some pulsars are charismatic,*,*,*,*,*,*,0.7142857143,NA,2846,Datisi,0,1,0,0
13_9,13,N3-c-M2,9,0,mothers,Invalid Filler,Darii*,2,All grandmothers are mothers ,Some teens are mothers,Some grandmothers are teens,*,*,*,*,*,*,*,NA,3264,Darii,0,1,0,0
13_10,13,N3-c-M2,10,0,ring,Homonymy,Darii,2,All rings are sounds,Some accessories are rings,Some accessories are sounds,*,*,A,C,*,*,0.7142857143,NA,3957,Darii,0,1,0,0
13_11,13,N3-c-M2,11,1,grapes,Valid Filler,Disamis,2,Some grapes are red ,All grapes are fruits ,Some fruits are red ,*,*,*,*,*,*,*,NA,4138,Disamis,1,1,0,0
13_12,13,N3-c-M2,12,0,board,Homonymy,Dimatis,2,Some groups are boards,All boards are materials,Some materials are groups,*,*,A,C,*,*,0.5,NA,3017,Dimatis,0,1,0,0
13_13,13,N3-c-M2,13,0,toilets,Invalid Filler,Disamis*,2,Some toilets are coed,All urinals are toilets,Some urinals are coed,*,*,*,*,*,*,*,NA,3289,Disamis,0,1,0,0
13_14,13,N3-c-M2,14,0,suit,Homonymy,Disamis,2,Some suits are settled out of court,All suits are formal outfits,Some formal outfits are settled out of court,*,*,A,C,*,*,0.7142857143,NA,2922,Disamis,0,1,0,0
13_15,13,N3-c-M2,15,0,novel,Polysemy,Darii,2,All novels are flammable,Some debuts are novels,Some debuts are flammable,*,book-type,C,A,96.7,info,1,NA,9245,Darii,0,1,0,0
13_16,13,N3-c-M2,16,0,match,Homonymy,Disamis,2,Some matches are shown on TV,All matches are fire starters,Some fire starters are shown on TV,*,*,A,C,*,*,0,NA,3397,Disamis,0,1,0,0
13_17,13,N3-c-M2,17,0,novel,Polysemy,Darii,2,All novels are bound,Some mysteries are novels,Some mysteries are bound,*,book-type,C,A,96.7,info,0,NA,2375,Darii,0,1,0,0
13_18,13,N3-c-M2,18,0,book,Polysemy,Dimatis,2,Some purchases are books,All books are creative endeavours,Some creative endeavours are purchases,*,book-type,C,A,64.5,info,0.1428571429,NA,3169,Dimatis,0,1,0,0
13_19,13,N3-c-M2,19,1,widows,Valid Filler,Dimatis,2,Some mothers are widows ,All widows are women,Some women are mothers,*,*,*,*,*,*,*,NA,2700,Dimatis,1,1,0,0
13_20,13,N3-c-M2,20,1,dolls,Valid Filler,Darii,2,All dolls are man made,Some toys are dolls ,Some toys are man made,*,*,*,*,*,*,*,NA,2736,Darii,1,1,0,0
13_21,13,N3-c-M2,21,0,rock ,Homonymy,Datisi,2,All rock is rhythmic,Some rock is granite,Some granite is rhythmic,*,*,A,C,100,*,0.8571428571,NA,3041,Datisi,0,1,0,0
13_22,13,N3-c-M2,22,1,change,Homonymy,Darii,2,All change is money,Some surprises are change,Some surprises are money,*,*,C,A,*,*,0,NA,2500,Darii,0,0,0,0
13_23,13,N3-c-M2,23,0,match,Homonymy,Disamis,2,Some matches are competitive,All matches are tools,Some tools are competitive,*,*,A,C,80,*,0.5714285714,NA,2832,Disamis,0,1,0,0
13_24,13,N3-c-M2,24,0,book,Polysemy,Dimatis,2,Some doorstops are books,All books are intellectual property,Some intellectual property is a doorstop,*,book-type,C,A,64.5,info,0.5714285714,NA,19283,Dimatis,0,1,0,0
13_25,13,N3-c-M2,25,0,antiques,Invalid Filler,Darii*,2,All medieval manuscripts are antiques ,Some pieces of jewelry are antiques ,Some pieces of jewelry are medieval manuscripts,*,*,*,*,*,*,*,NA,13271,Darii,0,1,0,0
13_26,13,N3-c-M2,26,1,burgers,Valid Filler,Disamis,2,Some burgers are overcooked ,All burgers are sandwiches,Some sandwiches are overcooked ,*,*,*,*,*,*,*,NA,2899,Disamis,1,1,0,0
13_27,13,N3-c-M2,27,0,cabinet,Homonymy,Datisi,2,All cabinets are political appointments,Some cabinets are antique furniture,Some antique furniture are political appointments,*,*,A,C,*,*,0.8571428571,NA,16213,Datisi,0,1,0,0
13_28,13,N3-c-M2,28,1,peppers,Invalid Filler,Dimatis*,2,Some yellow vegetables are peppers ,All jalapenos are peppers,Some jalapenos are yellow vegetables,*,*,*,*,*,*,*,NA,3360,Dimatis,0,0,0,0
13_29,13,N3-c-M2,29,0,ball,Homonymy,Dimatis,2,Some dances are balls,All balls are spheres,Some spheres are dances,*,*,A,C,*,*,0.7142857143,NA,2936,Dimatis,0,1,0,0
13_30,13,N3-c-M2,30,0,actors,Invalid Filler,Datisi*,2,All male leads are actors,Some actors are women,Some women are male leads,*,*,*,*,*,*,*,NA,3425,Datisi,0,1,0,0
13_31,13,N3-c-M2,31,0,letter,Polysemy,Datisi,2,All letters are paper,Some letters are professions of love,Some professions of love are paper,*,book-type,C,A,78.5,info,0.4285714286,NA,9490,Datisi,0,1,0,0
13_32,13,N3-c-M2,32,0,ball,Homonymy,Dimatis,2,Some parties are balls,All balls are toys,Some toys are parties,*,*,A,C,*,*,0.7142857143,NA,11118,Dimatis,0,1,0,0
13_33,13,N3-c-M2,33,0,ring,Homonymy,Darii,2,All rings are noises,Some anniversary gifts are rings,Some anniversary gifts are noises,*,*,A,C,*,*,0.7142857143,NA,7723,Darii,0,1,0,0
13_34,13,N3-c-M2,34,0,city,Polysemy,Datisi,2,All cities are bureaucracies,Some cities are graffitied ,Some bureaucracies are graffitied,*,city-type,A,C,67.7,inst,0.2857142857,NA,1932,Datisi,0,1,0,0
13_35,13,N3-c-M2,35,0,board,Homonymy,Dimatis,2,Some advisory bodies are boards,All boards are rectangles,Some rectangles are advisory bodies,*,*,A,C,*,*,0.8571428571,NA,4240,Dimatis,0,1,0,0
13_36,13,N3-c-M2,36,1,rifles,Valid Filler,Disamis,2,Some rifles are for hunting,All rifles are guns ,Some guns are for hunting,*,*,*,*,*,*,*,NA,6074,Disamis,1,1,0,0
13_37,13,N3-c-M2,37,0,ruler,Homonymy,Disamis,2,Some rulers are monarchs,All rulers are measuring devices,Some measuring devices are monarchs,*,*,*,*,*,*,0.7142857143,NA,1850,Disamis,0,1,0,0
13_38,13,N3-c-M2,38,0,stones,Invalid Filler,Datisi*,2,All pebbles are stones,Some stones are boulders,Some boulders are pebbles,*,*,*,*,*,*,*,NA,6705,Datisi,0,1,0,0
13_39,13,N3-c-M2,39,0,dresses,Invalid Filler,Darii*,2,All ball gowns are dresses ,Some cocktail outfits are dresses,Some cocktail outfits are ball gowns,*,*,*,*,*,*,*,NA,5843,Darii,0,1,0,0
13_40,13,N3-c-M2,40,0,wave,Homonymy,Dimatis,2,Some greetings are waves,Some waves are tsunamis,Some tsunamis are greetings,*,*,A,C,100,*,0.7142857143,NA,16577,Dimatis,0,1,0,0
13_41,13,N3-c-M2,41,1,suitcases,Valid Filler,Dimatis,2,Some bags are suitcases,All suitcases are pieces of luggage,Some pieces of luggage are bags,*,*,*,*,*,*,*,NA,9544,Dimatis,1,1,0,0
13_42,13,N3-c-M2,42,0,bat,Homonymy,Darii,2,All bats share a common ancestor,Some sporting goods are bats,Some sporting goods share a common ancestor,*,*,*,*,*,*,0.2857142857,NA,3177,Darii,0,1,0,0
13_43,13,N3-c-M2,43,0,city,Polysemy,Datisi,2,All cities have laws,Some cities are earthquake zones,Some earthquake zones have laws,*,city-type,A,C,67.7,inst,0,NA,13385,Datisi,0,1,0,0
13_44,13,N3-c-M2,44,0,picnic,Polysemy,Datisi,2,All picnics happen in nature,Some picnics are salads,Some salads happen in nature,*,lunch-type,A,C,59.2,event,0.5714285714,NA,2588,Datisi,0,1,0,0
13_45,13,N3-c-M2,45,0,rock,Homonymy,Datisi,2,All rock has guitars,Some rock is marble,Some marble has guitars,*,*,A,C,100,*,0.8571428571,NA,3064,Datisi,0,1,0,0
13_46,13,N3-c-M2,46,1,doughnuts,Valid Filler,Darii,2,All doughnuts are sugary ,Some pastries are doughnuts ,Some pastries are sugary,*,*,*,*,*,*,*,NA,2973,Darii,1,1,0,0
13_47,13,N3-c-M2,47,1,trucks,Valid Filler,Dimatis,2,Some cars are trucks ,All trucks are vehicles,Some vehicles are cars ,*,*,*,*,*,*,*,NA,4460,Dimatis,1,1,0,0
13_48,13,N3-c-M2,48,0,swords,Valid Filler,Disamis,2,Some swords are decorative,All swords are weapons ,Some weapons are decorative ,*,*,*,*,*,*,*,NA,2212,Disamis,1,0,0,0
13_49,13,N3-c-M2,49,0,steaks,Invalid Filler,Disamis*,2,Some steaks are filet mignons,All ribeyes are steaks,Some ribeyes are filet mignons,*,*,*,*,*,*,*,NA,3256,Disamis,0,1,0,0
13_50,13,N3-c-M2,50,0,dinner,Polysemy,Disamis,2,Some dinners last an hour,All dinners are sources of nutrition,Some sources of nutrition last an hour,*,lunch-type,A,C,90,event,0.1428571429,NA,2515,Disamis,0,1,0,0
13_51,13,N3-c-M2,51,0,company,Polysemy,Dimatis,2,Some storefronts are companies,All companies are hierarchies,Some hierarchies are storefronts,*,city-type,C,A,83.8,inst,0.7142857143,NA,3737,Dimatis,0,1,0,0
13_52,13,N3-c-M2,52,0,bat,Homonymy,Darii,2,All bats hang upside down,Some sporting goods are bats,Some sporting goods hang upside down,*,*,*,*,*,*,0,NA,6277,Darii,0,1,0,0
13_53,13,N3-c-M2,53,1,poets,Valid Filler,Datisi,2,All poets are writers ,Some poets are teachers,Some teachers are writers,*,*,*,*,*,*,*,NA,3024,Datisi,1,1,0,0
13_54,13,N3-c-M2,54,0,colors,Invalid Filler,Disamis*,2,Some colors are primary ,All shades of purple are colors ,Some shades of purple are primary,*,*,*,*,*,*,*,NA,20451,Disamis,0,1,0,0
13_55,13,N3-c-M2,55,0,magazines,Polysemy,Disamis,2,Some magazines are glossy,All magazines are collaborations,Some collaborations are glossy,*,book-type,C,A,68.9,info,0.5714285714,NA,2206,Disamis,0,1,0,0
13_56,13,N3-c-M2,56,0,magazines,Polysemy,Disamis,2,Some magazines are coffee-stained,All magazines are subscriptions,Some subscriptions are coffee-stained,*,book-type,C,A,68.9,info,0.2857142857,NA,2380,Disamis,0,1,0,0
13_57,13,N3-c-M2,57,0,thieves,Invalid Filler,Dimatis*,2,Some children are thieves,All mob bosses are thieves,Some mob bosses are children,*,*,*,*,*,*,*,NA,2736,Dimatis,0,1,0,0
13_58,13,N3-c-M2,58,0,lunch,Polysemy,Dimatis,2,Some breaks are lunches,All lunches are entrées,Some entrées are breaks,*,lunch-type,A,C,96.6,event,0.7142857143,NA,1714,Dimatis,0,1,0,0
13_59,13,N3-c-M2,59,0,lunch,Polysemy,Dimatis,2,lunch-type,All lunches are menu items,Some menu items are meetings,*,lunch-type,A,C,96.6,event,1,NA,2632,Dimatis,0,1,0,0
13_60,13,N3-c-M2,60,0,dances,Invalid Filler,Darii*,2,All polkas are dances ,Some mating rituals are dances ,Some mating rituals are polkas ,*,*,*,*,*,*,*,NA,2451,Darii,0,1,0,0
13_61,13,N3-c-M2,61,0,breakfast,Polysemy,Darii,2,All breakfasts take place in the morning,Some sandwiches are breakfasts,Some sandwiches take place in the morning,*,lunch-type,A,C,87.1,event,0.4285714286,NA,12021,Darii,0,1,0,0
13_62,13,N3-c-M2,62,0,star,Homonymy,Datisi,2,All stars deal with paparazzi ,Some stars are red dwarfs,Some red dwarfs deal with paparazzi ,*,*,*,*,*,*,0,NA,10062,Datisi,0,1,0,0
13_63,13,N3-c-M2,63,0,cabinet,Homonymy,Datisi,2,All cabinets are selected by leaders,Some cabinets are cupboards,Some cupboards are selected by leaders,*,*,A,C,*,*,0.3333333333,NA,3170,Datisi,0,1,0,0
13_64,13,N3-c-M2,64,0,school,Polysemy,Disamis,2,Some schools are rectangular,All schools are employers,Some employers are rectangular,*,city-type,C,A,45.1,inst,0.5714285714,NA,3939,Disamis,0,1,0,0
13_65,13,N3-c-M2,65,0,change,Homonymy,Darii,2,All change jingles,Some social movements are change,Some social movements jingle,*,*,C,A,*,*,0.5714285714,NA,3358,Darii,0,1,0,0
13_66,13,N3-c-M2,66,0,picnic,Polysemy,Datisi,2,All picnics are leisurely,Some picnics are charcuterie,Some charcuterie is leisurely,*,lunch-type,A,C,59.2,event,0.7142857143,NA,1775,Datisi,0,1,0,0
13_67,13,N3-c-M2,67,0,wave,Homonymy,Dimatis,2,Some gestures are waves,Some waves are ripples,Some ripples are gestures,*,*,A,C,100,*,0.4285714286,NA,3081,Dimatis,0,1,0,0
13_68,13,N3-c-M2,68,0,board,Homonymy,Dimatis,2,Some governing organizations are boards,All boards are wooden planks,Some wooden planks are governing organizations,*,*,A,C,*,*,1,NA,52903,Dimatis,0,1,0,0
13_69,13,N3-c-M2,69,0,cabinet,Homonymy,Datisi,2,All cabinets advise the presidents,Some cabinets are Ikea products,Some ikea products advise the president,*,*,A,C,*,*,0.7142857143,NA,3502,Datisi,0,1,0,0
13_70,13,N3-c-M2,70,1,clowns,Valid Filler,Darii,2,All clowns can juggle ,Some circus performers are clowns ,Some circus performers can juggle,*,*,*,*,*,*,*,NA,3240,Darii,1,1,0,0
13_71,13,N3-c-M2,71,1,liars,Valid Filler,Dimatis,2,Some criminals are liars ,All liars are humans,Some humans are criminals ,*,*,*,*,*,*,*,NA,2290,Dimatis,1,1,0,0
13_72,13,N3-c-M2,72,1,statues,Valid Filler,Datisi,2,All statues are sculptures,Some statues are bronzes,Some bronzes are sculptures,*,*,*,*,*,*,*,NA,2928,Datisi,1,1,0,0
13_73,13,N3-c-M2,73,0,college,Polysemy,Darii,2,All colleges have spirit,Some colleges are national landmarks,Some national landmarks have spirit,*,city-type,A,C,56.6,inst,0.1428571429,NA,2491,Darii,0,1,0,0
13_74,13,N3-c-M2,74,0,school,Polysemy,Disamis,2,Some schools are brick,All schools are communities,Some communities are brick,*,city-type,C,A,45.1,inst,0.5714285714,NA,4939,Disamis,0,1,0,0
13_75,13,N3-c-M2,75,0,bat,Homonymy,Darii,2,All bats are mammals,Some weapons are bats,Some weapons are mammals,*,*,*,*,*,*,0.4285714286,NA,3811,Darii,0,1,0,0
13_76,13,N3-c-M2,76,0,company,Polysemy,Dimatis,2,Some office buildings are companies,All companies are legal entities,Some legal entities are office buildings ,*,city-type,C,A,83.8,inst,0.5714285714,NA,2898,Dimatis,0,1,0,0
13_77,13,N3-c-M2,77,0,suit,Homonymy,Disamis,2,Some suits have multiple defendants,All suits are dress attire,Some dress attire has multiple defendants,*,*,A,C,*,*,0.5714285714,NA,2567,Disamis,0,1,0,0
13_78,13,N3-c-M2,78,0,star,Homonymy,Datisi,2,All stars are famous ,Some stars are red dwarfs,Some red dwarfs are famous,*,*,*,*,*,*,0,NA,2171,Datisi,0,1,0,0
13_79,13,N3-c-M2,79,1,singers,Valid Filler,Darii,2,All singers have an ideal vocal range ,Some guitarists are singers,Some guitarists have an ideal vocal range,*,*,*,*,*,*,*,NA,6708,Darii,1,1,0,0
13_80,13,N3-c-M2,80,0,letter,Polysemy,Datisi,2,All letters have stamps,Some letters are rejections,Some rejections have stamps,*,book-type,C,A,78.5,info,0,NA,30574,Datisi,0,1,0,0
13_81,13,N3-c-M2,81,0,funerals,Invalid Filler,Datisi*,2,All open-casket services are funerals,Some funerals are cremations,Some cremations are open-casket services,*,*,*,*,*,*,*,NA,2812,Datisi,0,1,0,0
13_82,13,N3-c-M2,82,0,injuries,Invalid Filler,Dimatis*,2,Some sunburns are injuries,All cases of frostbite are injuries,Some cases of frostbite are sunburns,*,*,*,*,*,*,*,NA,19842,Dimatis,0,1,0,0
13_83,13,N3-c-M2,83,0,college,Polysemy,Darii,2,All colleges grant degrees,Some colleges are historic buildings,Some historic buildings grant degrees,*,city-type,A,C,56.6,inst,0.2857142857,NA,3193,Darii,0,1,0,0
13_84,13,N3-c-M2,84,0,sausages,Invalid Filler,Datisi*,2,All hot dogs are sausages,Some sausages are salamis,Some hot dogs are salamis,*,*,*,*,*,*,*,NA,2347,Datisi,0,1,0,0
13_85,13,N3-c-M2,85,0,dinner,Polysemy,Disamis,2,Some dinners are black tie,All dinners are foods,Some foods are black tie,*,lunch-type,A,C,90,event,0.5714285714,NA,1950,Disamis,0,1,0,0
13_86,13,N3-c-M2,86,0,ruler,Homonymy,Disamis,2,Some rulers are kings,All rulers are standard lengths,Some standard lengths are kings,*,*,*,*,*,*,0.8571428571,NA,3112,Disamis,0,1,0,0
13_87,13,N3-c-M2,87,0,match,Homonymy,Disamis,2,Some matches are championships,All matches are fire starters,Some fire starters are championships,*,*,A,C,80,*,0.7142857143,NA,2451,Disamis,0,1,0,0
13_88,13,N3-c-M2,88,0,spices,Invalid Filler,Dimatis*,2,Some dried roots are spices ,All mustard seeds are spices ,Some mustard seeds are dried roots,*,*,*,*,*,*,*,NA,3072,Dimatis,0,1,0,0
14_1,14,N3-c-M2,1,0,lunch,Polysemy,Dimatis,1,Some breaks are lunches,All lunches are entrées,Some entrées are breaks,*,lunch-type,A,C,96.6,event,0.7142857143,NA,5327,Dimatis,0,1,0,0
14_2,14,N3-c-M2,2,1,book,Polysemy,Dimatis,1,Some purchases are books,All books are creative endeavours,Some creative endeavours are purchases,*,book-type,C,A,64.5,info,0.1428571429,NA,3352,Dimatis,0,0,0,0
14_3,14,N3-c-M2,3,1,grapes,Valid Filler,Disamis,1,Some grapes are red ,All grapes are fruits ,Some fruits are red ,*,*,*,*,*,*,*,NA,3013,Disamis,1,1,0,0
14_4,14,N3-c-M2,4,1,singers,Valid Filler,Darii,1,All singers have an ideal vocal range ,Some guitarists are singers,Some guitarists have an ideal vocal range,*,*,*,*,*,*,*,NA,3022,Darii,1,1,0,0
14_5,14,N3-c-M2,5,0,ruler,Homonymy,Disamis,1,Some rulers are kings,All rulers are standard lengths,Some standard lengths are kings,*,*,*,*,*,*,0.8571428571,NA,3685,Disamis,0,1,0,0
14_6,14,N3-c-M2,6,1,peppers,Invalid Filler,Dimatis*,1,Some yellow vegetables are peppers ,All jalapenos are peppers,Some jalapenos are yellow vegetables,*,*,*,*,*,*,*,NA,3786,Dimatis,0,0,0,0
14_7,14,N3-c-M2,7,0,injuries,Invalid Filler,Dimatis*,1,Some sunburns are injuries,All cases of frostbite are injuries,Some cases of frostbite are sunburns,*,*,*,*,*,*,*,NA,2563,Dimatis,0,1,0,0
14_8,14,N3-c-M2,8,0,shapes,Invalid Filler,Disamis*,1,Some shapes are triangles,All squares are shapes,Some squares are triangles,*,*,*,*,*,*,*,NA,2773,Disamis,0,1,0,0
14_9,14,N3-c-M2,9,0,colors,Invalid Filler,Disamis*,1,Some colors are primary ,All shades of purple are colors ,Some shades of purple are primary,*,*,*,*,*,*,*,NA,3487,Disamis,0,1,0,0
14_10,14,N3-c-M2,10,1,spices,Invalid Filler,Dimatis*,1,Some dried roots are spices ,All mustard seeds are spices ,Some mustard seeds are dried roots,*,*,*,*,*,*,*,NA,5523,Dimatis,0,0,0,0
14_11,14,N3-c-M2,11,0,ring,Homonymy,Darii,1,All rings are sounds,Some accessories are rings,Some accessories are sounds,*,*,A,C,*,*,0.7142857143,NA,2532,Darii,0,1,0,0
14_12,14,N3-c-M2,12,0,toilets,Invalid Filler,Disamis*,1,Some toilets are coed,All urinals are toilets,Some urinals are coed,*,*,*,*,*,*,*,NA,3382,Disamis,0,1,0,0
14_13,14,N3-c-M2,13,0,ball,Homonymy,Dimatis,1,Some dances are balls,All balls are circles,Some circles are dances,*,*,A,C,*,*,0.1666666667,NA,3747,Dimatis,0,1,0,0
14_14,14,N3-c-M2,14,0,ball,Homonymy,Dimatis,1,Some parties are balls,All balls are toys,Some toys are parties,*,*,A,C,*,*,0.7142857143,NA,2089,Dimatis,0,1,0,0
14_15,14,N3-c-M2,15,0,bat,Homonymy,Darii,1,All bats are mammals,Some weapons are bats,Some weapons are mammals,*,*,*,*,*,*,0.4285714286,NA,2355,Darii,0,1,0,0
14_16,14,N3-c-M2,16,1,novel,Polysemy,Darii,1,All novels are printed,Some ideas are novels,Some ideas are printed,*,book-type,C,A,96.7,info,0.1428571429,NA,2783,Darii,0,0,0,0
14_17,14,N3-c-M2,17,1,dinner,Polysemy,Disamis,1,Some dinners last an hour,All dinners are sources of nutrition,Some sources of nutrition last an hour,*,lunch-type,A,C,90,event,0.1428571429,NA,4015,Disamis,0,0,0,0
14_18,14,N3-c-M2,18,0,wave,Homonymy,Dimatis,1,Some gestures are waves,Some waves are ripples,Some ripples are gestures,*,*,A,C,100,*,0.4285714286,NA,2673,Dimatis,0,1,0,0
14_19,14,N3-c-M2,19,0,stones,Invalid Filler,Datisi*,1,All pebbles are stones,Some stones are boulders,Some boulders are pebbles,*,*,*,*,*,*,*,NA,2224,Datisi,0,1,0,0
14_20,14,N3-c-M2,20,0,wave,Homonymy,Dimatis,1,Some greetings are waves,Some waves are tsunamis,Some tsunamis are greetings,*,*,A,C,100,*,0.7142857143,NA,2122,Dimatis,0,1,0,0
14_21,14,N3-c-M2,21,0,dinner,Polysemy,Disamis,1,Some dinners are black tie,All dinners are foods,Some foods are black tie,*,lunch-type,A,C,90,event,0.5714285714,NA,2812,Disamis,0,1,0,0
14_22,14,N3-c-M2,22,1,picnic,Polysemy,Datisi,1,All picnics are leisurely,Some picnics are charcuterie,Some charcuterie is leisurely,*,lunch-type,A,C,59.2,event,0.7142857143,NA,4364,Datisi,0,0,0,0
14_23,14,N3-c-M2,23,0,book,Polysemy,Dimatis,1,Some doorstops are books,All books are intellectual property,Some intellectual property is a doorstop,*,book-type,C,A,64.5,info,0.5714285714,NA,2823,Dimatis,0,1,0,0
14_24,14,N3-c-M2,24,1,college,Polysemy,Darii,1,All colleges grant degrees,Some colleges are historic buildings,Some historic buildings grant degrees,*,city-type,A,C,56.6,inst,0.2857142857,NA,5876,Darii,0,0,0,0
14_25,14,N3-c-M2,25,0,antiques,Invalid Filler,Darii*,1,All medieval manuscripts are antiques ,Some pieces of jewelry are antiques ,Some pieces of jewelry are medieval manuscripts,*,*,*,*,*,*,*,NA,3576,Darii,0,1,0,0
14_26,14,N3-c-M2,26,1,burgers,Valid Filler,Disamis,1,Some burgers are overcooked ,All burgers are sandwiches,Some sandwiches are overcooked ,*,*,*,*,*,*,*,NA,3053,Disamis,1,1,0,0
14_27,14,N3-c-M2,27,0,thieves,Invalid Filler,Dimatis*,1,Some children are thieves,All mob bosses are thieves,Some mob bosses are children,*,*,*,*,*,*,*,NA,3315,Dimatis,0,1,0,0
14_28,14,N3-c-M2,28,0,city,Polysemy,Datisi,1,All cities are bureaucracies,Some cities are graffitied ,Some bureaucracies are graffitied,*,city-type,A,C,67.7,inst,0.2857142857,NA,2662,Datisi,0,1,0,0
14_29,14,N3-c-M2,29,0,suit,Homonymy,Disamis,1,Some suits are settled out of court,All suits are formal outfits,Some formal outfits are settled out of court,*,*,A,C,*,*,0.7142857143,NA,2824,Disamis,0,1,0,0
14_30,14,N3-c-M2,30,1,college,Polysemy,Darii,1,All colleges have spirit,Some colleges are national landmarks,Some national landmarks have spirit,*,city-type,A,C,56.6,inst,0.1428571429,NA,3781,Darii,0,0,0,0
14_31,14,N3-c-M2,31,0,cabinet,Homonymy,Datisi,1,All cabinets are selected by leaders,Some cabinets are cupboards,Some cupboards are selected by leaders,*,*,A,C,*,*,0.3333333333,NA,3338,Datisi,0,1,0,0
14_32,14,N3-c-M2,32,0,dances,Invalid Filler,Darii*,1,All polkas are dances ,Some mating rituals are dances ,Some mating rituals are polkas ,*,*,*,*,*,*,*,NA,2436,Darii,0,1,0,0
14_33,14,N3-c-M2,33,1,poets,Valid Filler,Datisi,1,All poets are writers ,Some poets are teachers,Some teachers are writers,*,*,*,*,*,*,*,NA,2671,Datisi,1,1,0,0
14_34,14,N3-c-M2,34,0,rock,Homonymy,Datisi,1,All rock has guitars,Some rock is marble,Some marble has guitars,*,*,A,C,100,*,0.8571428571,NA,2166,Datisi,0,1,0,0
14_35,14,N3-c-M2,35,0,ruler,Homonymy,Disamis,1,Some rulers are monarchs,All rulers are measuring devices,Some measuring devices are monarchs,*,*,*,*,*,*,0.7142857143,NA,2172,Disamis,0,1,0,0
14_36,14,N3-c-M2,36,1,match,Homonymy,Disamis,1,Some matches are shown on TV,All matches are fire starters,Some fire starters are shown on TV,*,*,A,C,*,*,0,NA,4559,Disamis,0,0,0,0
14_37,14,N3-c-M2,37,0,cabinet,Homonymy,Datisi,1,All cabinets are political appointments,Some cabinets are antique furniture,Some antique furniture are political appointments,*,*,A,C,*,*,0.8571428571,NA,2612,Datisi,0,1,0,0
14_38,14,N3-c-M2,38,0,lunch,Polysemy,Dimatis,1,lunch-type,All lunches are menu items,Some menu items are meetings,*,lunch-type,A,C,96.6,event,1,NA,3211,Dimatis,0,1,0,0
14_39,14,N3-c-M2,39,0,actors,Invalid Filler,Datisi*,1,All male leads are actors,Some actors are women,Some women are male leads,*,*,*,*,*,*,*,NA,3475,Datisi,0,1,0,0
14_40,14,N3-c-M2,40,0,letter,Polysemy,Datisi,1,All letters are paper,Some letters are professions of love,Some professions of love are paper,*,book-type,C,A,78.5,info,0.4285714286,NA,2200,Datisi,0,1,0,0
14_41,14,N3-c-M2,41,0,ring,Homonymy,Darii,1,All rings are noises,Some anniversary gifts are rings,Some anniversary gifts are noises,*,*,A,C,*,*,0.7142857143,NA,2613,Darii,0,1,0,0
14_42,14,N3-c-M2,42,0,bat,Homonymy,Darii,1,All bats hang upside down,Some sporting goods are bats,Some sporting goods hang upside down,*,*,*,*,*,*,0,NA,3360,Darii,0,1,0,0
14_43,14,N3-c-M2,43,1,match,Homonymy,Disamis,1,Some matches are competitive,All matches are tools,Some tools are competitive,*,*,A,C,80,*,0.5714285714,NA,2994,Disamis,0,0,0,0
14_44,14,N3-c-M2,44,1,mugs,Valid Filler,Datisi,1,All mugs are cups ,Some mugs are ceramics,Some ceramics are cups ,*,*,*,*,*,*,*,NA,2372,Datisi,1,1,0,0
14_45,14,N3-c-M2,45,1,widows,Valid Filler,Dimatis,1,Some mothers are widows ,All widows are women,Some women are mothers,*,*,*,*,*,*,*,NA,3034,Dimatis,1,1,0,0
14_46,14,N3-c-M2,46,0,board,Homonymy,Dimatis,1,Some advisory bodies are boards,All boards are rectangles,Some rectangles are advisory bodies,*,*,A,C,*,*,0.8571428571,NA,2703,Dimatis,0,1,0,0
14_47,14,N3-c-M2,47,0,suit,Homonymy,Disamis,1,Some suits have multiple defendants,All suits are dress attire,Some dress attire has multiple defendants,*,*,A,C,*,*,0.5714285714,NA,3835,Disamis,0,1,0,0
14_48,14,N3-c-M2,48,1,novel,Polysemy,Darii,1,All novels are bound,Some mysteries are novels,Some mysteries are bound,*,book-type,C,A,96.7,info,0,NA,2984,Darii,0,0,0,0
14_49,14,N3-c-M2,49,1,liars,Valid Filler,Dimatis,1,Some criminals are liars ,All liars are humans,Some humans are criminals ,*,*,*,*,*,*,*,NA,2763,Dimatis,1,1,0,0
14_50,14,N3-c-M2,50,1,change,Homonymy,Darii,1,All change is money,Some surprises are change,Some surprises are money,*,*,C,A,*,*,0,NA,3865,Darii,0,0,0,0
14_51,14,N3-c-M2,51,0,statues,Valid Filler,Datisi,1,All statues are sculptures,Some statues are bronzes,Some bronzes are sculptures,*,*,*,*,*,*,*,NA,4415,Datisi,1,0,0,0
14_52,14,N3-c-M2,52,1,rifles,Valid Filler,Disamis,1,Some rifles are for hunting,All rifles are guns ,Some guns are for hunting,*,*,*,*,*,*,*,NA,2637,Disamis,1,1,0,0
14_53,14,N3-c-M2,53,1,trucks,Valid Filler,Dimatis,1,Some cars are trucks ,All trucks are vehicles,Some vehicles are cars ,*,*,*,*,*,*,*,NA,2505,Dimatis,1,1,0,0
14_54,14,N3-c-M2,54,1,city,Polysemy,Datisi,1,All cities have laws,Some cities are earthquake zones,Some earthquake zones have laws,*,city-type,A,C,67.7,inst,0,NA,3948,Datisi,0,0,0,0
14_55,14,N3-c-M2,55,0,steaks,Invalid Filler,Disamis*,1,Some steaks are filet mignons,All ribeyes are steaks,Some ribeyes are filet mignons,*,*,*,*,*,*,*,NA,2241,Disamis,0,1,0,0
14_56,14,N3-c-M2,56,1,picnic,Polysemy,Datisi,1,All picnics happen in nature,Some picnics are salads,Some salads happen in nature,*,lunch-type,A,C,59.2,event,0.5714285714,NA,7405,Datisi,0,0,0,0
14_57,14,N3-c-M2,57,0,company,Polysemy,Dimatis,1,Some storefronts are companies,All companies are hierarchies,Some hierarchies are storefronts,*,city-type,C,A,83.8,inst,0.7142857143,NA,2042,Dimatis,0,1,0,0
14_58,14,N3-c-M2,58,1,school,Polysemy,Disamis,1,Some schools are brick,All schools are communities,Some communities are brick,*,city-type,C,A,45.1,inst,0.5714285714,NA,3173,Disamis,0,0,0,0
14_59,14,N3-c-M2,59,0,sausages,Invalid Filler,Datisi*,1,All hot dogs are sausages,Some sausages are salamis,Some hot dogs are salamis,*,*,*,*,*,*,*,NA,2080,Datisi,0,1,0,0
14_60,14,N3-c-M2,60,1,clowns,Valid Filler,Darii,1,All clowns can juggle ,Some circus performers are clowns ,Some circus performers can juggle,*,*,*,*,*,*,*,NA,3163,Darii,1,1,0,0
14_61,14,N3-c-M2,61,0,board,Homonymy,Dimatis,1,Some governing organizations are boards,All boards are wooden planks,Some wooden planks are governing organizations,*,*,A,C,*,*,1,NA,3253,Dimatis,0,1,0,0
14_62,14,N3-c-M2,62,0,novel,Polysemy,Darii,1,All novels are flammable,Some debuts are novels,Some debuts are flammable,*,book-type,C,A,96.7,info,1,NA,2320,Darii,0,1,0,0
14_63,14,N3-c-M2,63,0,breakfast,Polysemy,Darii,1,All breakfasts take place in the morning,Some sandwiches are breakfasts,Some sandwiches take place in the morning,*,lunch-type,A,C,87.1,event,0.4285714286,NA,2355,Darii,0,1,0,0
14_64,14,N3-c-M2,64,0,cabinet,Homonymy,Datisi,1,All cabinets advise the presidents,Some cabinets are Ikea products,Some ikea products advise the president,*,*,A,C,*,*,0.7142857143,NA,2983,Datisi,0,1,0,0
14_65,14,N3-c-M2,65,0,breakfast,Polysemy,Darii,1,All breakfasts are under three hours,Some smoothies are breakfasts,Some smoothies are under three hours,*,lunch-type,A,C,87.1,event,0.7142857143,NA,2411,Darii,0,1,0,0
14_66,14,N3-c-M2,66,0,star,Homonymy,Datisi,1,All stars are charismatic,Some stars are pulsars,Some pulsars are charismatic,*,*,*,*,*,*,0.7142857143,NA,2912,Datisi,0,1,0,0
14_67,14,N3-c-M2,67,0,mothers,Invalid Filler,Darii*,1,All grandmothers are mothers ,Some teens are mothers,Some grandmothers are teens,*,*,*,*,*,*,*,NA,3593,Darii,0,1,0,0
14_68,14,N3-c-M2,68,0,bat,Homonymy,Darii,1,All bats share a common ancestor,Some sporting goods are bats,Some sporting goods share a common ancestor,*,*,*,*,*,*,0.2857142857,NA,2960,Darii,0,1,0,0
14_69,14,N3-c-M2,69,0,rock ,Homonymy,Datisi,1,All rock is rhythmic,Some rock is granite,Some granite is rhythmic,*,*,A,C,100,*,0.8571428571,NA,4365,Datisi,0,1,0,0
14_70,14,N3-c-M2,70,0,funerals,Invalid Filler,Datisi*,1,All open-casket services are funerals,Some funerals are cremations,Some cremations are open-casket services,*,*,*,*,*,*,*,NA,6267,Datisi,0,1,0,0
14_71,14,N3-c-M2,71,0,change,Homonymy,Darii,1,All change is legal tender,Some political revolutions are change,Some political revolutions are legal tender,*,*,C,A,*,*,0.8571428571,NA,2974,Darii,0,1,0,0
14_72,14,N3-c-M2,72,0,dresses,Invalid Filler,Darii*,1,All ball gowns are dresses ,Some cocktail outfits are dresses,Some cocktail outfits are ball gowns,*,*,*,*,*,*,*,NA,2354,Darii,0,1,0,0
14_73,14,N3-c-M2,73,0,school,Polysemy,Disamis,1,Some schools are rectangular,All schools are employers,Some employers are rectangular,*,city-type,C,A,45.1,inst,0.5714285714,NA,2445,Disamis,0,1,0,0
14_74,14,N3-c-M2,74,0,ponies,Valid Filler,Datisi,1,All ponies neigh,Some ponies are colts,Some colts neigh,*,*,*,*,*,*,*,NA,3533,Datisi,1,0,0,0
14_75,14,N3-c-M2,75,0,star,Homonymy,Datisi,1,All stars are famous ,Some stars are red dwarfs,Some red dwarfs are famous,*,*,*,*,*,*,0,NA,2430,Datisi,0,1,0,0
14_76,14,N3-c-M2,76,1,suitcases,Valid Filler,Dimatis,1,Some bags are suitcases,All suitcases are pieces of luggage,Some pieces of luggage are bags,*,*,*,*,*,*,*,NA,2701,Dimatis,1,1,0,0
14_77,14,N3-c-M2,77,0,star,Homonymy,Datisi,1,All stars deal with paparazzi ,Some stars are red dwarfs,Some red dwarfs deal with paparazzi ,*,*,*,*,*,*,0,NA,3652,Datisi,0,1,0,0
14_78,14,N3-c-M2,78,0,magazines,Polysemy,Disamis,1,Some magazines are coffee-stained,All magazines are subscriptions,Some subscriptions are coffee-stained,*,book-type,C,A,68.9,info,0.2857142857,NA,2729,Disamis,0,1,0,0
14_79,14,N3-c-M2,79,0,company,Polysemy,Dimatis,1,Some office buildings are companies,All companies are legal entities,Some legal entities are office buildings ,*,city-type,C,A,83.8,inst,0.5714285714,NA,3302,Dimatis,0,1,0,0
14_80,14,N3-c-M2,80,0,board,Homonymy,Dimatis,1,Some groups are boards,All boards are materials,Some materials are groups,*,*,A,C,*,*,0.5,NA,3257,Dimatis,0,1,0,0
14_81,14,N3-c-M2,81,0,letter,Polysemy,Datisi,1,All letters have stamps,Some letters are rejections,Some rejections have stamps,*,book-type,C,A,78.5,info,0,NA,4889,Datisi,0,1,0,0
14_82,14,N3-c-M2,82,0,ball,Homonymy,Dimatis,1,Some dances are balls,All balls are spheres,Some spheres are dances,*,*,A,C,*,*,0.7142857143,NA,2128,Dimatis,0,1,0,0
14_83,14,N3-c-M2,83,0,match,Homonymy,Disamis,1,Some matches are championships,All matches are fire starters,Some fire starters are championships,*,*,A,C,80,*,0.7142857143,NA,3153,Disamis,0,1,0,0
14_84,14,N3-c-M2,84,0,change,Homonymy,Darii,1,All change jingles,Some social movements are change,Some social movements jingle,*,*,C,A,*,*,0.5714285714,NA,1852,Darii,0,1,0,0
14_85,14,N3-c-M2,85,1,doughnuts,Valid Filler,Darii,1,All doughnuts are sugary ,Some pastries are doughnuts ,Some pastries are sugary,*,*,*,*,*,*,*,NA,2673,Darii,1,1,0,0
14_86,14,N3-c-M2,86,0,magazines,Polysemy,Disamis,1,Some magazines are glossy,All magazines are collaborations,Some collaborations are glossy,*,book-type,C,A,68.9,info,0.5714285714,NA,3662,Disamis,0,1,0,0
14_87,14,N3-c-M2,87,1,dolls,Valid Filler,Darii,1,All dolls are man made,Some toys are dolls ,Some toys are man made,*,*,*,*,*,*,*,NA,2852,Darii,1,1,0,0
14_88,14,N3-c-M2,88,1,swords,Valid Filler,Disamis,1,Some swords are decorative,All swords are weapons ,Some weapons are decorative ,*,*,*,*,*,*,*,NA,3262,Disamis,1,1,0,0
15_1,15,N3-c-M2,1,1,novel,Polysemy,Darii,2,All novels are printed,Some ideas are novels,Some ideas are printed,*,book-type,C,A,96.7,info,0.1428571429,NA,4453,Darii,0,0,0,0
15_2,15,N3-c-M2,2,0,breakfast,Polysemy,Darii,2,All breakfasts are under three hours,Some smoothies are breakfasts,Some smoothies are under three hours,*,lunch-type,A,C,87.1,event,0.7142857143,NA,5883,Darii,0,1,0,0
15_3,15,N3-c-M2,3,0,shapes,Invalid Filler,Disamis*,2,Some shapes are triangles,All squares are shapes,Some squares are triangles,*,*,*,*,*,*,*,NA,2146,Disamis,0,1,0,0
15_4,15,N3-c-M2,4,0,ball,Homonymy,Dimatis,2,Some dances are balls,All balls are circles,Some circles are dances,*,*,A,C,*,*,0.1666666667,NA,2573,Dimatis,0,1,0,0
15_5,15,N3-c-M2,5,1,ponies,Valid Filler,Datisi,2,All ponies neigh,Some ponies are colts,Some colts neigh,*,*,*,*,*,*,*,NA,3420,Datisi,1,1,0,0
15_6,15,N3-c-M2,6,0,change,Homonymy,Darii,2,All change is legal tender,Some political revolutions are change,Some political revolutions are legal tender,*,*,C,A,*,*,0.8571428571,NA,3394,Darii,0,1,0,0
15_7,15,N3-c-M2,7,1,mugs,Valid Filler,Datisi,2,All mugs are cups ,Some mugs are ceramics,Some ceramics are cups ,*,*,*,*,*,*,*,NA,2569,Datisi,1,1,0,0
15_8,15,N3-c-M2,8,0,star,Homonymy,Datisi,2,All stars are charismatic,Some stars are pulsars,Some pulsars are charismatic,*,*,*,*,*,*,0.7142857143,NA,2568,Datisi,0,1,0,0
15_9,15,N3-c-M2,9,1,mothers,Invalid Filler,Darii*,2,All grandmothers are mothers ,Some teens are mothers,Some grandmothers are teens,*,*,*,*,*,*,*,NA,12172,Darii,0,0,0,0
15_10,15,N3-c-M2,10,0,ring,Homonymy,Darii,2,All rings are sounds,Some accessories are rings,Some accessories are sounds,*,*,A,C,*,*,0.7142857143,NA,2107,Darii,0,1,0,0
15_11,15,N3-c-M2,11,1,grapes,Valid Filler,Disamis,2,Some grapes are red ,All grapes are fruits ,Some fruits are red ,*,*,*,*,*,*,*,NA,1877,Disamis,1,1,0,0
15_12,15,N3-c-M2,12,0,board,Homonymy,Dimatis,2,Some groups are boards,All boards are materials,Some materials are groups,*,*,A,C,*,*,0.5,NA,3620,Dimatis,0,1,0,0
15_13,15,N3-c-M2,13,0,toilets,Invalid Filler,Disamis*,2,Some toilets are coed,All urinals are toilets,Some urinals are coed,*,*,*,*,*,*,*,NA,3724,Disamis,0,1,0,0
15_14,15,N3-c-M2,14,0,suit,Homonymy,Disamis,2,Some suits are settled out of court,All suits are formal outfits,Some formal outfits are settled out of court,*,*,A,C,*,*,0.7142857143,NA,2776,Disamis,0,1,0,0
15_15,15,N3-c-M2,15,1,novel,Polysemy,Darii,2,All novels are flammable,Some debuts are novels,Some debuts are flammable,*,book-type,C,A,96.7,info,1,NA,3541,Darii,0,0,0,0
15_16,15,N3-c-M2,16,1,match,Homonymy,Disamis,2,Some matches are shown on TV,All matches are fire starters,Some fire starters are shown on TV,*,*,A,C,*,*,0,NA,2809,Disamis,0,0,0,0
15_17,15,N3-c-M2,17,1,novel,Polysemy,Darii,2,All novels are bound,Some mysteries are novels,Some mysteries are bound,*,book-type,C,A,96.7,info,0,NA,4190,Darii,0,0,0,0
15_18,15,N3-c-M2,18,1,book,Polysemy,Dimatis,2,Some purchases are books,All books are creative endeavours,Some creative endeavours are purchases,*,book-type,C,A,64.5,info,0.1428571429,NA,2876,Dimatis,0,0,0,0
15_19,15,N3-c-M2,19,1,widows,Valid Filler,Dimatis,2,Some mothers are widows ,All widows are women,Some women are mothers,*,*,*,*,*,*,*,NA,1968,Dimatis,1,1,0,0
15_20,15,N3-c-M2,20,1,dolls,Valid Filler,Darii,2,All dolls are man made,Some toys are dolls ,Some toys are man made,*,*,*,*,*,*,*,NA,2201,Darii,1,1,0,0
15_21,15,N3-c-M2,21,0,rock ,Homonymy,Datisi,2,All rock is rhythmic,Some rock is granite,Some granite is rhythmic,*,*,A,C,100,*,0.8571428571,NA,1907,Datisi,0,1,0,0
15_22,15,N3-c-M2,22,1,change,Homonymy,Darii,2,All change is money,Some surprises are change,Some surprises are money,*,*,C,A,*,*,0,NA,1741,Darii,0,0,0,0
15_23,15,N3-c-M2,23,0,match,Homonymy,Disamis,2,Some matches are competitive,All matches are tools,Some tools are competitive,*,*,A,C,80,*,0.5714285714,NA,3824,Disamis,0,1,0,0
15_24,15,N3-c-M2,24,0,book,Polysemy,Dimatis,2,Some doorstops are books,All books are intellectual property,Some intellectual property is a doorstop,*,book-type,C,A,64.5,info,0.5714285714,NA,4007,Dimatis,0,1,0,0
15_25,15,N3-c-M2,25,0,antiques,Invalid Filler,Darii*,2,All medieval manuscripts are antiques ,Some pieces of jewelry are antiques ,Some pieces of jewelry are medieval manuscripts,*,*,*,*,*,*,*,NA,3726,Darii,0,1,0,0
15_26,15,N3-c-M2,26,0,burgers,Valid Filler,Disamis,2,Some burgers are overcooked ,All burgers are sandwiches,Some sandwiches are overcooked ,*,*,*,*,*,*,*,NA,4315,Disamis,1,0,0,0
15_27,15,N3-c-M2,27,0,cabinet,Homonymy,Datisi,2,All cabinets are political appointments,Some cabinets are antique furniture,Some antique furniture are political appointments,*,*,A,C,*,*,0.8571428571,NA,4672,Datisi,0,1,0,0
15_28,15,N3-c-M2,28,1,peppers,Invalid Filler,Dimatis*,2,Some yellow vegetables are peppers ,All jalapenos are peppers,Some jalapenos are yellow vegetables,*,*,*,*,*,*,*,NA,4014,Dimatis,0,0,0,0
15_29,15,N3-c-M2,29,0,ball,Homonymy,Dimatis,2,Some dances are balls,All balls are spheres,Some spheres are dances,*,*,A,C,*,*,0.7142857143,NA,2050,Dimatis,0,1,0,0
15_30,15,N3-c-M2,30,1,actors,Invalid Filler,Datisi*,2,All male leads are actors,Some actors are women,Some women are male leads,*,*,*,*,*,*,*,NA,2806,Datisi,0,0,0,0
15_31,15,N3-c-M2,31,1,letter,Polysemy,Datisi,2,All letters are paper,Some letters are professions of love,Some professions of love are paper,*,book-type,C,A,78.5,info,0.4285714286,NA,6893,Datisi,0,0,0,0
15_32,15,N3-c-M2,32,0,ball,Homonymy,Dimatis,2,Some parties are balls,All balls are toys,Some toys are parties,*,*,A,C,*,*,0.7142857143,NA,3244,Dimatis,0,1,0,0
15_33,15,N3-c-M2,33,1,ring,Homonymy,Darii,2,All rings are noises,Some anniversary gifts are rings,Some anniversary gifts are noises,*,*,A,C,*,*,0.7142857143,NA,4385,Darii,0,0,0,0
15_34,15,N3-c-M2,34,0,city,Polysemy,Datisi,2,All cities are bureaucracies,Some cities are graffitied ,Some bureaucracies are graffitied,*,city-type,A,C,67.7,inst,0.2857142857,NA,2626,Datisi,0,1,0,0
15_35,15,N3-c-M2,35,0,board,Homonymy,Dimatis,2,Some advisory bodies are boards,All boards are rectangles,Some rectangles are advisory bodies,*,*,A,C,*,*,0.8571428571,NA,4897,Dimatis,0,1,0,0
15_36,15,N3-c-M2,36,1,rifles,Valid Filler,Disamis,2,Some rifles are for hunting,All rifles are guns ,Some guns are for hunting,*,*,*,*,*,*,*,NA,1983,Disamis,1,1,0,0
15_37,15,N3-c-M2,37,0,ruler,Homonymy,Disamis,2,Some rulers are monarchs,All rulers are measuring devices,Some measuring devices are monarchs,*,*,*,*,*,*,0.7142857143,NA,3785,Disamis,0,1,0,0
15_38,15,N3-c-M2,38,0,stones,Invalid Filler,Datisi*,2,All pebbles are stones,Some stones are boulders,Some boulders are pebbles,*,*,*,*,*,*,*,NA,4104,Datisi,0,1,0,0
15_39,15,N3-c-M2,39,1,dresses,Invalid Filler,Darii*,2,All ball gowns are dresses ,Some cocktail outfits are dresses,Some cocktail outfits are ball gowns,*,*,*,*,*,*,*,NA,2392,Darii,0,0,0,0
15_40,15,N3-c-M2,40,0,wave,Homonymy,Dimatis,2,Some greetings are waves,Some waves are tsunamis,Some tsunamis are greetings,*,*,A,C,100,*,0.7142857143,NA,2974,Dimatis,0,1,0,0
15_41,15,N3-c-M2,41,1,suitcases,Valid Filler,Dimatis,2,Some bags are suitcases,All suitcases are pieces of luggage,Some pieces of luggage are bags,*,*,*,*,*,*,*,NA,2155,Dimatis,1,1,0,0
15_42,15,N3-c-M2,42,1,bat,Homonymy,Darii,2,All bats share a common ancestor,Some sporting goods are bats,Some sporting goods share a common ancestor,*,*,*,*,*,*,0.2857142857,NA,4361,Darii,0,0,0,0
15_43,15,N3-c-M2,43,1,city,Polysemy,Datisi,2,All cities have laws,Some cities are earthquake zones,Some earthquake zones have laws,*,city-type,A,C,67.7,inst,0,NA,2673,Datisi,0,0,0,0
15_44,15,N3-c-M2,44,1,picnic,Polysemy,Datisi,2,All picnics happen in nature,Some picnics are salads,Some salads happen in nature,*,lunch-type,A,C,59.2,event,0.5714285714,NA,2721,Datisi,0,0,0,0
15_45,15,N3-c-M2,45,0,rock,Homonymy,Datisi,2,All rock has guitars,Some rock is marble,Some marble has guitars,*,*,A,C,100,*,0.8571428571,NA,1973,Datisi,0,1,0,0
15_46,15,N3-c-M2,46,1,doughnuts,Valid Filler,Darii,2,All doughnuts are sugary ,Some pastries are doughnuts ,Some pastries are sugary,*,*,*,*,*,*,*,NA,2211,Darii,1,1,0,0
15_47,15,N3-c-M2,47,1,trucks,Valid Filler,Dimatis,2,Some cars are trucks ,All trucks are vehicles,Some vehicles are cars ,*,*,*,*,*,*,*,NA,2311,Dimatis,1,1,0,0
15_48,15,N3-c-M2,48,1,swords,Valid Filler,Disamis,2,Some swords are decorative,All swords are weapons ,Some weapons are decorative ,*,*,*,*,*,*,*,NA,1949,Disamis,1,1,0,0
15_49,15,N3-c-M2,49,0,steaks,Invalid Filler,Disamis*,2,Some steaks are filet mignons,All ribeyes are steaks,Some ribeyes are filet mignons,*,*,*,*,*,*,*,NA,2909,Disamis,0,1,0,0
15_50,15,N3-c-M2,50,1,dinner,Polysemy,Disamis,2,Some dinners last an hour,All dinners are sources of nutrition,Some sources of nutrition last an hour,*,lunch-type,A,C,90,event,0.1428571429,NA,2498,Disamis,0,0,0,0
15_51,15,N3-c-M2,51,1,company,Polysemy,Dimatis,2,Some storefronts are companies,All companies are hierarchies,Some hierarchies are storefronts,*,city-type,C,A,83.8,inst,0.7142857143,NA,4227,Dimatis,0,0,0,0
15_52,15,N3-c-M2,52,1,bat,Homonymy,Darii,2,All bats hang upside down,Some sporting goods are bats,Some sporting goods hang upside down,*,*,*,*,*,*,0,NA,2322,Darii,0,0,0,0
15_53,15,N3-c-M2,53,1,poets,Valid Filler,Datisi,2,All poets are writers ,Some poets are teachers,Some teachers are writers,*,*,*,*,*,*,*,NA,2047,Datisi,1,1,0,0
15_54,15,N3-c-M2,54,0,colors,Invalid Filler,Disamis*,2,Some colors are primary ,All shades of purple are colors ,Some shades of purple are primary,*,*,*,*,*,*,*,NA,2447,Disamis,0,1,0,0
15_55,15,N3-c-M2,55,1,magazines,Polysemy,Disamis,2,Some magazines are glossy,All magazines are collaborations,Some collaborations are glossy,*,book-type,C,A,68.9,info,0.5714285714,NA,2977,Disamis,0,0,0,0
15_56,15,N3-c-M2,56,0,magazines,Polysemy,Disamis,2,Some magazines are coffee-stained,All magazines are subscriptions,Some subscriptions are coffee-stained,*,book-type,C,A,68.9,info,0.2857142857,NA,2890,Disamis,0,1,0,0
15_57,15,N3-c-M2,57,1,thieves,Invalid Filler,Dimatis*,2,Some children are thieves,All mob bosses are thieves,Some mob bosses are children,*,*,*,*,*,*,*,NA,4799,Dimatis,0,0,0,0
15_58,15,N3-c-M2,58,0,lunch,Polysemy,Dimatis,2,Some breaks are lunches,All lunches are entrées,Some entrées are breaks,*,lunch-type,A,C,96.6,event,0.7142857143,NA,2953,Dimatis,0,1,0,0
15_59,15,N3-c-M2,59,0,lunch,Polysemy,Dimatis,2,lunch-type,All lunches are menu items,Some menu items are meetings,*,lunch-type,A,C,96.6,event,1,NA,2163,Dimatis,0,1,0,0
15_60,15,N3-c-M2,60,1,dances,Invalid Filler,Darii*,2,All polkas are dances ,Some mating rituals are dances ,Some mating rituals are polkas ,*,*,*,*,*,*,*,NA,3197,Darii,0,0,0,0
15_61,15,N3-c-M2,61,0,breakfast,Polysemy,Darii,2,All breakfasts take place in the morning,Some sandwiches are breakfasts,Some sandwiches take place in the morning,*,lunch-type,A,C,87.1,event,0.4285714286,NA,3462,Darii,0,1,0,0
15_62,15,N3-c-M2,62,1,star,Homonymy,Datisi,2,All stars deal with paparazzi ,Some stars are red dwarfs,Some red dwarfs deal with paparazzi ,*,*,*,*,*,*,0,NA,3404,Datisi,0,0,0,0
15_63,15,N3-c-M2,63,1,cabinet,Homonymy,Datisi,2,All cabinets are selected by leaders,Some cabinets are cupboards,Some cupboards are selected by leaders,*,*,A,C,*,*,0.3333333333,NA,5747,Datisi,0,0,0,0
15_64,15,N3-c-M2,64,0,school,Polysemy,Disamis,2,Some schools are rectangular,All schools are employers,Some employers are rectangular,*,city-type,C,A,45.1,inst,0.5714285714,NA,1936,Disamis,0,1,0,0
15_65,15,N3-c-M2,65,1,change,Homonymy,Darii,2,All change jingles,Some social movements are change,Some social movements jingle,*,*,C,A,*,*,0.5714285714,NA,4394,Darii,0,0,0,0
15_66,15,N3-c-M2,66,0,picnic,Polysemy,Datisi,2,All picnics are leisurely,Some picnics are charcuterie,Some charcuterie is leisurely,*,lunch-type,A,C,59.2,event,0.7142857143,NA,2867,Datisi,0,1,0,0
15_67,15,N3-c-M2,67,0,wave,Homonymy,Dimatis,2,Some gestures are waves,Some waves are ripples,Some ripples are gestures,*,*,A,C,100,*,0.4285714286,NA,2220,Dimatis,0,1,0,0
15_68,15,N3-c-M2,68,0,board,Homonymy,Dimatis,2,Some governing organizations are boards,All boards are wooden planks,Some wooden planks are governing organizations,*,*,A,C,*,*,1,NA,2751,Dimatis,0,1,0,0
15_69,15,N3-c-M2,69,0,cabinet,Homonymy,Datisi,2,All cabinets advise the presidents,Some cabinets are Ikea products,Some ikea products advise the president,*,*,A,C,*,*,0.7142857143,NA,3258,Datisi,0,1,0,0
15_70,15,N3-c-M2,70,1,clowns,Valid Filler,Darii,2,All clowns can juggle ,Some circus performers are clowns ,Some circus performers can juggle,*,*,*,*,*,*,*,NA,2337,Darii,1,1,0,0
15_71,15,N3-c-M2,71,1,liars,Valid Filler,Dimatis,2,Some criminals are liars ,All liars are humans,Some humans are criminals ,*,*,*,*,*,*,*,NA,2293,Dimatis,1,1,0,0
15_72,15,N3-c-M2,72,0,statues,Valid Filler,Datisi,2,All statues are sculptures,Some statues are bronzes,Some bronzes are sculptures,*,*,*,*,*,*,*,NA,2640,Datisi,1,0,0,0
15_73,15,N3-c-M2,73,1,college,Polysemy,Darii,2,All colleges have spirit,Some colleges are national landmarks,Some national landmarks have spirit,*,city-type,A,C,56.6,inst,0.1428571429,NA,2614,Darii,0,0,0,0
15_74,15,N3-c-M2,74,0,school,Polysemy,Disamis,2,Some schools are brick,All schools are communities,Some communities are brick,*,city-type,C,A,45.1,inst,0.5714285714,NA,2332,Disamis,0,1,0,0
15_75,15,N3-c-M2,75,1,bat,Homonymy,Darii,2,All bats are mammals,Some weapons are bats,Some weapons are mammals,*,*,*,*,*,*,0.4285714286,NA,2804,Darii,0,0,0,0
15_76,15,N3-c-M2,76,1,company,Polysemy,Dimatis,2,Some office buildings are companies,All companies are legal entities,Some legal entities are office buildings ,*,city-type,C,A,83.8,inst,0.5714285714,NA,2703,Dimatis,0,0,0,0
15_77,15,N3-c-M2,77,0,suit,Homonymy,Disamis,2,Some suits have multiple defendants,All suits are dress attire,Some dress attire has multiple defendants,*,*,A,C,*,*,0.5714285714,NA,2560,Disamis,0,1,0,0
15_78,15,N3-c-M2,78,1,star,Homonymy,Datisi,2,All stars are famous ,Some stars are red dwarfs,Some red dwarfs are famous,*,*,*,*,*,*,0,NA,1963,Datisi,0,0,0,0
15_79,15,N3-c-M2,79,1,singers,Valid Filler,Darii,2,All singers have an ideal vocal range ,Some guitarists are singers,Some guitarists have an ideal vocal range,*,*,*,*,*,*,*,NA,3198,Darii,1,1,0,0
15_80,15,N3-c-M2,80,0,letter,Polysemy,Datisi,2,All letters have stamps,Some letters are rejections,Some rejections have stamps,*,book-type,C,A,78.5,info,0,NA,1907,Datisi,0,1,0,0
15_81,15,N3-c-M2,81,0,funerals,Invalid Filler,Datisi*,2,All open-casket services are funerals,Some funerals are cremations,Some cremations are open-casket services,*,*,*,*,*,*,*,NA,2427,Datisi,0,1,0,0
15_82,15,N3-c-M2,82,0,injuries,Invalid Filler,Dimatis*,2,Some sunburns are injuries,All cases of frostbite are injuries,Some cases of frostbite are sunburns,*,*,*,*,*,*,*,NA,3303,Dimatis,0,1,0,0
15_83,15,N3-c-M2,83,0,college,Polysemy,Darii,2,All colleges grant degrees,Some colleges are historic buildings,Some historic buildings grant degrees,*,city-type,A,C,56.6,inst,0.2857142857,NA,3868,Darii,0,1,0,0
15_84,15,N3-c-M2,84,1,sausages,Invalid Filler,Datisi*,2,All hot dogs are sausages,Some sausages are salamis,Some hot dogs are salamis,*,*,*,*,*,*,*,NA,2101,Datisi,0,0,0,0
15_85,15,N3-c-M2,85,0,dinner,Polysemy,Disamis,2,Some dinners are black tie,All dinners are foods,Some foods are black tie,*,lunch-type,A,C,90,event,0.5714285714,NA,2176,Disamis,0,1,0,0
15_86,15,N3-c-M2,86,0,ruler,Homonymy,Disamis,2,Some rulers are kings,All rulers are standard lengths,Some standard lengths are kings,*,*,*,*,*,*,0.8571428571,NA,3934,Disamis,0,1,0,0
15_87,15,N3-c-M2,87,0,match,Homonymy,Disamis,2,Some matches are championships,All matches are fire starters,Some fire starters are championships,*,*,A,C,80,*,0.7142857143,NA,4075,Disamis,0,1,0,0
15_88,15,N3-c-M2,88,0,spices,Invalid Filler,Dimatis*,2,Some dried roots are spices ,All mustard seeds are spices ,Some mustard seeds are dried roots,*,*,*,*,*,*,*,NA,2758,Dimatis,0,1,0,0
16_1,16,N3-c-M2,1,1,novel,Polysemy,Darii,2,All novels are printed,Some ideas are novels,Some ideas are printed,*,book-type,C,A,96.7,info,0.1428571429,NA,2475,Darii,0,0,0,0
16_2,16,N3-c-M2,2,1,breakfast,Polysemy,Darii,2,All breakfasts are under three hours,Some smoothies are breakfasts,Some smoothies are under three hours,*,lunch-type,A,C,87.1,event,0.7142857143,NA,5320,Darii,0,0,0,0
16_3,16,N3-c-M2,3,0,shapes,Invalid Filler,Disamis*,2,Some shapes are triangles,All squares are shapes,Some squares are triangles,*,*,*,*,*,*,*,NA,2159,Disamis,0,1,0,0
16_4,16,N3-c-M2,4,0,ball,Homonymy,Dimatis,2,Some dances are balls,All balls are circles,Some circles are dances,*,*,A,C,*,*,0.1666666667,NA,2485,Dimatis,0,1,0,0
16_5,16,N3-c-M2,5,1,ponies,Valid Filler,Datisi,2,All ponies neigh,Some ponies are colts,Some colts neigh,*,*,*,*,*,*,*,NA,1901,Datisi,1,1,0,0
16_6,16,N3-c-M2,6,0,change,Homonymy,Darii,2,All change is legal tender,Some political revolutions are change,Some political revolutions are legal tender,*,*,C,A,*,*,0.8571428571,NA,2239,Darii,0,1,0,0
16_7,16,N3-c-M2,7,1,mugs,Valid Filler,Datisi,2,All mugs are cups ,Some mugs are ceramics,Some ceramics are cups ,*,*,*,*,*,*,*,NA,5332,Datisi,1,1,0,0
16_8,16,N3-c-M2,8,0,star,Homonymy,Datisi,2,All stars are charismatic,Some stars are pulsars,Some pulsars are charismatic,*,*,*,*,*,*,0.7142857143,NA,2675,Datisi,0,1,0,0
16_9,16,N3-c-M2,9,0,mothers,Invalid Filler,Darii*,2,All grandmothers are mothers ,Some teens are mothers,Some grandmothers are teens,*,*,*,*,*,*,*,NA,1857,Darii,0,1,0,0
16_10,16,N3-c-M2,10,0,ring,Homonymy,Darii,2,All rings are sounds,Some accessories are rings,Some accessories are sounds,*,*,A,C,*,*,0.7142857143,NA,1810,Darii,0,1,0,0
16_11,16,N3-c-M2,11,1,grapes,Valid Filler,Disamis,2,Some grapes are red ,All grapes are fruits ,Some fruits are red ,*,*,*,*,*,*,*,NA,2103,Disamis,1,1,0,0
16_12,16,N3-c-M2,12,0,board,Homonymy,Dimatis,2,Some groups are boards,All boards are materials,Some materials are groups,*,*,A,C,*,*,0.5,NA,1878,Dimatis,0,1,0,0
16_13,16,N3-c-M2,13,0,toilets,Invalid Filler,Disamis*,2,Some toilets are coed,All urinals are toilets,Some urinals are coed,*,*,*,*,*,*,*,NA,3554,Disamis,0,1,0,0
16_14,16,N3-c-M2,14,0,suit,Homonymy,Disamis,2,Some suits are settled out of court,All suits are formal outfits,Some formal outfits are settled out of court,*,*,A,C,*,*,0.7142857143,NA,3059,Disamis,0,1,0,0
16_15,16,N3-c-M2,15,0,novel,Polysemy,Darii,2,All novels are flammable,Some debuts are novels,Some debuts are flammable,*,book-type,C,A,96.7,info,1,NA,12499,Darii,0,1,0,0
16_16,16,N3-c-M2,16,1,match,Homonymy,Disamis,2,Some matches are shown on TV,All matches are fire starters,Some fire starters are shown on TV,*,*,A,C,*,*,0,NA,1912,Disamis,0,0,0,0
16_17,16,N3-c-M2,17,0,novel,Polysemy,Darii,2,All novels are bound,Some mysteries are novels,Some mysteries are bound,*,book-type,C,A,96.7,info,0,NA,3296,Darii,0,1,0,0
16_18,16,N3-c-M2,18,0,book,Polysemy,Dimatis,2,Some purchases are books,All books are creative endeavours,Some creative endeavours are purchases,*,book-type,C,A,64.5,info,0.1428571429,NA,8753,Dimatis,0,1,0,0
16_19,16,N3-c-M2,19,1,widows,Valid Filler,Dimatis,2,Some mothers are widows ,All widows are women,Some women are mothers,*,*,*,*,*,*,*,NA,1990,Dimatis,1,1,0,0
16_20,16,N3-c-M2,20,1,dolls,Valid Filler,Darii,2,All dolls are man made,Some toys are dolls ,Some toys are man made,*,*,*,*,*,*,*,NA,4589,Darii,1,1,0,0
16_21,16,N3-c-M2,21,0,rock ,Homonymy,Datisi,2,All rock is rhythmic,Some rock is granite,Some granite is rhythmic,*,*,A,C,100,*,0.8571428571,NA,1621,Datisi,0,1,0,0
16_22,16,N3-c-M2,22,1,change,Homonymy,Darii,2,All change is money,Some surprises are change,Some surprises are money,*,*,C,A,*,*,0,NA,2732,Darii,0,0,0,0
16_23,16,N3-c-M2,23,0,match,Homonymy,Disamis,2,Some matches are competitive,All matches are tools,Some tools are competitive,*,*,A,C,80,*,0.5714285714,NA,1934,Disamis,0,1,0,0
16_24,16,N3-c-M2,24,0,book,Polysemy,Dimatis,2,Some doorstops are books,All books are intellectual property,Some intellectual property is a doorstop,*,book-type,C,A,64.5,info,0.5714285714,NA,6614,Dimatis,0,1,0,0
16_25,16,N3-c-M2,25,0,antiques,Invalid Filler,Darii*,2,All medieval manuscripts are antiques ,Some pieces of jewelry are antiques ,Some pieces of jewelry are medieval manuscripts,*,*,*,*,*,*,*,NA,2014,Darii,0,1,0,0
16_26,16,N3-c-M2,26,1,burgers,Valid Filler,Disamis,2,Some burgers are overcooked ,All burgers are sandwiches,Some sandwiches are overcooked ,*,*,*,*,*,*,*,NA,2586,Disamis,1,1,0,0
16_27,16,N3-c-M2,27,0,cabinet,Homonymy,Datisi,2,All cabinets are political appointments,Some cabinets are antique furniture,Some antique furniture are political appointments,*,*,A,C,*,*,0.8571428571,NA,5051,Datisi,0,1,0,0
16_28,16,N3-c-M2,28,0,peppers,Invalid Filler,Dimatis*,2,Some yellow vegetables are peppers ,All jalapenos are peppers,Some jalapenos are yellow vegetables,*,*,*,*,*,*,*,NA,2463,Dimatis,0,1,0,0
16_29,16,N3-c-M2,29,0,ball,Homonymy,Dimatis,2,Some dances are balls,All balls are spheres,Some spheres are dances,*,*,A,C,*,*,0.7142857143,NA,1665,Dimatis,0,1,0,0
16_30,16,N3-c-M2,30,0,actors,Invalid Filler,Datisi*,2,All male leads are actors,Some actors are women,Some women are male leads,*,*,*,*,*,*,*,NA,1754,Datisi,0,1,0,0
16_31,16,N3-c-M2,31,1,letter,Polysemy,Datisi,2,All letters are paper,Some letters are professions of love,Some professions of love are paper,*,book-type,C,A,78.5,info,0.4285714286,NA,2420,Datisi,0,0,0,0
16_32,16,N3-c-M2,32,0,ball,Homonymy,Dimatis,2,Some parties are balls,All balls are toys,Some toys are parties,*,*,A,C,*,*,0.7142857143,NA,1867,Dimatis,0,1,0,0
16_33,16,N3-c-M2,33,0,ring,Homonymy,Darii,2,All rings are noises,Some anniversary gifts are rings,Some anniversary gifts are noises,*,*,A,C,*,*,0.7142857143,NA,2059,Darii,0,1,0,0
16_34,16,N3-c-M2,34,0,city,Polysemy,Datisi,2,All cities are bureaucracies,Some cities are graffitied ,Some bureaucracies are graffitied,*,city-type,A,C,67.7,inst,0.2857142857,NA,1855,Datisi,0,1,0,0
16_35,16,N3-c-M2,35,0,board,Homonymy,Dimatis,2,Some advisory bodies are boards,All boards are rectangles,Some rectangles are advisory bodies,*,*,A,C,*,*,0.8571428571,NA,1981,Dimatis,0,1,0,0
16_36,16,N3-c-M2,36,1,rifles,Valid Filler,Disamis,2,Some rifles are for hunting,All rifles are guns ,Some guns are for hunting,*,*,*,*,*,*,*,NA,1776,Disamis,1,1,0,0
16_37,16,N3-c-M2,37,0,ruler,Homonymy,Disamis,2,Some rulers are monarchs,All rulers are measuring devices,Some measuring devices are monarchs,*,*,*,*,*,*,0.7142857143,NA,2846,Disamis,0,1,0,0
16_38,16,N3-c-M2,38,0,stones,Invalid Filler,Datisi*,2,All pebbles are stones,Some stones are boulders,Some boulders are pebbles,*,*,*,*,*,*,*,NA,3711,Datisi,0,1,0,0
16_39,16,N3-c-M2,39,1,dresses,Invalid Filler,Darii*,2,All ball gowns are dresses ,Some cocktail outfits are dresses,Some cocktail outfits are ball gowns,*,*,*,*,*,*,*,NA,1901,Darii,0,0,0,0
16_40,16,N3-c-M2,40,0,wave,Homonymy,Dimatis,2,Some greetings are waves,Some waves are tsunamis,Some tsunamis are greetings,*,*,A,C,100,*,0.7142857143,NA,1968,Dimatis,0,1,0,0
16_41,16,N3-c-M2,41,1,suitcases,Valid Filler,Dimatis,2,Some bags are suitcases,All suitcases are pieces of luggage,Some pieces of luggage are bags,*,*,*,*,*,*,*,NA,2113,Dimatis,1,1,0,0
16_42,16,N3-c-M2,42,0,bat,Homonymy,Darii,2,All bats share a common ancestor,Some sporting goods are bats,Some sporting goods share a common ancestor,*,*,*,*,*,*,0.2857142857,NA,2228,Darii,0,1,0,0
16_43,16,N3-c-M2,43,1,city,Polysemy,Datisi,2,All cities have laws,Some cities are earthquake zones,Some earthquake zones have laws,*,city-type,A,C,67.7,inst,0,NA,2418,Datisi,0,0,0,0
16_44,16,N3-c-M2,44,0,picnic,Polysemy,Datisi,2,All picnics happen in nature,Some picnics are salads,Some salads happen in nature,*,lunch-type,A,C,59.2,event,0.5714285714,NA,2137,Datisi,0,1,0,0
16_45,16,N3-c-M2,45,0,rock,Homonymy,Datisi,2,All rock has guitars,Some rock is marble,Some marble has guitars,*,*,A,C,100,*,0.8571428571,NA,1574,Datisi,0,1,0,0
16_46,16,N3-c-M2,46,1,doughnuts,Valid Filler,Darii,2,All doughnuts are sugary ,Some pastries are doughnuts ,Some pastries are sugary,*,*,*,*,*,*,*,NA,1654,Darii,1,1,0,0
16_47,16,N3-c-M2,47,1,trucks,Valid Filler,Dimatis,2,Some cars are trucks ,All trucks are vehicles,Some vehicles are cars ,*,*,*,*,*,*,*,NA,1619,Dimatis,1,1,0,0
16_48,16,N3-c-M2,48,1,swords,Valid Filler,Disamis,2,Some swords are decorative,All swords are weapons ,Some weapons are decorative ,*,*,*,*,*,*,*,NA,1969,Disamis,1,1,0,0
16_49,16,N3-c-M2,49,0,steaks,Invalid Filler,Disamis*,2,Some steaks are filet mignons,All ribeyes are steaks,Some ribeyes are filet mignons,*,*,*,*,*,*,*,NA,2385,Disamis,0,1,0,0
16_50,16,N3-c-M2,50,0,dinner,Polysemy,Disamis,2,Some dinners last an hour,All dinners are sources of nutrition,Some sources of nutrition last an hour,*,lunch-type,A,C,90,event,0.1428571429,NA,2125,Disamis,0,1,0,0
16_51,16,N3-c-M2,51,0,company,Polysemy,Dimatis,2,Some storefronts are companies,All companies are hierarchies,Some hierarchies are storefronts,*,city-type,C,A,83.8,inst,0.7142857143,NA,1675,Dimatis,0,1,0,0
16_52,16,N3-c-M2,52,1,bat,Homonymy,Darii,2,All bats hang upside down,Some sporting goods are bats,Some sporting goods hang upside down,*,*,*,*,*,*,0,NA,2114,Darii,0,0,0,0
16_53,16,N3-c-M2,53,1,poets,Valid Filler,Datisi,2,All poets are writers ,Some poets are teachers,Some teachers are writers,*,*,*,*,*,*,*,NA,1643,Datisi,1,1,0,0
16_54,16,N3-c-M2,54,0,colors,Invalid Filler,Disamis*,2,Some colors are primary ,All shades of purple are colors ,Some shades of purple are primary,*,*,*,*,*,*,*,NA,2339,Disamis,0,1,0,0
16_55,16,N3-c-M2,55,0,magazines,Polysemy,Disamis,2,Some magazines are glossy,All magazines are collaborations,Some collaborations are glossy,*,book-type,C,A,68.9,info,0.5714285714,NA,1721,Disamis,0,1,0,0
16_56,16,N3-c-M2,56,0,magazines,Polysemy,Disamis,2,Some magazines are coffee-stained,All magazines are subscriptions,Some subscriptions are coffee-stained,*,book-type,C,A,68.9,info,0.2857142857,NA,1822,Disamis,0,1,0,0
16_57,16,N3-c-M2,57,0,thieves,Invalid Filler,Dimatis*,2,Some children are thieves,All mob bosses are thieves,Some mob bosses are children,*,*,*,*,*,*,*,NA,1462,Dimatis,0,1,0,0
16_58,16,N3-c-M2,58,0,lunch,Polysemy,Dimatis,2,Some breaks are lunches,All lunches are entrées,Some entrées are breaks,*,lunch-type,A,C,96.6,event,0.7142857143,NA,1630,Dimatis,0,1,0,0
16_59,16,N3-c-M2,59,0,lunch,Polysemy,Dimatis,2,lunch-type,All lunches are menu items,Some menu items are meetings,*,lunch-type,A,C,96.6,event,1,NA,1395,Dimatis,0,1,0,0
16_60,16,N3-c-M2,60,0,dances,Invalid Filler,Darii*,2,All polkas are dances ,Some mating rituals are dances ,Some mating rituals are polkas ,*,*,*,*,*,*,*,NA,2485,Darii,0,1,0,0
16_61,16,N3-c-M2,61,0,breakfast,Polysemy,Darii,2,All breakfasts take place in the morning,Some sandwiches are breakfasts,Some sandwiches take place in the morning,*,lunch-type,A,C,87.1,event,0.4285714286,NA,1878,Darii,0,1,0,0
16_62,16,N3-c-M2,62,0,star,Homonymy,Datisi,2,All stars deal with paparazzi ,Some stars are red dwarfs,Some red dwarfs deal with paparazzi ,*,*,*,*,*,*,0,NA,2418,Datisi,0,1,0,0
16_63,16,N3-c-M2,63,1,cabinet,Homonymy,Datisi,2,All cabinets are selected by leaders,Some cabinets are cupboards,Some cupboards are selected by leaders,*,*,A,C,*,*,0.3333333333,NA,3307,Datisi,0,0,0,0
16_64,16,N3-c-M2,64,0,school,Polysemy,Disamis,2,Some schools are rectangular,All schools are employers,Some employers are rectangular,*,city-type,C,A,45.1,inst,0.5714285714,NA,2241,Disamis,0,1,0,0
16_65,16,N3-c-M2,65,0,change,Homonymy,Darii,2,All change jingles,Some social movements are change,Some social movements jingle,*,*,C,A,*,*,0.5714285714,NA,1539,Darii,0,1,0,0
16_66,16,N3-c-M2,66,1,picnic,Polysemy,Datisi,2,All picnics are leisurely,Some picnics are charcuterie,Some charcuterie is leisurely,*,lunch-type,A,C,59.2,event,0.7142857143,NA,2193,Datisi,0,0,0,0
16_67,16,N3-c-M2,67,0,wave,Homonymy,Dimatis,2,Some gestures are waves,Some waves are ripples,Some ripples are gestures,*,*,A,C,100,*,0.4285714286,NA,1776,Dimatis,0,1,0,0
16_68,16,N3-c-M2,68,0,board,Homonymy,Dimatis,2,Some governing organizations are boards,All boards are wooden planks,Some wooden planks are governing organizations,*,*,A,C,*,*,1,NA,1822,Dimatis,0,1,0,0
16_69,16,N3-c-M2,69,0,cabinet,Homonymy,Datisi,2,All cabinets advise the presidents,Some cabinets are Ikea products,Some ikea products advise the president,*,*,A,C,*,*,0.7142857143,NA,2284,Datisi,0,1,0,0
16_70,16,N3-c-M2,70,1,clowns,Valid Filler,Darii,2,All clowns can juggle ,Some circus performers are clowns ,Some circus performers can juggle,*,*,*,*,*,*,*,NA,1809,Darii,1,1,0,0
16_71,16,N3-c-M2,71,1,liars,Valid Filler,Dimatis,2,Some criminals are liars ,All liars are humans,Some humans are criminals ,*,*,*,*,*,*,*,NA,1575,Dimatis,1,1,0,0
16_72,16,N3-c-M2,72,0,statues,Valid Filler,Datisi,2,All statues are sculptures,Some statues are bronzes,Some bronzes are sculptures,*,*,*,*,*,*,*,NA,1710,Datisi,1,0,0,0
16_73,16,N3-c-M2,73,1,college,Polysemy,Darii,2,All colleges have spirit,Some colleges are national landmarks,Some national landmarks have spirit,*,city-type,A,C,56.6,inst,0.1428571429,NA,3286,Darii,0,0,0,0
16_74,16,N3-c-M2,74,0,school,Polysemy,Disamis,2,Some schools are brick,All schools are communities,Some communities are brick,*,city-type,C,A,45.1,inst,0.5714285714,NA,1552,Disamis,0,1,0,0
16_75,16,N3-c-M2,75,0,bat,Homonymy,Darii,2,All bats are mammals,Some weapons are bats,Some weapons are mammals,*,*,*,*,*,*,0.4285714286,NA,1471,Darii,0,1,0,0
16_76,16,N3-c-M2,76,0,company,Polysemy,Dimatis,2,Some office buildings are companies,All companies are legal entities,Some legal entities are office buildings ,*,city-type,C,A,83.8,inst,0.5714285714,NA,2059,Dimatis,0,1,0,0
16_77,16,N3-c-M2,77,0,suit,Homonymy,Disamis,2,Some suits have multiple defendants,All suits are dress attire,Some dress attire has multiple defendants,*,*,A,C,*,*,0.5714285714,NA,2621,Disamis,0,1,0,0
16_78,16,N3-c-M2,78,0,star,Homonymy,Datisi,2,All stars are famous ,Some stars are red dwarfs,Some red dwarfs are famous,*,*,*,*,*,*,0,NA,1395,Datisi,0,1,0,0
16_79,16,N3-c-M2,79,1,singers,Valid Filler,Darii,2,All singers have an ideal vocal range ,Some guitarists are singers,Some guitarists have an ideal vocal range,*,*,*,*,*,*,*,NA,2553,Darii,1,1,0,0
16_80,16,N3-c-M2,80,1,letter,Polysemy,Datisi,2,All letters have stamps,Some letters are rejections,Some rejections have stamps,*,book-type,C,A,78.5,info,0,NA,2598,Datisi,0,0,0,0
16_81,16,N3-c-M2,81,0,funerals,Invalid Filler,Datisi*,2,All open-casket services are funerals,Some funerals are cremations,Some cremations are open-casket services,*,*,*,*,*,*,*,NA,3184,Datisi,0,1,0,0
16_82,16,N3-c-M2,82,0,injuries,Invalid Filler,Dimatis*,2,Some sunburns are injuries,All cases of frostbite are injuries,Some cases of frostbite are sunburns,*,*,*,*,*,*,*,NA,2487,Dimatis,0,1,0,0
16_83,16,N3-c-M2,83,0,college,Polysemy,Darii,2,All colleges grant degrees,Some colleges are historic buildings,Some historic buildings grant degrees,*,city-type,A,C,56.6,inst,0.2857142857,NA,1764,Darii,0,1,0,0
16_84,16,N3-c-M2,84,0,sausages,Invalid Filler,Datisi*,2,All hot dogs are sausages,Some sausages are salamis,Some hot dogs are salamis,*,*,*,*,*,*,*,NA,1710,Datisi,0,1,0,0
16_85,16,N3-c-M2,85,0,dinner,Polysemy,Disamis,2,Some dinners are black tie,All dinners are foods,Some foods are black tie,*,lunch-type,A,C,90,event,0.5714285714,NA,1630,Disamis,0,1,0,0
16_86,16,N3-c-M2,86,0,ruler,Homonymy,Disamis,2,Some rulers are kings,All rulers are standard lengths,Some standard lengths are kings,*,*,*,*,*,*,0.8571428571,NA,1855,Disamis,0,1,0,0
16_87,16,N3-c-M2,87,0,match,Homonymy,Disamis,2,Some matches are championships,All matches are fire starters,Some fire starters are championships,*,*,A,C,80,*,0.7142857143,NA,2643,Disamis,0,1,0,0
16_88,16,N3-c-M2,88,0,spices,Invalid Filler,Dimatis*,2,Some dried roots are spices ,All mustard seeds are spices ,Some mustard seeds are dried roots,*,*,*,*,*,*,*,NA,2846,Dimatis,0,1,0,0
17_1,17,N3-c-M2,1,1,novel,Polysemy,Darii,2,All novels are printed,Some ideas are novels,Some ideas are printed,*,book-type,C,A,96.7,info,0.1428571429,NA,3900,Darii,0,0,0,0
17_2,17,N3-c-M2,2,0,breakfast,Polysemy,Darii,2,All breakfasts are under three hours,Some smoothies are breakfasts,Some smoothies are under three hours,*,lunch-type,A,C,87.1,event,0.7142857143,NA,2777,Darii,0,1,0,0
17_3,17,N3-c-M2,3,0,shapes,Invalid Filler,Disamis*,2,Some shapes are triangles,All squares are shapes,Some squares are triangles,*,*,*,*,*,*,*,NA,8075,Disamis,0,1,0,0
17_4,17,N3-c-M2,4,1,ball,Homonymy,Dimatis,2,Some dances are balls,All balls are circles,Some circles are dances,*,*,A,C,*,*,0.1666666667,NA,2584,Dimatis,0,0,0,0
17_5,17,N3-c-M2,5,1,ponies,Valid Filler,Datisi,2,All ponies neigh,Some ponies are colts,Some colts neigh,*,*,*,*,*,*,*,NA,2415,Datisi,1,1,0,0
17_6,17,N3-c-M2,6,0,change,Homonymy,Darii,2,All change is legal tender,Some political revolutions are change,Some political revolutions are legal tender,*,*,C,A,*,*,0.8571428571,NA,4473,Darii,0,1,0,0
17_7,17,N3-c-M2,7,1,mugs,Valid Filler,Datisi,2,All mugs are cups ,Some mugs are ceramics,Some ceramics are cups ,*,*,*,*,*,*,*,NA,1818,Datisi,1,1,0,0
17_8,17,N3-c-M2,8,0,star,Homonymy,Datisi,2,All stars are charismatic,Some stars are pulsars,Some pulsars are charismatic,*,*,*,*,*,*,0.7142857143,NA,2441,Datisi,0,1,0,0
17_9,17,N3-c-M2,9,0,mothers,Invalid Filler,Darii*,2,All grandmothers are mothers ,Some teens are mothers,Some grandmothers are teens,*,*,*,*,*,*,*,NA,2372,Darii,0,1,0,0
17_10,17,N3-c-M2,10,0,ring,Homonymy,Darii,2,All rings are sounds,Some accessories are rings,Some accessories are sounds,*,*,A,C,*,*,0.7142857143,NA,7489,Darii,0,1,0,0
17_11,17,N3-c-M2,11,1,grapes,Valid Filler,Disamis,2,Some grapes are red ,All grapes are fruits ,Some fruits are red ,*,*,*,*,*,*,*,NA,1471,Disamis,1,1,0,0
17_12,17,N3-c-M2,12,0,board,Homonymy,Dimatis,2,Some groups are boards,All boards are materials,Some materials are groups,*,*,A,C,*,*,0.5,NA,3760,Dimatis,0,1,0,0
17_13,17,N3-c-M2,13,1,toilets,Invalid Filler,Disamis*,2,Some toilets are coed,All urinals are toilets,Some urinals are coed,*,*,*,*,*,*,*,NA,3592,Disamis,0,0,0,0
17_14,17,N3-c-M2,14,0,suit,Homonymy,Disamis,2,Some suits are settled out of court,All suits are formal outfits,Some formal outfits are settled out of court,*,*,A,C,*,*,0.7142857143,NA,19231,Disamis,0,1,0,0
17_15,17,N3-c-M2,15,0,novel,Polysemy,Darii,2,All novels are flammable,Some debuts are novels,Some debuts are flammable,*,book-type,C,A,96.7,info,1,NA,4459,Darii,0,1,0,0
17_16,17,N3-c-M2,16,1,match,Homonymy,Disamis,2,Some matches are shown on TV,All matches are fire starters,Some fire starters are shown on TV,*,*,A,C,*,*,0,NA,3121,Disamis,0,0,0,0
17_17,17,N3-c-M2,17,0,novel,Polysemy,Darii,2,All novels are bound,Some mysteries are novels,Some mysteries are bound,*,book-type,C,A,96.7,info,0,NA,10620,Darii,0,1,0,0
17_18,17,N3-c-M2,18,1,book,Polysemy,Dimatis,2,Some purchases are books,All books are creative endeavours,Some creative endeavours are purchases,*,book-type,C,A,64.5,info,0.1428571429,NA,4753,Dimatis,0,0,0,0
17_19,17,N3-c-M2,19,1,widows,Valid Filler,Dimatis,2,Some mothers are widows ,All widows are women,Some women are mothers,*,*,*,*,*,*,*,NA,1781,Dimatis,1,1,0,0
17_20,17,N3-c-M2,20,1,dolls,Valid Filler,Darii,2,All dolls are man made,Some toys are dolls ,Some toys are man made,*,*,*,*,*,*,*,NA,1453,Darii,1,1,0,0
17_21,17,N3-c-M2,21,0,rock ,Homonymy,Datisi,2,All rock is rhythmic,Some rock is granite,Some granite is rhythmic,*,*,A,C,100,*,0.8571428571,NA,1801,Datisi,0,1,0,0
17_22,17,N3-c-M2,22,1,change,Homonymy,Darii,2,All change is money,Some surprises are change,Some surprises are money,*,*,C,A,*,*,0,NA,1970,Darii,0,0,0,0
17_23,17,N3-c-M2,23,1,match,Homonymy,Disamis,2,Some matches are competitive,All matches are tools,Some tools are competitive,*,*,A,C,80,*,0.5714285714,NA,7613,Disamis,0,0,0,0
17_24,17,N3-c-M2,24,0,book,Polysemy,Dimatis,2,Some doorstops are books,All books are intellectual property,Some intellectual property is a doorstop,*,book-type,C,A,64.5,info,0.5714285714,NA,6309,Dimatis,0,1,0,0
17_25,17,N3-c-M2,25,1,antiques,Invalid Filler,Darii*,2,All medieval manuscripts are antiques ,Some pieces of jewelry are antiques ,Some pieces of jewelry are medieval manuscripts,*,*,*,*,*,*,*,NA,3795,Darii,0,0,0,0
17_26,17,N3-c-M2,26,1,burgers,Valid Filler,Disamis,2,Some burgers are overcooked ,All burgers are sandwiches,Some sandwiches are overcooked ,*,*,*,*,*,*,*,NA,8706,Disamis,1,1,0,0
17_27,17,N3-c-M2,27,0,cabinet,Homonymy,Datisi,2,All cabinets are political appointments,Some cabinets are antique furniture,Some antique furniture are political appointments,*,*,A,C,*,*,0.8571428571,NA,4608,Datisi,0,1,0,0
17_28,17,N3-c-M2,28,0,peppers,Invalid Filler,Dimatis*,2,Some yellow vegetables are peppers ,All jalapenos are peppers,Some jalapenos are yellow vegetables,*,*,*,*,*,*,*,NA,2804,Dimatis,0,1,0,0
17_29,17,N3-c-M2,29,0,ball,Homonymy,Dimatis,2,Some dances are balls,All balls are spheres,Some spheres are dances,*,*,A,C,*,*,0.7142857143,NA,3223,Dimatis,0,1,0,0
17_30,17,N3-c-M2,30,1,actors,Invalid Filler,Datisi*,2,All male leads are actors,Some actors are women,Some women are male leads,*,*,*,*,*,*,*,NA,4503,Datisi,0,0,0,0
17_31,17,N3-c-M2,31,1,letter,Polysemy,Datisi,2,All letters are paper,Some letters are professions of love,Some professions of love are paper,*,book-type,C,A,78.5,info,0.4285714286,NA,13756,Datisi,0,0,0,0
17_32,17,N3-c-M2,32,0,ball,Homonymy,Dimatis,2,Some parties are balls,All balls are toys,Some toys are parties,*,*,A,C,*,*,0.7142857143,NA,2395,Dimatis,0,1,0,0
17_33,17,N3-c-M2,33,1,ring,Homonymy,Darii,2,All rings are noises,Some anniversary gifts are rings,Some anniversary gifts are noises,*,*,A,C,*,*,0.7142857143,NA,1948,Darii,0,0,0,0
17_34,17,N3-c-M2,34,0,city,Polysemy,Datisi,2,All cities are bureaucracies,Some cities are graffitied ,Some bureaucracies are graffitied,*,city-type,A,C,67.7,inst,0.2857142857,NA,2950,Datisi,0,1,0,0
17_35,17,N3-c-M2,35,0,board,Homonymy,Dimatis,2,Some advisory bodies are boards,All boards are rectangles,Some rectangles are advisory bodies,*,*,A,C,*,*,0.8571428571,NA,23394,Dimatis,0,1,0,0
17_36,17,N3-c-M2,36,1,rifles,Valid Filler,Disamis,2,Some rifles are for hunting,All rifles are guns ,Some guns are for hunting,*,*,*,*,*,*,*,NA,1497,Disamis,1,1,0,0
17_37,17,N3-c-M2,37,0,ruler,Homonymy,Disamis,2,Some rulers are monarchs,All rulers are measuring devices,Some measuring devices are monarchs,*,*,*,*,*,*,0.7142857143,NA,3253,Disamis,0,1,0,0
17_38,17,N3-c-M2,38,0,stones,Invalid Filler,Datisi*,2,All pebbles are stones,Some stones are boulders,Some boulders are pebbles,*,*,*,*,*,*,*,NA,1862,Datisi,0,1,0,0
17_39,17,N3-c-M2,39,0,dresses,Invalid Filler,Darii*,2,All ball gowns are dresses ,Some cocktail outfits are dresses,Some cocktail outfits are ball gowns,*,*,*,*,*,*,*,NA,5011,Darii,0,1,0,0
17_40,17,N3-c-M2,40,0,wave,Homonymy,Dimatis,2,Some greetings are waves,Some waves are tsunamis,Some tsunamis are greetings,*,*,A,C,100,*,0.7142857143,NA,1734,Dimatis,0,1,0,0
17_41,17,N3-c-M2,41,1,suitcases,Valid Filler,Dimatis,2,Some bags are suitcases,All suitcases are pieces of luggage,Some pieces of luggage are bags,*,*,*,*,*,*,*,NA,8790,Dimatis,1,1,0,0
17_42,17,N3-c-M2,42,0,bat,Homonymy,Darii,2,All bats share a common ancestor,Some sporting goods are bats,Some sporting goods share a common ancestor,*,*,*,*,*,*,0.2857142857,NA,4362,Darii,0,1,0,0
17_43,17,N3-c-M2,43,0,city,Polysemy,Datisi,2,All cities have laws,Some cities are earthquake zones,Some earthquake zones have laws,*,city-type,A,C,67.7,inst,0,NA,2632,Datisi,0,1,0,0
17_44,17,N3-c-M2,44,1,picnic,Polysemy,Datisi,2,All picnics happen in nature,Some picnics are salads,Some salads happen in nature,*,lunch-type,A,C,59.2,event,0.5714285714,NA,2187,Datisi,0,0,0,0
17_45,17,N3-c-M2,45,0,rock,Homonymy,Datisi,2,All rock has guitars,Some rock is marble,Some marble has guitars,*,*,A,C,100,*,0.8571428571,NA,1930,Datisi,0,1,0,0
17_46,17,N3-c-M2,46,1,doughnuts,Valid Filler,Darii,2,All doughnuts are sugary ,Some pastries are doughnuts ,Some pastries are sugary,*,*,*,*,*,*,*,NA,14318,Darii,1,1,0,0
17_47,17,N3-c-M2,47,1,trucks,Valid Filler,Dimatis,2,Some cars are trucks ,All trucks are vehicles,Some vehicles are cars ,*,*,*,*,*,*,*,NA,1832,Dimatis,1,1,0,0
17_48,17,N3-c-M2,48,1,swords,Valid Filler,Disamis,2,Some swords are decorative,All swords are weapons ,Some weapons are decorative ,*,*,*,*,*,*,*,NA,1823,Disamis,1,1,0,0
17_49,17,N3-c-M2,49,0,steaks,Invalid Filler,Disamis*,2,Some steaks are filet mignons,All ribeyes are steaks,Some ribeyes are filet mignons,*,*,*,*,*,*,*,NA,3522,Disamis,0,1,0,0
17_50,17,N3-c-M2,50,1,dinner,Polysemy,Disamis,2,Some dinners last an hour,All dinners are sources of nutrition,Some sources of nutrition last an hour,*,lunch-type,A,C,90,event,0.1428571429,NA,3358,Disamis,0,0,0,0
17_51,17,N3-c-M2,51,1,company,Polysemy,Dimatis,2,Some storefronts are companies,All companies are hierarchies,Some hierarchies are storefronts,*,city-type,C,A,83.8,inst,0.7142857143,NA,3550,Dimatis,0,0,0,0
17_52,17,N3-c-M2,52,0,bat,Homonymy,Darii,2,All bats hang upside down,Some sporting goods are bats,Some sporting goods hang upside down,*,*,*,*,*,*,0,NA,4659,Darii,0,1,0,0
17_53,17,N3-c-M2,53,1,poets,Valid Filler,Datisi,2,All poets are writers ,Some poets are teachers,Some teachers are writers,*,*,*,*,*,*,*,NA,2631,Datisi,1,1,0,0
17_54,17,N3-c-M2,54,0,colors,Invalid Filler,Disamis*,2,Some colors are primary ,All shades of purple are colors ,Some shades of purple are primary,*,*,*,*,*,*,*,NA,2839,Disamis,0,1,0,0
17_55,17,N3-c-M2,55,1,magazines,Polysemy,Disamis,2,Some magazines are glossy,All magazines are collaborations,Some collaborations are glossy,*,book-type,C,A,68.9,info,0.5714285714,NA,8051,Disamis,0,0,0,0
17_56,17,N3-c-M2,56,0,magazines,Polysemy,Disamis,2,Some magazines are coffee-stained,All magazines are subscriptions,Some subscriptions are coffee-stained,*,book-type,C,A,68.9,info,0.2857142857,NA,1701,Disamis,0,1,0,0
17_57,17,N3-c-M2,57,0,thieves,Invalid Filler,Dimatis*,2,Some children are thieves,All mob bosses are thieves,Some mob bosses are children,*,*,*,*,*,*,*,NA,2925,Dimatis,0,1,0,0
17_58,17,N3-c-M2,58,0,lunch,Polysemy,Dimatis,2,Some breaks are lunches,All lunches are entrées,Some entrées are breaks,*,lunch-type,A,C,96.6,event,0.7142857143,NA,2868,Dimatis,0,1,0,0
17_59,17,N3-c-M2,59,0,lunch,Polysemy,Dimatis,2,lunch-type,All lunches are menu items,Some menu items are meetings,*,lunch-type,A,C,96.6,event,1,NA,2562,Dimatis,0,1,0,0
17_60,17,N3-c-M2,60,1,dances,Invalid Filler,Darii*,2,All polkas are dances ,Some mating rituals are dances ,Some mating rituals are polkas ,*,*,*,*,*,*,*,NA,3254,Darii,0,0,0,0
17_61,17,N3-c-M2,61,1,breakfast,Polysemy,Darii,2,All breakfasts take place in the morning,Some sandwiches are breakfasts,Some sandwiches take place in the morning,*,lunch-type,A,C,87.1,event,0.4285714286,NA,2514,Darii,0,0,0,0
17_62,17,N3-c-M2,62,0,star,Homonymy,Datisi,2,All stars deal with paparazzi ,Some stars are red dwarfs,Some red dwarfs deal with paparazzi ,*,*,*,*,*,*,0,NA,2555,Datisi,0,1,0,0
17_63,17,N3-c-M2,63,0,cabinet,Homonymy,Datisi,2,All cabinets are selected by leaders,Some cabinets are cupboards,Some cupboards are selected by leaders,*,*,A,C,*,*,0.3333333333,NA,3988,Datisi,0,1,0,0
17_64,17,N3-c-M2,64,1,school,Polysemy,Disamis,2,Some schools are rectangular,All schools are employers,Some employers are rectangular,*,city-type,C,A,45.1,inst,0.5714285714,NA,4134,Disamis,0,0,0,0
17_65,17,N3-c-M2,65,0,change,Homonymy,Darii,2,All change jingles,Some social movements are change,Some social movements jingle,*,*,C,A,*,*,0.5714285714,NA,8387,Darii,0,1,0,0
17_66,17,N3-c-M2,66,1,picnic,Polysemy,Datisi,2,All picnics are leisurely,Some picnics are charcuterie,Some charcuterie is leisurely,*,lunch-type,A,C,59.2,event,0.7142857143,NA,2179,Datisi,0,0,0,0
17_67,17,N3-c-M2,67,0,wave,Homonymy,Dimatis,2,Some gestures are waves,Some waves are ripples,Some ripples are gestures,*,*,A,C,100,*,0.4285714286,NA,2161,Dimatis,0,1,0,0
17_68,17,N3-c-M2,68,0,board,Homonymy,Dimatis,2,Some governing organizations are boards,All boards are wooden planks,Some wooden planks are governing organizations,*,*,A,C,*,*,1,NA,4039,Dimatis,0,1,0,0
17_69,17,N3-c-M2,69,0,cabinet,Homonymy,Datisi,2,All cabinets advise the presidents,Some cabinets are Ikea products,Some ikea products advise the president,*,*,A,C,*,*,0.7142857143,NA,3231,Datisi,0,1,0,0
17_70,17,N3-c-M2,70,1,clowns,Valid Filler,Darii,2,All clowns can juggle ,Some circus performers are clowns ,Some circus performers can juggle,*,*,*,*,*,*,*,NA,3283,Darii,1,1,0,0
17_71,17,N3-c-M2,71,1,liars,Valid Filler,Dimatis,2,Some criminals are liars ,All liars are humans,Some humans are criminals ,*,*,*,*,*,*,*,NA,13526,Dimatis,1,1,0,0
17_72,17,N3-c-M2,72,1,statues,Valid Filler,Datisi,2,All statues are sculptures,Some statues are bronzes,Some bronzes are sculptures,*,*,*,*,*,*,*,NA,3000,Datisi,1,1,0,0
17_73,17,N3-c-M2,73,1,college,Polysemy,Darii,2,All colleges have spirit,Some colleges are national landmarks,Some national landmarks have spirit,*,city-type,A,C,56.6,inst,0.1428571429,NA,2251,Darii,0,0,0,0
17_74,17,N3-c-M2,74,0,school,Polysemy,Disamis,2,Some schools are brick,All schools are communities,Some communities are brick,*,city-type,C,A,45.1,inst,0.5714285714,NA,3055,Disamis,0,1,0,0
17_75,17,N3-c-M2,75,1,bat,Homonymy,Darii,2,All bats are mammals,Some weapons are bats,Some weapons are mammals,*,*,*,*,*,*,0.4285714286,NA,2029,Darii,0,0,0,0
17_76,17,N3-c-M2,76,0,company,Polysemy,Dimatis,2,Some office buildings are companies,All companies are legal entities,Some legal entities are office buildings ,*,city-type,C,A,83.8,inst,0.5714285714,NA,5413,Dimatis,0,1,0,0
17_77,17,N3-c-M2,77,0,suit,Homonymy,Disamis,2,Some suits have multiple defendants,All suits are dress attire,Some dress attire has multiple defendants,*,*,A,C,*,*,0.5714285714,NA,3014,Disamis,0,1,0,0
17_78,17,N3-c-M2,78,0,star,Homonymy,Datisi,2,All stars are famous ,Some stars are red dwarfs,Some red dwarfs are famous,*,*,*,*,*,*,0,NA,1346,Datisi,0,1,0,0
17_79,17,N3-c-M2,79,1,singers,Valid Filler,Darii,2,All singers have an ideal vocal range ,Some guitarists are singers,Some guitarists have an ideal vocal range,*,*,*,*,*,*,*,NA,1844,Darii,1,1,0,0
17_80,17,N3-c-M2,80,0,letter,Polysemy,Datisi,2,All letters have stamps,Some letters are rejections,Some rejections have stamps,*,book-type,C,A,78.5,info,0,NA,4207,Datisi,0,1,0,0
17_81,17,N3-c-M2,81,0,funerals,Invalid Filler,Datisi*,2,All open-casket services are funerals,Some funerals are cremations,Some cremations are open-casket services,*,*,*,*,*,*,*,NA,11604,Datisi,0,1,0,0
17_82,17,N3-c-M2,82,0,injuries,Invalid Filler,Dimatis*,2,Some sunburns are injuries,All cases of frostbite are injuries,Some cases of frostbite are sunburns,*,*,*,*,*,*,*,NA,3412,Dimatis,0,1,0,0
17_83,17,N3-c-M2,83,1,college,Polysemy,Darii,2,All colleges grant degrees,Some colleges are historic buildings,Some historic buildings grant degrees,*,city-type,A,C,56.6,inst,0.2857142857,NA,38787,Darii,0,0,0,0
17_84,17,N3-c-M2,84,0,sausages,Invalid Filler,Datisi*,2,All hot dogs are sausages,Some sausages are salamis,Some hot dogs are salamis,*,*,*,*,*,*,*,NA,2456,Datisi,0,1,0,0
17_85,17,N3-c-M2,85,0,dinner,Polysemy,Disamis,2,Some dinners are black tie,All dinners are foods,Some foods are black tie,*,lunch-type,A,C,90,event,0.5714285714,NA,7214,Disamis,0,1,0,0
17_86,17,N3-c-M2,86,0,ruler,Homonymy,Disamis,2,Some rulers are kings,All rulers are standard lengths,Some standard lengths are kings,*,*,*,*,*,*,0.8571428571,NA,2666,Disamis,0,1,0,0
17_87,17,N3-c-M2,87,0,match,Homonymy,Disamis,2,Some matches are championships,All matches are fire starters,Some fire starters are championships,*,*,A,C,80,*,0.7142857143,NA,2579,Disamis,0,1,0,0
17_88,17,N3-c-M2,88,0,spices,Invalid Filler,Dimatis*,2,Some dried roots are spices ,All mustard seeds are spices ,Some mustard seeds are dried roots,*,*,*,*,*,*,*,NA,2260,Dimatis,0,1,0,0
18_1,18,N3-c-M2,1,0,lunch,Polysemy,Dimatis,1,Some breaks are lunches,All lunches are entrées,Some entrées are breaks,*,lunch-type,A,C,96.6,event,0.7142857143,NA,9927,Dimatis,0,1,0,0
18_2,18,N3-c-M2,2,1,book,Polysemy,Dimatis,1,Some purchases are books,All books are creative endeavours,Some creative endeavours are purchases,*,book-type,C,A,64.5,info,0.1428571429,NA,3568,Dimatis,0,0,0,0
18_3,18,N3-c-M2,3,1,grapes,Valid Filler,Disamis,1,Some grapes are red ,All grapes are fruits ,Some fruits are red ,*,*,*,*,*,*,*,NA,3089,Disamis,1,1,0,0
18_4,18,N3-c-M2,4,1,singers,Valid Filler,Darii,1,All singers have an ideal vocal range ,Some guitarists are singers,Some guitarists have an ideal vocal range,*,*,*,*,*,*,*,NA,3420,Darii,1,1,0,0
18_5,18,N3-c-M2,5,0,ruler,Homonymy,Disamis,1,Some rulers are kings,All rulers are standard lengths,Some standard lengths are kings,*,*,*,*,*,*,0.8571428571,NA,5330,Disamis,0,1,0,0
18_6,18,N3-c-M2,6,0,peppers,Invalid Filler,Dimatis*,1,Some yellow vegetables are peppers ,All jalapenos are peppers,Some jalapenos are yellow vegetables,*,*,*,*,*,*,*,NA,3344,Dimatis,0,1,0,0
18_7,18,N3-c-M2,7,0,injuries,Invalid Filler,Dimatis*,1,Some sunburns are injuries,All cases of frostbite are injuries,Some cases of frostbite are sunburns,*,*,*,*,*,*,*,NA,4261,Dimatis,0,1,0,0
18_8,18,N3-c-M2,8,0,shapes,Invalid Filler,Disamis*,1,Some shapes are triangles,All squares are shapes,Some squares are triangles,*,*,*,*,*,*,*,NA,2867,Disamis,0,1,0,0
18_9,18,N3-c-M2,9,1,colors,Invalid Filler,Disamis*,1,Some colors are primary ,All shades of purple are colors ,Some shades of purple are primary,*,*,*,*,*,*,*,NA,3251,Disamis,0,0,0,0
18_10,18,N3-c-M2,10,0,spices,Invalid Filler,Dimatis*,1,Some dried roots are spices ,All mustard seeds are spices ,Some mustard seeds are dried roots,*,*,*,*,*,*,*,NA,3180,Dimatis,0,1,0,0
18_11,18,N3-c-M2,11,0,ring,Homonymy,Darii,1,All rings are sounds,Some accessories are rings,Some accessories are sounds,*,*,A,C,*,*,0.7142857143,NA,3599,Darii,0,1,0,0
18_12,18,N3-c-M2,12,1,toilets,Invalid Filler,Disamis*,1,Some toilets are coed,All urinals are toilets,Some urinals are coed,*,*,*,*,*,*,*,NA,3723,Disamis,0,0,0,0
18_13,18,N3-c-M2,13,0,ball,Homonymy,Dimatis,1,Some dances are balls,All balls are circles,Some circles are dances,*,*,A,C,*,*,0.1666666667,NA,2372,Dimatis,0,1,0,0
18_14,18,N3-c-M2,14,0,ball,Homonymy,Dimatis,1,Some parties are balls,All balls are toys,Some toys are parties,*,*,A,C,*,*,0.7142857143,NA,2302,Dimatis,0,1,0,0
18_15,18,N3-c-M2,15,0,bat,Homonymy,Darii,1,All bats are mammals,Some weapons are bats,Some weapons are mammals,*,*,*,*,*,*,0.4285714286,NA,3255,Darii,0,1,0,0
18_16,18,N3-c-M2,16,1,novel,Polysemy,Darii,1,All novels are printed,Some ideas are novels,Some ideas are printed,*,book-type,C,A,96.7,info,0.1428571429,NA,2596,Darii,0,0,0,0
18_17,18,N3-c-M2,17,1,dinner,Polysemy,Disamis,1,Some dinners last an hour,All dinners are sources of nutrition,Some sources of nutrition last an hour,*,lunch-type,A,C,90,event,0.1428571429,NA,10163,Disamis,0,0,0,0
18_18,18,N3-c-M2,18,0,wave,Homonymy,Dimatis,1,Some gestures are waves,Some waves are ripples,Some ripples are gestures,*,*,A,C,100,*,0.4285714286,NA,2403,Dimatis,0,1,0,0
18_19,18,N3-c-M2,19,0,stones,Invalid Filler,Datisi*,1,All pebbles are stones,Some stones are boulders,Some boulders are pebbles,*,*,*,*,*,*,*,NA,2394,Datisi,0,1,0,0
18_20,18,N3-c-M2,20,0,wave,Homonymy,Dimatis,1,Some greetings are waves,Some waves are tsunamis,Some tsunamis are greetings,*,*,A,C,100,*,0.7142857143,NA,2538,Dimatis,0,1,0,0
18_21,18,N3-c-M2,21,0,dinner,Polysemy,Disamis,1,Some dinners are black tie,All dinners are foods,Some foods are black tie,*,lunch-type,A,C,90,event,0.5714285714,NA,2797,Disamis,0,1,0,0
18_22,18,N3-c-M2,22,0,picnic,Polysemy,Datisi,1,All picnics are leisurely,Some picnics are charcuterie,Some charcuterie is leisurely,*,lunch-type,A,C,59.2,event,0.7142857143,NA,7236,Datisi,0,1,0,0
18_23,18,N3-c-M2,23,0,book,Polysemy,Dimatis,1,Some doorstops are books,All books are intellectual property,Some intellectual property is a doorstop,*,book-type,C,A,64.5,info,0.5714285714,NA,3258,Dimatis,0,1,0,0
18_24,18,N3-c-M2,24,0,college,Polysemy,Darii,1,All colleges grant degrees,Some colleges are historic buildings,Some historic buildings grant degrees,*,city-type,A,C,56.6,inst,0.2857142857,NA,3821,Darii,0,1,0,0
18_25,18,N3-c-M2,25,0,antiques,Invalid Filler,Darii*,1,All medieval manuscripts are antiques ,Some pieces of jewelry are antiques ,Some pieces of jewelry are medieval manuscripts,*,*,*,*,*,*,*,NA,3184,Darii,0,1,0,0
18_26,18,N3-c-M2,26,1,burgers,Valid Filler,Disamis,1,Some burgers are overcooked ,All burgers are sandwiches,Some sandwiches are overcooked ,*,*,*,*,*,*,*,NA,3051,Disamis,1,1,0,0
18_27,18,N3-c-M2,27,0,thieves,Invalid Filler,Dimatis*,1,Some children are thieves,All mob bosses are thieves,Some mob bosses are children,*,*,*,*,*,*,*,NA,3526,Dimatis,0,1,0,0
18_28,18,N3-c-M2,28,0,city,Polysemy,Datisi,1,All cities are bureaucracies,Some cities are graffitied ,Some bureaucracies are graffitied,*,city-type,A,C,67.7,inst,0.2857142857,NA,2823,Datisi,0,1,0,0
18_29,18,N3-c-M2,29,0,suit,Homonymy,Disamis,1,Some suits are settled out of court,All suits are formal outfits,Some formal outfits are settled out of court,*,*,A,C,*,*,0.7142857143,NA,36163,Disamis,0,1,0,0
18_30,18,N3-c-M2,30,1,college,Polysemy,Darii,1,All colleges have spirit,Some colleges are national landmarks,Some national landmarks have spirit,*,city-type,A,C,56.6,inst,0.1428571429,NA,5487,Darii,0,0,0,0
18_31,18,N3-c-M2,31,0,cabinet,Homonymy,Datisi,1,All cabinets are selected by leaders,Some cabinets are cupboards,Some cupboards are selected by leaders,*,*,A,C,*,*,0.3333333333,NA,4868,Datisi,0,1,0,0
18_32,18,N3-c-M2,32,0,dances,Invalid Filler,Darii*,1,All polkas are dances ,Some mating rituals are dances ,Some mating rituals are polkas ,*,*,*,*,*,*,*,NA,2669,Darii,0,1,0,0
18_33,18,N3-c-M2,33,1,poets,Valid Filler,Datisi,1,All poets are writers ,Some poets are teachers,Some teachers are writers,*,*,*,*,*,*,*,NA,4780,Datisi,1,1,0,0
18_34,18,N3-c-M2,34,0,rock,Homonymy,Datisi,1,All rock has guitars,Some rock is marble,Some marble has guitars,*,*,A,C,100,*,0.8571428571,NA,2712,Datisi,0,1,0,0
18_35,18,N3-c-M2,35,0,ruler,Homonymy,Disamis,1,Some rulers are monarchs,All rulers are measuring devices,Some measuring devices are monarchs,*,*,*,*,*,*,0.7142857143,NA,14099,Disamis,0,1,0,0
18_36,18,N3-c-M2,36,1,match,Homonymy,Disamis,1,Some matches are shown on TV,All matches are fire starters,Some fire starters are shown on TV,*,*,A,C,*,*,0,NA,3233,Disamis,0,0,0,0
18_37,18,N3-c-M2,37,0,cabinet,Homonymy,Datisi,1,All cabinets are political appointments,Some cabinets are antique furniture,Some antique furniture are political appointments,*,*,A,C,*,*,0.8571428571,NA,4094,Datisi,0,1,0,0
18_38,18,N3-c-M2,38,0,lunch,Polysemy,Dimatis,1,lunch-type,All lunches are menu items,Some menu items are meetings,*,lunch-type,A,C,96.6,event,1,NA,4315,Dimatis,0,1,0,0
18_39,18,N3-c-M2,39,0,actors,Invalid Filler,Datisi*,1,All male leads are actors,Some actors are women,Some women are male leads,*,*,*,*,*,*,*,NA,2982,Datisi,0,1,0,0
18_40,18,N3-c-M2,40,1,letter,Polysemy,Datisi,1,All letters are paper,Some letters are professions of love,Some professions of love are paper,*,book-type,C,A,78.5,info,0.4285714286,NA,5512,Datisi,0,0,0,0
18_41,18,N3-c-M2,41,1,ring,Homonymy,Darii,1,All rings are noises,Some anniversary gifts are rings,Some anniversary gifts are noises,*,*,A,C,*,*,0.7142857143,NA,3622,Darii,0,0,0,0
18_42,18,N3-c-M2,42,1,bat,Homonymy,Darii,1,All bats hang upside down,Some sporting goods are bats,Some sporting goods hang upside down,*,*,*,*,*,*,0,NA,5723,Darii,0,0,0,0
18_43,18,N3-c-M2,43,1,match,Homonymy,Disamis,1,Some matches are competitive,All matches are tools,Some tools are competitive,*,*,A,C,80,*,0.5714285714,NA,3361,Disamis,0,0,0,0
18_44,18,N3-c-M2,44,1,mugs,Valid Filler,Datisi,1,All mugs are cups ,Some mugs are ceramics,Some ceramics are cups ,*,*,*,*,*,*,*,NA,2676,Datisi,1,1,0,0
18_45,18,N3-c-M2,45,1,widows,Valid Filler,Dimatis,1,Some mothers are widows ,All widows are women,Some women are mothers,*,*,*,*,*,*,*,NA,2255,Dimatis,1,1,0,0
18_46,18,N3-c-M2,46,0,board,Homonymy,Dimatis,1,Some advisory bodies are boards,All boards are rectangles,Some rectangles are advisory bodies,*,*,A,C,*,*,0.8571428571,NA,4626,Dimatis,0,1,0,0
18_47,18,N3-c-M2,47,0,suit,Homonymy,Disamis,1,Some suits have multiple defendants,All suits are dress attire,Some dress attire has multiple defendants,*,*,A,C,*,*,0.5714285714,NA,2919,Disamis,0,1,0,0
18_48,18,N3-c-M2,48,1,novel,Polysemy,Darii,1,All novels are bound,Some mysteries are novels,Some mysteries are bound,*,book-type,C,A,96.7,info,0,NA,4855,Darii,0,0,0,0
18_49,18,N3-c-M2,49,1,liars,Valid Filler,Dimatis,1,Some criminals are liars ,All liars are humans,Some humans are criminals ,*,*,*,*,*,*,*,NA,3144,Dimatis,1,1,0,0
18_50,18,N3-c-M2,50,1,change,Homonymy,Darii,1,All change is money,Some surprises are change,Some surprises are money,*,*,C,A,*,*,0,NA,2608,Darii,0,0,0,0
18_51,18,N3-c-M2,51,1,statues,Valid Filler,Datisi,1,All statues are sculptures,Some statues are bronzes,Some bronzes are sculptures,*,*,*,*,*,*,*,NA,3128,Datisi,1,1,0,0
18_52,18,N3-c-M2,52,1,rifles,Valid Filler,Disamis,1,Some rifles are for hunting,All rifles are guns ,Some guns are for hunting,*,*,*,*,*,*,*,NA,2807,Disamis,1,1,0,0
18_53,18,N3-c-M2,53,1,trucks,Valid Filler,Dimatis,1,Some cars are trucks ,All trucks are vehicles,Some vehicles are cars ,*,*,*,*,*,*,*,NA,3517,Dimatis,1,1,0,0
18_54,18,N3-c-M2,54,1,city,Polysemy,Datisi,1,All cities have laws,Some cities are earthquake zones,Some earthquake zones have laws,*,city-type,A,C,67.7,inst,0,NA,4401,Datisi,0,0,0,0
18_55,18,N3-c-M2,55,0,steaks,Invalid Filler,Disamis*,1,Some steaks are filet mignons,All ribeyes are steaks,Some ribeyes are filet mignons,*,*,*,*,*,*,*,NA,2718,Disamis,0,1,0,0
18_56,18,N3-c-M2,56,0,picnic,Polysemy,Datisi,1,All picnics happen in nature,Some picnics are salads,Some salads happen in nature,*,lunch-type,A,C,59.2,event,0.5714285714,NA,3034,Datisi,0,1,0,0
18_57,18,N3-c-M2,57,0,company,Polysemy,Dimatis,1,Some storefronts are companies,All companies are hierarchies,Some hierarchies are storefronts,*,city-type,C,A,83.8,inst,0.7142857143,NA,2593,Dimatis,0,1,0,0
18_58,18,N3-c-M2,58,1,school,Polysemy,Disamis,1,Some schools are brick,All schools are communities,Some communities are brick,*,city-type,C,A,45.1,inst,0.5714285714,NA,3192,Disamis,0,0,0,0
18_59,18,N3-c-M2,59,0,sausages,Invalid Filler,Datisi*,1,All hot dogs are sausages,Some sausages are salamis,Some hot dogs are salamis,*,*,*,*,*,*,*,NA,2791,Datisi,0,1,0,0
18_60,18,N3-c-M2,60,1,clowns,Valid Filler,Darii,1,All clowns can juggle ,Some circus performers are clowns ,Some circus performers can juggle,*,*,*,*,*,*,*,NA,3005,Darii,1,1,0,0
18_61,18,N3-c-M2,61,0,board,Homonymy,Dimatis,1,Some governing organizations are boards,All boards are wooden planks,Some wooden planks are governing organizations,*,*,A,C,*,*,1,NA,2810,Dimatis,0,1,0,0
18_62,18,N3-c-M2,62,0,novel,Polysemy,Darii,1,All novels are flammable,Some debuts are novels,Some debuts are flammable,*,book-type,C,A,96.7,info,1,NA,2239,Darii,0,1,0,0
18_63,18,N3-c-M2,63,0,breakfast,Polysemy,Darii,1,All breakfasts take place in the morning,Some sandwiches are breakfasts,Some sandwiches take place in the morning,*,lunch-type,A,C,87.1,event,0.4285714286,NA,4967,Darii,0,1,0,0
18_64,18,N3-c-M2,64,0,cabinet,Homonymy,Datisi,1,All cabinets advise the presidents,Some cabinets are Ikea products,Some ikea products advise the president,*,*,A,C,*,*,0.7142857143,NA,25527,Datisi,0,1,0,0
18_65,18,N3-c-M2,65,0,breakfast,Polysemy,Darii,1,All breakfasts are under three hours,Some smoothies are breakfasts,Some smoothies are under three hours,*,lunch-type,A,C,87.1,event,0.7142857143,NA,3348,Darii,0,1,0,0
18_66,18,N3-c-M2,66,0,star,Homonymy,Datisi,1,All stars are charismatic,Some stars are pulsars,Some pulsars are charismatic,*,*,*,*,*,*,0.7142857143,NA,2310,Datisi,0,1,0,0
18_67,18,N3-c-M2,67,0,mothers,Invalid Filler,Darii*,1,All grandmothers are mothers ,Some teens are mothers,Some grandmothers are teens,*,*,*,*,*,*,*,NA,3044,Darii,0,1,0,0
18_68,18,N3-c-M2,68,0,bat,Homonymy,Darii,1,All bats share a common ancestor,Some sporting goods are bats,Some sporting goods share a common ancestor,*,*,*,*,*,*,0.2857142857,NA,4041,Darii,0,1,0,0
18_69,18,N3-c-M2,69,0,rock ,Homonymy,Datisi,1,All rock is rhythmic,Some rock is granite,Some granite is rhythmic,*,*,A,C,100,*,0.8571428571,NA,85267,Datisi,0,1,0,0
18_70,18,N3-c-M2,70,1,funerals,Invalid Filler,Datisi*,1,All open-casket services are funerals,Some funerals are cremations,Some cremations are open-casket services,*,*,*,*,*,*,*,NA,3943,Datisi,0,0,0,0
18_71,18,N3-c-M2,71,0,change,Homonymy,Darii,1,All change is legal tender,Some political revolutions are change,Some political revolutions are legal tender,*,*,C,A,*,*,0.8571428571,NA,4118,Darii,0,1,0,0
18_72,18,N3-c-M2,72,1,dresses,Invalid Filler,Darii*,1,All ball gowns are dresses ,Some cocktail outfits are dresses,Some cocktail outfits are ball gowns,*,*,*,*,*,*,*,NA,5853,Darii,0,0,0,0
18_73,18,N3-c-M2,73,0,school,Polysemy,Disamis,1,Some schools are rectangular,All schools are employers,Some employers are rectangular,*,city-type,C,A,45.1,inst,0.5714285714,NA,2199,Disamis,0,1,0,0
18_74,18,N3-c-M2,74,1,ponies,Valid Filler,Datisi,1,All ponies neigh,Some ponies are colts,Some colts neigh,*,*,*,*,*,*,*,NA,3526,Datisi,1,1,0,0
18_75,18,N3-c-M2,75,0,star,Homonymy,Datisi,1,All stars are famous ,Some stars are red dwarfs,Some red dwarfs are famous,*,*,*,*,*,*,0,NA,3762,Datisi,0,1,0,0
18_76,18,N3-c-M2,76,1,suitcases,Valid Filler,Dimatis,1,Some bags are suitcases,All suitcases are pieces of luggage,Some pieces of luggage are bags,*,*,*,*,*,*,*,NA,3666,Dimatis,1,1,0,0
18_77,18,N3-c-M2,77,0,star,Homonymy,Datisi,1,All stars deal with paparazzi ,Some stars are red dwarfs,Some red dwarfs deal with paparazzi ,*,*,*,*,*,*,0,NA,2386,Datisi,0,1,0,0
18_78,18,N3-c-M2,78,0,magazines,Polysemy,Disamis,1,Some magazines are coffee-stained,All magazines are subscriptions,Some subscriptions are coffee-stained,*,book-type,C,A,68.9,info,0.2857142857,NA,4552,Disamis,0,1,0,0
18_79,18,N3-c-M2,79,1,company,Polysemy,Dimatis,1,Some office buildings are companies,All companies are legal entities,Some legal entities are office buildings ,*,city-type,C,A,83.8,inst,0.5714285714,NA,3390,Dimatis,0,0,0,0
18_80,18,N3-c-M2,80,1,board,Homonymy,Dimatis,1,Some groups are boards,All boards are materials,Some materials are groups,*,*,A,C,*,*,0.5,NA,2570,Dimatis,0,0,0,0
18_81,18,N3-c-M2,81,1,letter,Polysemy,Datisi,1,All letters have stamps,Some letters are rejections,Some rejections have stamps,*,book-type,C,A,78.5,info,0,NA,4453,Datisi,0,0,0,0
18_82,18,N3-c-M2,82,0,ball,Homonymy,Dimatis,1,Some dances are balls,All balls are spheres,Some spheres are dances,*,*,A,C,*,*,0.7142857143,NA,2256,Dimatis,0,1,0,0
18_83,18,N3-c-M2,83,0,match,Homonymy,Disamis,1,Some matches are championships,All matches are fire starters,Some fire starters are championships,*,*,A,C,80,*,0.7142857143,NA,5217,Disamis,0,1,0,0
18_84,18,N3-c-M2,84,0,change,Homonymy,Darii,1,All change jingles,Some social movements are change,Some social movements jingle,*,*,C,A,*,*,0.5714285714,NA,2252,Darii,0,1,0,0
18_85,18,N3-c-M2,85,1,doughnuts,Valid Filler,Darii,1,All doughnuts are sugary ,Some pastries are doughnuts ,Some pastries are sugary,*,*,*,*,*,*,*,NA,2593,Darii,1,1,0,0
18_86,18,N3-c-M2,86,0,magazines,Polysemy,Disamis,1,Some magazines are glossy,All magazines are collaborations,Some collaborations are glossy,*,book-type,C,A,68.9,info,0.5714285714,NA,1922,Disamis,0,1,0,0
18_87,18,N3-c-M2,87,1,dolls,Valid Filler,Darii,1,All dolls are man made,Some toys are dolls ,Some toys are man made,*,*,*,*,*,*,*,NA,2807,Darii,1,1,0,0
18_88,18,N3-c-M2,88,0,swords,Valid Filler,Disamis,1,Some swords are decorative,All swords are weapons ,Some weapons are decorative ,*,*,*,*,*,*,*,NA,2743,Disamis,1,0,0,0
19_1,19,N3-c-M2,1,0,lunch,Polysemy,Dimatis,1,Some breaks are lunches,All lunches are entrées,Some entrées are breaks,*,lunch-type,A,C,96.6,event,0.7142857143,NA,5106,Dimatis,0,1,0,0
19_2,19,N3-c-M2,2,1,book,Polysemy,Dimatis,1,Some purchases are books,All books are creative endeavours,Some creative endeavours are purchases,*,book-type,C,A,64.5,info,0.1428571429,NA,3960,Dimatis,0,0,0,0
19_3,19,N3-c-M2,3,1,grapes,Valid Filler,Disamis,1,Some grapes are red ,All grapes are fruits ,Some fruits are red ,*,*,*,*,*,*,*,NA,2747,Disamis,1,1,0,0
19_4,19,N3-c-M2,4,1,singers,Valid Filler,Darii,1,All singers have an ideal vocal range ,Some guitarists are singers,Some guitarists have an ideal vocal range,*,*,*,*,*,*,*,NA,3319,Darii,1,1,0,0
19_5,19,N3-c-M2,5,0,ruler,Homonymy,Disamis,1,Some rulers are kings,All rulers are standard lengths,Some standard lengths are kings,*,*,*,*,*,*,0.8571428571,NA,4002,Disamis,0,1,0,0
19_6,19,N3-c-M2,6,1,peppers,Invalid Filler,Dimatis*,1,Some yellow vegetables are peppers ,All jalapenos are peppers,Some jalapenos are yellow vegetables,*,*,*,*,*,*,*,NA,14319,Dimatis,0,0,0,0
19_7,19,N3-c-M2,7,0,injuries,Invalid Filler,Dimatis*,1,Some sunburns are injuries,All cases of frostbite are injuries,Some cases of frostbite are sunburns,*,*,*,*,*,*,*,NA,15634,Dimatis,0,1,0,0
19_8,19,N3-c-M2,8,0,shapes,Invalid Filler,Disamis*,1,Some shapes are triangles,All squares are shapes,Some squares are triangles,*,*,*,*,*,*,*,NA,3976,Disamis,0,1,0,0
19_9,19,N3-c-M2,9,1,colors,Invalid Filler,Disamis*,1,Some colors are primary ,All shades of purple are colors ,Some shades of purple are primary,*,*,*,*,*,*,*,NA,3174,Disamis,0,0,0,0
19_10,19,N3-c-M2,10,1,spices,Invalid Filler,Dimatis*,1,Some dried roots are spices ,All mustard seeds are spices ,Some mustard seeds are dried roots,*,*,*,*,*,*,*,NA,3563,Dimatis,0,0,0,0
19_11,19,N3-c-M2,11,0,ring,Homonymy,Darii,1,All rings are sounds,Some accessories are rings,Some accessories are sounds,*,*,A,C,*,*,0.7142857143,NA,3921,Darii,0,1,0,0
19_12,19,N3-c-M2,12,0,toilets,Invalid Filler,Disamis*,1,Some toilets are coed,All urinals are toilets,Some urinals are coed,*,*,*,*,*,*,*,NA,3862,Disamis,0,1,0,0
19_13,19,N3-c-M2,13,1,ball,Homonymy,Dimatis,1,Some dances are balls,All balls are circles,Some circles are dances,*,*,A,C,*,*,0.1666666667,NA,3871,Dimatis,0,0,0,0
19_14,19,N3-c-M2,14,1,ball,Homonymy,Dimatis,1,Some parties are balls,All balls are toys,Some toys are parties,*,*,A,C,*,*,0.7142857143,NA,4656,Dimatis,0,0,0,0
19_15,19,N3-c-M2,15,1,bat,Homonymy,Darii,1,All bats are mammals,Some weapons are bats,Some weapons are mammals,*,*,*,*,*,*,0.4285714286,NA,3795,Darii,0,0,0,0
19_16,19,N3-c-M2,16,1,novel,Polysemy,Darii,1,All novels are printed,Some ideas are novels,Some ideas are printed,*,book-type,C,A,96.7,info,0.1428571429,NA,2462,Darii,0,0,0,0
19_17,19,N3-c-M2,17,0,dinner,Polysemy,Disamis,1,Some dinners last an hour,All dinners are sources of nutrition,Some sources of nutrition last an hour,*,lunch-type,A,C,90,event,0.1428571429,NA,13645,Disamis,0,1,0,0
19_18,19,N3-c-M2,18,0,wave,Homonymy,Dimatis,1,Some gestures are waves,Some waves are ripples,Some ripples are gestures,*,*,A,C,100,*,0.4285714286,NA,5445,Dimatis,0,1,0,0
19_19,19,N3-c-M2,19,0,stones,Invalid Filler,Datisi*,1,All pebbles are stones,Some stones are boulders,Some boulders are pebbles,*,*,*,*,*,*,*,NA,12630,Datisi,0,1,0,0
19_20,19,N3-c-M2,20,0,wave,Homonymy,Dimatis,1,Some greetings are waves,Some waves are tsunamis,Some tsunamis are greetings,*,*,A,C,100,*,0.7142857143,NA,11211,Dimatis,0,1,0,0
19_21,19,N3-c-M2,21,1,dinner,Polysemy,Disamis,1,Some dinners are black tie,All dinners are foods,Some foods are black tie,*,lunch-type,A,C,90,event,0.5714285714,NA,5445,Disamis,0,0,0,0
19_22,19,N3-c-M2,22,1,picnic,Polysemy,Datisi,1,All picnics are leisurely,Some picnics are charcuterie,Some charcuterie is leisurely,*,lunch-type,A,C,59.2,event,0.7142857143,NA,2851,Datisi,0,0,0,0
19_23,19,N3-c-M2,23,0,book,Polysemy,Dimatis,1,Some doorstops are books,All books are intellectual property,Some intellectual property is a doorstop,*,book-type,C,A,64.5,info,0.5714285714,NA,2720,Dimatis,0,1,0,0
19_24,19,N3-c-M2,24,1,college,Polysemy,Darii,1,All colleges grant degrees,Some colleges are historic buildings,Some historic buildings grant degrees,*,city-type,A,C,56.6,inst,0.2857142857,NA,25129,Darii,0,0,0,0
19_25,19,N3-c-M2,25,0,antiques,Invalid Filler,Darii*,1,All medieval manuscripts are antiques ,Some pieces of jewelry are antiques ,Some pieces of jewelry are medieval manuscripts,*,*,*,*,*,*,*,NA,4917,Darii,0,1,0,0
19_26,19,N3-c-M2,26,1,burgers,Valid Filler,Disamis,1,Some burgers are overcooked ,All burgers are sandwiches,Some sandwiches are overcooked ,*,*,*,*,*,*,*,NA,2638,Disamis,1,1,0,0
19_27,19,N3-c-M2,27,0,thieves,Invalid Filler,Dimatis*,1,Some children are thieves,All mob bosses are thieves,Some mob bosses are children,*,*,*,*,*,*,*,NA,3121,Dimatis,0,1,0,0
19_28,19,N3-c-M2,28,0,city,Polysemy,Datisi,1,All cities are bureaucracies,Some cities are graffitied ,Some bureaucracies are graffitied,*,city-type,A,C,67.7,inst,0.2857142857,NA,5864,Datisi,0,1,0,0
19_29,19,N3-c-M2,29,0,suit,Homonymy,Disamis,1,Some suits are settled out of court,All suits are formal outfits,Some formal outfits are settled out of court,*,*,A,C,*,*,0.7142857143,NA,7441,Disamis,0,1,0,0
19_30,19,N3-c-M2,30,1,college,Polysemy,Darii,1,All colleges have spirit,Some colleges are national landmarks,Some national landmarks have spirit,*,city-type,A,C,56.6,inst,0.1428571429,NA,15945,Darii,0,0,0,0
19_31,19,N3-c-M2,31,0,cabinet,Homonymy,Datisi,1,All cabinets are selected by leaders,Some cabinets are cupboards,Some cupboards are selected by leaders,*,*,A,C,*,*,0.3333333333,NA,6734,Datisi,0,1,0,0
19_32,19,N3-c-M2,32,0,dances,Invalid Filler,Darii*,1,All polkas are dances ,Some mating rituals are dances ,Some mating rituals are polkas ,*,*,*,*,*,*,*,NA,3511,Darii,0,1,0,0
19_33,19,N3-c-M2,33,1,poets,Valid Filler,Datisi,1,All poets are writers ,Some poets are teachers,Some teachers are writers,*,*,*,*,*,*,*,NA,5505,Datisi,1,1,0,0
19_34,19,N3-c-M2,34,0,rock,Homonymy,Datisi,1,All rock has guitars,Some rock is marble,Some marble has guitars,*,*,A,C,100,*,0.8571428571,NA,3902,Datisi,0,1,0,0
19_35,19,N3-c-M2,35,0,ruler,Homonymy,Disamis,1,Some rulers are monarchs,All rulers are measuring devices,Some measuring devices are monarchs,*,*,*,*,*,*,0.7142857143,NA,18056,Disamis,0,1,0,0
19_36,19,N3-c-M2,36,1,match,Homonymy,Disamis,1,Some matches are shown on TV,All matches are fire starters,Some fire starters are shown on TV,*,*,A,C,*,*,0,NA,31523,Disamis,0,0,0,0
19_37,19,N3-c-M2,37,0,cabinet,Homonymy,Datisi,1,All cabinets are political appointments,Some cabinets are antique furniture,Some antique furniture are political appointments,*,*,A,C,*,*,0.8571428571,NA,4300,Datisi,0,1,0,0
19_38,19,N3-c-M2,38,0,lunch,Polysemy,Dimatis,1,lunch-type,All lunches are menu items,Some menu items are meetings,*,lunch-type,A,C,96.6,event,1,NA,2968,Dimatis,0,1,0,0
19_39,19,N3-c-M2,39,1,actors,Invalid Filler,Datisi*,1,All male leads are actors,Some actors are women,Some women are male leads,*,*,*,*,*,*,*,NA,4255,Datisi,0,0,0,0
19_40,19,N3-c-M2,40,1,letter,Polysemy,Datisi,1,All letters are paper,Some letters are professions of love,Some professions of love are paper,*,book-type,C,A,78.5,info,0.4285714286,NA,10365,Datisi,0,0,0,0
19_41,19,N3-c-M2,41,1,ring,Homonymy,Darii,1,All rings are noises,Some anniversary gifts are rings,Some anniversary gifts are noises,*,*,A,C,*,*,0.7142857143,NA,2882,Darii,0,0,0,0
19_42,19,N3-c-M2,42,1,bat,Homonymy,Darii,1,All bats hang upside down,Some sporting goods are bats,Some sporting goods hang upside down,*,*,*,*,*,*,0,NA,4053,Darii,0,0,0,0
19_43,19,N3-c-M2,43,1,match,Homonymy,Disamis,1,Some matches are competitive,All matches are tools,Some tools are competitive,*,*,A,C,80,*,0.5714285714,NA,2669,Disamis,0,0,0,0
19_44,19,N3-c-M2,44,1,mugs,Valid Filler,Datisi,1,All mugs are cups ,Some mugs are ceramics,Some ceramics are cups ,*,*,*,*,*,*,*,NA,2229,Datisi,1,1,0,0
19_45,19,N3-c-M2,45,1,widows,Valid Filler,Dimatis,1,Some mothers are widows ,All widows are women,Some women are mothers,*,*,*,*,*,*,*,NA,2371,Dimatis,1,1,0,0
19_46,19,N3-c-M2,46,0,board,Homonymy,Dimatis,1,Some advisory bodies are boards,All boards are rectangles,Some rectangles are advisory bodies,*,*,A,C,*,*,0.8571428571,NA,2731,Dimatis,0,1,0,0
19_47,19,N3-c-M2,47,0,suit,Homonymy,Disamis,1,Some suits have multiple defendants,All suits are dress attire,Some dress attire has multiple defendants,*,*,A,C,*,*,0.5714285714,NA,4710,Disamis,0,1,0,0
19_48,19,N3-c-M2,48,0,novel,Polysemy,Darii,1,All novels are bound,Some mysteries are novels,Some mysteries are bound,*,book-type,C,A,96.7,info,0,NA,3640,Darii,0,1,0,0
19_49,19,N3-c-M2,49,-99,liars,Valid Filler,Dimatis,1,Some criminals are liars ,All liars are humans,Some humans are criminals ,*,*,*,*,*,*,*,NA,120009,Dimatis,1,0,0,1
19_50,19,N3-c-M2,50,1,change,Homonymy,Darii,1,All change is money,Some surprises are change,Some surprises are money,*,*,C,A,*,*,0,NA,70144,Darii,0,0,0,0
19_51,19,N3-c-M2,51,1,statues,Valid Filler,Datisi,1,All statues are sculptures,Some statues are bronzes,Some bronzes are sculptures,*,*,*,*,*,*,*,NA,2293,Datisi,1,1,0,0
19_52,19,N3-c-M2,52,1,rifles,Valid Filler,Disamis,1,Some rifles are for hunting,All rifles are guns ,Some guns are for hunting,*,*,*,*,*,*,*,NA,2409,Disamis,1,1,0,0
19_53,19,N3-c-M2,53,1,trucks,Valid Filler,Dimatis,1,Some cars are trucks ,All trucks are vehicles,Some vehicles are cars ,*,*,*,*,*,*,*,NA,2071,Dimatis,1,1,0,0
19_54,19,N3-c-M2,54,1,city,Polysemy,Datisi,1,All cities have laws,Some cities are earthquake zones,Some earthquake zones have laws,*,city-type,A,C,67.7,inst,0,NA,2227,Datisi,0,0,0,0
19_55,19,N3-c-M2,55,0,steaks,Invalid Filler,Disamis*,1,Some steaks are filet mignons,All ribeyes are steaks,Some ribeyes are filet mignons,*,*,*,*,*,*,*,NA,3222,Disamis,0,1,0,0
19_56,19,N3-c-M2,56,0,picnic,Polysemy,Datisi,1,All picnics happen in nature,Some picnics are salads,Some salads happen in nature,*,lunch-type,A,C,59.2,event,0.5714285714,NA,4049,Datisi,0,1,0,0
19_57,19,N3-c-M2,57,0,company,Polysemy,Dimatis,1,Some storefronts are companies,All companies are hierarchies,Some hierarchies are storefronts,*,city-type,C,A,83.8,inst,0.7142857143,NA,2752,Dimatis,0,1,0,0
19_58,19,N3-c-M2,58,1,school,Polysemy,Disamis,1,Some schools are brick,All schools are communities,Some communities are brick,*,city-type,C,A,45.1,inst,0.5714285714,NA,2562,Disamis,0,0,0,0
19_59,19,N3-c-M2,59,0,sausages,Invalid Filler,Datisi*,1,All hot dogs are sausages,Some sausages are salamis,Some hot dogs are salamis,*,*,*,*,*,*,*,NA,2155,Datisi,0,1,0,0
19_60,19,N3-c-M2,60,1,clowns,Valid Filler,Darii,1,All clowns can juggle ,Some circus performers are clowns ,Some circus performers can juggle,*,*,*,*,*,*,*,NA,2589,Darii,1,1,0,0
19_61,19,N3-c-M2,61,0,board,Homonymy,Dimatis,1,Some governing organizations are boards,All boards are wooden planks,Some wooden planks are governing organizations,*,*,A,C,*,*,1,NA,5216,Dimatis,0,1,0,0
19_62,19,N3-c-M2,62,0,novel,Polysemy,Darii,1,All novels are flammable,Some debuts are novels,Some debuts are flammable,*,book-type,C,A,96.7,info,1,NA,5566,Darii,0,1,0,0
19_63,19,N3-c-M2,63,1,breakfast,Polysemy,Darii,1,All breakfasts take place in the morning,Some sandwiches are breakfasts,Some sandwiches take place in the morning,*,lunch-type,A,C,87.1,event,0.4285714286,NA,10350,Darii,0,0,0,0
19_64,19,N3-c-M2,64,0,cabinet,Homonymy,Datisi,1,All cabinets advise the presidents,Some cabinets are Ikea products,Some ikea products advise the president,*,*,A,C,*,*,0.7142857143,NA,8954,Datisi,0,1,0,0
19_65,19,N3-c-M2,65,0,breakfast,Polysemy,Darii,1,All breakfasts are under three hours,Some smoothies are breakfasts,Some smoothies are under three hours,*,lunch-type,A,C,87.1,event,0.7142857143,NA,4261,Darii,0,1,0,0
19_66,19,N3-c-M2,66,0,star,Homonymy,Datisi,1,All stars are charismatic,Some stars are pulsars,Some pulsars are charismatic,*,*,*,*,*,*,0.7142857143,NA,4184,Datisi,0,1,0,0
19_67,19,N3-c-M2,67,0,mothers,Invalid Filler,Darii*,1,All grandmothers are mothers ,Some teens are mothers,Some grandmothers are teens,*,*,*,*,*,*,*,NA,4321,Darii,0,1,0,0
19_68,19,N3-c-M2,68,1,bat,Homonymy,Darii,1,All bats share a common ancestor,Some sporting goods are bats,Some sporting goods share a common ancestor,*,*,*,*,*,*,0.2857142857,NA,9464,Darii,0,0,0,0
19_69,19,N3-c-M2,69,0,rock ,Homonymy,Datisi,1,All rock is rhythmic,Some rock is granite,Some granite is rhythmic,*,*,A,C,100,*,0.8571428571,NA,4842,Datisi,0,1,0,0
19_70,19,N3-c-M2,70,0,funerals,Invalid Filler,Datisi*,1,All open-casket services are funerals,Some funerals are cremations,Some cremations are open-casket services,*,*,*,*,*,*,*,NA,7123,Datisi,0,1,0,0
19_71,19,N3-c-M2,71,0,change,Homonymy,Darii,1,All change is legal tender,Some political revolutions are change,Some political revolutions are legal tender,*,*,C,A,*,*,0.8571428571,NA,4708,Darii,0,1,0,0
19_72,19,N3-c-M2,72,0,dresses,Invalid Filler,Darii*,1,All ball gowns are dresses ,Some cocktail outfits are dresses,Some cocktail outfits are ball gowns,*,*,*,*,*,*,*,NA,12632,Darii,0,1,0,0
19_73,19,N3-c-M2,73,0,school,Polysemy,Disamis,1,Some schools are rectangular,All schools are employers,Some employers are rectangular,*,city-type,C,A,45.1,inst,0.5714285714,NA,3145,Disamis,0,1,0,0
19_74,19,N3-c-M2,74,0,ponies,Valid Filler,Datisi,1,All ponies neigh,Some ponies are colts,Some colts neigh,*,*,*,*,*,*,*,NA,3083,Datisi,1,0,0,0
19_75,19,N3-c-M2,75,0,star,Homonymy,Datisi,1,All stars are famous ,Some stars are red dwarfs,Some red dwarfs are famous,*,*,*,*,*,*,0,NA,2509,Datisi,0,1,0,0
19_76,19,N3-c-M2,76,1,suitcases,Valid Filler,Dimatis,1,Some bags are suitcases,All suitcases are pieces of luggage,Some pieces of luggage are bags,*,*,*,*,*,*,*,NA,2524,Dimatis,1,1,0,0
19_77,19,N3-c-M2,77,0,star,Homonymy,Datisi,1,All stars deal with paparazzi ,Some stars are red dwarfs,Some red dwarfs deal with paparazzi ,*,*,*,*,*,*,0,NA,2907,Datisi,0,1,0,0
19_78,19,N3-c-M2,78,0,magazines,Polysemy,Disamis,1,Some magazines are coffee-stained,All magazines are subscriptions,Some subscriptions are coffee-stained,*,book-type,C,A,68.9,info,0.2857142857,NA,3245,Disamis,0,1,0,0
19_79,19,N3-c-M2,79,1,company,Polysemy,Dimatis,1,Some office buildings are companies,All companies are legal entities,Some legal entities are office buildings ,*,city-type,C,A,83.8,inst,0.5714285714,NA,2714,Dimatis,0,0,0,0
19_80,19,N3-c-M2,80,0,board,Homonymy,Dimatis,1,Some groups are boards,All boards are materials,Some materials are groups,*,*,A,C,*,*,0.5,NA,7517,Dimatis,0,1,0,0
19_81,19,N3-c-M2,81,1,letter,Polysemy,Datisi,1,All letters have stamps,Some letters are rejections,Some rejections have stamps,*,book-type,C,A,78.5,info,0,NA,3750,Datisi,0,0,0,0
19_82,19,N3-c-M2,82,1,ball,Homonymy,Dimatis,1,Some dances are balls,All balls are spheres,Some spheres are dances,*,*,A,C,*,*,0.7142857143,NA,4425,Dimatis,0,0,0,0
19_83,19,N3-c-M2,83,0,match,Homonymy,Disamis,1,Some matches are championships,All matches are fire starters,Some fire starters are championships,*,*,A,C,80,*,0.7142857143,NA,2626,Disamis,0,1,0,0
19_84,19,N3-c-M2,84,0,change,Homonymy,Darii,1,All change jingles,Some social movements are change,Some social movements jingle,*,*,C,A,*,*,0.5714285714,NA,3716,Darii,0,1,0,0
19_85,19,N3-c-M2,85,1,doughnuts,Valid Filler,Darii,1,All doughnuts are sugary ,Some pastries are doughnuts ,Some pastries are sugary,*,*,*,*,*,*,*,NA,2413,Darii,1,1,0,0
19_86,19,N3-c-M2,86,0,magazines,Polysemy,Disamis,1,Some magazines are glossy,All magazines are collaborations,Some collaborations are glossy,*,book-type,C,A,68.9,info,0.5714285714,NA,4725,Disamis,0,1,0,0
19_87,19,N3-c-M2,87,1,dolls,Valid Filler,Darii,1,All dolls are man made,Some toys are dolls ,Some toys are man made,*,*,*,*,*,*,*,NA,15079,Darii,1,1,0,0
19_88,19,N3-c-M2,88,1,swords,Valid Filler,Disamis,1,Some swords are decorative,All swords are weapons ,Some weapons are decorative ,*,*,*,*,*,*,*,NA,16844,Disamis,1,1,0,0
20_1,20,N3-c-M2,1,0,lunch,Polysemy,Dimatis,1,Some breaks are lunches,All lunches are entrées,Some entrées are breaks,*,lunch-type,A,C,96.6,event,0.7142857143,NA,5120,Dimatis,0,1,0,0
20_2,20,N3-c-M2,2,0,book,Polysemy,Dimatis,1,Some purchases are books,All books are creative endeavours,Some creative endeavours are purchases,*,book-type,C,A,64.5,info,0.1428571429,NA,3845,Dimatis,0,1,0,0
20_3,20,N3-c-M2,3,1,grapes,Valid Filler,Disamis,1,Some grapes are red ,All grapes are fruits ,Some fruits are red ,*,*,*,*,*,*,*,NA,1791,Disamis,1,1,0,0
20_4,20,N3-c-M2,4,1,singers,Valid Filler,Darii,1,All singers have an ideal vocal range ,Some guitarists are singers,Some guitarists have an ideal vocal range,*,*,*,*,*,*,*,NA,3559,Darii,1,1,0,0
20_5,20,N3-c-M2,5,0,ruler,Homonymy,Disamis,1,Some rulers are kings,All rulers are standard lengths,Some standard lengths are kings,*,*,*,*,*,*,0.8571428571,NA,4096,Disamis,0,1,0,0
20_6,20,N3-c-M2,6,1,peppers,Invalid Filler,Dimatis*,1,Some yellow vegetables are peppers ,All jalapenos are peppers,Some jalapenos are yellow vegetables,*,*,*,*,*,*,*,NA,2942,Dimatis,0,0,0,0
20_7,20,N3-c-M2,7,0,injuries,Invalid Filler,Dimatis*,1,Some sunburns are injuries,All cases of frostbite are injuries,Some cases of frostbite are sunburns,*,*,*,*,*,*,*,NA,5431,Dimatis,0,1,0,0
20_8,20,N3-c-M2,8,0,shapes,Invalid Filler,Disamis*,1,Some shapes are triangles,All squares are shapes,Some squares are triangles,*,*,*,*,*,*,*,NA,2734,Disamis,0,1,0,0
20_9,20,N3-c-M2,9,0,colors,Invalid Filler,Disamis*,1,Some colors are primary ,All shades of purple are colors ,Some shades of purple are primary,*,*,*,*,*,*,*,NA,4855,Disamis,0,1,0,0
20_10,20,N3-c-M2,10,1,spices,Invalid Filler,Dimatis*,1,Some dried roots are spices ,All mustard seeds are spices ,Some mustard seeds are dried roots,*,*,*,*,*,*,*,NA,2777,Dimatis,0,0,0,0
20_11,20,N3-c-M2,11,1,ring,Homonymy,Darii,1,All rings are sounds,Some accessories are rings,Some accessories are sounds,*,*,A,C,*,*,0.7142857143,NA,3389,Darii,0,0,0,0
20_12,20,N3-c-M2,12,1,toilets,Invalid Filler,Disamis*,1,Some toilets are coed,All urinals are toilets,Some urinals are coed,*,*,*,*,*,*,*,NA,4071,Disamis,0,0,0,0
20_13,20,N3-c-M2,13,0,ball,Homonymy,Dimatis,1,Some dances are balls,All balls are circles,Some circles are dances,*,*,A,C,*,*,0.1666666667,NA,3663,Dimatis,0,1,0,0
20_14,20,N3-c-M2,14,0,ball,Homonymy,Dimatis,1,Some parties are balls,All balls are toys,Some toys are parties,*,*,A,C,*,*,0.7142857143,NA,3071,Dimatis,0,1,0,0
20_15,20,N3-c-M2,15,0,bat,Homonymy,Darii,1,All bats are mammals,Some weapons are bats,Some weapons are mammals,*,*,*,*,*,*,0.4285714286,NA,2503,Darii,0,1,0,0
20_16,20,N3-c-M2,16,1,novel,Polysemy,Darii,1,All novels are printed,Some ideas are novels,Some ideas are printed,*,book-type,C,A,96.7,info,0.1428571429,NA,4359,Darii,0,0,0,0
20_17,20,N3-c-M2,17,1,dinner,Polysemy,Disamis,1,Some dinners last an hour,All dinners are sources of nutrition,Some sources of nutrition last an hour,*,lunch-type,A,C,90,event,0.1428571429,NA,2831,Disamis,0,0,0,0
20_18,20,N3-c-M2,18,1,wave,Homonymy,Dimatis,1,Some gestures are waves,Some waves are ripples,Some ripples are gestures,*,*,A,C,100,*,0.4285714286,NA,3152,Dimatis,0,0,0,0
20_19,20,N3-c-M2,19,0,stones,Invalid Filler,Datisi*,1,All pebbles are stones,Some stones are boulders,Some boulders are pebbles,*,*,*,*,*,*,*,NA,1982,Datisi,0,1,0,0
20_20,20,N3-c-M2,20,0,wave,Homonymy,Dimatis,1,Some greetings are waves,Some waves are tsunamis,Some tsunamis are greetings,*,*,A,C,100,*,0.7142857143,NA,2016,Dimatis,0,1,0,0
20_21,20,N3-c-M2,21,1,dinner,Polysemy,Disamis,1,Some dinners are black tie,All dinners are foods,Some foods are black tie,*,lunch-type,A,C,90,event,0.5714285714,NA,2990,Disamis,0,0,0,0
20_22,20,N3-c-M2,22,1,picnic,Polysemy,Datisi,1,All picnics are leisurely,Some picnics are charcuterie,Some charcuterie is leisurely,*,lunch-type,A,C,59.2,event,0.7142857143,NA,3024,Datisi,0,0,0,0
20_23,20,N3-c-M2,23,0,book,Polysemy,Dimatis,1,Some doorstops are books,All books are intellectual property,Some intellectual property is a doorstop,*,book-type,C,A,64.5,info,0.5714285714,NA,3824,Dimatis,0,1,0,0
20_24,20,N3-c-M2,24,1,college,Polysemy,Darii,1,All colleges grant degrees,Some colleges are historic buildings,Some historic buildings grant degrees,*,city-type,A,C,56.6,inst,0.2857142857,NA,5775,Darii,0,0,0,0
20_25,20,N3-c-M2,25,0,antiques,Invalid Filler,Darii*,1,All medieval manuscripts are antiques ,Some pieces of jewelry are antiques ,Some pieces of jewelry are medieval manuscripts,*,*,*,*,*,*,*,NA,4167,Darii,0,1,0,0
20_26,20,N3-c-M2,26,1,burgers,Valid Filler,Disamis,1,Some burgers are overcooked ,All burgers are sandwiches,Some sandwiches are overcooked ,*,*,*,*,*,*,*,NA,2720,Disamis,1,1,0,0
20_27,20,N3-c-M2,27,0,thieves,Invalid Filler,Dimatis*,1,Some children are thieves,All mob bosses are thieves,Some mob bosses are children,*,*,*,*,*,*,*,NA,3119,Dimatis,0,1,0,0
20_28,20,N3-c-M2,28,1,city,Polysemy,Datisi,1,All cities are bureaucracies,Some cities are graffitied ,Some bureaucracies are graffitied,*,city-type,A,C,67.7,inst,0.2857142857,NA,3542,Datisi,0,0,0,0
20_29,20,N3-c-M2,29,0,suit,Homonymy,Disamis,1,Some suits are settled out of court,All suits are formal outfits,Some formal outfits are settled out of court,*,*,A,C,*,*,0.7142857143,NA,5607,Disamis,0,1,0,0
20_30,20,N3-c-M2,30,1,college,Polysemy,Darii,1,All colleges have spirit,Some colleges are national landmarks,Some national landmarks have spirit,*,city-type,A,C,56.6,inst,0.1428571429,NA,3056,Darii,0,0,0,0
20_31,20,N3-c-M2,31,0,cabinet,Homonymy,Datisi,1,All cabinets are selected by leaders,Some cabinets are cupboards,Some cupboards are selected by leaders,*,*,A,C,*,*,0.3333333333,NA,3392,Datisi,0,1,0,0
20_32,20,N3-c-M2,32,0,dances,Invalid Filler,Darii*,1,All polkas are dances ,Some mating rituals are dances ,Some mating rituals are polkas ,*,*,*,*,*,*,*,NA,4047,Darii,0,1,0,0
20_33,20,N3-c-M2,33,1,poets,Valid Filler,Datisi,1,All poets are writers ,Some poets are teachers,Some teachers are writers,*,*,*,*,*,*,*,NA,2735,Datisi,1,1,0,0
20_34,20,N3-c-M2,34,0,rock,Homonymy,Datisi,1,All rock has guitars,Some rock is marble,Some marble has guitars,*,*,A,C,100,*,0.8571428571,NA,2519,Datisi,0,1,0,0
20_35,20,N3-c-M2,35,0,ruler,Homonymy,Disamis,1,Some rulers are monarchs,All rulers are measuring devices,Some measuring devices are monarchs,*,*,*,*,*,*,0.7142857143,NA,2511,Disamis,0,1,0,0
20_36,20,N3-c-M2,36,0,match,Homonymy,Disamis,1,Some matches are shown on TV,All matches are fire starters,Some fire starters are shown on TV,*,*,A,C,*,*,0,NA,4887,Disamis,0,1,0,0
20_37,20,N3-c-M2,37,0,cabinet,Homonymy,Datisi,1,All cabinets are political appointments,Some cabinets are antique furniture,Some antique furniture are political appointments,*,*,A,C,*,*,0.8571428571,NA,4288,Datisi,0,1,0,0
20_38,20,N3-c-M2,38,0,lunch,Polysemy,Dimatis,1,lunch-type,All lunches are menu items,Some menu items are meetings,*,lunch-type,A,C,96.6,event,1,NA,2423,Dimatis,0,1,0,0
20_39,20,N3-c-M2,39,1,actors,Invalid Filler,Datisi*,1,All male leads are actors,Some actors are women,Some women are male leads,*,*,*,*,*,*,*,NA,3511,Datisi,0,0,0,0
20_40,20,N3-c-M2,40,0,letter,Polysemy,Datisi,1,All letters are paper,Some letters are professions of love,Some professions of love are paper,*,book-type,C,A,78.5,info,0.4285714286,NA,5144,Datisi,0,1,0,0
20_41,20,N3-c-M2,41,1,ring,Homonymy,Darii,1,All rings are noises,Some anniversary gifts are rings,Some anniversary gifts are noises,*,*,A,C,*,*,0.7142857143,NA,5094,Darii,0,0,0,0
20_42,20,N3-c-M2,42,0,bat,Homonymy,Darii,1,All bats hang upside down,Some sporting goods are bats,Some sporting goods hang upside down,*,*,*,*,*,*,0,NA,4367,Darii,0,1,0,0
20_43,20,N3-c-M2,43,1,match,Homonymy,Disamis,1,Some matches are competitive,All matches are tools,Some tools are competitive,*,*,A,C,80,*,0.5714285714,NA,2503,Disamis,0,0,0,0
20_44,20,N3-c-M2,44,1,mugs,Valid Filler,Datisi,1,All mugs are cups ,Some mugs are ceramics,Some ceramics are cups ,*,*,*,*,*,*,*,NA,2543,Datisi,1,1,0,0
20_45,20,N3-c-M2,45,1,widows,Valid Filler,Dimatis,1,Some mothers are widows ,All widows are women,Some women are mothers,*,*,*,*,*,*,*,NA,2751,Dimatis,1,1,0,0
20_46,20,N3-c-M2,46,0,board,Homonymy,Dimatis,1,Some advisory bodies are boards,All boards are rectangles,Some rectangles are advisory bodies,*,*,A,C,*,*,0.8571428571,NA,2615,Dimatis,0,1,0,0
20_47,20,N3-c-M2,47,0,suit,Homonymy,Disamis,1,Some suits have multiple defendants,All suits are dress attire,Some dress attire has multiple defendants,*,*,A,C,*,*,0.5714285714,NA,3279,Disamis,0,1,0,0
20_48,20,N3-c-M2,48,1,novel,Polysemy,Darii,1,All novels are bound,Some mysteries are novels,Some mysteries are bound,*,book-type,C,A,96.7,info,0,NA,2591,Darii,0,0,0,0
20_49,20,N3-c-M2,49,1,liars,Valid Filler,Dimatis,1,Some criminals are liars ,All liars are humans,Some humans are criminals ,*,*,*,*,*,*,*,NA,2359,Dimatis,1,1,0,0
20_50,20,N3-c-M2,50,1,change,Homonymy,Darii,1,All change is money,Some surprises are change,Some surprises are money,*,*,C,A,*,*,0,NA,2399,Darii,0,0,0,0
20_51,20,N3-c-M2,51,1,statues,Valid Filler,Datisi,1,All statues are sculptures,Some statues are bronzes,Some bronzes are sculptures,*,*,*,*,*,*,*,NA,2880,Datisi,1,1,0,0
20_52,20,N3-c-M2,52,1,rifles,Valid Filler,Disamis,1,Some rifles are for hunting,All rifles are guns ,Some guns are for hunting,*,*,*,*,*,*,*,NA,3033,Disamis,1,1,0,0
20_53,20,N3-c-M2,53,1,trucks,Valid Filler,Dimatis,1,Some cars are trucks ,All trucks are vehicles,Some vehicles are cars ,*,*,*,*,*,*,*,NA,2119,Dimatis,1,1,0,0
20_54,20,N3-c-M2,54,1,city,Polysemy,Datisi,1,All cities have laws,Some cities are earthquake zones,Some earthquake zones have laws,*,city-type,A,C,67.7,inst,0,NA,3655,Datisi,0,0,0,0
20_55,20,N3-c-M2,55,0,steaks,Invalid Filler,Disamis*,1,Some steaks are filet mignons,All ribeyes are steaks,Some ribeyes are filet mignons,*,*,*,*,*,*,*,NA,3040,Disamis,0,1,0,0
20_56,20,N3-c-M2,56,0,picnic,Polysemy,Datisi,1,All picnics happen in nature,Some picnics are salads,Some salads happen in nature,*,lunch-type,A,C,59.2,event,0.5714285714,NA,3951,Datisi,0,1,0,0
20_57,20,N3-c-M2,57,0,company,Polysemy,Dimatis,1,Some storefronts are companies,All companies are hierarchies,Some hierarchies are storefronts,*,city-type,C,A,83.8,inst,0.7142857143,NA,2816,Dimatis,0,1,0,0
20_58,20,N3-c-M2,58,1,school,Polysemy,Disamis,1,Some schools are brick,All schools are communities,Some communities are brick,*,city-type,C,A,45.1,inst,0.5714285714,NA,3697,Disamis,0,0,0,0
20_59,20,N3-c-M2,59,0,sausages,Invalid Filler,Datisi*,1,All hot dogs are sausages,Some sausages are salamis,Some hot dogs are salamis,*,*,*,*,*,*,*,NA,2342,Datisi,0,1,0,0
20_60,20,N3-c-M2,60,1,clowns,Valid Filler,Darii,1,All clowns can juggle ,Some circus performers are clowns ,Some circus performers can juggle,*,*,*,*,*,*,*,NA,2687,Darii,1,1,0,0
20_61,20,N3-c-M2,61,0,board,Homonymy,Dimatis,1,Some governing organizations are boards,All boards are wooden planks,Some wooden planks are governing organizations,*,*,A,C,*,*,1,NA,5767,Dimatis,0,1,0,0
20_62,20,N3-c-M2,62,0,novel,Polysemy,Darii,1,All novels are flammable,Some debuts are novels,Some debuts are flammable,*,book-type,C,A,96.7,info,1,NA,2679,Darii,0,1,0,0
20_63,20,N3-c-M2,63,1,breakfast,Polysemy,Darii,1,All breakfasts take place in the morning,Some sandwiches are breakfasts,Some sandwiches take place in the morning,*,lunch-type,A,C,87.1,event,0.4285714286,NA,3183,Darii,0,0,0,0
20_64,20,N3-c-M2,64,0,cabinet,Homonymy,Datisi,1,All cabinets advise the presidents,Some cabinets are Ikea products,Some ikea products advise the president,*,*,A,C,*,*,0.7142857143,NA,3031,Datisi,0,1,0,0
20_65,20,N3-c-M2,65,1,breakfast,Polysemy,Darii,1,All breakfasts are under three hours,Some smoothies are breakfasts,Some smoothies are under three hours,*,lunch-type,A,C,87.1,event,0.7142857143,NA,3135,Darii,0,0,0,0
20_66,20,N3-c-M2,66,0,star,Homonymy,Datisi,1,All stars are charismatic,Some stars are pulsars,Some pulsars are charismatic,*,*,*,*,*,*,0.7142857143,NA,4095,Datisi,0,1,0,0
20_67,20,N3-c-M2,67,0,mothers,Invalid Filler,Darii*,1,All grandmothers are mothers ,Some teens are mothers,Some grandmothers are teens,*,*,*,*,*,*,*,NA,2520,Darii,0,1,0,0
20_68,20,N3-c-M2,68,0,bat,Homonymy,Darii,1,All bats share a common ancestor,Some sporting goods are bats,Some sporting goods share a common ancestor,*,*,*,*,*,*,0.2857142857,NA,11254,Darii,0,1,0,0
20_69,20,N3-c-M2,69,0,rock ,Homonymy,Datisi,1,All rock is rhythmic,Some rock is granite,Some granite is rhythmic,*,*,A,C,100,*,0.8571428571,NA,2015,Datisi,0,1,0,0
20_70,20,N3-c-M2,70,0,funerals,Invalid Filler,Datisi*,1,All open-casket services are funerals,Some funerals are cremations,Some cremations are open-casket services,*,*,*,*,*,*,*,NA,3663,Datisi,0,1,0,0
20_71,20,N3-c-M2,71,1,change,Homonymy,Darii,1,All change is legal tender,Some political revolutions are change,Some political revolutions are legal tender,*,*,C,A,*,*,0.8571428571,NA,3447,Darii,0,0,0,0
20_72,20,N3-c-M2,72,0,dresses,Invalid Filler,Darii*,1,All ball gowns are dresses ,Some cocktail outfits are dresses,Some cocktail outfits are ball gowns,*,*,*,*,*,*,*,NA,2703,Darii,0,1,0,0
20_73,20,N3-c-M2,73,1,school,Polysemy,Disamis,1,Some schools are rectangular,All schools are employers,Some employers are rectangular,*,city-type,C,A,45.1,inst,0.5714285714,NA,2231,Disamis,0,0,0,0
20_74,20,N3-c-M2,74,1,ponies,Valid Filler,Datisi,1,All ponies neigh,Some ponies are colts,Some colts neigh,*,*,*,*,*,*,*,NA,2647,Datisi,1,1,0,0
20_75,20,N3-c-M2,75,0,star,Homonymy,Datisi,1,All stars are famous ,Some stars are red dwarfs,Some red dwarfs are famous,*,*,*,*,*,*,0,NA,6543,Datisi,0,1,0,0
20_76,20,N3-c-M2,76,1,suitcases,Valid Filler,Dimatis,1,Some bags are suitcases,All suitcases are pieces of luggage,Some pieces of luggage are bags,*,*,*,*,*,*,*,NA,3287,Dimatis,1,1,0,0
20_77,20,N3-c-M2,77,0,star,Homonymy,Datisi,1,All stars deal with paparazzi ,Some stars are red dwarfs,Some red dwarfs deal with paparazzi ,*,*,*,*,*,*,0,NA,2959,Datisi,0,1,0,0
20_78,20,N3-c-M2,78,0,magazines,Polysemy,Disamis,1,Some magazines are coffee-stained,All magazines are subscriptions,Some subscriptions are coffee-stained,*,book-type,C,A,68.9,info,0.2857142857,NA,4703,Disamis,0,1,0,0
20_79,20,N3-c-M2,79,1,company,Polysemy,Dimatis,1,Some office buildings are companies,All companies are legal entities,Some legal entities are office buildings ,*,city-type,C,A,83.8,inst,0.5714285714,NA,3855,Dimatis,0,0,0,0
20_80,20,N3-c-M2,80,0,board,Homonymy,Dimatis,1,Some groups are boards,All boards are materials,Some materials are groups,*,*,A,C,*,*,0.5,NA,3032,Dimatis,0,1,0,0
20_81,20,N3-c-M2,81,0,letter,Polysemy,Datisi,1,All letters have stamps,Some letters are rejections,Some rejections have stamps,*,book-type,C,A,78.5,info,0,NA,2814,Datisi,0,1,0,0
20_82,20,N3-c-M2,82,0,ball,Homonymy,Dimatis,1,Some dances are balls,All balls are spheres,Some spheres are dances,*,*,A,C,*,*,0.7142857143,NA,2471,Dimatis,0,1,0,0
20_83,20,N3-c-M2,83,0,match,Homonymy,Disamis,1,Some matches are championships,All matches are fire starters,Some fire starters are championships,*,*,A,C,80,*,0.7142857143,NA,2671,Disamis,0,1,0,0
20_84,20,N3-c-M2,84,1,change,Homonymy,Darii,1,All change jingles,Some social movements are change,Some social movements jingle,*,*,C,A,*,*,0.5714285714,NA,2727,Darii,0,0,0,0
20_85,20,N3-c-M2,85,1,doughnuts,Valid Filler,Darii,1,All doughnuts are sugary ,Some pastries are doughnuts ,Some pastries are sugary,*,*,*,*,*,*,*,NA,1863,Darii,1,1,0,0
20_86,20,N3-c-M2,86,1,magazines,Polysemy,Disamis,1,Some magazines are glossy,All magazines are collaborations,Some collaborations are glossy,*,book-type,C,A,68.9,info,0.5714285714,NA,3753,Disamis,0,0,0,0
20_87,20,N3-c-M2,87,1,dolls,Valid Filler,Darii,1,All dolls are man made,Some toys are dolls ,Some toys are man made,*,*,*,*,*,*,*,NA,3023,Darii,1,1,0,0
20_88,20,N3-c-M2,88,1,swords,Valid Filler,Disamis,1,Some swords are decorative,All swords are weapons ,Some weapons are decorative ,*,*,*,*,*,*,*,NA,2263,Disamis,1,1,0,0
21_1,21,N3-c-M2,1,0,lunch,Polysemy,Dimatis,1,Some breaks are lunches,All lunches are entrées,Some entrées are breaks,*,lunch-type,A,C,96.6,event,0.7142857143,NA,4595,Dimatis,0,1,0,0
21_2,21,N3-c-M2,2,1,book,Polysemy,Dimatis,1,Some purchases are books,All books are creative endeavours,Some creative endeavours are purchases,*,book-type,C,A,64.5,info,0.1428571429,NA,3267,Dimatis,0,0,0,0
21_3,21,N3-c-M2,3,1,grapes,Valid Filler,Disamis,1,Some grapes are red ,All grapes are fruits ,Some fruits are red ,*,*,*,*,*,*,*,NA,1445,Disamis,1,1,0,0
21_4,21,N3-c-M2,4,1,singers,Valid Filler,Darii,1,All singers have an ideal vocal range ,Some guitarists are singers,Some guitarists have an ideal vocal range,*,*,*,*,*,*,*,NA,2601,Darii,1,1,0,0
21_5,21,N3-c-M2,5,0,ruler,Homonymy,Disamis,1,Some rulers are kings,All rulers are standard lengths,Some standard lengths are kings,*,*,*,*,*,*,0.8571428571,NA,2619,Disamis,0,1,0,0
21_6,21,N3-c-M2,6,0,peppers,Invalid Filler,Dimatis*,1,Some yellow vegetables are peppers ,All jalapenos are peppers,Some jalapenos are yellow vegetables,*,*,*,*,*,*,*,NA,3009,Dimatis,0,1,0,0
21_7,21,N3-c-M2,7,0,injuries,Invalid Filler,Dimatis*,1,Some sunburns are injuries,All cases of frostbite are injuries,Some cases of frostbite are sunburns,*,*,*,*,*,*,*,NA,3794,Dimatis,0,1,0,0
21_8,21,N3-c-M2,8,0,shapes,Invalid Filler,Disamis*,1,Some shapes are triangles,All squares are shapes,Some squares are triangles,*,*,*,*,*,*,*,NA,2318,Disamis,0,1,0,0
21_9,21,N3-c-M2,9,0,colors,Invalid Filler,Disamis*,1,Some colors are primary ,All shades of purple are colors ,Some shades of purple are primary,*,*,*,*,*,*,*,NA,6025,Disamis,0,1,0,0
21_10,21,N3-c-M2,10,0,spices,Invalid Filler,Dimatis*,1,Some dried roots are spices ,All mustard seeds are spices ,Some mustard seeds are dried roots,*,*,*,*,*,*,*,NA,1614,Dimatis,0,1,0,0
21_11,21,N3-c-M2,11,0,ring,Homonymy,Darii,1,All rings are sounds,Some accessories are rings,Some accessories are sounds,*,*,A,C,*,*,0.7142857143,NA,1830,Darii,0,1,0,0
21_12,21,N3-c-M2,12,0,toilets,Invalid Filler,Disamis*,1,Some toilets are coed,All urinals are toilets,Some urinals are coed,*,*,*,*,*,*,*,NA,1578,Disamis,0,1,0,0
21_13,21,N3-c-M2,13,0,ball,Homonymy,Dimatis,1,Some dances are balls,All balls are circles,Some circles are dances,*,*,A,C,*,*,0.1666666667,NA,3682,Dimatis,0,1,0,0
21_14,21,N3-c-M2,14,0,ball,Homonymy,Dimatis,1,Some parties are balls,All balls are toys,Some toys are parties,*,*,A,C,*,*,0.7142857143,NA,1663,Dimatis,0,1,0,0
21_15,21,N3-c-M2,15,0,bat,Homonymy,Darii,1,All bats are mammals,Some weapons are bats,Some weapons are mammals,*,*,*,*,*,*,0.4285714286,NA,2737,Darii,0,1,0,0
21_16,21,N3-c-M2,16,1,novel,Polysemy,Darii,1,All novels are printed,Some ideas are novels,Some ideas are printed,*,book-type,C,A,96.7,info,0.1428571429,NA,3539,Darii,0,0,0,0
21_17,21,N3-c-M2,17,1,dinner,Polysemy,Disamis,1,Some dinners last an hour,All dinners are sources of nutrition,Some sources of nutrition last an hour,*,lunch-type,A,C,90,event,0.1428571429,NA,3762,Disamis,0,0,0,0
21_18,21,N3-c-M2,18,0,wave,Homonymy,Dimatis,1,Some gestures are waves,Some waves are ripples,Some ripples are gestures,*,*,A,C,100,*,0.4285714286,NA,3424,Dimatis,0,1,0,0
21_19,21,N3-c-M2,19,0,stones,Invalid Filler,Datisi*,1,All pebbles are stones,Some stones are boulders,Some boulders are pebbles,*,*,*,*,*,*,*,NA,3350,Datisi,0,1,0,0
21_20,21,N3-c-M2,20,0,wave,Homonymy,Dimatis,1,Some greetings are waves,Some waves are tsunamis,Some tsunamis are greetings,*,*,A,C,100,*,0.7142857143,NA,1490,Dimatis,0,1,0,0
21_21,21,N3-c-M2,21,0,dinner,Polysemy,Disamis,1,Some dinners are black tie,All dinners are foods,Some foods are black tie,*,lunch-type,A,C,90,event,0.5714285714,NA,1637,Disamis,0,1,0,0
21_22,21,N3-c-M2,22,1,picnic,Polysemy,Datisi,1,All picnics are leisurely,Some picnics are charcuterie,Some charcuterie is leisurely,*,lunch-type,A,C,59.2,event,0.7142857143,NA,4284,Datisi,0,0,0,0
21_23,21,N3-c-M2,23,0,book,Polysemy,Dimatis,1,Some doorstops are books,All books are intellectual property,Some intellectual property is a doorstop,*,book-type,C,A,64.5,info,0.5714285714,NA,2425,Dimatis,0,1,0,0
21_24,21,N3-c-M2,24,1,college,Polysemy,Darii,1,All colleges grant degrees,Some colleges are historic buildings,Some historic buildings grant degrees,*,city-type,A,C,56.6,inst,0.2857142857,NA,4922,Darii,0,0,0,0
21_25,21,N3-c-M2,25,0,antiques,Invalid Filler,Darii*,1,All medieval manuscripts are antiques ,Some pieces of jewelry are antiques ,Some pieces of jewelry are medieval manuscripts,*,*,*,*,*,*,*,NA,7056,Darii,0,1,0,0
21_26,21,N3-c-M2,26,1,burgers,Valid Filler,Disamis,1,Some burgers are overcooked ,All burgers are sandwiches,Some sandwiches are overcooked ,*,*,*,*,*,*,*,NA,2966,Disamis,1,1,0,0
21_27,21,N3-c-M2,27,0,thieves,Invalid Filler,Dimatis*,1,Some children are thieves,All mob bosses are thieves,Some mob bosses are children,*,*,*,*,*,*,*,NA,2068,Dimatis,0,1,0,0
21_28,21,N3-c-M2,28,0,city,Polysemy,Datisi,1,All cities are bureaucracies,Some cities are graffitied ,Some bureaucracies are graffitied,*,city-type,A,C,67.7,inst,0.2857142857,NA,2633,Datisi,0,1,0,0
21_29,21,N3-c-M2,29,0,suit,Homonymy,Disamis,1,Some suits are settled out of court,All suits are formal outfits,Some formal outfits are settled out of court,*,*,A,C,*,*,0.7142857143,NA,5281,Disamis,0,1,0,0
21_30,21,N3-c-M2,30,1,college,Polysemy,Darii,1,All colleges have spirit,Some colleges are national landmarks,Some national landmarks have spirit,*,city-type,A,C,56.6,inst,0.1428571429,NA,2866,Darii,0,0,0,0
21_31,21,N3-c-M2,31,0,cabinet,Homonymy,Datisi,1,All cabinets are selected by leaders,Some cabinets are cupboards,Some cupboards are selected by leaders,*,*,A,C,*,*,0.3333333333,NA,2187,Datisi,0,1,0,0
21_32,21,N3-c-M2,32,0,dances,Invalid Filler,Darii*,1,All polkas are dances ,Some mating rituals are dances ,Some mating rituals are polkas ,*,*,*,*,*,*,*,NA,2055,Darii,0,1,0,0
21_33,21,N3-c-M2,33,1,poets,Valid Filler,Datisi,1,All poets are writers ,Some poets are teachers,Some teachers are writers,*,*,*,*,*,*,*,NA,1986,Datisi,1,1,0,0
21_34,21,N3-c-M2,34,0,rock,Homonymy,Datisi,1,All rock has guitars,Some rock is marble,Some marble has guitars,*,*,A,C,100,*,0.8571428571,NA,1562,Datisi,0,1,0,0
21_35,21,N3-c-M2,35,0,ruler,Homonymy,Disamis,1,Some rulers are monarchs,All rulers are measuring devices,Some measuring devices are monarchs,*,*,*,*,*,*,0.7142857143,NA,1800,Disamis,0,1,0,0
21_36,21,N3-c-M2,36,1,match,Homonymy,Disamis,1,Some matches are shown on TV,All matches are fire starters,Some fire starters are shown on TV,*,*,A,C,*,*,0,NA,2120,Disamis,0,0,0,0
21_37,21,N3-c-M2,37,0,cabinet,Homonymy,Datisi,1,All cabinets are political appointments,Some cabinets are antique furniture,Some antique furniture are political appointments,*,*,A,C,*,*,0.8571428571,NA,4478,Datisi,0,1,0,0
21_38,21,N3-c-M2,38,0,lunch,Polysemy,Dimatis,1,lunch-type,All lunches are menu items,Some menu items are meetings,*,lunch-type,A,C,96.6,event,1,NA,2689,Dimatis,0,1,0,0
21_39,21,N3-c-M2,39,1,actors,Invalid Filler,Datisi*,1,All male leads are actors,Some actors are women,Some women are male leads,*,*,*,*,*,*,*,NA,4196,Datisi,0,0,0,0
21_40,21,N3-c-M2,40,0,letter,Polysemy,Datisi,1,All letters are paper,Some letters are professions of love,Some professions of love are paper,*,book-type,C,A,78.5,info,0.4285714286,NA,2004,Datisi,0,1,0,0
21_41,21,N3-c-M2,41,0,ring,Homonymy,Darii,1,All rings are noises,Some anniversary gifts are rings,Some anniversary gifts are noises,*,*,A,C,*,*,0.7142857143,NA,2827,Darii,0,1,0,0
21_42,21,N3-c-M2,42,1,bat,Homonymy,Darii,1,All bats hang upside down,Some sporting goods are bats,Some sporting goods hang upside down,*,*,*,*,*,*,0,NA,5470,Darii,0,0,0,0
21_43,21,N3-c-M2,43,0,match,Homonymy,Disamis,1,Some matches are competitive,All matches are tools,Some tools are competitive,*,*,A,C,80,*,0.5714285714,NA,3466,Disamis,0,1,0,0
21_44,21,N3-c-M2,44,1,mugs,Valid Filler,Datisi,1,All mugs are cups ,Some mugs are ceramics,Some ceramics are cups ,*,*,*,*,*,*,*,NA,2416,Datisi,1,1,0,0
21_45,21,N3-c-M2,45,1,widows,Valid Filler,Dimatis,1,Some mothers are widows ,All widows are women,Some women are mothers,*,*,*,*,*,*,*,NA,1612,Dimatis,1,1,0,0
21_46,21,N3-c-M2,46,1,board,Homonymy,Dimatis,1,Some advisory bodies are boards,All boards are rectangles,Some rectangles are advisory bodies,*,*,A,C,*,*,0.8571428571,NA,2715,Dimatis,0,0,0,0
21_47,21,N3-c-M2,47,0,suit,Homonymy,Disamis,1,Some suits have multiple defendants,All suits are dress attire,Some dress attire has multiple defendants,*,*,A,C,*,*,0.5714285714,NA,38877,Disamis,0,1,0,0
21_48,21,N3-c-M2,48,0,novel,Polysemy,Darii,1,All novels are bound,Some mysteries are novels,Some mysteries are bound,*,book-type,C,A,96.7,info,0,NA,1865,Darii,0,1,0,0
21_49,21,N3-c-M2,49,1,liars,Valid Filler,Dimatis,1,Some criminals are liars ,All liars are humans,Some humans are criminals ,*,*,*,*,*,*,*,NA,2291,Dimatis,1,1,0,0
21_50,21,N3-c-M2,50,1,change,Homonymy,Darii,1,All change is money,Some surprises are change,Some surprises are money,*,*,C,A,*,*,0,NA,2263,Darii,0,0,0,0
21_51,21,N3-c-M2,51,1,statues,Valid Filler,Datisi,1,All statues are sculptures,Some statues are bronzes,Some bronzes are sculptures,*,*,*,*,*,*,*,NA,1828,Datisi,1,1,0,0
21_52,21,N3-c-M2,52,1,rifles,Valid Filler,Disamis,1,Some rifles are for hunting,All rifles are guns ,Some guns are for hunting,*,*,*,*,*,*,*,NA,1513,Disamis,1,1,0,0
21_53,21,N3-c-M2,53,1,trucks,Valid Filler,Dimatis,1,Some cars are trucks ,All trucks are vehicles,Some vehicles are cars ,*,*,*,*,*,*,*,NA,1966,Dimatis,1,1,0,0
21_54,21,N3-c-M2,54,1,city,Polysemy,Datisi,1,All cities have laws,Some cities are earthquake zones,Some earthquake zones have laws,*,city-type,A,C,67.7,inst,0,NA,3312,Datisi,0,0,0,0
21_55,21,N3-c-M2,55,0,steaks,Invalid Filler,Disamis*,1,Some steaks are filet mignons,All ribeyes are steaks,Some ribeyes are filet mignons,*,*,*,*,*,*,*,NA,4112,Disamis,0,1,0,0
21_56,21,N3-c-M2,56,0,picnic,Polysemy,Datisi,1,All picnics happen in nature,Some picnics are salads,Some salads happen in nature,*,lunch-type,A,C,59.2,event,0.5714285714,NA,4562,Datisi,0,1,0,0
21_57,21,N3-c-M2,57,0,company,Polysemy,Dimatis,1,Some storefronts are companies,All companies are hierarchies,Some hierarchies are storefronts,*,city-type,C,A,83.8,inst,0.7142857143,NA,1491,Dimatis,0,1,0,0
21_58,21,N3-c-M2,58,0,school,Polysemy,Disamis,1,Some schools are brick,All schools are communities,Some communities are brick,*,city-type,C,A,45.1,inst,0.5714285714,NA,2171,Disamis,0,1,0,0
21_59,21,N3-c-M2,59,1,sausages,Invalid Filler,Datisi*,1,All hot dogs are sausages,Some sausages are salamis,Some hot dogs are salamis,*,*,*,*,*,*,*,NA,2843,Datisi,0,0,0,0
21_60,21,N3-c-M2,60,1,clowns,Valid Filler,Darii,1,All clowns can juggle ,Some circus performers are clowns ,Some circus performers can juggle,*,*,*,*,*,*,*,NA,2111,Darii,1,1,0,0
21_61,21,N3-c-M2,61,0,board,Homonymy,Dimatis,1,Some governing organizations are boards,All boards are wooden planks,Some wooden planks are governing organizations,*,*,A,C,*,*,1,NA,1902,Dimatis,0,1,0,0
21_62,21,N3-c-M2,62,0,novel,Polysemy,Darii,1,All novels are flammable,Some debuts are novels,Some debuts are flammable,*,book-type,C,A,96.7,info,1,NA,1662,Darii,0,1,0,0
21_63,21,N3-c-M2,63,0,breakfast,Polysemy,Darii,1,All breakfasts take place in the morning,Some sandwiches are breakfasts,Some sandwiches take place in the morning,*,lunch-type,A,C,87.1,event,0.4285714286,NA,2711,Darii,0,1,0,0
21_64,21,N3-c-M2,64,0,cabinet,Homonymy,Datisi,1,All cabinets advise the presidents,Some cabinets are Ikea products,Some ikea products advise the president,*,*,A,C,*,*,0.7142857143,NA,2056,Datisi,0,1,0,0
21_65,21,N3-c-M2,65,0,breakfast,Polysemy,Darii,1,All breakfasts are under three hours,Some smoothies are breakfasts,Some smoothies are under three hours,*,lunch-type,A,C,87.1,event,0.7142857143,NA,2187,Darii,0,1,0,0
21_66,21,N3-c-M2,66,0,star,Homonymy,Datisi,1,All stars are charismatic,Some stars are pulsars,Some pulsars are charismatic,*,*,*,*,*,*,0.7142857143,NA,1397,Datisi,0,1,0,0
21_67,21,N3-c-M2,67,0,mothers,Invalid Filler,Darii*,1,All grandmothers are mothers ,Some teens are mothers,Some grandmothers are teens,*,*,*,*,*,*,*,NA,1404,Darii,0,1,0,0
21_68,21,N3-c-M2,68,1,bat,Homonymy,Darii,1,All bats share a common ancestor,Some sporting goods are bats,Some sporting goods share a common ancestor,*,*,*,*,*,*,0.2857142857,NA,3830,Darii,0,0,0,0
21_69,21,N3-c-M2,69,0,rock ,Homonymy,Datisi,1,All rock is rhythmic,Some rock is granite,Some granite is rhythmic,*,*,A,C,100,*,0.8571428571,NA,1426,Datisi,0,1,0,0
21_70,21,N3-c-M2,70,0,funerals,Invalid Filler,Datisi*,1,All open-casket services are funerals,Some funerals are cremations,Some cremations are open-casket services,*,*,*,*,*,*,*,NA,2292,Datisi,0,1,0,0
21_71,21,N3-c-M2,71,0,change,Homonymy,Darii,1,All change is legal tender,Some political revolutions are change,Some political revolutions are legal tender,*,*,C,A,*,*,0.8571428571,NA,2221,Darii,0,1,0,0
21_72,21,N3-c-M2,72,0,dresses,Invalid Filler,Darii*,1,All ball gowns are dresses ,Some cocktail outfits are dresses,Some cocktail outfits are ball gowns,*,*,*,*,*,*,*,NA,2618,Darii,0,1,0,0
21_73,21,N3-c-M2,73,0,school,Polysemy,Disamis,1,Some schools are rectangular,All schools are employers,Some employers are rectangular,*,city-type,C,A,45.1,inst,0.5714285714,NA,1628,Disamis,0,1,0,0
21_74,21,N3-c-M2,74,1,ponies,Valid Filler,Datisi,1,All ponies neigh,Some ponies are colts,Some colts neigh,*,*,*,*,*,*,*,NA,2071,Datisi,1,1,0,0
21_75,21,N3-c-M2,75,0,star,Homonymy,Datisi,1,All stars are famous ,Some stars are red dwarfs,Some red dwarfs are famous,*,*,*,*,*,*,0,NA,2154,Datisi,0,1,0,0
21_76,21,N3-c-M2,76,1,suitcases,Valid Filler,Dimatis,1,Some bags are suitcases,All suitcases are pieces of luggage,Some pieces of luggage are bags,*,*,*,*,*,*,*,NA,3204,Dimatis,1,1,0,0
21_77,21,N3-c-M2,77,0,star,Homonymy,Datisi,1,All stars deal with paparazzi ,Some stars are red dwarfs,Some red dwarfs deal with paparazzi ,*,*,*,*,*,*,0,NA,2059,Datisi,0,1,0,0
21_78,21,N3-c-M2,78,0,magazines,Polysemy,Disamis,1,Some magazines are coffee-stained,All magazines are subscriptions,Some subscriptions are coffee-stained,*,book-type,C,A,68.9,info,0.2857142857,NA,2278,Disamis,0,1,0,0
21_79,21,N3-c-M2,79,1,company,Polysemy,Dimatis,1,Some office buildings are companies,All companies are legal entities,Some legal entities are office buildings ,*,city-type,C,A,83.8,inst,0.5714285714,NA,1766,Dimatis,0,0,0,0
21_80,21,N3-c-M2,80,0,board,Homonymy,Dimatis,1,Some groups are boards,All boards are materials,Some materials are groups,*,*,A,C,*,*,0.5,NA,2453,Dimatis,0,1,0,0
21_81,21,N3-c-M2,81,0,letter,Polysemy,Datisi,1,All letters have stamps,Some letters are rejections,Some rejections have stamps,*,book-type,C,A,78.5,info,0,NA,1464,Datisi,0,1,0,0
21_82,21,N3-c-M2,82,0,ball,Homonymy,Dimatis,1,Some dances are balls,All balls are spheres,Some spheres are dances,*,*,A,C,*,*,0.7142857143,NA,1915,Dimatis,0,1,0,0
21_83,21,N3-c-M2,83,0,match,Homonymy,Disamis,1,Some matches are championships,All matches are fire starters,Some fire starters are championships,*,*,A,C,80,*,0.7142857143,NA,2042,Disamis,0,1,0,0
21_84,21,N3-c-M2,84,0,change,Homonymy,Darii,1,All change jingles,Some social movements are change,Some social movements jingle,*,*,C,A,*,*,0.5714285714,NA,1964,Darii,0,1,0,0
21_85,21,N3-c-M2,85,1,doughnuts,Valid Filler,Darii,1,All doughnuts are sugary ,Some pastries are doughnuts ,Some pastries are sugary,*,*,*,*,*,*,*,NA,2185,Darii,1,1,0,0
21_86,21,N3-c-M2,86,0,magazines,Polysemy,Disamis,1,Some magazines are glossy,All magazines are collaborations,Some collaborations are glossy,*,book-type,C,A,68.9,info,0.5714285714,NA,1566,Disamis,0,1,0,0
21_87,21,N3-c-M2,87,1,dolls,Valid Filler,Darii,1,All dolls are man made,Some toys are dolls ,Some toys are man made,*,*,*,*,*,*,*,NA,2084,Darii,1,1,0,0
21_88,21,N3-c-M2,88,1,swords,Valid Filler,Disamis,1,Some swords are decorative,All swords are weapons ,Some weapons are decorative ,*,*,*,*,*,*,*,NA,1606,Disamis,1,1,0,0
22_1,22,N3-c-M2,1,1,novel,Polysemy,Darii,2,All novels are printed,Some ideas are novels,Some ideas are printed,*,book-type,C,A,96.7,info,0.1428571429,NA,5296,Darii,0,0,0,0
22_2,22,N3-c-M2,2,1,breakfast,Polysemy,Darii,2,All breakfasts are under three hours,Some smoothies are breakfasts,Some smoothies are under three hours,*,lunch-type,A,C,87.1,event,0.7142857143,NA,4660,Darii,0,0,0,0
22_3,22,N3-c-M2,3,0,shapes,Invalid Filler,Disamis*,2,Some shapes are triangles,All squares are shapes,Some squares are triangles,*,*,*,*,*,*,*,NA,5396,Disamis,0,1,0,0
22_4,22,N3-c-M2,4,1,ball,Homonymy,Dimatis,2,Some dances are balls,All balls are circles,Some circles are dances,*,*,A,C,*,*,0.1666666667,NA,4723,Dimatis,0,0,0,0
22_5,22,N3-c-M2,5,1,ponies,Valid Filler,Datisi,2,All ponies neigh,Some ponies are colts,Some colts neigh,*,*,*,*,*,*,*,NA,4214,Datisi,1,1,0,0
22_6,22,N3-c-M2,6,0,change,Homonymy,Darii,2,All change is legal tender,Some political revolutions are change,Some political revolutions are legal tender,*,*,C,A,*,*,0.8571428571,NA,12909,Darii,0,1,0,0
22_7,22,N3-c-M2,7,1,mugs,Valid Filler,Datisi,2,All mugs are cups ,Some mugs are ceramics,Some ceramics are cups ,*,*,*,*,*,*,*,NA,3825,Datisi,1,1,0,0
22_8,22,N3-c-M2,8,0,star,Homonymy,Datisi,2,All stars are charismatic,Some stars are pulsars,Some pulsars are charismatic,*,*,*,*,*,*,0.7142857143,NA,5324,Datisi,0,1,0,0
22_9,22,N3-c-M2,9,0,mothers,Invalid Filler,Darii*,2,All grandmothers are mothers ,Some teens are mothers,Some grandmothers are teens,*,*,*,*,*,*,*,NA,4857,Darii,0,1,0,0
22_10,22,N3-c-M2,10,0,ring,Homonymy,Darii,2,All rings are sounds,Some accessories are rings,Some accessories are sounds,*,*,A,C,*,*,0.7142857143,NA,7949,Darii,0,1,0,0
22_11,22,N3-c-M2,11,1,grapes,Valid Filler,Disamis,2,Some grapes are red ,All grapes are fruits ,Some fruits are red ,*,*,*,*,*,*,*,NA,4199,Disamis,1,1,0,0
22_12,22,N3-c-M2,12,0,board,Homonymy,Dimatis,2,Some groups are boards,All boards are materials,Some materials are groups,*,*,A,C,*,*,0.5,NA,6360,Dimatis,0,1,0,0
22_13,22,N3-c-M2,13,0,toilets,Invalid Filler,Disamis*,2,Some toilets are coed,All urinals are toilets,Some urinals are coed,*,*,*,*,*,*,*,NA,6029,Disamis,0,1,0,0
22_14,22,N3-c-M2,14,0,suit,Homonymy,Disamis,2,Some suits are settled out of court,All suits are formal outfits,Some formal outfits are settled out of court,*,*,A,C,*,*,0.7142857143,NA,12761,Disamis,0,1,0,0
22_15,22,N3-c-M2,15,1,novel,Polysemy,Darii,2,All novels are flammable,Some debuts are novels,Some debuts are flammable,*,book-type,C,A,96.7,info,1,NA,7221,Darii,0,0,0,0
22_16,22,N3-c-M2,16,1,match,Homonymy,Disamis,2,Some matches are shown on TV,All matches are fire starters,Some fire starters are shown on TV,*,*,A,C,*,*,0,NA,8587,Disamis,0,0,0,0
22_17,22,N3-c-M2,17,1,novel,Polysemy,Darii,2,All novels are bound,Some mysteries are novels,Some mysteries are bound,*,book-type,C,A,96.7,info,0,NA,5116,Darii,0,0,0,0
22_18,22,N3-c-M2,18,1,book,Polysemy,Dimatis,2,Some purchases are books,All books are creative endeavours,Some creative endeavours are purchases,*,book-type,C,A,64.5,info,0.1428571429,NA,4689,Dimatis,0,0,0,0
22_19,22,N3-c-M2,19,1,widows,Valid Filler,Dimatis,2,Some mothers are widows ,All widows are women,Some women are mothers,*,*,*,*,*,*,*,NA,3303,Dimatis,1,1,0,0
22_20,22,N3-c-M2,20,1,dolls,Valid Filler,Darii,2,All dolls are man made,Some toys are dolls ,Some toys are man made,*,*,*,*,*,*,*,NA,2925,Darii,1,1,0,0
22_21,22,N3-c-M2,21,1,rock ,Homonymy,Datisi,2,All rock is rhythmic,Some rock is granite,Some granite is rhythmic,*,*,A,C,100,*,0.8571428571,NA,3891,Datisi,0,0,0,0
22_22,22,N3-c-M2,22,1,change,Homonymy,Darii,2,All change is money,Some surprises are change,Some surprises are money,*,*,C,A,*,*,0,NA,2751,Darii,0,0,0,0
22_23,22,N3-c-M2,23,0,match,Homonymy,Disamis,2,Some matches are competitive,All matches are tools,Some tools are competitive,*,*,A,C,80,*,0.5714285714,NA,5967,Disamis,0,1,0,0
22_24,22,N3-c-M2,24,0,book,Polysemy,Dimatis,2,Some doorstops are books,All books are intellectual property,Some intellectual property is a doorstop,*,book-type,C,A,64.5,info,0.5714285714,NA,7695,Dimatis,0,1,0,0
22_25,22,N3-c-M2,25,1,antiques,Invalid Filler,Darii*,2,All medieval manuscripts are antiques ,Some pieces of jewelry are antiques ,Some pieces of jewelry are medieval manuscripts,*,*,*,*,*,*,*,NA,6203,Darii,0,0,0,0
22_26,22,N3-c-M2,26,1,burgers,Valid Filler,Disamis,2,Some burgers are overcooked ,All burgers are sandwiches,Some sandwiches are overcooked ,*,*,*,*,*,*,*,NA,3746,Disamis,1,1,0,0
22_27,22,N3-c-M2,27,0,cabinet,Homonymy,Datisi,2,All cabinets are political appointments,Some cabinets are antique furniture,Some antique furniture are political appointments,*,*,A,C,*,*,0.8571428571,NA,3068,Datisi,0,1,0,0
22_28,22,N3-c-M2,28,0,peppers,Invalid Filler,Dimatis*,2,Some yellow vegetables are peppers ,All jalapenos are peppers,Some jalapenos are yellow vegetables,*,*,*,*,*,*,*,NA,4581,Dimatis,0,1,0,0
22_29,22,N3-c-M2,29,0,ball,Homonymy,Dimatis,2,Some dances are balls,All balls are spheres,Some spheres are dances,*,*,A,C,*,*,0.7142857143,NA,4074,Dimatis,0,1,0,0
22_30,22,N3-c-M2,30,1,actors,Invalid Filler,Datisi*,2,All male leads are actors,Some actors are women,Some women are male leads,*,*,*,*,*,*,*,NA,15249,Datisi,0,0,0,0
22_31,22,N3-c-M2,31,1,letter,Polysemy,Datisi,2,All letters are paper,Some letters are professions of love,Some professions of love are paper,*,book-type,C,A,78.5,info,0.4285714286,NA,8568,Datisi,0,0,0,0
22_32,22,N3-c-M2,32,0,ball,Homonymy,Dimatis,2,Some parties are balls,All balls are toys,Some toys are parties,*,*,A,C,*,*,0.7142857143,NA,4117,Dimatis,0,1,0,0
22_33,22,N3-c-M2,33,0,ring,Homonymy,Darii,2,All rings are noises,Some anniversary gifts are rings,Some anniversary gifts are noises,*,*,A,C,*,*,0.7142857143,NA,6372,Darii,0,1,0,0
22_34,22,N3-c-M2,34,0,city,Polysemy,Datisi,2,All cities are bureaucracies,Some cities are graffitied ,Some bureaucracies are graffitied,*,city-type,A,C,67.7,inst,0.2857142857,NA,3955,Datisi,0,1,0,0
22_35,22,N3-c-M2,35,0,board,Homonymy,Dimatis,2,Some advisory bodies are boards,All boards are rectangles,Some rectangles are advisory bodies,*,*,A,C,*,*,0.8571428571,NA,3390,Dimatis,0,1,0,0
22_36,22,N3-c-M2,36,1,rifles,Valid Filler,Disamis,2,Some rifles are for hunting,All rifles are guns ,Some guns are for hunting,*,*,*,*,*,*,*,NA,3595,Disamis,1,1,0,0
22_37,22,N3-c-M2,37,0,ruler,Homonymy,Disamis,2,Some rulers are monarchs,All rulers are measuring devices,Some measuring devices are monarchs,*,*,*,*,*,*,0.7142857143,NA,4467,Disamis,0,1,0,0
22_38,22,N3-c-M2,38,1,stones,Invalid Filler,Datisi*,2,All pebbles are stones,Some stones are boulders,Some boulders are pebbles,*,*,*,*,*,*,*,NA,27445,Datisi,0,0,0,0
22_39,22,N3-c-M2,39,0,dresses,Invalid Filler,Darii*,2,All ball gowns are dresses ,Some cocktail outfits are dresses,Some cocktail outfits are ball gowns,*,*,*,*,*,*,*,NA,7856,Darii,0,1,0,0
22_40,22,N3-c-M2,40,0,wave,Homonymy,Dimatis,2,Some greetings are waves,Some waves are tsunamis,Some tsunamis are greetings,*,*,A,C,100,*,0.7142857143,NA,2727,Dimatis,0,1,0,0
22_41,22,N3-c-M2,41,1,suitcases,Valid Filler,Dimatis,2,Some bags are suitcases,All suitcases are pieces of luggage,Some pieces of luggage are bags,*,*,*,*,*,*,*,NA,4016,Dimatis,1,1,0,0
22_42,22,N3-c-M2,42,1,bat,Homonymy,Darii,2,All bats share a common ancestor,Some sporting goods are bats,Some sporting goods share a common ancestor,*,*,*,*,*,*,0.2857142857,NA,9069,Darii,0,0,0,0
22_43,22,N3-c-M2,43,1,city,Polysemy,Datisi,2,All cities have laws,Some cities are earthquake zones,Some earthquake zones have laws,*,city-type,A,C,67.7,inst,0,NA,3441,Datisi,0,0,0,0
22_44,22,N3-c-M2,44,0,picnic,Polysemy,Datisi,2,All picnics happen in nature,Some picnics are salads,Some salads happen in nature,*,lunch-type,A,C,59.2,event,0.5714285714,NA,5979,Datisi,0,1,0,0
22_45,22,N3-c-M2,45,0,rock,Homonymy,Datisi,2,All rock has guitars,Some rock is marble,Some marble has guitars,*,*,A,C,100,*,0.8571428571,NA,3045,Datisi,0,1,0,0
22_46,22,N3-c-M2,46,1,doughnuts,Valid Filler,Darii,2,All doughnuts are sugary ,Some pastries are doughnuts ,Some pastries are sugary,*,*,*,*,*,*,*,NA,2353,Darii,1,1,0,0
22_47,22,N3-c-M2,47,1,trucks,Valid Filler,Dimatis,2,Some cars are trucks ,All trucks are vehicles,Some vehicles are cars ,*,*,*,*,*,*,*,NA,2111,Dimatis,1,1,0,0
22_48,22,N3-c-M2,48,1,swords,Valid Filler,Disamis,2,Some swords are decorative,All swords are weapons ,Some weapons are decorative ,*,*,*,*,*,*,*,NA,2757,Disamis,1,1,0,0
22_49,22,N3-c-M2,49,0,steaks,Invalid Filler,Disamis*,2,Some steaks are filet mignons,All ribeyes are steaks,Some ribeyes are filet mignons,*,*,*,*,*,*,*,NA,21533,Disamis,0,1,0,0
22_50,22,N3-c-M2,50,1,dinner,Polysemy,Disamis,2,Some dinners last an hour,All dinners are sources of nutrition,Some sources of nutrition last an hour,*,lunch-type,A,C,90,event,0.1428571429,NA,3661,Disamis,0,0,0,0
22_51,22,N3-c-M2,51,0,company,Polysemy,Dimatis,2,Some storefronts are companies,All companies are hierarchies,Some hierarchies are storefronts,*,city-type,C,A,83.8,inst,0.7142857143,NA,5259,Dimatis,0,1,0,0
22_52,22,N3-c-M2,52,1,bat,Homonymy,Darii,2,All bats hang upside down,Some sporting goods are bats,Some sporting goods hang upside down,*,*,*,*,*,*,0,NA,8546,Darii,0,0,0,0
22_53,22,N3-c-M2,53,1,poets,Valid Filler,Datisi,2,All poets are writers ,Some poets are teachers,Some teachers are writers,*,*,*,*,*,*,*,NA,2927,Datisi,1,1,0,0
22_54,22,N3-c-M2,54,0,colors,Invalid Filler,Disamis*,2,Some colors are primary ,All shades of purple are colors ,Some shades of purple are primary,*,*,*,*,*,*,*,NA,6415,Disamis,0,1,0,0
22_55,22,N3-c-M2,55,1,magazines,Polysemy,Disamis,2,Some magazines are glossy,All magazines are collaborations,Some collaborations are glossy,*,book-type,C,A,68.9,info,0.5714285714,NA,6993,Disamis,0,0,0,0
22_56,22,N3-c-M2,56,0,magazines,Polysemy,Disamis,2,Some magazines are coffee-stained,All magazines are subscriptions,Some subscriptions are coffee-stained,*,book-type,C,A,68.9,info,0.2857142857,NA,3481,Disamis,0,1,0,0
22_57,22,N3-c-M2,57,1,thieves,Invalid Filler,Dimatis*,2,Some children are thieves,All mob bosses are thieves,Some mob bosses are children,*,*,*,*,*,*,*,NA,4787,Dimatis,0,0,0,0
22_58,22,N3-c-M2,58,0,lunch,Polysemy,Dimatis,2,Some breaks are lunches,All lunches are entrées,Some entrées are breaks,*,lunch-type,A,C,96.6,event,0.7142857143,NA,4457,Dimatis,0,1,0,0
22_59,22,N3-c-M2,59,0,lunch,Polysemy,Dimatis,2,lunch-type,All lunches are menu items,Some menu items are meetings,*,lunch-type,A,C,96.6,event,1,NA,2581,Dimatis,0,1,0,0
22_60,22,N3-c-M2,60,0,dances,Invalid Filler,Darii*,2,All polkas are dances ,Some mating rituals are dances ,Some mating rituals are polkas ,*,*,*,*,*,*,*,NA,7587,Darii,0,1,0,0
22_61,22,N3-c-M2,61,1,breakfast,Polysemy,Darii,2,All breakfasts take place in the morning,Some sandwiches are breakfasts,Some sandwiches take place in the morning,*,lunch-type,A,C,87.1,event,0.4285714286,NA,2926,Darii,0,0,0,0
22_62,22,N3-c-M2,62,0,star,Homonymy,Datisi,2,All stars deal with paparazzi ,Some stars are red dwarfs,Some red dwarfs deal with paparazzi ,*,*,*,*,*,*,0,NA,4371,Datisi,0,1,0,0
22_63,22,N3-c-M2,63,0,cabinet,Homonymy,Datisi,2,All cabinets are selected by leaders,Some cabinets are cupboards,Some cupboards are selected by leaders,*,*,A,C,*,*,0.3333333333,NA,4383,Datisi,0,1,0,0
22_64,22,N3-c-M2,64,0,school,Polysemy,Disamis,2,Some schools are rectangular,All schools are employers,Some employers are rectangular,*,city-type,C,A,45.1,inst,0.5714285714,NA,3745,Disamis,0,1,0,0
22_65,22,N3-c-M2,65,0,change,Homonymy,Darii,2,All change jingles,Some social movements are change,Some social movements jingle,*,*,C,A,*,*,0.5714285714,NA,2478,Darii,0,1,0,0
22_66,22,N3-c-M2,66,0,picnic,Polysemy,Datisi,2,All picnics are leisurely,Some picnics are charcuterie,Some charcuterie is leisurely,*,lunch-type,A,C,59.2,event,0.7142857143,NA,3714,Datisi,0,1,0,0
22_67,22,N3-c-M2,67,0,wave,Homonymy,Dimatis,2,Some gestures are waves,Some waves are ripples,Some ripples are gestures,*,*,A,C,100,*,0.4285714286,NA,6367,Dimatis,0,1,0,0
22_68,22,N3-c-M2,68,0,board,Homonymy,Dimatis,2,Some governing organizations are boards,All boards are wooden planks,Some wooden planks are governing organizations,*,*,A,C,*,*,1,NA,7774,Dimatis,0,1,0,0
22_69,22,N3-c-M2,69,0,cabinet,Homonymy,Datisi,2,All cabinets advise the presidents,Some cabinets are Ikea products,Some ikea products advise the president,*,*,A,C,*,*,0.7142857143,NA,4357,Datisi,0,1,0,0
22_70,22,N3-c-M2,70,1,clowns,Valid Filler,Darii,2,All clowns can juggle ,Some circus performers are clowns ,Some circus performers can juggle,*,*,*,*,*,*,*,NA,3014,Darii,1,1,0,0
22_71,22,N3-c-M2,71,1,liars,Valid Filler,Dimatis,2,Some criminals are liars ,All liars are humans,Some humans are criminals ,*,*,*,*,*,*,*,NA,2562,Dimatis,1,1,0,0
22_72,22,N3-c-M2,72,1,statues,Valid Filler,Datisi,2,All statues are sculptures,Some statues are bronzes,Some bronzes are sculptures,*,*,*,*,*,*,*,NA,5096,Datisi,1,1,0,0
22_73,22,N3-c-M2,73,1,college,Polysemy,Darii,2,All colleges have spirit,Some colleges are national landmarks,Some national landmarks have spirit,*,city-type,A,C,56.6,inst,0.1428571429,NA,3752,Darii,0,0,0,0
22_74,22,N3-c-M2,74,1,school,Polysemy,Disamis,2,Some schools are brick,All schools are communities,Some communities are brick,*,city-type,C,A,45.1,inst,0.5714285714,NA,2866,Disamis,0,0,0,0
22_75,22,N3-c-M2,75,0,bat,Homonymy,Darii,2,All bats are mammals,Some weapons are bats,Some weapons are mammals,*,*,*,*,*,*,0.4285714286,NA,3769,Darii,0,1,0,0
22_76,22,N3-c-M2,76,1,company,Polysemy,Dimatis,2,Some office buildings are companies,All companies are legal entities,Some legal entities are office buildings ,*,city-type,C,A,83.8,inst,0.5714285714,NA,5232,Dimatis,0,0,0,0
22_77,22,N3-c-M2,77,0,suit,Homonymy,Disamis,2,Some suits have multiple defendants,All suits are dress attire,Some dress attire has multiple defendants,*,*,A,C,*,*,0.5714285714,NA,5429,Disamis,0,1,0,0
22_78,22,N3-c-M2,78,0,star,Homonymy,Datisi,2,All stars are famous ,Some stars are red dwarfs,Some red dwarfs are famous,*,*,*,*,*,*,0,NA,10363,Datisi,0,1,0,0
22_79,22,N3-c-M2,79,1,singers,Valid Filler,Darii,2,All singers have an ideal vocal range ,Some guitarists are singers,Some guitarists have an ideal vocal range,*,*,*,*,*,*,*,NA,3806,Darii,1,1,0,0
22_80,22,N3-c-M2,80,1,letter,Polysemy,Datisi,2,All letters have stamps,Some letters are rejections,Some rejections have stamps,*,book-type,C,A,78.5,info,0,NA,12846,Datisi,0,0,0,0
22_81,22,N3-c-M2,81,0,funerals,Invalid Filler,Datisi*,2,All open-casket services are funerals,Some funerals are cremations,Some cremations are open-casket services,*,*,*,*,*,*,*,NA,10022,Datisi,0,1,0,0
22_82,22,N3-c-M2,82,0,injuries,Invalid Filler,Dimatis*,2,Some sunburns are injuries,All cases of frostbite are injuries,Some cases of frostbite are sunburns,*,*,*,*,*,*,*,NA,4704,Dimatis,0,1,0,0
22_83,22,N3-c-M2,83,1,college,Polysemy,Darii,2,All colleges grant degrees,Some colleges are historic buildings,Some historic buildings grant degrees,*,city-type,A,C,56.6,inst,0.2857142857,NA,8609,Darii,0,0,0,0
22_84,22,N3-c-M2,84,0,sausages,Invalid Filler,Datisi*,2,All hot dogs are sausages,Some sausages are salamis,Some hot dogs are salamis,*,*,*,*,*,*,*,NA,3865,Datisi,0,1,0,0
22_85,22,N3-c-M2,85,0,dinner,Polysemy,Disamis,2,Some dinners are black tie,All dinners are foods,Some foods are black tie,*,lunch-type,A,C,90,event,0.5714285714,NA,3535,Disamis,0,1,0,0
22_86,22,N3-c-M2,86,0,ruler,Homonymy,Disamis,2,Some rulers are kings,All rulers are standard lengths,Some standard lengths are kings,*,*,*,*,*,*,0.8571428571,NA,3307,Disamis,0,1,0,0
22_87,22,N3-c-M2,87,0,match,Homonymy,Disamis,2,Some matches are championships,All matches are fire starters,Some fire starters are championships,*,*,A,C,80,*,0.7142857143,NA,3200,Disamis,0,1,0,0
22_88,22,N3-c-M2,88,0,spices,Invalid Filler,Dimatis*,2,Some dried roots are spices ,All mustard seeds are spices ,Some mustard seeds are dried roots,*,*,*,*,*,*,*,NA,4180,Dimatis,0,1,0,0
23_1,23,N3-c-M2,1,0,lunch,Polysemy,Dimatis,1,Some breaks are lunches,All lunches are entrées,Some entrées are breaks,*,lunch-type,A,C,96.6,event,0.7142857143,NA,4259,Dimatis,0,1,0,0
23_2,23,N3-c-M2,2,1,book,Polysemy,Dimatis,1,Some purchases are books,All books are creative endeavours,Some creative endeavours are purchases,*,book-type,C,A,64.5,info,0.1428571429,NA,2007,Dimatis,0,0,0,0
23_3,23,N3-c-M2,3,1,grapes,Valid Filler,Disamis,1,Some grapes are red ,All grapes are fruits ,Some fruits are red ,*,*,*,*,*,*,*,NA,1178,Disamis,1,1,0,0
23_4,23,N3-c-M2,4,1,singers,Valid Filler,Darii,1,All singers have an ideal vocal range ,Some guitarists are singers,Some guitarists have an ideal vocal range,*,*,*,*,*,*,*,NA,1473,Darii,1,1,0,0
23_5,23,N3-c-M2,5,0,ruler,Homonymy,Disamis,1,Some rulers are kings,All rulers are standard lengths,Some standard lengths are kings,*,*,*,*,*,*,0.8571428571,NA,2717,Disamis,0,1,0,0
23_6,23,N3-c-M2,6,1,peppers,Invalid Filler,Dimatis*,1,Some yellow vegetables are peppers ,All jalapenos are peppers,Some jalapenos are yellow vegetables,*,*,*,*,*,*,*,NA,1664,Dimatis,0,0,0,0
23_7,23,N3-c-M2,7,0,injuries,Invalid Filler,Dimatis*,1,Some sunburns are injuries,All cases of frostbite are injuries,Some cases of frostbite are sunburns,*,*,*,*,*,*,*,NA,2842,Dimatis,0,1,0,0
23_8,23,N3-c-M2,8,0,shapes,Invalid Filler,Disamis*,1,Some shapes are triangles,All squares are shapes,Some squares are triangles,*,*,*,*,*,*,*,NA,1963,Disamis,0,1,0,0
23_9,23,N3-c-M2,9,0,colors,Invalid Filler,Disamis*,1,Some colors are primary ,All shades of purple are colors ,Some shades of purple are primary,*,*,*,*,*,*,*,NA,1901,Disamis,0,1,0,0
23_10,23,N3-c-M2,10,0,spices,Invalid Filler,Dimatis*,1,Some dried roots are spices ,All mustard seeds are spices ,Some mustard seeds are dried roots,*,*,*,*,*,*,*,NA,1824,Dimatis,0,1,0,0
23_11,23,N3-c-M2,11,1,ring,Homonymy,Darii,1,All rings are sounds,Some accessories are rings,Some accessories are sounds,*,*,A,C,*,*,0.7142857143,NA,1838,Darii,0,0,0,0
23_12,23,N3-c-M2,12,0,toilets,Invalid Filler,Disamis*,1,Some toilets are coed,All urinals are toilets,Some urinals are coed,*,*,*,*,*,*,*,NA,2717,Disamis,0,1,0,0
23_13,23,N3-c-M2,13,0,ball,Homonymy,Dimatis,1,Some dances are balls,All balls are circles,Some circles are dances,*,*,A,C,*,*,0.1666666667,NA,2304,Dimatis,0,1,0,0
23_14,23,N3-c-M2,14,0,ball,Homonymy,Dimatis,1,Some parties are balls,All balls are toys,Some toys are parties,*,*,A,C,*,*,0.7142857143,NA,6836,Dimatis,0,1,0,0
23_15,23,N3-c-M2,15,0,bat,Homonymy,Darii,1,All bats are mammals,Some weapons are bats,Some weapons are mammals,*,*,*,*,*,*,0.4285714286,NA,2299,Darii,0,1,0,0
23_16,23,N3-c-M2,16,1,novel,Polysemy,Darii,1,All novels are printed,Some ideas are novels,Some ideas are printed,*,book-type,C,A,96.7,info,0.1428571429,NA,1926,Darii,0,0,0,0
23_17,23,N3-c-M2,17,1,dinner,Polysemy,Disamis,1,Some dinners last an hour,All dinners are sources of nutrition,Some sources of nutrition last an hour,*,lunch-type,A,C,90,event,0.1428571429,NA,2391,Disamis,0,0,0,0
23_18,23,N3-c-M2,18,0,wave,Homonymy,Dimatis,1,Some gestures are waves,Some waves are ripples,Some ripples are gestures,*,*,A,C,100,*,0.4285714286,NA,4708,Dimatis,0,1,0,0
23_19,23,N3-c-M2,19,0,stones,Invalid Filler,Datisi*,1,All pebbles are stones,Some stones are boulders,Some boulders are pebbles,*,*,*,*,*,*,*,NA,4276,Datisi,0,1,0,0
23_20,23,N3-c-M2,20,0,wave,Homonymy,Dimatis,1,Some greetings are waves,Some waves are tsunamis,Some tsunamis are greetings,*,*,A,C,100,*,0.7142857143,NA,2521,Dimatis,0,1,0,0
23_21,23,N3-c-M2,21,0,dinner,Polysemy,Disamis,1,Some dinners are black tie,All dinners are foods,Some foods are black tie,*,lunch-type,A,C,90,event,0.5714285714,NA,2113,Disamis,0,1,0,0
23_22,23,N3-c-M2,22,0,picnic,Polysemy,Datisi,1,All picnics are leisurely,Some picnics are charcuterie,Some charcuterie is leisurely,*,lunch-type,A,C,59.2,event,0.7142857143,NA,2162,Datisi,0,1,0,0
23_23,23,N3-c-M2,23,0,book,Polysemy,Dimatis,1,Some doorstops are books,All books are intellectual property,Some intellectual property is a doorstop,*,book-type,C,A,64.5,info,0.5714285714,NA,1884,Dimatis,0,1,0,0
23_24,23,N3-c-M2,24,0,college,Polysemy,Darii,1,All colleges grant degrees,Some colleges are historic buildings,Some historic buildings grant degrees,*,city-type,A,C,56.6,inst,0.2857142857,NA,2882,Darii,0,1,0,0
23_25,23,N3-c-M2,25,0,antiques,Invalid Filler,Darii*,1,All medieval manuscripts are antiques ,Some pieces of jewelry are antiques ,Some pieces of jewelry are medieval manuscripts,*,*,*,*,*,*,*,NA,2962,Darii,0,1,0,0
23_26,23,N3-c-M2,26,1,burgers,Valid Filler,Disamis,1,Some burgers are overcooked ,All burgers are sandwiches,Some sandwiches are overcooked ,*,*,*,*,*,*,*,NA,1267,Disamis,1,1,0,0
23_27,23,N3-c-M2,27,1,thieves,Invalid Filler,Dimatis*,1,Some children are thieves,All mob bosses are thieves,Some mob bosses are children,*,*,*,*,*,*,*,NA,2425,Dimatis,0,0,0,0
23_28,23,N3-c-M2,28,0,city,Polysemy,Datisi,1,All cities are bureaucracies,Some cities are graffitied ,Some bureaucracies are graffitied,*,city-type,A,C,67.7,inst,0.2857142857,NA,3174,Datisi,0,1,0,0
23_29,23,N3-c-M2,29,0,suit,Homonymy,Disamis,1,Some suits are settled out of court,All suits are formal outfits,Some formal outfits are settled out of court,*,*,A,C,*,*,0.7142857143,NA,14074,Disamis,0,1,0,0
23_30,23,N3-c-M2,30,1,college,Polysemy,Darii,1,All colleges have spirit,Some colleges are national landmarks,Some national landmarks have spirit,*,city-type,A,C,56.6,inst,0.1428571429,NA,2035,Darii,0,0,0,0
23_31,23,N3-c-M2,31,0,cabinet,Homonymy,Datisi,1,All cabinets are selected by leaders,Some cabinets are cupboards,Some cupboards are selected by leaders,*,*,A,C,*,*,0.3333333333,NA,1816,Datisi,0,1,0,0
23_32,23,N3-c-M2,32,0,dances,Invalid Filler,Darii*,1,All polkas are dances ,Some mating rituals are dances ,Some mating rituals are polkas ,*,*,*,*,*,*,*,NA,1584,Darii,0,1,0,0
23_33,23,N3-c-M2,33,1,poets,Valid Filler,Datisi,1,All poets are writers ,Some poets are teachers,Some teachers are writers,*,*,*,*,*,*,*,NA,1240,Datisi,1,1,0,0
23_34,23,N3-c-M2,34,0,rock,Homonymy,Datisi,1,All rock has guitars,Some rock is marble,Some marble has guitars,*,*,A,C,100,*,0.8571428571,NA,1726,Datisi,0,1,0,0
23_35,23,N3-c-M2,35,0,ruler,Homonymy,Disamis,1,Some rulers are monarchs,All rulers are measuring devices,Some measuring devices are monarchs,*,*,*,*,*,*,0.7142857143,NA,2755,Disamis,0,1,0,0
23_36,23,N3-c-M2,36,0,match,Homonymy,Disamis,1,Some matches are shown on TV,All matches are fire starters,Some fire starters are shown on TV,*,*,A,C,*,*,0,NA,2730,Disamis,0,1,0,0
23_37,23,N3-c-M2,37,0,cabinet,Homonymy,Datisi,1,All cabinets are political appointments,Some cabinets are antique furniture,Some antique furniture are political appointments,*,*,A,C,*,*,0.8571428571,NA,3727,Datisi,0,1,0,0
23_38,23,N3-c-M2,38,0,lunch,Polysemy,Dimatis,1,lunch-type,All lunches are menu items,Some menu items are meetings,*,lunch-type,A,C,96.6,event,1,NA,2626,Dimatis,0,1,0,0
23_39,23,N3-c-M2,39,1,actors,Invalid Filler,Datisi*,1,All male leads are actors,Some actors are women,Some women are male leads,*,*,*,*,*,*,*,NA,3100,Datisi,0,0,0,0
23_40,23,N3-c-M2,40,1,letter,Polysemy,Datisi,1,All letters are paper,Some letters are professions of love,Some professions of love are paper,*,book-type,C,A,78.5,info,0.4285714286,NA,4020,Datisi,0,0,0,0
23_41,23,N3-c-M2,41,1,ring,Homonymy,Darii,1,All rings are noises,Some anniversary gifts are rings,Some anniversary gifts are noises,*,*,A,C,*,*,0.7142857143,NA,1562,Darii,0,0,0,0
23_42,23,N3-c-M2,42,1,bat,Homonymy,Darii,1,All bats hang upside down,Some sporting goods are bats,Some sporting goods hang upside down,*,*,*,*,*,*,0,NA,7843,Darii,0,0,0,0
23_43,23,N3-c-M2,43,1,match,Homonymy,Disamis,1,Some matches are competitive,All matches are tools,Some tools are competitive,*,*,A,C,80,*,0.5714285714,NA,1391,Disamis,0,0,0,0
23_44,23,N3-c-M2,44,1,mugs,Valid Filler,Datisi,1,All mugs are cups ,Some mugs are ceramics,Some ceramics are cups ,*,*,*,*,*,*,*,NA,1664,Datisi,1,1,0,0
23_45,23,N3-c-M2,45,1,widows,Valid Filler,Dimatis,1,Some mothers are widows ,All widows are women,Some women are mothers,*,*,*,*,*,*,*,NA,1572,Dimatis,1,1,0,0
23_46,23,N3-c-M2,46,0,board,Homonymy,Dimatis,1,Some advisory bodies are boards,All boards are rectangles,Some rectangles are advisory bodies,*,*,A,C,*,*,0.8571428571,NA,3734,Dimatis,0,1,0,0
23_47,23,N3-c-M2,47,0,suit,Homonymy,Disamis,1,Some suits have multiple defendants,All suits are dress attire,Some dress attire has multiple defendants,*,*,A,C,*,*,0.5714285714,NA,2544,Disamis,0,1,0,0
23_48,23,N3-c-M2,48,0,novel,Polysemy,Darii,1,All novels are bound,Some mysteries are novels,Some mysteries are bound,*,book-type,C,A,96.7,info,0,NA,1787,Darii,0,1,0,0
23_49,23,N3-c-M2,49,1,liars,Valid Filler,Dimatis,1,Some criminals are liars ,All liars are humans,Some humans are criminals ,*,*,*,*,*,*,*,NA,1170,Dimatis,1,1,0,0
23_50,23,N3-c-M2,50,1,change,Homonymy,Darii,1,All change is money,Some surprises are change,Some surprises are money,*,*,C,A,*,*,0,NA,2110,Darii,0,0,0,0
23_51,23,N3-c-M2,51,1,statues,Valid Filler,Datisi,1,All statues are sculptures,Some statues are bronzes,Some bronzes are sculptures,*,*,*,*,*,*,*,NA,1592,Datisi,1,1,0,0
23_52,23,N3-c-M2,52,1,rifles,Valid Filler,Disamis,1,Some rifles are for hunting,All rifles are guns ,Some guns are for hunting,*,*,*,*,*,*,*,NA,1446,Disamis,1,1,0,0
23_53,23,N3-c-M2,53,1,trucks,Valid Filler,Dimatis,1,Some cars are trucks ,All trucks are vehicles,Some vehicles are cars ,*,*,*,*,*,*,*,NA,1913,Dimatis,1,1,0,0
23_54,23,N3-c-M2,54,1,city,Polysemy,Datisi,1,All cities have laws,Some cities are earthquake zones,Some earthquake zones have laws,*,city-type,A,C,67.7,inst,0,NA,2970,Datisi,0,0,0,0
23_55,23,N3-c-M2,55,1,steaks,Invalid Filler,Disamis*,1,Some steaks are filet mignons,All ribeyes are steaks,Some ribeyes are filet mignons,*,*,*,*,*,*,*,NA,1971,Disamis,0,0,0,0
23_56,23,N3-c-M2,56,0,picnic,Polysemy,Datisi,1,All picnics happen in nature,Some picnics are salads,Some salads happen in nature,*,lunch-type,A,C,59.2,event,0.5714285714,NA,1523,Datisi,0,1,0,0
23_57,23,N3-c-M2,57,0,company,Polysemy,Dimatis,1,Some storefronts are companies,All companies are hierarchies,Some hierarchies are storefronts,*,city-type,C,A,83.8,inst,0.7142857143,NA,1781,Dimatis,0,1,0,0
23_58,23,N3-c-M2,58,0,school,Polysemy,Disamis,1,Some schools are brick,All schools are communities,Some communities are brick,*,city-type,C,A,45.1,inst,0.5714285714,NA,1619,Disamis,0,1,0,0
23_59,23,N3-c-M2,59,1,sausages,Invalid Filler,Datisi*,1,All hot dogs are sausages,Some sausages are salamis,Some hot dogs are salamis,*,*,*,*,*,*,*,NA,2226,Datisi,0,0,0,0
23_60,23,N3-c-M2,60,1,clowns,Valid Filler,Darii,1,All clowns can juggle ,Some circus performers are clowns ,Some circus performers can juggle,*,*,*,*,*,*,*,NA,1410,Darii,1,1,0,0
23_61,23,N3-c-M2,61,1,board,Homonymy,Dimatis,1,Some governing organizations are boards,All boards are wooden planks,Some wooden planks are governing organizations,*,*,A,C,*,*,1,NA,4195,Dimatis,0,0,0,0
23_62,23,N3-c-M2,62,0,novel,Polysemy,Darii,1,All novels are flammable,Some debuts are novels,Some debuts are flammable,*,book-type,C,A,96.7,info,1,NA,2497,Darii,0,1,0,0
23_63,23,N3-c-M2,63,1,breakfast,Polysemy,Darii,1,All breakfasts take place in the morning,Some sandwiches are breakfasts,Some sandwiches take place in the morning,*,lunch-type,A,C,87.1,event,0.4285714286,NA,2124,Darii,0,0,0,0
23_64,23,N3-c-M2,64,0,cabinet,Homonymy,Datisi,1,All cabinets advise the presidents,Some cabinets are Ikea products,Some ikea products advise the president,*,*,A,C,*,*,0.7142857143,NA,3124,Datisi,0,1,0,0
23_65,23,N3-c-M2,65,1,breakfast,Polysemy,Darii,1,All breakfasts are under three hours,Some smoothies are breakfasts,Some smoothies are under three hours,*,lunch-type,A,C,87.1,event,0.7142857143,NA,2675,Darii,0,0,0,0
23_66,23,N3-c-M2,66,0,star,Homonymy,Datisi,1,All stars are charismatic,Some stars are pulsars,Some pulsars are charismatic,*,*,*,*,*,*,0.7142857143,NA,1727,Datisi,0,1,0,0
23_67,23,N3-c-M2,67,0,mothers,Invalid Filler,Darii*,1,All grandmothers are mothers ,Some teens are mothers,Some grandmothers are teens,*,*,*,*,*,*,*,NA,2090,Darii,0,1,0,0
23_68,23,N3-c-M2,68,0,bat,Homonymy,Darii,1,All bats share a common ancestor,Some sporting goods are bats,Some sporting goods share a common ancestor,*,*,*,*,*,*,0.2857142857,NA,4155,Darii,0,1,0,0
23_69,23,N3-c-M2,69,0,rock ,Homonymy,Datisi,1,All rock is rhythmic,Some rock is granite,Some granite is rhythmic,*,*,A,C,100,*,0.8571428571,NA,1431,Datisi,0,1,0,0
23_70,23,N3-c-M2,70,1,funerals,Invalid Filler,Datisi*,1,All open-casket services are funerals,Some funerals are cremations,Some cremations are open-casket services,*,*,*,*,*,*,*,NA,3528,Datisi,0,0,0,0
23_71,23,N3-c-M2,71,0,change,Homonymy,Darii,1,All change is legal tender,Some political revolutions are change,Some political revolutions are legal tender,*,*,C,A,*,*,0.8571428571,NA,2600,Darii,0,1,0,0
23_72,23,N3-c-M2,72,0,dresses,Invalid Filler,Darii*,1,All ball gowns are dresses ,Some cocktail outfits are dresses,Some cocktail outfits are ball gowns,*,*,*,*,*,*,*,NA,10963,Darii,0,1,0,0
23_73,23,N3-c-M2,73,0,school,Polysemy,Disamis,1,Some schools are rectangular,All schools are employers,Some employers are rectangular,*,city-type,C,A,45.1,inst,0.5714285714,NA,2025,Disamis,0,1,0,0
23_74,23,N3-c-M2,74,0,ponies,Valid Filler,Datisi,1,All ponies neigh,Some ponies are colts,Some colts neigh,*,*,*,*,*,*,*,NA,2700,Datisi,1,0,0,0
23_75,23,N3-c-M2,75,1,star,Homonymy,Datisi,1,All stars are famous ,Some stars are red dwarfs,Some red dwarfs are famous,*,*,*,*,*,*,0,NA,2151,Datisi,0,0,0,0
23_76,23,N3-c-M2,76,1,suitcases,Valid Filler,Dimatis,1,Some bags are suitcases,All suitcases are pieces of luggage,Some pieces of luggage are bags,*,*,*,*,*,*,*,NA,1689,Dimatis,1,1,0,0
23_77,23,N3-c-M2,77,0,star,Homonymy,Datisi,1,All stars deal with paparazzi ,Some stars are red dwarfs,Some red dwarfs deal with paparazzi ,*,*,*,*,*,*,0,NA,1950,Datisi,0,1,0,0
23_78,23,N3-c-M2,78,0,magazines,Polysemy,Disamis,1,Some magazines are coffee-stained,All magazines are subscriptions,Some subscriptions are coffee-stained,*,book-type,C,A,68.9,info,0.2857142857,NA,1680,Disamis,0,1,0,0
23_79,23,N3-c-M2,79,1,company,Polysemy,Dimatis,1,Some office buildings are companies,All companies are legal entities,Some legal entities are office buildings ,*,city-type,C,A,83.8,inst,0.5714285714,NA,2845,Dimatis,0,0,0,0
23_80,23,N3-c-M2,80,1,board,Homonymy,Dimatis,1,Some groups are boards,All boards are materials,Some materials are groups,*,*,A,C,*,*,0.5,NA,2157,Dimatis,0,0,0,0
23_81,23,N3-c-M2,81,0,letter,Polysemy,Datisi,1,All letters have stamps,Some letters are rejections,Some rejections have stamps,*,book-type,C,A,78.5,info,0,NA,1822,Datisi,0,1,0,0
23_82,23,N3-c-M2,82,0,ball,Homonymy,Dimatis,1,Some dances are balls,All balls are spheres,Some spheres are dances,*,*,A,C,*,*,0.7142857143,NA,1986,Dimatis,0,1,0,0
23_83,23,N3-c-M2,83,0,match,Homonymy,Disamis,1,Some matches are championships,All matches are fire starters,Some fire starters are championships,*,*,A,C,80,*,0.7142857143,NA,2723,Disamis,0,1,0,0
23_84,23,N3-c-M2,84,0,change,Homonymy,Darii,1,All change jingles,Some social movements are change,Some social movements jingle,*,*,C,A,*,*,0.5714285714,NA,2629,Darii,0,1,0,0
23_85,23,N3-c-M2,85,1,doughnuts,Valid Filler,Darii,1,All doughnuts are sugary ,Some pastries are doughnuts ,Some pastries are sugary,*,*,*,*,*,*,*,NA,1877,Darii,1,1,0,0
23_86,23,N3-c-M2,86,0,magazines,Polysemy,Disamis,1,Some magazines are glossy,All magazines are collaborations,Some collaborations are glossy,*,book-type,C,A,68.9,info,0.5714285714,NA,2243,Disamis,0,1,0,0
23_87,23,N3-c-M2,87,1,dolls,Valid Filler,Darii,1,All dolls are man made,Some toys are dolls ,Some toys are man made,*,*,*,*,*,*,*,NA,1515,Darii,1,1,0,0
23_88,23,N3-c-M2,88,1,swords,Valid Filler,Disamis,1,Some swords are decorative,All swords are weapons ,Some weapons are decorative ,*,*,*,*,*,*,*,NA,1547,Disamis,1,1,0,0
24_1,24,N3-c-M2,1,1,novel,Polysemy,Darii,2,All novels are printed,Some ideas are novels,Some ideas are printed,*,book-type,C,A,96.7,info,0.1428571429,NA,4171,Darii,0,0,0,0
24_2,24,N3-c-M2,2,1,breakfast,Polysemy,Darii,2,All breakfasts are under three hours,Some smoothies are breakfasts,Some smoothies are under three hours,*,lunch-type,A,C,87.1,event,0.7142857143,NA,8374,Darii,0,0,0,0
24_3,24,N3-c-M2,3,0,shapes,Invalid Filler,Disamis*,2,Some shapes are triangles,All squares are shapes,Some squares are triangles,*,*,*,*,*,*,*,NA,3142,Disamis,0,1,0,0
24_4,24,N3-c-M2,4,0,ball,Homonymy,Dimatis,2,Some dances are balls,All balls are circles,Some circles are dances,*,*,A,C,*,*,0.1666666667,NA,7562,Dimatis,0,1,0,0
24_5,24,N3-c-M2,5,1,ponies,Valid Filler,Datisi,2,All ponies neigh,Some ponies are colts,Some colts neigh,*,*,*,*,*,*,*,NA,3514,Datisi,1,1,0,0
24_6,24,N3-c-M2,6,0,change,Homonymy,Darii,2,All change is legal tender,Some political revolutions are change,Some political revolutions are legal tender,*,*,C,A,*,*,0.8571428571,NA,4258,Darii,0,1,0,0
24_7,24,N3-c-M2,7,1,mugs,Valid Filler,Datisi,2,All mugs are cups ,Some mugs are ceramics,Some ceramics are cups ,*,*,*,*,*,*,*,NA,2898,Datisi,1,1,0,0
24_8,24,N3-c-M2,8,0,star,Homonymy,Datisi,2,All stars are charismatic,Some stars are pulsars,Some pulsars are charismatic,*,*,*,*,*,*,0.7142857143,NA,3524,Datisi,0,1,0,0
24_9,24,N3-c-M2,9,0,mothers,Invalid Filler,Darii*,2,All grandmothers are mothers ,Some teens are mothers,Some grandmothers are teens,*,*,*,*,*,*,*,NA,15930,Darii,0,1,0,0
24_10,24,N3-c-M2,10,0,ring,Homonymy,Darii,2,All rings are sounds,Some accessories are rings,Some accessories are sounds,*,*,A,C,*,*,0.7142857143,NA,5585,Darii,0,1,0,0
24_11,24,N3-c-M2,11,1,grapes,Valid Filler,Disamis,2,Some grapes are red ,All grapes are fruits ,Some fruits are red ,*,*,*,*,*,*,*,NA,2381,Disamis,1,1,0,0
24_12,24,N3-c-M2,12,1,board,Homonymy,Dimatis,2,Some groups are boards,All boards are materials,Some materials are groups,*,*,A,C,*,*,0.5,NA,5578,Dimatis,0,0,0,0
24_13,24,N3-c-M2,13,0,toilets,Invalid Filler,Disamis*,2,Some toilets are coed,All urinals are toilets,Some urinals are coed,*,*,*,*,*,*,*,NA,15476,Disamis,0,1,0,0
24_14,24,N3-c-M2,14,1,suit,Homonymy,Disamis,2,Some suits are settled out of court,All suits are formal outfits,Some formal outfits are settled out of court,*,*,A,C,*,*,0.7142857143,NA,13195,Disamis,0,0,0,0
24_15,24,N3-c-M2,15,0,novel,Polysemy,Darii,2,All novels are flammable,Some debuts are novels,Some debuts are flammable,*,book-type,C,A,96.7,info,1,NA,4694,Darii,0,1,0,0
24_16,24,N3-c-M2,16,1,match,Homonymy,Disamis,2,Some matches are shown on TV,All matches are fire starters,Some fire starters are shown on TV,*,*,A,C,*,*,0,NA,4165,Disamis,0,0,0,0
24_17,24,N3-c-M2,17,1,novel,Polysemy,Darii,2,All novels are bound,Some mysteries are novels,Some mysteries are bound,*,book-type,C,A,96.7,info,0,NA,7235,Darii,0,0,0,0
24_18,24,N3-c-M2,18,1,book,Polysemy,Dimatis,2,Some purchases are books,All books are creative endeavours,Some creative endeavours are purchases,*,book-type,C,A,64.5,info,0.1428571429,NA,3828,Dimatis,0,0,0,0
24_19,24,N3-c-M2,19,1,widows,Valid Filler,Dimatis,2,Some mothers are widows ,All widows are women,Some women are mothers,*,*,*,*,*,*,*,NA,2639,Dimatis,1,1,0,0
24_20,24,N3-c-M2,20,1,dolls,Valid Filler,Darii,2,All dolls are man made,Some toys are dolls ,Some toys are man made,*,*,*,*,*,*,*,NA,2897,Darii,1,1,0,0
24_21,24,N3-c-M2,21,0,rock ,Homonymy,Datisi,2,All rock is rhythmic,Some rock is granite,Some granite is rhythmic,*,*,A,C,100,*,0.8571428571,NA,2954,Datisi,0,1,0,0
24_22,24,N3-c-M2,22,1,change,Homonymy,Darii,2,All change is money,Some surprises are change,Some surprises are money,*,*,C,A,*,*,0,NA,2608,Darii,0,0,0,0
24_23,24,N3-c-M2,23,1,match,Homonymy,Disamis,2,Some matches are competitive,All matches are tools,Some tools are competitive,*,*,A,C,80,*,0.5714285714,NA,5008,Disamis,0,0,0,0
24_24,24,N3-c-M2,24,1,book,Polysemy,Dimatis,2,Some doorstops are books,All books are intellectual property,Some intellectual property is a doorstop,*,book-type,C,A,64.5,info,0.5714285714,NA,11039,Dimatis,0,0,0,0
24_25,24,N3-c-M2,25,0,antiques,Invalid Filler,Darii*,2,All medieval manuscripts are antiques ,Some pieces of jewelry are antiques ,Some pieces of jewelry are medieval manuscripts,*,*,*,*,*,*,*,NA,3842,Darii,0,1,0,0
24_26,24,N3-c-M2,26,1,burgers,Valid Filler,Disamis,2,Some burgers are overcooked ,All burgers are sandwiches,Some sandwiches are overcooked ,*,*,*,*,*,*,*,NA,2805,Disamis,1,1,0,0
24_27,24,N3-c-M2,27,0,cabinet,Homonymy,Datisi,2,All cabinets are political appointments,Some cabinets are antique furniture,Some antique furniture are political appointments,*,*,A,C,*,*,0.8571428571,NA,3529,Datisi,0,1,0,0
24_28,24,N3-c-M2,28,0,peppers,Invalid Filler,Dimatis*,2,Some yellow vegetables are peppers ,All jalapenos are peppers,Some jalapenos are yellow vegetables,*,*,*,*,*,*,*,NA,7992,Dimatis,0,1,0,0
24_29,24,N3-c-M2,29,0,ball,Homonymy,Dimatis,2,Some dances are balls,All balls are spheres,Some spheres are dances,*,*,A,C,*,*,0.7142857143,NA,3212,Dimatis,0,1,0,0
24_30,24,N3-c-M2,30,0,actors,Invalid Filler,Datisi*,2,All male leads are actors,Some actors are women,Some women are male leads,*,*,*,*,*,*,*,NA,6232,Datisi,0,1,0,0
24_31,24,N3-c-M2,31,0,letter,Polysemy,Datisi,2,All letters are paper,Some letters are professions of love,Some professions of love are paper,*,book-type,C,A,78.5,info,0.4285714286,NA,5742,Datisi,0,1,0,0
24_32,24,N3-c-M2,32,0,ball,Homonymy,Dimatis,2,Some parties are balls,All balls are toys,Some toys are parties,*,*,A,C,*,*,0.7142857143,NA,2881,Dimatis,0,1,0,0
24_33,24,N3-c-M2,33,1,ring,Homonymy,Darii,2,All rings are noises,Some anniversary gifts are rings,Some anniversary gifts are noises,*,*,A,C,*,*,0.7142857143,NA,5913,Darii,0,0,0,0
24_34,24,N3-c-M2,34,0,city,Polysemy,Datisi,2,All cities are bureaucracies,Some cities are graffitied ,Some bureaucracies are graffitied,*,city-type,A,C,67.7,inst,0.2857142857,NA,4577,Datisi,0,1,0,0
24_35,24,N3-c-M2,35,0,board,Homonymy,Dimatis,2,Some advisory bodies are boards,All boards are rectangles,Some rectangles are advisory bodies,*,*,A,C,*,*,0.8571428571,NA,4430,Dimatis,0,1,0,0
24_36,24,N3-c-M2,36,1,rifles,Valid Filler,Disamis,2,Some rifles are for hunting,All rifles are guns ,Some guns are for hunting,*,*,*,*,*,*,*,NA,2382,Disamis,1,1,0,0
24_37,24,N3-c-M2,37,0,ruler,Homonymy,Disamis,2,Some rulers are monarchs,All rulers are measuring devices,Some measuring devices are monarchs,*,*,*,*,*,*,0.7142857143,NA,2719,Disamis,0,1,0,0
24_38,24,N3-c-M2,38,0,stones,Invalid Filler,Datisi*,2,All pebbles are stones,Some stones are boulders,Some boulders are pebbles,*,*,*,*,*,*,*,NA,3295,Datisi,0,1,0,0
24_39,24,N3-c-M2,39,1,dresses,Invalid Filler,Darii*,2,All ball gowns are dresses ,Some cocktail outfits are dresses,Some cocktail outfits are ball gowns,*,*,*,*,*,*,*,NA,5110,Darii,0,0,0,0
24_40,24,N3-c-M2,40,0,wave,Homonymy,Dimatis,2,Some greetings are waves,Some waves are tsunamis,Some tsunamis are greetings,*,*,A,C,100,*,0.7142857143,NA,2258,Dimatis,0,1,0,0
24_41,24,N3-c-M2,41,1,suitcases,Valid Filler,Dimatis,2,Some bags are suitcases,All suitcases are pieces of luggage,Some pieces of luggage are bags,*,*,*,*,*,*,*,NA,2787,Dimatis,1,1,0,0
24_42,24,N3-c-M2,42,1,bat,Homonymy,Darii,2,All bats share a common ancestor,Some sporting goods are bats,Some sporting goods share a common ancestor,*,*,*,*,*,*,0.2857142857,NA,4368,Darii,0,0,0,0
24_43,24,N3-c-M2,43,1,city,Polysemy,Datisi,2,All cities have laws,Some cities are earthquake zones,Some earthquake zones have laws,*,city-type,A,C,67.7,inst,0,NA,11897,Datisi,0,0,0,0
24_44,24,N3-c-M2,44,0,picnic,Polysemy,Datisi,2,All picnics happen in nature,Some picnics are salads,Some salads happen in nature,*,lunch-type,A,C,59.2,event,0.5714285714,NA,5312,Datisi,0,1,0,0
24_45,24,N3-c-M2,45,0,rock,Homonymy,Datisi,2,All rock has guitars,Some rock is marble,Some marble has guitars,*,*,A,C,100,*,0.8571428571,NA,3781,Datisi,0,1,0,0
24_46,24,N3-c-M2,46,1,doughnuts,Valid Filler,Darii,2,All doughnuts are sugary ,Some pastries are doughnuts ,Some pastries are sugary,*,*,*,*,*,*,*,NA,2726,Darii,1,1,0,0
24_47,24,N3-c-M2,47,1,trucks,Valid Filler,Dimatis,2,Some cars are trucks ,All trucks are vehicles,Some vehicles are cars ,*,*,*,*,*,*,*,NA,1943,Dimatis,1,1,0,0
24_48,24,N3-c-M2,48,1,swords,Valid Filler,Disamis,2,Some swords are decorative,All swords are weapons ,Some weapons are decorative ,*,*,*,*,*,*,*,NA,5461,Disamis,1,1,0,0
24_49,24,N3-c-M2,49,0,steaks,Invalid Filler,Disamis*,2,Some steaks are filet mignons,All ribeyes are steaks,Some ribeyes are filet mignons,*,*,*,*,*,*,*,NA,2765,Disamis,0,1,0,0
24_50,24,N3-c-M2,50,1,dinner,Polysemy,Disamis,2,Some dinners last an hour,All dinners are sources of nutrition,Some sources of nutrition last an hour,*,lunch-type,A,C,90,event,0.1428571429,NA,8296,Disamis,0,0,0,0
24_51,24,N3-c-M2,51,0,company,Polysemy,Dimatis,2,Some storefronts are companies,All companies are hierarchies,Some hierarchies are storefronts,*,city-type,C,A,83.8,inst,0.7142857143,NA,2563,Dimatis,0,1,0,0
24_52,24,N3-c-M2,52,1,bat,Homonymy,Darii,2,All bats hang upside down,Some sporting goods are bats,Some sporting goods hang upside down,*,*,*,*,*,*,0,NA,5108,Darii,0,0,0,0
24_53,24,N3-c-M2,53,1,poets,Valid Filler,Datisi,2,All poets are writers ,Some poets are teachers,Some teachers are writers,*,*,*,*,*,*,*,NA,3116,Datisi,1,1,0,0
24_54,24,N3-c-M2,54,0,colors,Invalid Filler,Disamis*,2,Some colors are primary ,All shades of purple are colors ,Some shades of purple are primary,*,*,*,*,*,*,*,NA,5766,Disamis,0,1,0,0
24_55,24,N3-c-M2,55,0,magazines,Polysemy,Disamis,2,Some magazines are glossy,All magazines are collaborations,Some collaborations are glossy,*,book-type,C,A,68.9,info,0.5714285714,NA,2647,Disamis,0,1,0,0
24_56,24,N3-c-M2,56,0,magazines,Polysemy,Disamis,2,Some magazines are coffee-stained,All magazines are subscriptions,Some subscriptions are coffee-stained,*,book-type,C,A,68.9,info,0.2857142857,NA,8249,Disamis,0,1,0,0
24_57,24,N3-c-M2,57,0,thieves,Invalid Filler,Dimatis*,2,Some children are thieves,All mob bosses are thieves,Some mob bosses are children,*,*,*,*,*,*,*,NA,2953,Dimatis,0,1,0,0
24_58,24,N3-c-M2,58,0,lunch,Polysemy,Dimatis,2,Some breaks are lunches,All lunches are entrées,Some entrées are breaks,*,lunch-type,A,C,96.6,event,0.7142857143,NA,4656,Dimatis,0,1,0,0
24_59,24,N3-c-M2,59,0,lunch,Polysemy,Dimatis,2,lunch-type,All lunches are menu items,Some menu items are meetings,*,lunch-type,A,C,96.6,event,1,NA,3164,Dimatis,0,1,0,0
24_60,24,N3-c-M2,60,1,dances,Invalid Filler,Darii*,2,All polkas are dances ,Some mating rituals are dances ,Some mating rituals are polkas ,*,*,*,*,*,*,*,NA,8944,Darii,0,0,0,0
24_61,24,N3-c-M2,61,1,breakfast,Polysemy,Darii,2,All breakfasts take place in the morning,Some sandwiches are breakfasts,Some sandwiches take place in the morning,*,lunch-type,A,C,87.1,event,0.4285714286,NA,9986,Darii,0,0,0,0
24_62,24,N3-c-M2,62,0,star,Homonymy,Datisi,2,All stars deal with paparazzi ,Some stars are red dwarfs,Some red dwarfs deal with paparazzi ,*,*,*,*,*,*,0,NA,3734,Datisi,0,1,0,0
24_63,24,N3-c-M2,63,0,cabinet,Homonymy,Datisi,2,All cabinets are selected by leaders,Some cabinets are cupboards,Some cupboards are selected by leaders,*,*,A,C,*,*,0.3333333333,NA,3757,Datisi,0,1,0,0
24_64,24,N3-c-M2,64,0,school,Polysemy,Disamis,2,Some schools are rectangular,All schools are employers,Some employers are rectangular,*,city-type,C,A,45.1,inst,0.5714285714,NA,2476,Disamis,0,1,0,0
24_65,24,N3-c-M2,65,0,change,Homonymy,Darii,2,All change jingles,Some social movements are change,Some social movements jingle,*,*,C,A,*,*,0.5714285714,NA,4406,Darii,0,1,0,0
24_66,24,N3-c-M2,66,1,picnic,Polysemy,Datisi,2,All picnics are leisurely,Some picnics are charcuterie,Some charcuterie is leisurely,*,lunch-type,A,C,59.2,event,0.7142857143,NA,8156,Datisi,0,0,0,0
24_67,24,N3-c-M2,67,0,wave,Homonymy,Dimatis,2,Some gestures are waves,Some waves are ripples,Some ripples are gestures,*,*,A,C,100,*,0.4285714286,NA,2414,Dimatis,0,1,0,0
24_68,24,N3-c-M2,68,0,board,Homonymy,Dimatis,2,Some governing organizations are boards,All boards are wooden planks,Some wooden planks are governing organizations,*,*,A,C,*,*,1,NA,3305,Dimatis,0,1,0,0
24_69,24,N3-c-M2,69,0,cabinet,Homonymy,Datisi,2,All cabinets advise the presidents,Some cabinets are Ikea products,Some ikea products advise the president,*,*,A,C,*,*,0.7142857143,NA,2514,Datisi,0,1,0,0
24_70,24,N3-c-M2,70,1,clowns,Valid Filler,Darii,2,All clowns can juggle ,Some circus performers are clowns ,Some circus performers can juggle,*,*,*,*,*,*,*,NA,3476,Darii,1,1,0,0
24_71,24,N3-c-M2,71,1,liars,Valid Filler,Dimatis,2,Some criminals are liars ,All liars are humans,Some humans are criminals ,*,*,*,*,*,*,*,NA,2282,Dimatis,1,1,0,0
24_72,24,N3-c-M2,72,1,statues,Valid Filler,Datisi,2,All statues are sculptures,Some statues are bronzes,Some bronzes are sculptures,*,*,*,*,*,*,*,NA,2452,Datisi,1,1,0,0
24_73,24,N3-c-M2,73,1,college,Polysemy,Darii,2,All colleges have spirit,Some colleges are national landmarks,Some national landmarks have spirit,*,city-type,A,C,56.6,inst,0.1428571429,NA,6696,Darii,0,0,0,0
24_74,24,N3-c-M2,74,1,school,Polysemy,Disamis,2,Some schools are brick,All schools are communities,Some communities are brick,*,city-type,C,A,45.1,inst,0.5714285714,NA,7405,Disamis,0,0,0,0
24_75,24,N3-c-M2,75,0,bat,Homonymy,Darii,2,All bats are mammals,Some weapons are bats,Some weapons are mammals,*,*,*,*,*,*,0.4285714286,NA,8881,Darii,0,1,0,0
24_76,24,N3-c-M2,76,0,company,Polysemy,Dimatis,2,Some office buildings are companies,All companies are legal entities,Some legal entities are office buildings ,*,city-type,C,A,83.8,inst,0.5714285714,NA,6188,Dimatis,0,1,0,0
24_77,24,N3-c-M2,77,0,suit,Homonymy,Disamis,2,Some suits have multiple defendants,All suits are dress attire,Some dress attire has multiple defendants,*,*,A,C,*,*,0.5714285714,NA,4696,Disamis,0,1,0,0
24_78,24,N3-c-M2,78,0,star,Homonymy,Datisi,2,All stars are famous ,Some stars are red dwarfs,Some red dwarfs are famous,*,*,*,*,*,*,0,NA,9592,Datisi,0,1,0,0
24_79,24,N3-c-M2,79,1,singers,Valid Filler,Darii,2,All singers have an ideal vocal range ,Some guitarists are singers,Some guitarists have an ideal vocal range,*,*,*,*,*,*,*,NA,4211,Darii,1,1,0,0
24_80,24,N3-c-M2,80,1,letter,Polysemy,Datisi,2,All letters have stamps,Some letters are rejections,Some rejections have stamps,*,book-type,C,A,78.5,info,0,NA,21725,Datisi,0,0,0,0
24_81,24,N3-c-M2,81,1,funerals,Invalid Filler,Datisi*,2,All open-casket services are funerals,Some funerals are cremations,Some cremations are open-casket services,*,*,*,*,*,*,*,NA,8413,Datisi,0,0,0,0
24_82,24,N3-c-M2,82,0,injuries,Invalid Filler,Dimatis*,2,Some sunburns are injuries,All cases of frostbite are injuries,Some cases of frostbite are sunburns,*,*,*,*,*,*,*,NA,5311,Dimatis,0,1,0,0
24_83,24,N3-c-M2,83,0,college,Polysemy,Darii,2,All colleges grant degrees,Some colleges are historic buildings,Some historic buildings grant degrees,*,city-type,A,C,56.6,inst,0.2857142857,NA,4843,Darii,0,1,0,0
24_84,24,N3-c-M2,84,0,sausages,Invalid Filler,Datisi*,2,All hot dogs are sausages,Some sausages are salamis,Some hot dogs are salamis,*,*,*,*,*,*,*,NA,3116,Datisi,0,1,0,0
24_85,24,N3-c-M2,85,0,dinner,Polysemy,Disamis,2,Some dinners are black tie,All dinners are foods,Some foods are black tie,*,lunch-type,A,C,90,event,0.5714285714,NA,4281,Disamis,0,1,0,0
24_86,24,N3-c-M2,86,0,ruler,Homonymy,Disamis,2,Some rulers are kings,All rulers are standard lengths,Some standard lengths are kings,*,*,*,*,*,*,0.8571428571,NA,3328,Disamis,0,1,0,0
24_87,24,N3-c-M2,87,0,match,Homonymy,Disamis,2,Some matches are championships,All matches are fire starters,Some fire starters are championships,*,*,A,C,80,*,0.7142857143,NA,4265,Disamis,0,1,0,0
24_88,24,N3-c-M2,88,0,spices,Invalid Filler,Dimatis*,2,Some dried roots are spices ,All mustard seeds are spices ,Some mustard seeds are dried roots,*,*,*,*,*,*,*,NA,3164,Dimatis,0,1,0,0
25_1,25,N3-c-M2,1,1,novel,Polysemy,Darii,2,All novels are printed,Some ideas are novels,Some ideas are printed,*,book-type,C,A,96.7,info,0.1428571429,NA,3780,Darii,0,0,0,0
25_2,25,N3-c-M2,2,1,breakfast,Polysemy,Darii,2,All breakfasts are under three hours,Some smoothies are breakfasts,Some smoothies are under three hours,*,lunch-type,A,C,87.1,event,0.7142857143,NA,6297,Darii,0,0,0,0
25_3,25,N3-c-M2,3,0,shapes,Invalid Filler,Disamis*,2,Some shapes are triangles,All squares are shapes,Some squares are triangles,*,*,*,*,*,*,*,NA,2804,Disamis,0,1,0,0
25_4,25,N3-c-M2,4,0,ball,Homonymy,Dimatis,2,Some dances are balls,All balls are circles,Some circles are dances,*,*,A,C,*,*,0.1666666667,NA,2413,Dimatis,0,1,0,0
25_5,25,N3-c-M2,5,1,ponies,Valid Filler,Datisi,2,All ponies neigh,Some ponies are colts,Some colts neigh,*,*,*,*,*,*,*,NA,2421,Datisi,1,1,0,0
25_6,25,N3-c-M2,6,0,change,Homonymy,Darii,2,All change is legal tender,Some political revolutions are change,Some political revolutions are legal tender,*,*,C,A,*,*,0.8571428571,NA,9119,Darii,0,1,0,0
25_7,25,N3-c-M2,7,1,mugs,Valid Filler,Datisi,2,All mugs are cups ,Some mugs are ceramics,Some ceramics are cups ,*,*,*,*,*,*,*,NA,3204,Datisi,1,1,0,0
25_8,25,N3-c-M2,8,0,star,Homonymy,Datisi,2,All stars are charismatic,Some stars are pulsars,Some pulsars are charismatic,*,*,*,*,*,*,0.7142857143,NA,2763,Datisi,0,1,0,0
25_9,25,N3-c-M2,9,0,mothers,Invalid Filler,Darii*,2,All grandmothers are mothers ,Some teens are mothers,Some grandmothers are teens,*,*,*,*,*,*,*,NA,2834,Darii,0,1,0,0
25_10,25,N3-c-M2,10,0,ring,Homonymy,Darii,2,All rings are sounds,Some accessories are rings,Some accessories are sounds,*,*,A,C,*,*,0.7142857143,NA,3907,Darii,0,1,0,0
25_11,25,N3-c-M2,11,1,grapes,Valid Filler,Disamis,2,Some grapes are red ,All grapes are fruits ,Some fruits are red ,*,*,*,*,*,*,*,NA,1999,Disamis,1,1,0,0
25_12,25,N3-c-M2,12,0,board,Homonymy,Dimatis,2,Some groups are boards,All boards are materials,Some materials are groups,*,*,A,C,*,*,0.5,NA,2035,Dimatis,0,1,0,0
25_13,25,N3-c-M2,13,1,toilets,Invalid Filler,Disamis*,2,Some toilets are coed,All urinals are toilets,Some urinals are coed,*,*,*,*,*,*,*,NA,5770,Disamis,0,0,0,0
25_14,25,N3-c-M2,14,0,suit,Homonymy,Disamis,2,Some suits are settled out of court,All suits are formal outfits,Some formal outfits are settled out of court,*,*,A,C,*,*,0.7142857143,NA,4155,Disamis,0,1,0,0
25_15,25,N3-c-M2,15,1,novel,Polysemy,Darii,2,All novels are flammable,Some debuts are novels,Some debuts are flammable,*,book-type,C,A,96.7,info,1,NA,4786,Darii,0,0,0,0
25_16,25,N3-c-M2,16,1,match,Homonymy,Disamis,2,Some matches are shown on TV,All matches are fire starters,Some fire starters are shown on TV,*,*,A,C,*,*,0,NA,2933,Disamis,0,0,0,0
25_17,25,N3-c-M2,17,1,novel,Polysemy,Darii,2,All novels are bound,Some mysteries are novels,Some mysteries are bound,*,book-type,C,A,96.7,info,0,NA,2689,Darii,0,0,0,0
25_18,25,N3-c-M2,18,1,book,Polysemy,Dimatis,2,Some purchases are books,All books are creative endeavours,Some creative endeavours are purchases,*,book-type,C,A,64.5,info,0.1428571429,NA,3770,Dimatis,0,0,0,0
25_19,25,N3-c-M2,19,1,widows,Valid Filler,Dimatis,2,Some mothers are widows ,All widows are women,Some women are mothers,*,*,*,*,*,*,*,NA,2460,Dimatis,1,1,0,0
25_20,25,N3-c-M2,20,1,dolls,Valid Filler,Darii,2,All dolls are man made,Some toys are dolls ,Some toys are man made,*,*,*,*,*,*,*,NA,2641,Darii,1,1,0,0
25_21,25,N3-c-M2,21,0,rock ,Homonymy,Datisi,2,All rock is rhythmic,Some rock is granite,Some granite is rhythmic,*,*,A,C,100,*,0.8571428571,NA,2216,Datisi,0,1,0,0
25_22,25,N3-c-M2,22,1,change,Homonymy,Darii,2,All change is money,Some surprises are change,Some surprises are money,*,*,C,A,*,*,0,NA,2454,Darii,0,0,0,0
25_23,25,N3-c-M2,23,0,match,Homonymy,Disamis,2,Some matches are competitive,All matches are tools,Some tools are competitive,*,*,A,C,80,*,0.5714285714,NA,7491,Disamis,0,1,0,0
25_24,25,N3-c-M2,24,0,book,Polysemy,Dimatis,2,Some doorstops are books,All books are intellectual property,Some intellectual property is a doorstop,*,book-type,C,A,64.5,info,0.5714285714,NA,2556,Dimatis,0,1,0,0
25_25,25,N3-c-M2,25,0,antiques,Invalid Filler,Darii*,2,All medieval manuscripts are antiques ,Some pieces of jewelry are antiques ,Some pieces of jewelry are medieval manuscripts,*,*,*,*,*,*,*,NA,3441,Darii,0,1,0,0
25_26,25,N3-c-M2,26,1,burgers,Valid Filler,Disamis,2,Some burgers are overcooked ,All burgers are sandwiches,Some sandwiches are overcooked ,*,*,*,*,*,*,*,NA,2194,Disamis,1,1,0,0
25_27,25,N3-c-M2,27,0,cabinet,Homonymy,Datisi,2,All cabinets are political appointments,Some cabinets are antique furniture,Some antique furniture are political appointments,*,*,A,C,*,*,0.8571428571,NA,3307,Datisi,0,1,0,0
25_28,25,N3-c-M2,28,0,peppers,Invalid Filler,Dimatis*,2,Some yellow vegetables are peppers ,All jalapenos are peppers,Some jalapenos are yellow vegetables,*,*,*,*,*,*,*,NA,4537,Dimatis,0,1,0,0
25_29,25,N3-c-M2,29,0,ball,Homonymy,Dimatis,2,Some dances are balls,All balls are spheres,Some spheres are dances,*,*,A,C,*,*,0.7142857143,NA,3480,Dimatis,0,1,0,0
25_30,25,N3-c-M2,30,0,actors,Invalid Filler,Datisi*,2,All male leads are actors,Some actors are women,Some women are male leads,*,*,*,*,*,*,*,NA,3220,Datisi,0,1,0,0
25_31,25,N3-c-M2,31,1,letter,Polysemy,Datisi,2,All letters are paper,Some letters are professions of love,Some professions of love are paper,*,book-type,C,A,78.5,info,0.4285714286,NA,4646,Datisi,0,0,0,0
25_32,25,N3-c-M2,32,0,ball,Homonymy,Dimatis,2,Some parties are balls,All balls are toys,Some toys are parties,*,*,A,C,*,*,0.7142857143,NA,2121,Dimatis,0,1,0,0
25_33,25,N3-c-M2,33,0,ring,Homonymy,Darii,2,All rings are noises,Some anniversary gifts are rings,Some anniversary gifts are noises,*,*,A,C,*,*,0.7142857143,NA,3503,Darii,0,1,0,0
25_34,25,N3-c-M2,34,0,city,Polysemy,Datisi,2,All cities are bureaucracies,Some cities are graffitied ,Some bureaucracies are graffitied,*,city-type,A,C,67.7,inst,0.2857142857,NA,3274,Datisi,0,1,0,0
25_35,25,N3-c-M2,35,0,board,Homonymy,Dimatis,2,Some advisory bodies are boards,All boards are rectangles,Some rectangles are advisory bodies,*,*,A,C,*,*,0.8571428571,NA,1830,Dimatis,0,1,0,0
25_36,25,N3-c-M2,36,1,rifles,Valid Filler,Disamis,2,Some rifles are for hunting,All rifles are guns ,Some guns are for hunting,*,*,*,*,*,*,*,NA,1855,Disamis,1,1,0,0
25_37,25,N3-c-M2,37,0,ruler,Homonymy,Disamis,2,Some rulers are monarchs,All rulers are measuring devices,Some measuring devices are monarchs,*,*,*,*,*,*,0.7142857143,NA,4874,Disamis,0,1,0,0
25_38,25,N3-c-M2,38,0,stones,Invalid Filler,Datisi*,2,All pebbles are stones,Some stones are boulders,Some boulders are pebbles,*,*,*,*,*,*,*,NA,3193,Datisi,0,1,0,0
25_39,25,N3-c-M2,39,1,dresses,Invalid Filler,Darii*,2,All ball gowns are dresses ,Some cocktail outfits are dresses,Some cocktail outfits are ball gowns,*,*,*,*,*,*,*,NA,2828,Darii,0,0,0,0
25_40,25,N3-c-M2,40,0,wave,Homonymy,Dimatis,2,Some greetings are waves,Some waves are tsunamis,Some tsunamis are greetings,*,*,A,C,100,*,0.7142857143,NA,1847,Dimatis,0,1,0,0
25_41,25,N3-c-M2,41,1,suitcases,Valid Filler,Dimatis,2,Some bags are suitcases,All suitcases are pieces of luggage,Some pieces of luggage are bags,*,*,*,*,*,*,*,NA,2209,Dimatis,1,1,0,0
25_42,25,N3-c-M2,42,0,bat,Homonymy,Darii,2,All bats share a common ancestor,Some sporting goods are bats,Some sporting goods share a common ancestor,*,*,*,*,*,*,0.2857142857,NA,4043,Darii,0,1,0,0
25_43,25,N3-c-M2,43,1,city,Polysemy,Datisi,2,All cities have laws,Some cities are earthquake zones,Some earthquake zones have laws,*,city-type,A,C,67.7,inst,0,NA,2514,Datisi,0,0,0,0
25_44,25,N3-c-M2,44,1,picnic,Polysemy,Datisi,2,All picnics happen in nature,Some picnics are salads,Some salads happen in nature,*,lunch-type,A,C,59.2,event,0.5714285714,NA,2245,Datisi,0,0,0,0
25_45,25,N3-c-M2,45,0,rock,Homonymy,Datisi,2,All rock has guitars,Some rock is marble,Some marble has guitars,*,*,A,C,100,*,0.8571428571,NA,1472,Datisi,0,1,0,0
25_46,25,N3-c-M2,46,1,doughnuts,Valid Filler,Darii,2,All doughnuts are sugary ,Some pastries are doughnuts ,Some pastries are sugary,*,*,*,*,*,*,*,NA,2032,Darii,1,1,0,0
25_47,25,N3-c-M2,47,1,trucks,Valid Filler,Dimatis,2,Some cars are trucks ,All trucks are vehicles,Some vehicles are cars ,*,*,*,*,*,*,*,NA,3056,Dimatis,1,1,0,0
25_48,25,N3-c-M2,48,1,swords,Valid Filler,Disamis,2,Some swords are decorative,All swords are weapons ,Some weapons are decorative ,*,*,*,*,*,*,*,NA,2784,Disamis,1,1,0,0
25_49,25,N3-c-M2,49,1,steaks,Invalid Filler,Disamis*,2,Some steaks are filet mignons,All ribeyes are steaks,Some ribeyes are filet mignons,*,*,*,*,*,*,*,NA,3119,Disamis,0,0,0,0
25_50,25,N3-c-M2,50,1,dinner,Polysemy,Disamis,2,Some dinners last an hour,All dinners are sources of nutrition,Some sources of nutrition last an hour,*,lunch-type,A,C,90,event,0.1428571429,NA,3971,Disamis,0,0,0,0
25_51,25,N3-c-M2,51,0,company,Polysemy,Dimatis,2,Some storefronts are companies,All companies are hierarchies,Some hierarchies are storefronts,*,city-type,C,A,83.8,inst,0.7142857143,NA,2848,Dimatis,0,1,0,0
25_52,25,N3-c-M2,52,1,bat,Homonymy,Darii,2,All bats hang upside down,Some sporting goods are bats,Some sporting goods hang upside down,*,*,*,*,*,*,0,NA,5102,Darii,0,0,0,0
25_53,25,N3-c-M2,53,1,poets,Valid Filler,Datisi,2,All poets are writers ,Some poets are teachers,Some teachers are writers,*,*,*,*,*,*,*,NA,2859,Datisi,1,1,0,0
25_54,25,N3-c-M2,54,0,colors,Invalid Filler,Disamis*,2,Some colors are primary ,All shades of purple are colors ,Some shades of purple are primary,*,*,*,*,*,*,*,NA,3018,Disamis,0,1,0,0
25_55,25,N3-c-M2,55,0,magazines,Polysemy,Disamis,2,Some magazines are glossy,All magazines are collaborations,Some collaborations are glossy,*,book-type,C,A,68.9,info,0.5714285714,NA,2404,Disamis,0,1,0,0
25_56,25,N3-c-M2,56,0,magazines,Polysemy,Disamis,2,Some magazines are coffee-stained,All magazines are subscriptions,Some subscriptions are coffee-stained,*,book-type,C,A,68.9,info,0.2857142857,NA,2291,Disamis,0,1,0,0
25_57,25,N3-c-M2,57,0,thieves,Invalid Filler,Dimatis*,2,Some children are thieves,All mob bosses are thieves,Some mob bosses are children,*,*,*,*,*,*,*,NA,2945,Dimatis,0,1,0,0
25_58,25,N3-c-M2,58,0,lunch,Polysemy,Dimatis,2,Some breaks are lunches,All lunches are entrées,Some entrées are breaks,*,lunch-type,A,C,96.6,event,0.7142857143,NA,2337,Dimatis,0,1,0,0
25_59,25,N3-c-M2,59,0,lunch,Polysemy,Dimatis,2,lunch-type,All lunches are menu items,Some menu items are meetings,*,lunch-type,A,C,96.6,event,1,NA,1659,Dimatis,0,1,0,0
25_60,25,N3-c-M2,60,0,dances,Invalid Filler,Darii*,2,All polkas are dances ,Some mating rituals are dances ,Some mating rituals are polkas ,*,*,*,*,*,*,*,NA,2762,Darii,0,1,0,0
25_61,25,N3-c-M2,61,1,breakfast,Polysemy,Darii,2,All breakfasts take place in the morning,Some sandwiches are breakfasts,Some sandwiches take place in the morning,*,lunch-type,A,C,87.1,event,0.4285714286,NA,2269,Darii,0,0,0,0
25_62,25,N3-c-M2,62,0,star,Homonymy,Datisi,2,All stars deal with paparazzi ,Some stars are red dwarfs,Some red dwarfs deal with paparazzi ,*,*,*,*,*,*,0,NA,2204,Datisi,0,1,0,0
25_63,25,N3-c-M2,63,0,cabinet,Homonymy,Datisi,2,All cabinets are selected by leaders,Some cabinets are cupboards,Some cupboards are selected by leaders,*,*,A,C,*,*,0.3333333333,NA,3569,Datisi,0,1,0,0
25_64,25,N3-c-M2,64,0,school,Polysemy,Disamis,2,Some schools are rectangular,All schools are employers,Some employers are rectangular,*,city-type,C,A,45.1,inst,0.5714285714,NA,1915,Disamis,0,1,0,0
25_65,25,N3-c-M2,65,0,change,Homonymy,Darii,2,All change jingles,Some social movements are change,Some social movements jingle,*,*,C,A,*,*,0.5714285714,NA,2890,Darii,0,1,0,0
25_66,25,N3-c-M2,66,1,picnic,Polysemy,Datisi,2,All picnics are leisurely,Some picnics are charcuterie,Some charcuterie is leisurely,*,lunch-type,A,C,59.2,event,0.7142857143,NA,1899,Datisi,0,0,0,0
25_67,25,N3-c-M2,67,0,wave,Homonymy,Dimatis,2,Some gestures are waves,Some waves are ripples,Some ripples are gestures,*,*,A,C,100,*,0.4285714286,NA,7428,Dimatis,0,1,0,0
25_68,25,N3-c-M2,68,0,board,Homonymy,Dimatis,2,Some governing organizations are boards,All boards are wooden planks,Some wooden planks are governing organizations,*,*,A,C,*,*,1,NA,5339,Dimatis,0,1,0,0
25_69,25,N3-c-M2,69,0,cabinet,Homonymy,Datisi,2,All cabinets advise the presidents,Some cabinets are Ikea products,Some ikea products advise the president,*,*,A,C,*,*,0.7142857143,NA,3248,Datisi,0,1,0,0
25_70,25,N3-c-M2,70,1,clowns,Valid Filler,Darii,2,All clowns can juggle ,Some circus performers are clowns ,Some circus performers can juggle,*,*,*,*,*,*,*,NA,3541,Darii,1,1,0,0
25_71,25,N3-c-M2,71,1,liars,Valid Filler,Dimatis,2,Some criminals are liars ,All liars are humans,Some humans are criminals ,*,*,*,*,*,*,*,NA,10136,Dimatis,1,1,0,0
25_72,25,N3-c-M2,72,1,statues,Valid Filler,Datisi,2,All statues are sculptures,Some statues are bronzes,Some bronzes are sculptures,*,*,*,*,*,*,*,NA,1831,Datisi,1,1,0,0
25_73,25,N3-c-M2,73,1,college,Polysemy,Darii,2,All colleges have spirit,Some colleges are national landmarks,Some national landmarks have spirit,*,city-type,A,C,56.6,inst,0.1428571429,NA,2129,Darii,0,0,0,0
25_74,25,N3-c-M2,74,0,school,Polysemy,Disamis,2,Some schools are brick,All schools are communities,Some communities are brick,*,city-type,C,A,45.1,inst,0.5714285714,NA,2119,Disamis,0,1,0,0
25_75,25,N3-c-M2,75,0,bat,Homonymy,Darii,2,All bats are mammals,Some weapons are bats,Some weapons are mammals,*,*,*,*,*,*,0.4285714286,NA,5860,Darii,0,1,0,0
25_76,25,N3-c-M2,76,1,company,Polysemy,Dimatis,2,Some office buildings are companies,All companies are legal entities,Some legal entities are office buildings ,*,city-type,C,A,83.8,inst,0.5714285714,NA,4131,Dimatis,0,0,0,0
25_77,25,N3-c-M2,77,0,suit,Homonymy,Disamis,2,Some suits have multiple defendants,All suits are dress attire,Some dress attire has multiple defendants,*,*,A,C,*,*,0.5714285714,NA,2438,Disamis,0,1,0,0
25_78,25,N3-c-M2,78,0,star,Homonymy,Datisi,2,All stars are famous ,Some stars are red dwarfs,Some red dwarfs are famous,*,*,*,*,*,*,0,NA,1861,Datisi,0,1,0,0
25_79,25,N3-c-M2,79,1,singers,Valid Filler,Darii,2,All singers have an ideal vocal range ,Some guitarists are singers,Some guitarists have an ideal vocal range,*,*,*,*,*,*,*,NA,3446,Darii,1,1,0,0
25_80,25,N3-c-M2,80,0,letter,Polysemy,Datisi,2,All letters have stamps,Some letters are rejections,Some rejections have stamps,*,book-type,C,A,78.5,info,0,NA,1627,Datisi,0,1,0,0
25_81,25,N3-c-M2,81,0,funerals,Invalid Filler,Datisi*,2,All open-casket services are funerals,Some funerals are cremations,Some cremations are open-casket services,*,*,*,*,*,*,*,NA,2056,Datisi,0,1,0,0
25_82,25,N3-c-M2,82,0,injuries,Invalid Filler,Dimatis*,2,Some sunburns are injuries,All cases of frostbite are injuries,Some cases of frostbite are sunburns,*,*,*,*,*,*,*,NA,2394,Dimatis,0,1,0,0
25_83,25,N3-c-M2,83,1,college,Polysemy,Darii,2,All colleges grant degrees,Some colleges are historic buildings,Some historic buildings grant degrees,*,city-type,A,C,56.6,inst,0.2857142857,NA,3071,Darii,0,0,0,0
25_84,25,N3-c-M2,84,0,sausages,Invalid Filler,Datisi*,2,All hot dogs are sausages,Some sausages are salamis,Some hot dogs are salamis,*,*,*,*,*,*,*,NA,2795,Datisi,0,1,0,0
25_85,25,N3-c-M2,85,0,dinner,Polysemy,Disamis,2,Some dinners are black tie,All dinners are foods,Some foods are black tie,*,lunch-type,A,C,90,event,0.5714285714,NA,1630,Disamis,0,1,0,0
25_86,25,N3-c-M2,86,0,ruler,Homonymy,Disamis,2,Some rulers are kings,All rulers are standard lengths,Some standard lengths are kings,*,*,*,*,*,*,0.8571428571,NA,1631,Disamis,0,1,0,0
25_87,25,N3-c-M2,87,0,match,Homonymy,Disamis,2,Some matches are championships,All matches are fire starters,Some fire starters are championships,*,*,A,C,80,*,0.7142857143,NA,3726,Disamis,0,1,0,0
25_88,25,N3-c-M2,88,0,spices,Invalid Filler,Dimatis*,2,Some dried roots are spices ,All mustard seeds are spices ,Some mustard seeds are dried roots,*,*,*,*,*,*,*,NA,4175,Dimatis,0,1,0,0
26_1,26,N3-c-M2,1,1,novel,Polysemy,Darii,2,All novels are printed,Some ideas are novels,Some ideas are printed,*,book-type,C,A,96.7,info,0.1428571429,NA,5254,Darii,0,0,0,0
26_2,26,N3-c-M2,2,0,breakfast,Polysemy,Darii,2,All breakfasts are under three hours,Some smoothies are breakfasts,Some smoothies are under three hours,*,lunch-type,A,C,87.1,event,0.7142857143,NA,7312,Darii,0,1,0,0
26_3,26,N3-c-M2,3,0,shapes,Invalid Filler,Disamis*,2,Some shapes are triangles,All squares are shapes,Some squares are triangles,*,*,*,*,*,*,*,NA,2571,Disamis,0,1,0,0
26_4,26,N3-c-M2,4,1,ball,Homonymy,Dimatis,2,Some dances are balls,All balls are circles,Some circles are dances,*,*,A,C,*,*,0.1666666667,NA,5733,Dimatis,0,0,0,0
26_5,26,N3-c-M2,5,0,ponies,Valid Filler,Datisi,2,All ponies neigh,Some ponies are colts,Some colts neigh,*,*,*,*,*,*,*,NA,2994,Datisi,1,0,0,0
26_6,26,N3-c-M2,6,0,change,Homonymy,Darii,2,All change is legal tender,Some political revolutions are change,Some political revolutions are legal tender,*,*,C,A,*,*,0.8571428571,NA,2717,Darii,0,1,0,0
26_7,26,N3-c-M2,7,1,mugs,Valid Filler,Datisi,2,All mugs are cups ,Some mugs are ceramics,Some ceramics are cups ,*,*,*,*,*,*,*,NA,4074,Datisi,1,1,0,0
26_8,26,N3-c-M2,8,0,star,Homonymy,Datisi,2,All stars are charismatic,Some stars are pulsars,Some pulsars are charismatic,*,*,*,*,*,*,0.7142857143,NA,4268,Datisi,0,1,0,0
26_9,26,N3-c-M2,9,0,mothers,Invalid Filler,Darii*,2,All grandmothers are mothers ,Some teens are mothers,Some grandmothers are teens,*,*,*,*,*,*,*,NA,2423,Darii,0,1,0,0
26_10,26,N3-c-M2,10,1,ring,Homonymy,Darii,2,All rings are sounds,Some accessories are rings,Some accessories are sounds,*,*,A,C,*,*,0.7142857143,NA,2787,Darii,0,0,0,0
26_11,26,N3-c-M2,11,1,grapes,Valid Filler,Disamis,2,Some grapes are red ,All grapes are fruits ,Some fruits are red ,*,*,*,*,*,*,*,NA,4883,Disamis,1,1,0,0
26_12,26,N3-c-M2,12,1,board,Homonymy,Dimatis,2,Some groups are boards,All boards are materials,Some materials are groups,*,*,A,C,*,*,0.5,NA,2237,Dimatis,0,0,0,0
26_13,26,N3-c-M2,13,1,toilets,Invalid Filler,Disamis*,2,Some toilets are coed,All urinals are toilets,Some urinals are coed,*,*,*,*,*,*,*,NA,3074,Disamis,0,0,0,0
26_14,26,N3-c-M2,14,1,suit,Homonymy,Disamis,2,Some suits are settled out of court,All suits are formal outfits,Some formal outfits are settled out of court,*,*,A,C,*,*,0.7142857143,NA,4926,Disamis,0,0,0,0
26_15,26,N3-c-M2,15,0,novel,Polysemy,Darii,2,All novels are flammable,Some debuts are novels,Some debuts are flammable,*,book-type,C,A,96.7,info,1,NA,2403,Darii,0,1,0,0
26_16,26,N3-c-M2,16,0,match,Homonymy,Disamis,2,Some matches are shown on TV,All matches are fire starters,Some fire starters are shown on TV,*,*,A,C,*,*,0,NA,3150,Disamis,0,1,0,0
26_17,26,N3-c-M2,17,1,novel,Polysemy,Darii,2,All novels are bound,Some mysteries are novels,Some mysteries are bound,*,book-type,C,A,96.7,info,0,NA,4544,Darii,0,0,0,0
26_18,26,N3-c-M2,18,1,book,Polysemy,Dimatis,2,Some purchases are books,All books are creative endeavours,Some creative endeavours are purchases,*,book-type,C,A,64.5,info,0.1428571429,NA,5456,Dimatis,0,0,0,0
26_19,26,N3-c-M2,19,1,widows,Valid Filler,Dimatis,2,Some mothers are widows ,All widows are women,Some women are mothers,*,*,*,*,*,*,*,NA,3722,Dimatis,1,1,0,0
26_20,26,N3-c-M2,20,1,dolls,Valid Filler,Darii,2,All dolls are man made,Some toys are dolls ,Some toys are man made,*,*,*,*,*,*,*,NA,4003,Darii,1,1,0,0
26_21,26,N3-c-M2,21,1,rock ,Homonymy,Datisi,2,All rock is rhythmic,Some rock is granite,Some granite is rhythmic,*,*,A,C,100,*,0.8571428571,NA,15183,Datisi,0,0,0,0
26_22,26,N3-c-M2,22,1,change,Homonymy,Darii,2,All change is money,Some surprises are change,Some surprises are money,*,*,C,A,*,*,0,NA,2148,Darii,0,0,0,0
26_23,26,N3-c-M2,23,1,match,Homonymy,Disamis,2,Some matches are competitive,All matches are tools,Some tools are competitive,*,*,A,C,80,*,0.5714285714,NA,2178,Disamis,0,0,0,0
26_24,26,N3-c-M2,24,0,book,Polysemy,Dimatis,2,Some doorstops are books,All books are intellectual property,Some intellectual property is a doorstop,*,book-type,C,A,64.5,info,0.5714285714,NA,6267,Dimatis,0,1,0,0
26_25,26,N3-c-M2,25,1,antiques,Invalid Filler,Darii*,2,All medieval manuscripts are antiques ,Some pieces of jewelry are antiques ,Some pieces of jewelry are medieval manuscripts,*,*,*,*,*,*,*,NA,4616,Darii,0,0,0,0
26_26,26,N3-c-M2,26,1,burgers,Valid Filler,Disamis,2,Some burgers are overcooked ,All burgers are sandwiches,Some sandwiches are overcooked ,*,*,*,*,*,*,*,NA,2374,Disamis,1,1,0,0
26_27,26,N3-c-M2,27,0,cabinet,Homonymy,Datisi,2,All cabinets are political appointments,Some cabinets are antique furniture,Some antique furniture are political appointments,*,*,A,C,*,*,0.8571428571,NA,3485,Datisi,0,1,0,0
26_28,26,N3-c-M2,28,1,peppers,Invalid Filler,Dimatis*,2,Some yellow vegetables are peppers ,All jalapenos are peppers,Some jalapenos are yellow vegetables,*,*,*,*,*,*,*,NA,3987,Dimatis,0,0,0,0
26_29,26,N3-c-M2,29,1,ball,Homonymy,Dimatis,2,Some dances are balls,All balls are spheres,Some spheres are dances,*,*,A,C,*,*,0.7142857143,NA,4629,Dimatis,0,0,0,0
26_30,26,N3-c-M2,30,1,actors,Invalid Filler,Datisi*,2,All male leads are actors,Some actors are women,Some women are male leads,*,*,*,*,*,*,*,NA,16479,Datisi,0,0,0,0
26_31,26,N3-c-M2,31,1,letter,Polysemy,Datisi,2,All letters are paper,Some letters are professions of love,Some professions of love are paper,*,book-type,C,A,78.5,info,0.4285714286,NA,3226,Datisi,0,0,0,0
26_32,26,N3-c-M2,32,1,ball,Homonymy,Dimatis,2,Some parties are balls,All balls are toys,Some toys are parties,*,*,A,C,*,*,0.7142857143,NA,2286,Dimatis,0,0,0,0
26_33,26,N3-c-M2,33,1,ring,Homonymy,Darii,2,All rings are noises,Some anniversary gifts are rings,Some anniversary gifts are noises,*,*,A,C,*,*,0.7142857143,NA,1821,Darii,0,0,0,0
26_34,26,N3-c-M2,34,1,city,Polysemy,Datisi,2,All cities are bureaucracies,Some cities are graffitied ,Some bureaucracies are graffitied,*,city-type,A,C,67.7,inst,0.2857142857,NA,1471,Datisi,0,0,0,0
26_35,26,N3-c-M2,35,0,board,Homonymy,Dimatis,2,Some advisory bodies are boards,All boards are rectangles,Some rectangles are advisory bodies,*,*,A,C,*,*,0.8571428571,NA,4027,Dimatis,0,1,0,0
26_36,26,N3-c-M2,36,1,rifles,Valid Filler,Disamis,2,Some rifles are for hunting,All rifles are guns ,Some guns are for hunting,*,*,*,*,*,*,*,NA,3209,Disamis,1,1,0,0
26_37,26,N3-c-M2,37,0,ruler,Homonymy,Disamis,2,Some rulers are monarchs,All rulers are measuring devices,Some measuring devices are monarchs,*,*,*,*,*,*,0.7142857143,NA,3484,Disamis,0,1,0,0
26_38,26,N3-c-M2,38,0,stones,Invalid Filler,Datisi*,2,All pebbles are stones,Some stones are boulders,Some boulders are pebbles,*,*,*,*,*,*,*,NA,3879,Datisi,0,1,0,0
26_39,26,N3-c-M2,39,1,dresses,Invalid Filler,Darii*,2,All ball gowns are dresses ,Some cocktail outfits are dresses,Some cocktail outfits are ball gowns,*,*,*,*,*,*,*,NA,3474,Darii,0,0,0,0
26_40,26,N3-c-M2,40,0,wave,Homonymy,Dimatis,2,Some greetings are waves,Some waves are tsunamis,Some tsunamis are greetings,*,*,A,C,100,*,0.7142857143,NA,2852,Dimatis,0,1,0,0
26_41,26,N3-c-M2,41,1,suitcases,Valid Filler,Dimatis,2,Some bags are suitcases,All suitcases are pieces of luggage,Some pieces of luggage are bags,*,*,*,*,*,*,*,NA,3472,Dimatis,1,1,0,0
26_42,26,N3-c-M2,42,1,bat,Homonymy,Darii,2,All bats share a common ancestor,Some sporting goods are bats,Some sporting goods share a common ancestor,*,*,*,*,*,*,0.2857142857,NA,2647,Darii,0,0,0,0
26_43,26,N3-c-M2,43,1,city,Polysemy,Datisi,2,All cities have laws,Some cities are earthquake zones,Some earthquake zones have laws,*,city-type,A,C,67.7,inst,0,NA,2575,Datisi,0,0,0,0
26_44,26,N3-c-M2,44,1,picnic,Polysemy,Datisi,2,All picnics happen in nature,Some picnics are salads,Some salads happen in nature,*,lunch-type,A,C,59.2,event,0.5714285714,NA,1750,Datisi,0,0,0,0
26_45,26,N3-c-M2,45,0,rock,Homonymy,Datisi,2,All rock has guitars,Some rock is marble,Some marble has guitars,*,*,A,C,100,*,0.8571428571,NA,2259,Datisi,0,1,0,0
26_46,26,N3-c-M2,46,0,doughnuts,Valid Filler,Darii,2,All doughnuts are sugary ,Some pastries are doughnuts ,Some pastries are sugary,*,*,*,*,*,*,*,NA,1409,Darii,1,0,0,0
26_47,26,N3-c-M2,47,1,trucks,Valid Filler,Dimatis,2,Some cars are trucks ,All trucks are vehicles,Some vehicles are cars ,*,*,*,*,*,*,*,NA,2691,Dimatis,1,1,0,0
26_48,26,N3-c-M2,48,1,swords,Valid Filler,Disamis,2,Some swords are decorative,All swords are weapons ,Some weapons are decorative ,*,*,*,*,*,*,*,NA,2023,Disamis,1,1,0,0
26_49,26,N3-c-M2,49,1,steaks,Invalid Filler,Disamis*,2,Some steaks are filet mignons,All ribeyes are steaks,Some ribeyes are filet mignons,*,*,*,*,*,*,*,NA,4478,Disamis,0,0,0,0
26_50,26,N3-c-M2,50,0,dinner,Polysemy,Disamis,2,Some dinners last an hour,All dinners are sources of nutrition,Some sources of nutrition last an hour,*,lunch-type,A,C,90,event,0.1428571429,NA,2430,Disamis,0,1,0,0
26_51,26,N3-c-M2,51,1,company,Polysemy,Dimatis,2,Some storefronts are companies,All companies are hierarchies,Some hierarchies are storefronts,*,city-type,C,A,83.8,inst,0.7142857143,NA,1485,Dimatis,0,0,0,0
26_52,26,N3-c-M2,52,0,bat,Homonymy,Darii,2,All bats hang upside down,Some sporting goods are bats,Some sporting goods hang upside down,*,*,*,*,*,*,0,NA,1155,Darii,0,1,0,0
26_53,26,N3-c-M2,53,0,poets,Valid Filler,Datisi,2,All poets are writers ,Some poets are teachers,Some teachers are writers,*,*,*,*,*,*,*,NA,917,Datisi,1,0,0,0
26_54,26,N3-c-M2,54,0,colors,Invalid Filler,Disamis*,2,Some colors are primary ,All shades of purple are colors ,Some shades of purple are primary,*,*,*,*,*,*,*,NA,772,Disamis,0,1,0,0
26_55,26,N3-c-M2,55,0,magazines,Polysemy,Disamis,2,Some magazines are glossy,All magazines are collaborations,Some collaborations are glossy,*,book-type,C,A,68.9,info,0.5714285714,NA,2448,Disamis,0,1,0,0
26_56,26,N3-c-M2,56,0,magazines,Polysemy,Disamis,2,Some magazines are coffee-stained,All magazines are subscriptions,Some subscriptions are coffee-stained,*,book-type,C,A,68.9,info,0.2857142857,NA,1422,Disamis,0,1,0,0
26_57,26,N3-c-M2,57,0,thieves,Invalid Filler,Dimatis*,2,Some children are thieves,All mob bosses are thieves,Some mob bosses are children,*,*,*,*,*,*,*,NA,730,Dimatis,0,1,0,0
26_58,26,N3-c-M2,58,0,lunch,Polysemy,Dimatis,2,Some breaks are lunches,All lunches are entrées,Some entrées are breaks,*,lunch-type,A,C,96.6,event,0.7142857143,NA,691,Dimatis,0,1,0,0
26_59,26,N3-c-M2,59,0,lunch,Polysemy,Dimatis,2,lunch-type,All lunches are menu items,Some menu items are meetings,*,lunch-type,A,C,96.6,event,1,NA,666,Dimatis,0,1,0,0
26_60,26,N3-c-M2,60,0,dances,Invalid Filler,Darii*,2,All polkas are dances ,Some mating rituals are dances ,Some mating rituals are polkas ,*,*,*,*,*,*,*,NA,662,Darii,0,1,0,0
26_61,26,N3-c-M2,61,0,breakfast,Polysemy,Darii,2,All breakfasts take place in the morning,Some sandwiches are breakfasts,Some sandwiches take place in the morning,*,lunch-type,A,C,87.1,event,0.4285714286,NA,639,Darii,0,1,0,0
26_62,26,N3-c-M2,62,0,star,Homonymy,Datisi,2,All stars deal with paparazzi ,Some stars are red dwarfs,Some red dwarfs deal with paparazzi ,*,*,*,*,*,*,0,NA,649,Datisi,0,1,0,0
26_63,26,N3-c-M2,63,1,cabinet,Homonymy,Datisi,2,All cabinets are selected by leaders,Some cabinets are cupboards,Some cupboards are selected by leaders,*,*,A,C,*,*,0.3333333333,NA,757,Datisi,0,0,0,0
26_64,26,N3-c-M2,64,0,school,Polysemy,Disamis,2,Some schools are rectangular,All schools are employers,Some employers are rectangular,*,city-type,C,A,45.1,inst,0.5714285714,NA,658,Disamis,0,1,0,0
26_65,26,N3-c-M2,65,0,change,Homonymy,Darii,2,All change jingles,Some social movements are change,Some social movements jingle,*,*,C,A,*,*,0.5714285714,NA,598,Darii,0,1,0,0
26_66,26,N3-c-M2,66,0,picnic,Polysemy,Datisi,2,All picnics are leisurely,Some picnics are charcuterie,Some charcuterie is leisurely,*,lunch-type,A,C,59.2,event,0.7142857143,NA,1231,Datisi,0,1,0,0
26_67,26,N3-c-M2,67,0,wave,Homonymy,Dimatis,2,Some gestures are waves,Some waves are ripples,Some ripples are gestures,*,*,A,C,100,*,0.4285714286,NA,1412,Dimatis,0,1,0,0
26_68,26,N3-c-M2,68,0,board,Homonymy,Dimatis,2,Some governing organizations are boards,All boards are wooden planks,Some wooden planks are governing organizations,*,*,A,C,*,*,1,NA,696,Dimatis,0,1,0,0
26_69,26,N3-c-M2,69,1,cabinet,Homonymy,Datisi,2,All cabinets advise the presidents,Some cabinets are Ikea products,Some ikea products advise the president,*,*,A,C,*,*,0.7142857143,NA,1607,Datisi,0,0,0,0
26_70,26,N3-c-M2,70,1,clowns,Valid Filler,Darii,2,All clowns can juggle ,Some circus performers are clowns ,Some circus performers can juggle,*,*,*,*,*,*,*,NA,805,Darii,1,1,0,0
26_71,26,N3-c-M2,71,1,liars,Valid Filler,Dimatis,2,Some criminals are liars ,All liars are humans,Some humans are criminals ,*,*,*,*,*,*,*,NA,728,Dimatis,1,1,0,0
26_72,26,N3-c-M2,72,1,statues,Valid Filler,Datisi,2,All statues are sculptures,Some statues are bronzes,Some bronzes are sculptures,*,*,*,*,*,*,*,NA,1175,Datisi,1,1,0,0
26_73,26,N3-c-M2,73,1,college,Polysemy,Darii,2,All colleges have spirit,Some colleges are national landmarks,Some national landmarks have spirit,*,city-type,A,C,56.6,inst,0.1428571429,NA,735,Darii,0,0,0,0
26_74,26,N3-c-M2,74,0,school,Polysemy,Disamis,2,Some schools are brick,All schools are communities,Some communities are brick,*,city-type,C,A,45.1,inst,0.5714285714,NA,713,Disamis,0,1,0,0
26_75,26,N3-c-M2,75,0,bat,Homonymy,Darii,2,All bats are mammals,Some weapons are bats,Some weapons are mammals,*,*,*,*,*,*,0.4285714286,NA,706,Darii,0,1,0,0
26_76,26,N3-c-M2,76,0,company,Polysemy,Dimatis,2,Some office buildings are companies,All companies are legal entities,Some legal entities are office buildings ,*,city-type,C,A,83.8,inst,0.5714285714,NA,709,Dimatis,0,1,0,0
26_77,26,N3-c-M2,77,0,suit,Homonymy,Disamis,2,Some suits have multiple defendants,All suits are dress attire,Some dress attire has multiple defendants,*,*,A,C,*,*,0.5714285714,NA,684,Disamis,0,1,0,0
26_78,26,N3-c-M2,78,0,star,Homonymy,Datisi,2,All stars are famous ,Some stars are red dwarfs,Some red dwarfs are famous,*,*,*,*,*,*,0,NA,1321,Datisi,0,1,0,0
26_79,26,N3-c-M2,79,0,singers,Valid Filler,Darii,2,All singers have an ideal vocal range ,Some guitarists are singers,Some guitarists have an ideal vocal range,*,*,*,*,*,*,*,NA,999,Darii,1,0,0,0
26_80,26,N3-c-M2,80,0,letter,Polysemy,Datisi,2,All letters have stamps,Some letters are rejections,Some rejections have stamps,*,book-type,C,A,78.5,info,0,NA,739,Datisi,0,1,0,0
26_81,26,N3-c-M2,81,0,funerals,Invalid Filler,Datisi*,2,All open-casket services are funerals,Some funerals are cremations,Some cremations are open-casket services,*,*,*,*,*,*,*,NA,2078,Datisi,0,1,0,0
26_82,26,N3-c-M2,82,0,injuries,Invalid Filler,Dimatis*,2,Some sunburns are injuries,All cases of frostbite are injuries,Some cases of frostbite are sunburns,*,*,*,*,*,*,*,NA,799,Dimatis,0,1,0,0
26_83,26,N3-c-M2,83,0,college,Polysemy,Darii,2,All colleges grant degrees,Some colleges are historic buildings,Some historic buildings grant degrees,*,city-type,A,C,56.6,inst,0.2857142857,NA,2019,Darii,0,1,0,0
26_84,26,N3-c-M2,84,0,sausages,Invalid Filler,Datisi*,2,All hot dogs are sausages,Some sausages are salamis,Some hot dogs are salamis,*,*,*,*,*,*,*,NA,2263,Datisi,0,1,0,0
26_85,26,N3-c-M2,85,0,dinner,Polysemy,Disamis,2,Some dinners are black tie,All dinners are foods,Some foods are black tie,*,lunch-type,A,C,90,event,0.5714285714,NA,1339,Disamis,0,1,0,0
26_86,26,N3-c-M2,86,0,ruler,Homonymy,Disamis,2,Some rulers are kings,All rulers are standard lengths,Some standard lengths are kings,*,*,*,*,*,*,0.8571428571,NA,954,Disamis,0,1,0,0
26_87,26,N3-c-M2,87,0,match,Homonymy,Disamis,2,Some matches are championships,All matches are fire starters,Some fire starters are championships,*,*,A,C,80,*,0.7142857143,NA,1517,Disamis,0,1,0,0
26_88,26,N3-c-M2,88,0,spices,Invalid Filler,Dimatis*,2,Some dried roots are spices ,All mustard seeds are spices ,Some mustard seeds are dried roots,*,*,*,*,*,*,*,NA,1185,Dimatis,0,1,0,0
27_1,27,N3-c-M2,1,1,novel,Polysemy,Darii,2,All novels are printed,Some ideas are novels,Some ideas are printed,*,book-type,C,A,96.7,info,0.1428571429,NA,2804,Darii,0,0,0,0
27_2,27,N3-c-M2,2,1,breakfast,Polysemy,Darii,2,All breakfasts are under three hours,Some smoothies are breakfasts,Some smoothies are under three hours,*,lunch-type,A,C,87.1,event,0.7142857143,NA,4376,Darii,0,0,0,0
27_3,27,N3-c-M2,3,0,shapes,Invalid Filler,Disamis*,2,Some shapes are triangles,All squares are shapes,Some squares are triangles,*,*,*,*,*,*,*,NA,4584,Disamis,0,1,0,0
27_4,27,N3-c-M2,4,0,ball,Homonymy,Dimatis,2,Some dances are balls,All balls are circles,Some circles are dances,*,*,A,C,*,*,0.1666666667,NA,3424,Dimatis,0,1,0,0
27_5,27,N3-c-M2,5,1,ponies,Valid Filler,Datisi,2,All ponies neigh,Some ponies are colts,Some colts neigh,*,*,*,*,*,*,*,NA,1952,Datisi,1,1,0,0
27_6,27,N3-c-M2,6,0,change,Homonymy,Darii,2,All change is legal tender,Some political revolutions are change,Some political revolutions are legal tender,*,*,C,A,*,*,0.8571428571,NA,3830,Darii,0,1,0,0
27_7,27,N3-c-M2,7,1,mugs,Valid Filler,Datisi,2,All mugs are cups ,Some mugs are ceramics,Some ceramics are cups ,*,*,*,*,*,*,*,NA,3152,Datisi,1,1,0,0
27_8,27,N3-c-M2,8,0,star,Homonymy,Datisi,2,All stars are charismatic,Some stars are pulsars,Some pulsars are charismatic,*,*,*,*,*,*,0.7142857143,NA,2964,Datisi,0,1,0,0
27_9,27,N3-c-M2,9,0,mothers,Invalid Filler,Darii*,2,All grandmothers are mothers ,Some teens are mothers,Some grandmothers are teens,*,*,*,*,*,*,*,NA,1975,Darii,0,1,0,0
27_10,27,N3-c-M2,10,0,ring,Homonymy,Darii,2,All rings are sounds,Some accessories are rings,Some accessories are sounds,*,*,A,C,*,*,0.7142857143,NA,2544,Darii,0,1,0,0
27_11,27,N3-c-M2,11,1,grapes,Valid Filler,Disamis,2,Some grapes are red ,All grapes are fruits ,Some fruits are red ,*,*,*,*,*,*,*,NA,1588,Disamis,1,1,0,0
27_12,27,N3-c-M2,12,0,board,Homonymy,Dimatis,2,Some groups are boards,All boards are materials,Some materials are groups,*,*,A,C,*,*,0.5,NA,2884,Dimatis,0,1,0,0
27_13,27,N3-c-M2,13,0,toilets,Invalid Filler,Disamis*,2,Some toilets are coed,All urinals are toilets,Some urinals are coed,*,*,*,*,*,*,*,NA,2351,Disamis,0,1,0,0
27_14,27,N3-c-M2,14,0,suit,Homonymy,Disamis,2,Some suits are settled out of court,All suits are formal outfits,Some formal outfits are settled out of court,*,*,A,C,*,*,0.7142857143,NA,4318,Disamis,0,1,0,0
27_15,27,N3-c-M2,15,0,novel,Polysemy,Darii,2,All novels are flammable,Some debuts are novels,Some debuts are flammable,*,book-type,C,A,96.7,info,1,NA,2473,Darii,0,1,0,0
27_16,27,N3-c-M2,16,1,match,Homonymy,Disamis,2,Some matches are shown on TV,All matches are fire starters,Some fire starters are shown on TV,*,*,A,C,*,*,0,NA,4123,Disamis,0,0,0,0
27_17,27,N3-c-M2,17,1,novel,Polysemy,Darii,2,All novels are bound,Some mysteries are novels,Some mysteries are bound,*,book-type,C,A,96.7,info,0,NA,2395,Darii,0,0,0,0
27_18,27,N3-c-M2,18,1,book,Polysemy,Dimatis,2,Some purchases are books,All books are creative endeavours,Some creative endeavours are purchases,*,book-type,C,A,64.5,info,0.1428571429,NA,3542,Dimatis,0,0,0,0
27_19,27,N3-c-M2,19,1,widows,Valid Filler,Dimatis,2,Some mothers are widows ,All widows are women,Some women are mothers,*,*,*,*,*,*,*,NA,1975,Dimatis,1,1,0,0
27_20,27,N3-c-M2,20,1,dolls,Valid Filler,Darii,2,All dolls are man made,Some toys are dolls ,Some toys are man made,*,*,*,*,*,*,*,NA,2202,Darii,1,1,0,0
27_21,27,N3-c-M2,21,0,rock ,Homonymy,Datisi,2,All rock is rhythmic,Some rock is granite,Some granite is rhythmic,*,*,A,C,100,*,0.8571428571,NA,1888,Datisi,0,1,0,0
27_22,27,N3-c-M2,22,1,change,Homonymy,Darii,2,All change is money,Some surprises are change,Some surprises are money,*,*,C,A,*,*,0,NA,2918,Darii,0,0,0,0
27_23,27,N3-c-M2,23,0,match,Homonymy,Disamis,2,Some matches are competitive,All matches are tools,Some tools are competitive,*,*,A,C,80,*,0.5714285714,NA,4617,Disamis,0,1,0,0
27_24,27,N3-c-M2,24,0,book,Polysemy,Dimatis,2,Some doorstops are books,All books are intellectual property,Some intellectual property is a doorstop,*,book-type,C,A,64.5,info,0.5714285714,NA,2249,Dimatis,0,1,0,0
27_25,27,N3-c-M2,25,0,antiques,Invalid Filler,Darii*,2,All medieval manuscripts are antiques ,Some pieces of jewelry are antiques ,Some pieces of jewelry are medieval manuscripts,*,*,*,*,*,*,*,NA,3201,Darii,0,1,0,0
27_26,27,N3-c-M2,26,1,burgers,Valid Filler,Disamis,2,Some burgers are overcooked ,All burgers are sandwiches,Some sandwiches are overcooked ,*,*,*,*,*,*,*,NA,2754,Disamis,1,1,0,0
27_27,27,N3-c-M2,27,0,cabinet,Homonymy,Datisi,2,All cabinets are political appointments,Some cabinets are antique furniture,Some antique furniture are political appointments,*,*,A,C,*,*,0.8571428571,NA,3524,Datisi,0,1,0,0
27_28,27,N3-c-M2,28,0,peppers,Invalid Filler,Dimatis*,2,Some yellow vegetables are peppers ,All jalapenos are peppers,Some jalapenos are yellow vegetables,*,*,*,*,*,*,*,NA,2550,Dimatis,0,1,0,0
27_29,27,N3-c-M2,29,0,ball,Homonymy,Dimatis,2,Some dances are balls,All balls are spheres,Some spheres are dances,*,*,A,C,*,*,0.7142857143,NA,1655,Dimatis,0,1,0,0
27_30,27,N3-c-M2,30,0,actors,Invalid Filler,Datisi*,2,All male leads are actors,Some actors are women,Some women are male leads,*,*,*,*,*,*,*,NA,1850,Datisi,0,1,0,0
27_31,27,N3-c-M2,31,1,letter,Polysemy,Datisi,2,All letters are paper,Some letters are professions of love,Some professions of love are paper,*,book-type,C,A,78.5,info,0.4285714286,NA,3772,Datisi,0,0,0,0
27_32,27,N3-c-M2,32,0,ball,Homonymy,Dimatis,2,Some parties are balls,All balls are toys,Some toys are parties,*,*,A,C,*,*,0.7142857143,NA,2036,Dimatis,0,1,0,0
27_33,27,N3-c-M2,33,0,ring,Homonymy,Darii,2,All rings are noises,Some anniversary gifts are rings,Some anniversary gifts are noises,*,*,A,C,*,*,0.7142857143,NA,3549,Darii,0,1,0,0
27_34,27,N3-c-M2,34,0,city,Polysemy,Datisi,2,All cities are bureaucracies,Some cities are graffitied ,Some bureaucracies are graffitied,*,city-type,A,C,67.7,inst,0.2857142857,NA,3339,Datisi,0,1,0,0
27_35,27,N3-c-M2,35,0,board,Homonymy,Dimatis,2,Some advisory bodies are boards,All boards are rectangles,Some rectangles are advisory bodies,*,*,A,C,*,*,0.8571428571,NA,3268,Dimatis,0,1,0,0
27_36,27,N3-c-M2,36,1,rifles,Valid Filler,Disamis,2,Some rifles are for hunting,All rifles are guns ,Some guns are for hunting,*,*,*,*,*,*,*,NA,1921,Disamis,1,1,0,0
27_37,27,N3-c-M2,37,1,ruler,Homonymy,Disamis,2,Some rulers are monarchs,All rulers are measuring devices,Some measuring devices are monarchs,*,*,*,*,*,*,0.7142857143,NA,6761,Disamis,0,0,0,0
27_38,27,N3-c-M2,38,0,stones,Invalid Filler,Datisi*,2,All pebbles are stones,Some stones are boulders,Some boulders are pebbles,*,*,*,*,*,*,*,NA,3776,Datisi,0,1,0,0
27_39,27,N3-c-M2,39,1,dresses,Invalid Filler,Darii*,2,All ball gowns are dresses ,Some cocktail outfits are dresses,Some cocktail outfits are ball gowns,*,*,*,*,*,*,*,NA,3354,Darii,0,0,0,0
27_40,27,N3-c-M2,40,1,wave,Homonymy,Dimatis,2,Some greetings are waves,Some waves are tsunamis,Some tsunamis are greetings,*,*,A,C,100,*,0.7142857143,NA,3563,Dimatis,0,0,0,0
27_41,27,N3-c-M2,41,1,suitcases,Valid Filler,Dimatis,2,Some bags are suitcases,All suitcases are pieces of luggage,Some pieces of luggage are bags,*,*,*,*,*,*,*,NA,4951,Dimatis,1,1,0,0
27_42,27,N3-c-M2,42,1,bat,Homonymy,Darii,2,All bats share a common ancestor,Some sporting goods are bats,Some sporting goods share a common ancestor,*,*,*,*,*,*,0.2857142857,NA,5837,Darii,0,0,0,0
27_43,27,N3-c-M2,43,1,city,Polysemy,Datisi,2,All cities have laws,Some cities are earthquake zones,Some earthquake zones have laws,*,city-type,A,C,67.7,inst,0,NA,2055,Datisi,0,0,0,0
27_44,27,N3-c-M2,44,1,picnic,Polysemy,Datisi,2,All picnics happen in nature,Some picnics are salads,Some salads happen in nature,*,lunch-type,A,C,59.2,event,0.5714285714,NA,3434,Datisi,0,0,0,0
27_45,27,N3-c-M2,45,0,rock,Homonymy,Datisi,2,All rock has guitars,Some rock is marble,Some marble has guitars,*,*,A,C,100,*,0.8571428571,NA,3511,Datisi,0,1,0,0
27_46,27,N3-c-M2,46,1,doughnuts,Valid Filler,Darii,2,All doughnuts are sugary ,Some pastries are doughnuts ,Some pastries are sugary,*,*,*,*,*,*,*,NA,2541,Darii,1,1,0,0
27_47,27,N3-c-M2,47,1,trucks,Valid Filler,Dimatis,2,Some cars are trucks ,All trucks are vehicles,Some vehicles are cars ,*,*,*,*,*,*,*,NA,1715,Dimatis,1,1,0,0
27_48,27,N3-c-M2,48,1,swords,Valid Filler,Disamis,2,Some swords are decorative,All swords are weapons ,Some weapons are decorative ,*,*,*,*,*,*,*,NA,2493,Disamis,1,1,0,0
27_49,27,N3-c-M2,49,0,steaks,Invalid Filler,Disamis*,2,Some steaks are filet mignons,All ribeyes are steaks,Some ribeyes are filet mignons,*,*,*,*,*,*,*,NA,3155,Disamis,0,1,0,0
27_50,27,N3-c-M2,50,1,dinner,Polysemy,Disamis,2,Some dinners last an hour,All dinners are sources of nutrition,Some sources of nutrition last an hour,*,lunch-type,A,C,90,event,0.1428571429,NA,5565,Disamis,0,0,0,0
27_51,27,N3-c-M2,51,0,company,Polysemy,Dimatis,2,Some storefronts are companies,All companies are hierarchies,Some hierarchies are storefronts,*,city-type,C,A,83.8,inst,0.7142857143,NA,4094,Dimatis,0,1,0,0
27_52,27,N3-c-M2,52,1,bat,Homonymy,Darii,2,All bats hang upside down,Some sporting goods are bats,Some sporting goods hang upside down,*,*,*,*,*,*,0,NA,3124,Darii,0,0,0,0
27_53,27,N3-c-M2,53,1,poets,Valid Filler,Datisi,2,All poets are writers ,Some poets are teachers,Some teachers are writers,*,*,*,*,*,*,*,NA,1891,Datisi,1,1,0,0
27_54,27,N3-c-M2,54,0,colors,Invalid Filler,Disamis*,2,Some colors are primary ,All shades of purple are colors ,Some shades of purple are primary,*,*,*,*,*,*,*,NA,2137,Disamis,0,1,0,0
27_55,27,N3-c-M2,55,0,magazines,Polysemy,Disamis,2,Some magazines are glossy,All magazines are collaborations,Some collaborations are glossy,*,book-type,C,A,68.9,info,0.5714285714,NA,4404,Disamis,0,1,0,0
27_56,27,N3-c-M2,56,0,magazines,Polysemy,Disamis,2,Some magazines are coffee-stained,All magazines are subscriptions,Some subscriptions are coffee-stained,*,book-type,C,A,68.9,info,0.2857142857,NA,3896,Disamis,0,1,0,0
27_57,27,N3-c-M2,57,0,thieves,Invalid Filler,Dimatis*,2,Some children are thieves,All mob bosses are thieves,Some mob bosses are children,*,*,*,*,*,*,*,NA,3892,Dimatis,0,1,0,0
27_58,27,N3-c-M2,58,0,lunch,Polysemy,Dimatis,2,Some breaks are lunches,All lunches are entrées,Some entrées are breaks,*,lunch-type,A,C,96.6,event,0.7142857143,NA,2816,Dimatis,0,1,0,0
27_59,27,N3-c-M2,59,0,lunch,Polysemy,Dimatis,2,lunch-type,All lunches are menu items,Some menu items are meetings,*,lunch-type,A,C,96.6,event,1,NA,8091,Dimatis,0,1,0,0
27_60,27,N3-c-M2,60,1,dances,Invalid Filler,Darii*,2,All polkas are dances ,Some mating rituals are dances ,Some mating rituals are polkas ,*,*,*,*,*,*,*,NA,2839,Darii,0,0,0,0
27_61,27,N3-c-M2,61,1,breakfast,Polysemy,Darii,2,All breakfasts take place in the morning,Some sandwiches are breakfasts,Some sandwiches take place in the morning,*,lunch-type,A,C,87.1,event,0.4285714286,NA,3324,Darii,0,0,0,0
27_62,27,N3-c-M2,62,0,star,Homonymy,Datisi,2,All stars deal with paparazzi ,Some stars are red dwarfs,Some red dwarfs deal with paparazzi ,*,*,*,*,*,*,0,NA,4958,Datisi,0,1,0,0
27_63,27,N3-c-M2,63,1,cabinet,Homonymy,Datisi,2,All cabinets are selected by leaders,Some cabinets are cupboards,Some cupboards are selected by leaders,*,*,A,C,*,*,0.3333333333,NA,3747,Datisi,0,0,0,0
27_64,27,N3-c-M2,64,0,school,Polysemy,Disamis,2,Some schools are rectangular,All schools are employers,Some employers are rectangular,*,city-type,C,A,45.1,inst,0.5714285714,NA,5410,Disamis,0,1,0,0
27_65,27,N3-c-M2,65,0,change,Homonymy,Darii,2,All change jingles,Some social movements are change,Some social movements jingle,*,*,C,A,*,*,0.5714285714,NA,2727,Darii,0,1,0,0
27_66,27,N3-c-M2,66,1,picnic,Polysemy,Datisi,2,All picnics are leisurely,Some picnics are charcuterie,Some charcuterie is leisurely,*,lunch-type,A,C,59.2,event,0.7142857143,NA,3315,Datisi,0,0,0,0
27_67,27,N3-c-M2,67,1,wave,Homonymy,Dimatis,2,Some gestures are waves,Some waves are ripples,Some ripples are gestures,*,*,A,C,100,*,0.4285714286,NA,2582,Dimatis,0,0,0,0
27_68,27,N3-c-M2,68,1,board,Homonymy,Dimatis,2,Some governing organizations are boards,All boards are wooden planks,Some wooden planks are governing organizations,*,*,A,C,*,*,1,NA,2472,Dimatis,0,0,0,0
27_69,27,N3-c-M2,69,1,cabinet,Homonymy,Datisi,2,All cabinets advise the presidents,Some cabinets are Ikea products,Some ikea products advise the president,*,*,A,C,*,*,0.7142857143,NA,2793,Datisi,0,0,0,0
27_70,27,N3-c-M2,70,1,clowns,Valid Filler,Darii,2,All clowns can juggle ,Some circus performers are clowns ,Some circus performers can juggle,*,*,*,*,*,*,*,NA,2341,Darii,1,1,0,0
27_71,27,N3-c-M2,71,1,liars,Valid Filler,Dimatis,2,Some criminals are liars ,All liars are humans,Some humans are criminals ,*,*,*,*,*,*,*,NA,3026,Dimatis,1,1,0,0
27_72,27,N3-c-M2,72,1,statues,Valid Filler,Datisi,2,All statues are sculptures,Some statues are bronzes,Some bronzes are sculptures,*,*,*,*,*,*,*,NA,2217,Datisi,1,1,0,0
27_73,27,N3-c-M2,73,1,college,Polysemy,Darii,2,All colleges have spirit,Some colleges are national landmarks,Some national landmarks have spirit,*,city-type,A,C,56.6,inst,0.1428571429,NA,1990,Darii,0,0,0,0
27_74,27,N3-c-M2,74,1,school,Polysemy,Disamis,2,Some schools are brick,All schools are communities,Some communities are brick,*,city-type,C,A,45.1,inst,0.5714285714,NA,2099,Disamis,0,0,0,0
27_75,27,N3-c-M2,75,1,bat,Homonymy,Darii,2,All bats are mammals,Some weapons are bats,Some weapons are mammals,*,*,*,*,*,*,0.4285714286,NA,1898,Darii,0,0,0,0
27_76,27,N3-c-M2,76,1,company,Polysemy,Dimatis,2,Some office buildings are companies,All companies are legal entities,Some legal entities are office buildings ,*,city-type,C,A,83.8,inst,0.5714285714,NA,3720,Dimatis,0,0,0,0
27_77,27,N3-c-M2,77,0,suit,Homonymy,Disamis,2,Some suits have multiple defendants,All suits are dress attire,Some dress attire has multiple defendants,*,*,A,C,*,*,0.5714285714,NA,2659,Disamis,0,1,0,0
27_78,27,N3-c-M2,78,1,star,Homonymy,Datisi,2,All stars are famous ,Some stars are red dwarfs,Some red dwarfs are famous,*,*,*,*,*,*,0,NA,1805,Datisi,0,0,0,0
27_79,27,N3-c-M2,79,1,singers,Valid Filler,Darii,2,All singers have an ideal vocal range ,Some guitarists are singers,Some guitarists have an ideal vocal range,*,*,*,*,*,*,*,NA,4028,Darii,1,1,0,0
27_80,27,N3-c-M2,80,1,letter,Polysemy,Datisi,2,All letters have stamps,Some letters are rejections,Some rejections have stamps,*,book-type,C,A,78.5,info,0,NA,2364,Datisi,0,0,0,0
27_81,27,N3-c-M2,81,0,funerals,Invalid Filler,Datisi*,2,All open-casket services are funerals,Some funerals are cremations,Some cremations are open-casket services,*,*,*,*,*,*,*,NA,3012,Datisi,0,1,0,0
27_82,27,N3-c-M2,82,1,injuries,Invalid Filler,Dimatis*,2,Some sunburns are injuries,All cases of frostbite are injuries,Some cases of frostbite are sunburns,*,*,*,*,*,*,*,NA,5500,Dimatis,0,0,0,0
27_83,27,N3-c-M2,83,1,college,Polysemy,Darii,2,All colleges grant degrees,Some colleges are historic buildings,Some historic buildings grant degrees,*,city-type,A,C,56.6,inst,0.2857142857,NA,8586,Darii,0,0,0,0
27_84,27,N3-c-M2,84,1,sausages,Invalid Filler,Datisi*,2,All hot dogs are sausages,Some sausages are salamis,Some hot dogs are salamis,*,*,*,*,*,*,*,NA,2821,Datisi,0,0,0,0
27_85,27,N3-c-M2,85,1,dinner,Polysemy,Disamis,2,Some dinners are black tie,All dinners are foods,Some foods are black tie,*,lunch-type,A,C,90,event,0.5714285714,NA,2854,Disamis,0,0,0,0
27_86,27,N3-c-M2,86,1,ruler,Homonymy,Disamis,2,Some rulers are kings,All rulers are standard lengths,Some standard lengths are kings,*,*,*,*,*,*,0.8571428571,NA,2013,Disamis,0,0,0,0
27_87,27,N3-c-M2,87,1,match,Homonymy,Disamis,2,Some matches are championships,All matches are fire starters,Some fire starters are championships,*,*,A,C,80,*,0.7142857143,NA,4753,Disamis,0,0,0,0
27_88,27,N3-c-M2,88,1,spices,Invalid Filler,Dimatis*,2,Some dried roots are spices ,All mustard seeds are spices ,Some mustard seeds are dried roots,*,*,*,*,*,*,*,NA,2854,Dimatis,0,0,0,0
28_1,28,N3-c-M2,1,0,lunch,Polysemy,Dimatis,1,Some breaks are lunches,All lunches are entrées,Some entrées are breaks,*,lunch-type,A,C,96.6,event,0.7142857143,NA,4014,Dimatis,0,1,0,0
28_2,28,N3-c-M2,2,1,book,Polysemy,Dimatis,1,Some purchases are books,All books are creative endeavours,Some creative endeavours are purchases,*,book-type,C,A,64.5,info,0.1428571429,NA,1866,Dimatis,0,0,0,0
28_3,28,N3-c-M2,3,1,grapes,Valid Filler,Disamis,1,Some grapes are red ,All grapes are fruits ,Some fruits are red ,*,*,*,*,*,*,*,NA,3048,Disamis,1,1,0,0
28_4,28,N3-c-M2,4,1,singers,Valid Filler,Darii,1,All singers have an ideal vocal range ,Some guitarists are singers,Some guitarists have an ideal vocal range,*,*,*,*,*,*,*,NA,1633,Darii,1,1,0,0
28_5,28,N3-c-M2,5,0,ruler,Homonymy,Disamis,1,Some rulers are kings,All rulers are standard lengths,Some standard lengths are kings,*,*,*,*,*,*,0.8571428571,NA,2448,Disamis,0,1,0,0
28_6,28,N3-c-M2,6,1,peppers,Invalid Filler,Dimatis*,1,Some yellow vegetables are peppers ,All jalapenos are peppers,Some jalapenos are yellow vegetables,*,*,*,*,*,*,*,NA,2167,Dimatis,0,0,0,0
28_7,28,N3-c-M2,7,0,injuries,Invalid Filler,Dimatis*,1,Some sunburns are injuries,All cases of frostbite are injuries,Some cases of frostbite are sunburns,*,*,*,*,*,*,*,NA,1782,Dimatis,0,1,0,0
28_8,28,N3-c-M2,8,0,shapes,Invalid Filler,Disamis*,1,Some shapes are triangles,All squares are shapes,Some squares are triangles,*,*,*,*,*,*,*,NA,2133,Disamis,0,1,0,0
28_9,28,N3-c-M2,9,0,colors,Invalid Filler,Disamis*,1,Some colors are primary ,All shades of purple are colors ,Some shades of purple are primary,*,*,*,*,*,*,*,NA,3083,Disamis,0,1,0,0
28_10,28,N3-c-M2,10,1,spices,Invalid Filler,Dimatis*,1,Some dried roots are spices ,All mustard seeds are spices ,Some mustard seeds are dried roots,*,*,*,*,*,*,*,NA,1515,Dimatis,0,0,0,0
28_11,28,N3-c-M2,11,0,ring,Homonymy,Darii,1,All rings are sounds,Some accessories are rings,Some accessories are sounds,*,*,A,C,*,*,0.7142857143,NA,2032,Darii,0,1,0,0
28_12,28,N3-c-M2,12,0,toilets,Invalid Filler,Disamis*,1,Some toilets are coed,All urinals are toilets,Some urinals are coed,*,*,*,*,*,*,*,NA,2432,Disamis,0,1,0,0
28_13,28,N3-c-M2,13,0,ball,Homonymy,Dimatis,1,Some dances are balls,All balls are circles,Some circles are dances,*,*,A,C,*,*,0.1666666667,NA,1982,Dimatis,0,1,0,0
28_14,28,N3-c-M2,14,0,ball,Homonymy,Dimatis,1,Some parties are balls,All balls are toys,Some toys are parties,*,*,A,C,*,*,0.7142857143,NA,1615,Dimatis,0,1,0,0
28_15,28,N3-c-M2,15,0,bat,Homonymy,Darii,1,All bats are mammals,Some weapons are bats,Some weapons are mammals,*,*,*,*,*,*,0.4285714286,NA,1832,Darii,0,1,0,0
28_16,28,N3-c-M2,16,1,novel,Polysemy,Darii,1,All novels are printed,Some ideas are novels,Some ideas are printed,*,book-type,C,A,96.7,info,0.1428571429,NA,2016,Darii,0,0,0,0
28_17,28,N3-c-M2,17,1,dinner,Polysemy,Disamis,1,Some dinners last an hour,All dinners are sources of nutrition,Some sources of nutrition last an hour,*,lunch-type,A,C,90,event,0.1428571429,NA,1664,Disamis,0,0,0,0
28_18,28,N3-c-M2,18,0,wave,Homonymy,Dimatis,1,Some gestures are waves,Some waves are ripples,Some ripples are gestures,*,*,A,C,100,*,0.4285714286,NA,2533,Dimatis,0,1,0,0
28_19,28,N3-c-M2,19,0,stones,Invalid Filler,Datisi*,1,All pebbles are stones,Some stones are boulders,Some boulders are pebbles,*,*,*,*,*,*,*,NA,5448,Datisi,0,1,0,0
28_20,28,N3-c-M2,20,0,wave,Homonymy,Dimatis,1,Some greetings are waves,Some waves are tsunamis,Some tsunamis are greetings,*,*,A,C,100,*,0.7142857143,NA,1899,Dimatis,0,1,0,0
28_21,28,N3-c-M2,21,1,dinner,Polysemy,Disamis,1,Some dinners are black tie,All dinners are foods,Some foods are black tie,*,lunch-type,A,C,90,event,0.5714285714,NA,2416,Disamis,0,0,0,0
28_22,28,N3-c-M2,22,1,picnic,Polysemy,Datisi,1,All picnics are leisurely,Some picnics are charcuterie,Some charcuterie is leisurely,*,lunch-type,A,C,59.2,event,0.7142857143,NA,1716,Datisi,0,0,0,0
28_23,28,N3-c-M2,23,0,book,Polysemy,Dimatis,1,Some doorstops are books,All books are intellectual property,Some intellectual property is a doorstop,*,book-type,C,A,64.5,info,0.5714285714,NA,2014,Dimatis,0,1,0,0
28_24,28,N3-c-M2,24,1,college,Polysemy,Darii,1,All colleges grant degrees,Some colleges are historic buildings,Some historic buildings grant degrees,*,city-type,A,C,56.6,inst,0.2857142857,NA,1531,Darii,0,0,0,0
28_25,28,N3-c-M2,25,1,antiques,Invalid Filler,Darii*,1,All medieval manuscripts are antiques ,Some pieces of jewelry are antiques ,Some pieces of jewelry are medieval manuscripts,*,*,*,*,*,*,*,NA,1999,Darii,0,0,0,0
28_26,28,N3-c-M2,26,1,burgers,Valid Filler,Disamis,1,Some burgers are overcooked ,All burgers are sandwiches,Some sandwiches are overcooked ,*,*,*,*,*,*,*,NA,1466,Disamis,1,1,0,0
28_27,28,N3-c-M2,27,0,thieves,Invalid Filler,Dimatis*,1,Some children are thieves,All mob bosses are thieves,Some mob bosses are children,*,*,*,*,*,*,*,NA,1565,Dimatis,0,1,0,0
28_28,28,N3-c-M2,28,1,city,Polysemy,Datisi,1,All cities are bureaucracies,Some cities are graffitied ,Some bureaucracies are graffitied,*,city-type,A,C,67.7,inst,0.2857142857,NA,1583,Datisi,0,0,0,0
28_29,28,N3-c-M2,29,0,suit,Homonymy,Disamis,1,Some suits are settled out of court,All suits are formal outfits,Some formal outfits are settled out of court,*,*,A,C,*,*,0.7142857143,NA,3149,Disamis,0,1,0,0
28_30,28,N3-c-M2,30,1,college,Polysemy,Darii,1,All colleges have spirit,Some colleges are national landmarks,Some national landmarks have spirit,*,city-type,A,C,56.6,inst,0.1428571429,NA,3465,Darii,0,0,0,0
28_31,28,N3-c-M2,31,0,cabinet,Homonymy,Datisi,1,All cabinets are selected by leaders,Some cabinets are cupboards,Some cupboards are selected by leaders,*,*,A,C,*,*,0.3333333333,NA,2050,Datisi,0,1,0,0
28_32,28,N3-c-M2,32,0,dances,Invalid Filler,Darii*,1,All polkas are dances ,Some mating rituals are dances ,Some mating rituals are polkas ,*,*,*,*,*,*,*,NA,2314,Darii,0,1,0,0
28_33,28,N3-c-M2,33,1,poets,Valid Filler,Datisi,1,All poets are writers ,Some poets are teachers,Some teachers are writers,*,*,*,*,*,*,*,NA,2182,Datisi,1,1,0,0
28_34,28,N3-c-M2,34,0,rock,Homonymy,Datisi,1,All rock has guitars,Some rock is marble,Some marble has guitars,*,*,A,C,100,*,0.8571428571,NA,1682,Datisi,0,1,0,0
28_35,28,N3-c-M2,35,0,ruler,Homonymy,Disamis,1,Some rulers are monarchs,All rulers are measuring devices,Some measuring devices are monarchs,*,*,*,*,*,*,0.7142857143,NA,1949,Disamis,0,1,0,0
28_36,28,N3-c-M2,36,0,match,Homonymy,Disamis,1,Some matches are shown on TV,All matches are fire starters,Some fire starters are shown on TV,*,*,A,C,*,*,0,NA,1901,Disamis,0,1,0,0
28_37,28,N3-c-M2,37,0,cabinet,Homonymy,Datisi,1,All cabinets are political appointments,Some cabinets are antique furniture,Some antique furniture are political appointments,*,*,A,C,*,*,0.8571428571,NA,1983,Datisi,0,1,0,0
28_38,28,N3-c-M2,38,0,lunch,Polysemy,Dimatis,1,lunch-type,All lunches are menu items,Some menu items are meetings,*,lunch-type,A,C,96.6,event,1,NA,2665,Dimatis,0,1,0,0
28_39,28,N3-c-M2,39,0,actors,Invalid Filler,Datisi*,1,All male leads are actors,Some actors are women,Some women are male leads,*,*,*,*,*,*,*,NA,1997,Datisi,0,1,0,0
28_40,28,N3-c-M2,40,1,letter,Polysemy,Datisi,1,All letters are paper,Some letters are professions of love,Some professions of love are paper,*,book-type,C,A,78.5,info,0.4285714286,NA,3383,Datisi,0,0,0,0
28_41,28,N3-c-M2,41,0,ring,Homonymy,Darii,1,All rings are noises,Some anniversary gifts are rings,Some anniversary gifts are noises,*,*,A,C,*,*,0.7142857143,NA,1666,Darii,0,1,0,0
28_42,28,N3-c-M2,42,1,bat,Homonymy,Darii,1,All bats hang upside down,Some sporting goods are bats,Some sporting goods hang upside down,*,*,*,*,*,*,0,NA,3982,Darii,0,0,0,0
28_43,28,N3-c-M2,43,1,match,Homonymy,Disamis,1,Some matches are competitive,All matches are tools,Some tools are competitive,*,*,A,C,80,*,0.5714285714,NA,1365,Disamis,0,0,0,0
28_44,28,N3-c-M2,44,1,mugs,Valid Filler,Datisi,1,All mugs are cups ,Some mugs are ceramics,Some ceramics are cups ,*,*,*,*,*,*,*,NA,1166,Datisi,1,1,0,0
28_45,28,N3-c-M2,45,1,widows,Valid Filler,Dimatis,1,Some mothers are widows ,All widows are women,Some women are mothers,*,*,*,*,*,*,*,NA,1232,Dimatis,1,1,0,0
28_46,28,N3-c-M2,46,0,board,Homonymy,Dimatis,1,Some advisory bodies are boards,All boards are rectangles,Some rectangles are advisory bodies,*,*,A,C,*,*,0.8571428571,NA,1649,Dimatis,0,1,0,0
28_47,28,N3-c-M2,47,0,suit,Homonymy,Disamis,1,Some suits have multiple defendants,All suits are dress attire,Some dress attire has multiple defendants,*,*,A,C,*,*,0.5714285714,NA,1780,Disamis,0,1,0,0
28_48,28,N3-c-M2,48,1,novel,Polysemy,Darii,1,All novels are bound,Some mysteries are novels,Some mysteries are bound,*,book-type,C,A,96.7,info,0,NA,4284,Darii,0,0,0,0
28_49,28,N3-c-M2,49,1,liars,Valid Filler,Dimatis,1,Some criminals are liars ,All liars are humans,Some humans are criminals ,*,*,*,*,*,*,*,NA,4599,Dimatis,1,1,0,0
28_50,28,N3-c-M2,50,1,change,Homonymy,Darii,1,All change is money,Some surprises are change,Some surprises are money,*,*,C,A,*,*,0,NA,1799,Darii,0,0,0,0
28_51,28,N3-c-M2,51,1,statues,Valid Filler,Datisi,1,All statues are sculptures,Some statues are bronzes,Some bronzes are sculptures,*,*,*,*,*,*,*,NA,2598,Datisi,1,1,0,0
28_52,28,N3-c-M2,52,1,rifles,Valid Filler,Disamis,1,Some rifles are for hunting,All rifles are guns ,Some guns are for hunting,*,*,*,*,*,*,*,NA,1466,Disamis,1,1,0,0
28_53,28,N3-c-M2,53,1,trucks,Valid Filler,Dimatis,1,Some cars are trucks ,All trucks are vehicles,Some vehicles are cars ,*,*,*,*,*,*,*,NA,1531,Dimatis,1,1,0,0
28_54,28,N3-c-M2,54,1,city,Polysemy,Datisi,1,All cities have laws,Some cities are earthquake zones,Some earthquake zones have laws,*,city-type,A,C,67.7,inst,0,NA,2349,Datisi,0,0,0,0
28_55,28,N3-c-M2,55,0,steaks,Invalid Filler,Disamis*,1,Some steaks are filet mignons,All ribeyes are steaks,Some ribeyes are filet mignons,*,*,*,*,*,*,*,NA,2083,Disamis,0,1,0,0
28_56,28,N3-c-M2,56,0,picnic,Polysemy,Datisi,1,All picnics happen in nature,Some picnics are salads,Some salads happen in nature,*,lunch-type,A,C,59.2,event,0.5714285714,NA,1732,Datisi,0,1,0,0
28_57,28,N3-c-M2,57,0,company,Polysemy,Dimatis,1,Some storefronts are companies,All companies are hierarchies,Some hierarchies are storefronts,*,city-type,C,A,83.8,inst,0.7142857143,NA,2933,Dimatis,0,1,0,0
28_58,28,N3-c-M2,58,1,school,Polysemy,Disamis,1,Some schools are brick,All schools are communities,Some communities are brick,*,city-type,C,A,45.1,inst,0.5714285714,NA,1615,Disamis,0,0,0,0
28_59,28,N3-c-M2,59,0,sausages,Invalid Filler,Datisi*,1,All hot dogs are sausages,Some sausages are salamis,Some hot dogs are salamis,*,*,*,*,*,*,*,NA,1782,Datisi,0,1,0,0
28_60,28,N3-c-M2,60,1,clowns,Valid Filler,Darii,1,All clowns can juggle ,Some circus performers are clowns ,Some circus performers can juggle,*,*,*,*,*,*,*,NA,35151,Darii,1,1,0,0
28_61,28,N3-c-M2,61,0,board,Homonymy,Dimatis,1,Some governing organizations are boards,All boards are wooden planks,Some wooden planks are governing organizations,*,*,A,C,*,*,1,NA,2080,Dimatis,0,1,0,0
28_62,28,N3-c-M2,62,0,novel,Polysemy,Darii,1,All novels are flammable,Some debuts are novels,Some debuts are flammable,*,book-type,C,A,96.7,info,1,NA,1699,Darii,0,1,0,0
28_63,28,N3-c-M2,63,0,breakfast,Polysemy,Darii,1,All breakfasts take place in the morning,Some sandwiches are breakfasts,Some sandwiches take place in the morning,*,lunch-type,A,C,87.1,event,0.4285714286,NA,2598,Darii,0,1,0,0
28_64,28,N3-c-M2,64,0,cabinet,Homonymy,Datisi,1,All cabinets advise the presidents,Some cabinets are Ikea products,Some ikea products advise the president,*,*,A,C,*,*,0.7142857143,NA,1415,Datisi,0,1,0,0
28_65,28,N3-c-M2,65,1,breakfast,Polysemy,Darii,1,All breakfasts are under three hours,Some smoothies are breakfasts,Some smoothies are under three hours,*,lunch-type,A,C,87.1,event,0.7142857143,NA,1716,Darii,0,0,0,0
28_66,28,N3-c-M2,66,0,star,Homonymy,Datisi,1,All stars are charismatic,Some stars are pulsars,Some pulsars are charismatic,*,*,*,*,*,*,0.7142857143,NA,1381,Datisi,0,1,0,0
28_67,28,N3-c-M2,67,0,mothers,Invalid Filler,Darii*,1,All grandmothers are mothers ,Some teens are mothers,Some grandmothers are teens,*,*,*,*,*,*,*,NA,2732,Darii,0,1,0,0
28_68,28,N3-c-M2,68,0,bat,Homonymy,Darii,1,All bats share a common ancestor,Some sporting goods are bats,Some sporting goods share a common ancestor,*,*,*,*,*,*,0.2857142857,NA,1514,Darii,0,1,0,0
28_69,28,N3-c-M2,69,0,rock ,Homonymy,Datisi,1,All rock is rhythmic,Some rock is granite,Some granite is rhythmic,*,*,A,C,100,*,0.8571428571,NA,1133,Datisi,0,1,0,0
28_70,28,N3-c-M2,70,1,funerals,Invalid Filler,Datisi*,1,All open-casket services are funerals,Some funerals are cremations,Some cremations are open-casket services,*,*,*,*,*,*,*,NA,2332,Datisi,0,0,0,0
28_71,28,N3-c-M2,71,0,change,Homonymy,Darii,1,All change is legal tender,Some political revolutions are change,Some political revolutions are legal tender,*,*,C,A,*,*,0.8571428571,NA,2933,Darii,0,1,0,0
28_72,28,N3-c-M2,72,1,dresses,Invalid Filler,Darii*,1,All ball gowns are dresses ,Some cocktail outfits are dresses,Some cocktail outfits are ball gowns,*,*,*,*,*,*,*,NA,1648,Darii,0,0,0,0
28_73,28,N3-c-M2,73,0,school,Polysemy,Disamis,1,Some schools are rectangular,All schools are employers,Some employers are rectangular,*,city-type,C,A,45.1,inst,0.5714285714,NA,1982,Disamis,0,1,0,0
28_74,28,N3-c-M2,74,0,ponies,Valid Filler,Datisi,1,All ponies neigh,Some ponies are colts,Some colts neigh,*,*,*,*,*,*,*,NA,1366,Datisi,1,0,0,0
28_75,28,N3-c-M2,75,0,star,Homonymy,Datisi,1,All stars are famous ,Some stars are red dwarfs,Some red dwarfs are famous,*,*,*,*,*,*,0,NA,1464,Datisi,0,1,0,0
28_76,28,N3-c-M2,76,1,suitcases,Valid Filler,Dimatis,1,Some bags are suitcases,All suitcases are pieces of luggage,Some pieces of luggage are bags,*,*,*,*,*,*,*,NA,1668,Dimatis,1,1,0,0
28_77,28,N3-c-M2,77,0,star,Homonymy,Datisi,1,All stars deal with paparazzi ,Some stars are red dwarfs,Some red dwarfs deal with paparazzi ,*,*,*,*,*,*,0,NA,1481,Datisi,0,1,0,0
28_78,28,N3-c-M2,78,0,magazines,Polysemy,Disamis,1,Some magazines are coffee-stained,All magazines are subscriptions,Some subscriptions are coffee-stained,*,book-type,C,A,68.9,info,0.2857142857,NA,1749,Disamis,0,1,0,0
28_79,28,N3-c-M2,79,1,company,Polysemy,Dimatis,1,Some office buildings are companies,All companies are legal entities,Some legal entities are office buildings ,*,city-type,C,A,83.8,inst,0.5714285714,NA,2581,Dimatis,0,0,0,0
28_80,28,N3-c-M2,80,1,board,Homonymy,Dimatis,1,Some groups are boards,All boards are materials,Some materials are groups,*,*,A,C,*,*,0.5,NA,1382,Dimatis,0,0,0,0
28_81,28,N3-c-M2,81,0,letter,Polysemy,Datisi,1,All letters have stamps,Some letters are rejections,Some rejections have stamps,*,book-type,C,A,78.5,info,0,NA,1965,Datisi,0,1,0,0
28_82,28,N3-c-M2,82,0,ball,Homonymy,Dimatis,1,Some dances are balls,All balls are spheres,Some spheres are dances,*,*,A,C,*,*,0.7142857143,NA,1415,Dimatis,0,1,0,0
28_83,28,N3-c-M2,83,0,match,Homonymy,Disamis,1,Some matches are championships,All matches are fire starters,Some fire starters are championships,*,*,A,C,80,*,0.7142857143,NA,1498,Disamis,0,1,0,0
28_84,28,N3-c-M2,84,0,change,Homonymy,Darii,1,All change jingles,Some social movements are change,Some social movements jingle,*,*,C,A,*,*,0.5714285714,NA,1548,Darii,0,1,0,0
28_85,28,N3-c-M2,85,1,doughnuts,Valid Filler,Darii,1,All doughnuts are sugary ,Some pastries are doughnuts ,Some pastries are sugary,*,*,*,*,*,*,*,NA,1582,Darii,1,1,0,0
28_86,28,N3-c-M2,86,0,magazines,Polysemy,Disamis,1,Some magazines are glossy,All magazines are collaborations,Some collaborations are glossy,*,book-type,C,A,68.9,info,0.5714285714,NA,1500,Disamis,0,1,0,0
28_87,28,N3-c-M2,87,1,dolls,Valid Filler,Darii,1,All dolls are man made,Some toys are dolls ,Some toys are man made,*,*,*,*,*,*,*,NA,1899,Darii,1,1,0,0
28_88,28,N3-c-M2,88,0,swords,Valid Filler,Disamis,1,Some swords are decorative,All swords are weapons ,Some weapons are decorative ,*,*,*,*,*,*,*,NA,120006,Disamis,1,0,0,0
29_1,29,N3-c-M2,1,1,novel,Polysemy,Darii,2,All novels are printed,Some ideas are novels,Some ideas are printed,*,book-type,C,A,96.7,info,0.1428571429,NA,2516,Darii,0,0,0,0
29_2,29,N3-c-M2,2,0,breakfast,Polysemy,Darii,2,All breakfasts are under three hours,Some smoothies are breakfasts,Some smoothies are under three hours,*,lunch-type,A,C,87.1,event,0.7142857143,NA,3500,Darii,0,1,0,0
29_3,29,N3-c-M2,3,0,shapes,Invalid Filler,Disamis*,2,Some shapes are triangles,All squares are shapes,Some squares are triangles,*,*,*,*,*,*,*,NA,1948,Disamis,0,1,0,0
29_4,29,N3-c-M2,4,1,ball,Homonymy,Dimatis,2,Some dances are balls,All balls are circles,Some circles are dances,*,*,A,C,*,*,0.1666666667,NA,3683,Dimatis,0,0,0,0
29_5,29,N3-c-M2,5,1,ponies,Valid Filler,Datisi,2,All ponies neigh,Some ponies are colts,Some colts neigh,*,*,*,*,*,*,*,NA,1897,Datisi,1,1,0,0
29_6,29,N3-c-M2,6,0,change,Homonymy,Darii,2,All change is legal tender,Some political revolutions are change,Some political revolutions are legal tender,*,*,C,A,*,*,0.8571428571,NA,3633,Darii,0,1,0,0
29_7,29,N3-c-M2,7,1,mugs,Valid Filler,Datisi,2,All mugs are cups ,Some mugs are ceramics,Some ceramics are cups ,*,*,*,*,*,*,*,NA,1931,Datisi,1,1,0,0
29_8,29,N3-c-M2,8,0,star,Homonymy,Datisi,2,All stars are charismatic,Some stars are pulsars,Some pulsars are charismatic,*,*,*,*,*,*,0.7142857143,NA,2583,Datisi,0,1,0,0
29_9,29,N3-c-M2,9,0,mothers,Invalid Filler,Darii*,2,All grandmothers are mothers ,Some teens are mothers,Some grandmothers are teens,*,*,*,*,*,*,*,NA,2749,Darii,0,1,0,0
29_10,29,N3-c-M2,10,0,ring,Homonymy,Darii,2,All rings are sounds,Some accessories are rings,Some accessories are sounds,*,*,A,C,*,*,0.7142857143,NA,1830,Darii,0,1,0,0
29_11,29,N3-c-M2,11,1,grapes,Valid Filler,Disamis,2,Some grapes are red ,All grapes are fruits ,Some fruits are red ,*,*,*,*,*,*,*,NA,1682,Disamis,1,1,0,0
29_12,29,N3-c-M2,12,0,board,Homonymy,Dimatis,2,Some groups are boards,All boards are materials,Some materials are groups,*,*,A,C,*,*,0.5,NA,2350,Dimatis,0,1,0,0
29_13,29,N3-c-M2,13,1,toilets,Invalid Filler,Disamis*,2,Some toilets are coed,All urinals are toilets,Some urinals are coed,*,*,*,*,*,*,*,NA,2366,Disamis,0,0,0,0
29_14,29,N3-c-M2,14,0,suit,Homonymy,Disamis,2,Some suits are settled out of court,All suits are formal outfits,Some formal outfits are settled out of court,*,*,A,C,*,*,0.7142857143,NA,3182,Disamis,0,1,0,0
29_15,29,N3-c-M2,15,0,novel,Polysemy,Darii,2,All novels are flammable,Some debuts are novels,Some debuts are flammable,*,book-type,C,A,96.7,info,1,NA,2367,Darii,0,1,0,0
29_16,29,N3-c-M2,16,1,match,Homonymy,Disamis,2,Some matches are shown on TV,All matches are fire starters,Some fire starters are shown on TV,*,*,A,C,*,*,0,NA,2830,Disamis,0,0,0,0
29_17,29,N3-c-M2,17,1,novel,Polysemy,Darii,2,All novels are bound,Some mysteries are novels,Some mysteries are bound,*,book-type,C,A,96.7,info,0,NA,5217,Darii,0,0,0,0
29_18,29,N3-c-M2,18,1,book,Polysemy,Dimatis,2,Some purchases are books,All books are creative endeavours,Some creative endeavours are purchases,*,book-type,C,A,64.5,info,0.1428571429,NA,2450,Dimatis,0,0,0,0
29_19,29,N3-c-M2,19,1,widows,Valid Filler,Dimatis,2,Some mothers are widows ,All widows are women,Some women are mothers,*,*,*,*,*,*,*,NA,1735,Dimatis,1,1,0,0
29_20,29,N3-c-M2,20,1,dolls,Valid Filler,Darii,2,All dolls are man made,Some toys are dolls ,Some toys are man made,*,*,*,*,*,*,*,NA,1828,Darii,1,1,0,0
29_21,29,N3-c-M2,21,0,rock ,Homonymy,Datisi,2,All rock is rhythmic,Some rock is granite,Some granite is rhythmic,*,*,A,C,100,*,0.8571428571,NA,1634,Datisi,0,1,0,0
29_22,29,N3-c-M2,22,1,change,Homonymy,Darii,2,All change is money,Some surprises are change,Some surprises are money,*,*,C,A,*,*,0,NA,2014,Darii,0,0,0,0
29_23,29,N3-c-M2,23,1,match,Homonymy,Disamis,2,Some matches are competitive,All matches are tools,Some tools are competitive,*,*,A,C,80,*,0.5714285714,NA,1750,Disamis,0,0,0,0
29_24,29,N3-c-M2,24,0,book,Polysemy,Dimatis,2,Some doorstops are books,All books are intellectual property,Some intellectual property is a doorstop,*,book-type,C,A,64.5,info,0.5714285714,NA,2781,Dimatis,0,1,0,0
29_25,29,N3-c-M2,25,0,antiques,Invalid Filler,Darii*,2,All medieval manuscripts are antiques ,Some pieces of jewelry are antiques ,Some pieces of jewelry are medieval manuscripts,*,*,*,*,*,*,*,NA,1934,Darii,0,1,0,0
29_26,29,N3-c-M2,26,1,burgers,Valid Filler,Disamis,2,Some burgers are overcooked ,All burgers are sandwiches,Some sandwiches are overcooked ,*,*,*,*,*,*,*,NA,2649,Disamis,1,1,0,0
29_27,29,N3-c-M2,27,0,cabinet,Homonymy,Datisi,2,All cabinets are political appointments,Some cabinets are antique furniture,Some antique furniture are political appointments,*,*,A,C,*,*,0.8571428571,NA,4399,Datisi,0,1,0,0
29_28,29,N3-c-M2,28,0,peppers,Invalid Filler,Dimatis*,2,Some yellow vegetables are peppers ,All jalapenos are peppers,Some jalapenos are yellow vegetables,*,*,*,*,*,*,*,NA,3314,Dimatis,0,1,0,0
29_29,29,N3-c-M2,29,0,ball,Homonymy,Dimatis,2,Some dances are balls,All balls are spheres,Some spheres are dances,*,*,A,C,*,*,0.7142857143,NA,1816,Dimatis,0,1,0,0
29_30,29,N3-c-M2,30,0,actors,Invalid Filler,Datisi*,2,All male leads are actors,Some actors are women,Some women are male leads,*,*,*,*,*,*,*,NA,2733,Datisi,0,1,0,0
29_31,29,N3-c-M2,31,1,letter,Polysemy,Datisi,2,All letters are paper,Some letters are professions of love,Some professions of love are paper,*,book-type,C,A,78.5,info,0.4285714286,NA,3864,Datisi,0,0,0,0
29_32,29,N3-c-M2,32,0,ball,Homonymy,Dimatis,2,Some parties are balls,All balls are toys,Some toys are parties,*,*,A,C,*,*,0.7142857143,NA,2683,Dimatis,0,1,0,0
29_33,29,N3-c-M2,33,0,ring,Homonymy,Darii,2,All rings are noises,Some anniversary gifts are rings,Some anniversary gifts are noises,*,*,A,C,*,*,0.7142857143,NA,2583,Darii,0,1,0,0
29_34,29,N3-c-M2,34,0,city,Polysemy,Datisi,2,All cities are bureaucracies,Some cities are graffitied ,Some bureaucracies are graffitied,*,city-type,A,C,67.7,inst,0.2857142857,NA,2499,Datisi,0,1,0,0
29_35,29,N3-c-M2,35,0,board,Homonymy,Dimatis,2,Some advisory bodies are boards,All boards are rectangles,Some rectangles are advisory bodies,*,*,A,C,*,*,0.8571428571,NA,1765,Dimatis,0,1,0,0
29_36,29,N3-c-M2,36,1,rifles,Valid Filler,Disamis,2,Some rifles are for hunting,All rifles are guns ,Some guns are for hunting,*,*,*,*,*,*,*,NA,1634,Disamis,1,1,0,0
29_37,29,N3-c-M2,37,0,ruler,Homonymy,Disamis,2,Some rulers are monarchs,All rulers are measuring devices,Some measuring devices are monarchs,*,*,*,*,*,*,0.7142857143,NA,2015,Disamis,0,1,0,0
29_38,29,N3-c-M2,38,0,stones,Invalid Filler,Datisi*,2,All pebbles are stones,Some stones are boulders,Some boulders are pebbles,*,*,*,*,*,*,*,NA,2249,Datisi,0,1,0,0
29_39,29,N3-c-M2,39,1,dresses,Invalid Filler,Darii*,2,All ball gowns are dresses ,Some cocktail outfits are dresses,Some cocktail outfits are ball gowns,*,*,*,*,*,*,*,NA,1715,Darii,0,0,0,0
29_40,29,N3-c-M2,40,0,wave,Homonymy,Dimatis,2,Some greetings are waves,Some waves are tsunamis,Some tsunamis are greetings,*,*,A,C,100,*,0.7142857143,NA,1999,Dimatis,0,1,0,0
29_41,29,N3-c-M2,41,1,suitcases,Valid Filler,Dimatis,2,Some bags are suitcases,All suitcases are pieces of luggage,Some pieces of luggage are bags,*,*,*,*,*,*,*,NA,1616,Dimatis,1,1,0,0
29_42,29,N3-c-M2,42,1,bat,Homonymy,Darii,2,All bats share a common ancestor,Some sporting goods are bats,Some sporting goods share a common ancestor,*,*,*,*,*,*,0.2857142857,NA,2264,Darii,0,0,0,0
29_43,29,N3-c-M2,43,1,city,Polysemy,Datisi,2,All cities have laws,Some cities are earthquake zones,Some earthquake zones have laws,*,city-type,A,C,67.7,inst,0,NA,1418,Datisi,0,0,0,0
29_44,29,N3-c-M2,44,1,picnic,Polysemy,Datisi,2,All picnics happen in nature,Some picnics are salads,Some salads happen in nature,*,lunch-type,A,C,59.2,event,0.5714285714,NA,1599,Datisi,0,0,0,0
29_45,29,N3-c-M2,45,0,rock,Homonymy,Datisi,2,All rock has guitars,Some rock is marble,Some marble has guitars,*,*,A,C,100,*,0.8571428571,NA,3115,Datisi,0,1,0,0
29_46,29,N3-c-M2,46,1,doughnuts,Valid Filler,Darii,2,All doughnuts are sugary ,Some pastries are doughnuts ,Some pastries are sugary,*,*,*,*,*,*,*,NA,1783,Darii,1,1,0,0
29_47,29,N3-c-M2,47,1,trucks,Valid Filler,Dimatis,2,Some cars are trucks ,All trucks are vehicles,Some vehicles are cars ,*,*,*,*,*,*,*,NA,1447,Dimatis,1,1,0,0
29_48,29,N3-c-M2,48,1,swords,Valid Filler,Disamis,2,Some swords are decorative,All swords are weapons ,Some weapons are decorative ,*,*,*,*,*,*,*,NA,1867,Disamis,1,1,0,0
29_49,29,N3-c-M2,49,0,steaks,Invalid Filler,Disamis*,2,Some steaks are filet mignons,All ribeyes are steaks,Some ribeyes are filet mignons,*,*,*,*,*,*,*,NA,2333,Disamis,0,1,0,0
29_50,29,N3-c-M2,50,1,dinner,Polysemy,Disamis,2,Some dinners last an hour,All dinners are sources of nutrition,Some sources of nutrition last an hour,*,lunch-type,A,C,90,event,0.1428571429,NA,2430,Disamis,0,0,0,0
29_51,29,N3-c-M2,51,0,company,Polysemy,Dimatis,2,Some storefronts are companies,All companies are hierarchies,Some hierarchies are storefronts,*,city-type,C,A,83.8,inst,0.7142857143,NA,2133,Dimatis,0,1,0,0
29_52,29,N3-c-M2,52,1,bat,Homonymy,Darii,2,All bats hang upside down,Some sporting goods are bats,Some sporting goods hang upside down,*,*,*,*,*,*,0,NA,1634,Darii,0,0,0,0
29_53,29,N3-c-M2,53,1,poets,Valid Filler,Datisi,2,All poets are writers ,Some poets are teachers,Some teachers are writers,*,*,*,*,*,*,*,NA,1517,Datisi,1,1,0,0
29_54,29,N3-c-M2,54,0,colors,Invalid Filler,Disamis*,2,Some colors are primary ,All shades of purple are colors ,Some shades of purple are primary,*,*,*,*,*,*,*,NA,2383,Disamis,0,1,0,0
29_55,29,N3-c-M2,55,0,magazines,Polysemy,Disamis,2,Some magazines are glossy,All magazines are collaborations,Some collaborations are glossy,*,book-type,C,A,68.9,info,0.5714285714,NA,2114,Disamis,0,1,0,0
29_56,29,N3-c-M2,56,1,magazines,Polysemy,Disamis,2,Some magazines are coffee-stained,All magazines are subscriptions,Some subscriptions are coffee-stained,*,book-type,C,A,68.9,info,0.2857142857,NA,2600,Disamis,0,0,0,0
29_57,29,N3-c-M2,57,0,thieves,Invalid Filler,Dimatis*,2,Some children are thieves,All mob bosses are thieves,Some mob bosses are children,*,*,*,*,*,*,*,NA,3032,Dimatis,0,1,0,0
29_58,29,N3-c-M2,58,0,lunch,Polysemy,Dimatis,2,Some breaks are lunches,All lunches are entrées,Some entrées are breaks,*,lunch-type,A,C,96.6,event,0.7142857143,NA,1900,Dimatis,0,1,0,0
29_59,29,N3-c-M2,59,0,lunch,Polysemy,Dimatis,2,lunch-type,All lunches are menu items,Some menu items are meetings,*,lunch-type,A,C,96.6,event,1,NA,2495,Dimatis,0,1,0,0
29_60,29,N3-c-M2,60,0,dances,Invalid Filler,Darii*,2,All polkas are dances ,Some mating rituals are dances ,Some mating rituals are polkas ,*,*,*,*,*,*,*,NA,2085,Darii,0,1,0,0
29_61,29,N3-c-M2,61,1,breakfast,Polysemy,Darii,2,All breakfasts take place in the morning,Some sandwiches are breakfasts,Some sandwiches take place in the morning,*,lunch-type,A,C,87.1,event,0.4285714286,NA,1932,Darii,0,0,0,0
29_62,29,N3-c-M2,62,0,star,Homonymy,Datisi,2,All stars deal with paparazzi ,Some stars are red dwarfs,Some red dwarfs deal with paparazzi ,*,*,*,*,*,*,0,NA,3465,Datisi,0,1,0,0
29_63,29,N3-c-M2,63,0,cabinet,Homonymy,Datisi,2,All cabinets are selected by leaders,Some cabinets are cupboards,Some cupboards are selected by leaders,*,*,A,C,*,*,0.3333333333,NA,2233,Datisi,0,1,0,0
29_64,29,N3-c-M2,64,0,school,Polysemy,Disamis,2,Some schools are rectangular,All schools are employers,Some employers are rectangular,*,city-type,C,A,45.1,inst,0.5714285714,NA,1667,Disamis,0,1,0,0
29_65,29,N3-c-M2,65,0,change,Homonymy,Darii,2,All change jingles,Some social movements are change,Some social movements jingle,*,*,C,A,*,*,0.5714285714,NA,1764,Darii,0,1,0,0
29_66,29,N3-c-M2,66,1,picnic,Polysemy,Datisi,2,All picnics are leisurely,Some picnics are charcuterie,Some charcuterie is leisurely,*,lunch-type,A,C,59.2,event,0.7142857143,NA,2385,Datisi,0,0,0,0
29_67,29,N3-c-M2,67,0,wave,Homonymy,Dimatis,2,Some gestures are waves,Some waves are ripples,Some ripples are gestures,*,*,A,C,100,*,0.4285714286,NA,2182,Dimatis,0,1,0,0
29_68,29,N3-c-M2,68,0,board,Homonymy,Dimatis,2,Some governing organizations are boards,All boards are wooden planks,Some wooden planks are governing organizations,*,*,A,C,*,*,1,NA,1982,Dimatis,0,1,0,0
29_69,29,N3-c-M2,69,0,cabinet,Homonymy,Datisi,2,All cabinets advise the presidents,Some cabinets are Ikea products,Some ikea products advise the president,*,*,A,C,*,*,0.7142857143,NA,2065,Datisi,0,1,0,0
29_70,29,N3-c-M2,70,1,clowns,Valid Filler,Darii,2,All clowns can juggle ,Some circus performers are clowns ,Some circus performers can juggle,*,*,*,*,*,*,*,NA,2515,Darii,1,1,0,0
29_71,29,N3-c-M2,71,1,liars,Valid Filler,Dimatis,2,Some criminals are liars ,All liars are humans,Some humans are criminals ,*,*,*,*,*,*,*,NA,1551,Dimatis,1,1,0,0
29_72,29,N3-c-M2,72,1,statues,Valid Filler,Datisi,2,All statues are sculptures,Some statues are bronzes,Some bronzes are sculptures,*,*,*,*,*,*,*,NA,1551,Datisi,1,1,0,0
29_73,29,N3-c-M2,73,1,college,Polysemy,Darii,2,All colleges have spirit,Some colleges are national landmarks,Some national landmarks have spirit,*,city-type,A,C,56.6,inst,0.1428571429,NA,2147,Darii,0,0,0,0
29_74,29,N3-c-M2,74,1,school,Polysemy,Disamis,2,Some schools are brick,All schools are communities,Some communities are brick,*,city-type,C,A,45.1,inst,0.5714285714,NA,1932,Disamis,0,0,0,0
29_75,29,N3-c-M2,75,0,bat,Homonymy,Darii,2,All bats are mammals,Some weapons are bats,Some weapons are mammals,*,*,*,*,*,*,0.4285714286,NA,3013,Darii,0,1,0,0
29_76,29,N3-c-M2,76,1,company,Polysemy,Dimatis,2,Some office buildings are companies,All companies are legal entities,Some legal entities are office buildings ,*,city-type,C,A,83.8,inst,0.5714285714,NA,1918,Dimatis,0,0,0,0
29_77,29,N3-c-M2,77,0,suit,Homonymy,Disamis,2,Some suits have multiple defendants,All suits are dress attire,Some dress attire has multiple defendants,*,*,A,C,*,*,0.5714285714,NA,2215,Disamis,0,1,0,0
29_78,29,N3-c-M2,78,1,star,Homonymy,Datisi,2,All stars are famous ,Some stars are red dwarfs,Some red dwarfs are famous,*,*,*,*,*,*,0,NA,2048,Datisi,0,0,0,0
29_79,29,N3-c-M2,79,1,singers,Valid Filler,Darii,2,All singers have an ideal vocal range ,Some guitarists are singers,Some guitarists have an ideal vocal range,*,*,*,*,*,*,*,NA,2299,Darii,1,1,0,0
29_80,29,N3-c-M2,80,1,letter,Polysemy,Datisi,2,All letters have stamps,Some letters are rejections,Some rejections have stamps,*,book-type,C,A,78.5,info,0,NA,1681,Datisi,0,0,0,0
29_81,29,N3-c-M2,81,0,funerals,Invalid Filler,Datisi*,2,All open-casket services are funerals,Some funerals are cremations,Some cremations are open-casket services,*,*,*,*,*,*,*,NA,2932,Datisi,0,1,0,0
29_82,29,N3-c-M2,82,0,injuries,Invalid Filler,Dimatis*,2,Some sunburns are injuries,All cases of frostbite are injuries,Some cases of frostbite are sunburns,*,*,*,*,*,*,*,NA,2634,Dimatis,0,1,0,0
29_83,29,N3-c-M2,83,1,college,Polysemy,Darii,2,All colleges grant degrees,Some colleges are historic buildings,Some historic buildings grant degrees,*,city-type,A,C,56.6,inst,0.2857142857,NA,2366,Darii,0,0,0,0
29_84,29,N3-c-M2,84,0,sausages,Invalid Filler,Datisi*,2,All hot dogs are sausages,Some sausages are salamis,Some hot dogs are salamis,*,*,*,*,*,*,*,NA,1834,Datisi,0,1,0,0
29_85,29,N3-c-M2,85,0,dinner,Polysemy,Disamis,2,Some dinners are black tie,All dinners are foods,Some foods are black tie,*,lunch-type,A,C,90,event,0.5714285714,NA,1980,Disamis,0,1,0,0
29_86,29,N3-c-M2,86,0,ruler,Homonymy,Disamis,2,Some rulers are kings,All rulers are standard lengths,Some standard lengths are kings,*,*,*,*,*,*,0.8571428571,NA,2732,Disamis,0,1,0,0
29_87,29,N3-c-M2,87,0,match,Homonymy,Disamis,2,Some matches are championships,All matches are fire starters,Some fire starters are championships,*,*,A,C,80,*,0.7142857143,NA,2017,Disamis,0,1,0,0
29_88,29,N3-c-M2,88,0,spices,Invalid Filler,Dimatis*,2,Some dried roots are spices ,All mustard seeds are spices ,Some mustard seeds are dried roots,*,*,*,*,*,*,*,NA,2898,Dimatis,0,1,0,0
30_1,30,N3-c-M2,1,1,novel,Polysemy,Darii,2,All novels are printed,Some ideas are novels,Some ideas are printed,*,book-type,C,A,96.7,info,0.1428571429,NA,3047,Darii,0,0,0,0
30_2,30,N3-c-M2,2,0,breakfast,Polysemy,Darii,2,All breakfasts are under three hours,Some smoothies are breakfasts,Some smoothies are under three hours,*,lunch-type,A,C,87.1,event,0.7142857143,NA,3253,Darii,0,1,0,0
30_3,30,N3-c-M2,3,0,shapes,Invalid Filler,Disamis*,2,Some shapes are triangles,All squares are shapes,Some squares are triangles,*,*,*,*,*,*,*,NA,2322,Disamis,0,1,0,0
30_4,30,N3-c-M2,4,1,ball,Homonymy,Dimatis,2,Some dances are balls,All balls are circles,Some circles are dances,*,*,A,C,*,*,0.1666666667,NA,2510,Dimatis,0,0,0,0
30_5,30,N3-c-M2,5,1,ponies,Valid Filler,Datisi,2,All ponies neigh,Some ponies are colts,Some colts neigh,*,*,*,*,*,*,*,NA,3598,Datisi,1,1,0,0
30_6,30,N3-c-M2,6,0,change,Homonymy,Darii,2,All change is legal tender,Some political revolutions are change,Some political revolutions are legal tender,*,*,C,A,*,*,0.8571428571,NA,2863,Darii,0,1,0,0
30_7,30,N3-c-M2,7,1,mugs,Valid Filler,Datisi,2,All mugs are cups ,Some mugs are ceramics,Some ceramics are cups ,*,*,*,*,*,*,*,NA,3070,Datisi,1,1,0,0
30_8,30,N3-c-M2,8,0,star,Homonymy,Datisi,2,All stars are charismatic,Some stars are pulsars,Some pulsars are charismatic,*,*,*,*,*,*,0.7142857143,NA,3710,Datisi,0,1,0,0
30_9,30,N3-c-M2,9,0,mothers,Invalid Filler,Darii*,2,All grandmothers are mothers ,Some teens are mothers,Some grandmothers are teens,*,*,*,*,*,*,*,NA,3630,Darii,0,1,0,0
30_10,30,N3-c-M2,10,0,ring,Homonymy,Darii,2,All rings are sounds,Some accessories are rings,Some accessories are sounds,*,*,A,C,*,*,0.7142857143,NA,3206,Darii,0,1,0,0
30_11,30,N3-c-M2,11,1,grapes,Valid Filler,Disamis,2,Some grapes are red ,All grapes are fruits ,Some fruits are red ,*,*,*,*,*,*,*,NA,2039,Disamis,1,1,0,0
30_12,30,N3-c-M2,12,1,board,Homonymy,Dimatis,2,Some groups are boards,All boards are materials,Some materials are groups,*,*,A,C,*,*,0.5,NA,3063,Dimatis,0,0,0,0
30_13,30,N3-c-M2,13,0,toilets,Invalid Filler,Disamis*,2,Some toilets are coed,All urinals are toilets,Some urinals are coed,*,*,*,*,*,*,*,NA,4575,Disamis,0,1,0,0
30_14,30,N3-c-M2,14,1,suit,Homonymy,Disamis,2,Some suits are settled out of court,All suits are formal outfits,Some formal outfits are settled out of court,*,*,A,C,*,*,0.7142857143,NA,4166,Disamis,0,0,0,0
30_15,30,N3-c-M2,15,0,novel,Polysemy,Darii,2,All novels are flammable,Some debuts are novels,Some debuts are flammable,*,book-type,C,A,96.7,info,1,NA,3879,Darii,0,1,0,0
30_16,30,N3-c-M2,16,1,match,Homonymy,Disamis,2,Some matches are shown on TV,All matches are fire starters,Some fire starters are shown on TV,*,*,A,C,*,*,0,NA,2519,Disamis,0,0,0,0
30_17,30,N3-c-M2,17,0,novel,Polysemy,Darii,2,All novels are bound,Some mysteries are novels,Some mysteries are bound,*,book-type,C,A,96.7,info,0,NA,2374,Darii,0,1,0,0
30_18,30,N3-c-M2,18,1,book,Polysemy,Dimatis,2,Some purchases are books,All books are creative endeavours,Some creative endeavours are purchases,*,book-type,C,A,64.5,info,0.1428571429,NA,2336,Dimatis,0,0,0,0
30_19,30,N3-c-M2,19,1,widows,Valid Filler,Dimatis,2,Some mothers are widows ,All widows are women,Some women are mothers,*,*,*,*,*,*,*,NA,1558,Dimatis,1,1,0,0
30_20,30,N3-c-M2,20,1,dolls,Valid Filler,Darii,2,All dolls are man made,Some toys are dolls ,Some toys are man made,*,*,*,*,*,*,*,NA,2471,Darii,1,1,0,0
30_21,30,N3-c-M2,21,0,rock ,Homonymy,Datisi,2,All rock is rhythmic,Some rock is granite,Some granite is rhythmic,*,*,A,C,100,*,0.8571428571,NA,2391,Datisi,0,1,0,0
30_22,30,N3-c-M2,22,1,change,Homonymy,Darii,2,All change is money,Some surprises are change,Some surprises are money,*,*,C,A,*,*,0,NA,1814,Darii,0,0,0,0
30_23,30,N3-c-M2,23,1,match,Homonymy,Disamis,2,Some matches are competitive,All matches are tools,Some tools are competitive,*,*,A,C,80,*,0.5714285714,NA,2152,Disamis,0,0,0,0
30_24,30,N3-c-M2,24,0,book,Polysemy,Dimatis,2,Some doorstops are books,All books are intellectual property,Some intellectual property is a doorstop,*,book-type,C,A,64.5,info,0.5714285714,NA,3605,Dimatis,0,1,0,0
30_25,30,N3-c-M2,25,1,antiques,Invalid Filler,Darii*,2,All medieval manuscripts are antiques ,Some pieces of jewelry are antiques ,Some pieces of jewelry are medieval manuscripts,*,*,*,*,*,*,*,NA,4622,Darii,0,0,0,0
30_26,30,N3-c-M2,26,1,burgers,Valid Filler,Disamis,2,Some burgers are overcooked ,All burgers are sandwiches,Some sandwiches are overcooked ,*,*,*,*,*,*,*,NA,2086,Disamis,1,1,0,0
30_27,30,N3-c-M2,27,0,cabinet,Homonymy,Datisi,2,All cabinets are political appointments,Some cabinets are antique furniture,Some antique furniture are political appointments,*,*,A,C,*,*,0.8571428571,NA,2678,Datisi,0,1,0,0
30_28,30,N3-c-M2,28,0,peppers,Invalid Filler,Dimatis*,2,Some yellow vegetables are peppers ,All jalapenos are peppers,Some jalapenos are yellow vegetables,*,*,*,*,*,*,*,NA,2863,Dimatis,0,1,0,0
30_29,30,N3-c-M2,29,0,ball,Homonymy,Dimatis,2,Some dances are balls,All balls are spheres,Some spheres are dances,*,*,A,C,*,*,0.7142857143,NA,4325,Dimatis,0,1,0,0
30_30,30,N3-c-M2,30,1,actors,Invalid Filler,Datisi*,2,All male leads are actors,Some actors are women,Some women are male leads,*,*,*,*,*,*,*,NA,2774,Datisi,0,0,0,0
30_31,30,N3-c-M2,31,1,letter,Polysemy,Datisi,2,All letters are paper,Some letters are professions of love,Some professions of love are paper,*,book-type,C,A,78.5,info,0.4285714286,NA,5054,Datisi,0,0,0,0
30_32,30,N3-c-M2,32,0,ball,Homonymy,Dimatis,2,Some parties are balls,All balls are toys,Some toys are parties,*,*,A,C,*,*,0.7142857143,NA,2847,Dimatis,0,1,0,0
30_33,30,N3-c-M2,33,0,ring,Homonymy,Darii,2,All rings are noises,Some anniversary gifts are rings,Some anniversary gifts are noises,*,*,A,C,*,*,0.7142857143,NA,2662,Darii,0,1,0,0
30_34,30,N3-c-M2,34,1,city,Polysemy,Datisi,2,All cities are bureaucracies,Some cities are graffitied ,Some bureaucracies are graffitied,*,city-type,A,C,67.7,inst,0.2857142857,NA,4390,Datisi,0,0,0,0
30_35,30,N3-c-M2,35,0,board,Homonymy,Dimatis,2,Some advisory bodies are boards,All boards are rectangles,Some rectangles are advisory bodies,*,*,A,C,*,*,0.8571428571,NA,3111,Dimatis,0,1,0,0
30_36,30,N3-c-M2,36,1,rifles,Valid Filler,Disamis,2,Some rifles are for hunting,All rifles are guns ,Some guns are for hunting,*,*,*,*,*,*,*,NA,2095,Disamis,1,1,0,0
30_37,30,N3-c-M2,37,0,ruler,Homonymy,Disamis,2,Some rulers are monarchs,All rulers are measuring devices,Some measuring devices are monarchs,*,*,*,*,*,*,0.7142857143,NA,2207,Disamis,0,1,0,0
30_38,30,N3-c-M2,38,1,stones,Invalid Filler,Datisi*,2,All pebbles are stones,Some stones are boulders,Some boulders are pebbles,*,*,*,*,*,*,*,NA,2591,Datisi,0,0,0,0
30_39,30,N3-c-M2,39,1,dresses,Invalid Filler,Darii*,2,All ball gowns are dresses ,Some cocktail outfits are dresses,Some cocktail outfits are ball gowns,*,*,*,*,*,*,*,NA,2439,Darii,0,0,0,0
30_40,30,N3-c-M2,40,0,wave,Homonymy,Dimatis,2,Some greetings are waves,Some waves are tsunamis,Some tsunamis are greetings,*,*,A,C,100,*,0.7142857143,NA,1678,Dimatis,0,1,0,0
30_41,30,N3-c-M2,41,1,suitcases,Valid Filler,Dimatis,2,Some bags are suitcases,All suitcases are pieces of luggage,Some pieces of luggage are bags,*,*,*,*,*,*,*,NA,2768,Dimatis,1,1,0,0
30_42,30,N3-c-M2,42,1,bat,Homonymy,Darii,2,All bats share a common ancestor,Some sporting goods are bats,Some sporting goods share a common ancestor,*,*,*,*,*,*,0.2857142857,NA,2407,Darii,0,0,0,0
30_43,30,N3-c-M2,43,1,city,Polysemy,Datisi,2,All cities have laws,Some cities are earthquake zones,Some earthquake zones have laws,*,city-type,A,C,67.7,inst,0,NA,5342,Datisi,0,0,0,0
30_44,30,N3-c-M2,44,0,picnic,Polysemy,Datisi,2,All picnics happen in nature,Some picnics are salads,Some salads happen in nature,*,lunch-type,A,C,59.2,event,0.5714285714,NA,9737,Datisi,0,1,0,0
30_45,30,N3-c-M2,45,0,rock,Homonymy,Datisi,2,All rock has guitars,Some rock is marble,Some marble has guitars,*,*,A,C,100,*,0.8571428571,NA,2066,Datisi,0,1,0,0
30_46,30,N3-c-M2,46,1,doughnuts,Valid Filler,Darii,2,All doughnuts are sugary ,Some pastries are doughnuts ,Some pastries are sugary,*,*,*,*,*,*,*,NA,2086,Darii,1,1,0,0
30_47,30,N3-c-M2,47,1,trucks,Valid Filler,Dimatis,2,Some cars are trucks ,All trucks are vehicles,Some vehicles are cars ,*,*,*,*,*,*,*,NA,1590,Dimatis,1,1,0,0
30_48,30,N3-c-M2,48,1,swords,Valid Filler,Disamis,2,Some swords are decorative,All swords are weapons ,Some weapons are decorative ,*,*,*,*,*,*,*,NA,2159,Disamis,1,1,0,0
30_49,30,N3-c-M2,49,0,steaks,Invalid Filler,Disamis*,2,Some steaks are filet mignons,All ribeyes are steaks,Some ribeyes are filet mignons,*,*,*,*,*,*,*,NA,6398,Disamis,0,1,0,0
30_50,30,N3-c-M2,50,1,dinner,Polysemy,Disamis,2,Some dinners last an hour,All dinners are sources of nutrition,Some sources of nutrition last an hour,*,lunch-type,A,C,90,event,0.1428571429,NA,1901,Disamis,0,0,0,0
30_51,30,N3-c-M2,51,0,company,Polysemy,Dimatis,2,Some storefronts are companies,All companies are hierarchies,Some hierarchies are storefronts,*,city-type,C,A,83.8,inst,0.7142857143,NA,2223,Dimatis,0,1,0,0
30_52,30,N3-c-M2,52,1,bat,Homonymy,Darii,2,All bats hang upside down,Some sporting goods are bats,Some sporting goods hang upside down,*,*,*,*,*,*,0,NA,2165,Darii,0,0,0,0
30_53,30,N3-c-M2,53,1,poets,Valid Filler,Datisi,2,All poets are writers ,Some poets are teachers,Some teachers are writers,*,*,*,*,*,*,*,NA,1863,Datisi,1,1,0,0
30_54,30,N3-c-M2,54,0,colors,Invalid Filler,Disamis*,2,Some colors are primary ,All shades of purple are colors ,Some shades of purple are primary,*,*,*,*,*,*,*,NA,3279,Disamis,0,1,0,0
30_55,30,N3-c-M2,55,1,magazines,Polysemy,Disamis,2,Some magazines are glossy,All magazines are collaborations,Some collaborations are glossy,*,book-type,C,A,68.9,info,0.5714285714,NA,4351,Disamis,0,0,0,0
30_56,30,N3-c-M2,56,0,magazines,Polysemy,Disamis,2,Some magazines are coffee-stained,All magazines are subscriptions,Some subscriptions are coffee-stained,*,book-type,C,A,68.9,info,0.2857142857,NA,3990,Disamis,0,1,0,0
30_57,30,N3-c-M2,57,1,thieves,Invalid Filler,Dimatis*,2,Some children are thieves,All mob bosses are thieves,Some mob bosses are children,*,*,*,*,*,*,*,NA,3767,Dimatis,0,0,0,0
30_58,30,N3-c-M2,58,0,lunch,Polysemy,Dimatis,2,Some breaks are lunches,All lunches are entrées,Some entrées are breaks,*,lunch-type,A,C,96.6,event,0.7142857143,NA,2951,Dimatis,0,1,0,0
30_59,30,N3-c-M2,59,0,lunch,Polysemy,Dimatis,2,lunch-type,All lunches are menu items,Some menu items are meetings,*,lunch-type,A,C,96.6,event,1,NA,2238,Dimatis,0,1,0,0
30_60,30,N3-c-M2,60,1,dances,Invalid Filler,Darii*,2,All polkas are dances ,Some mating rituals are dances ,Some mating rituals are polkas ,*,*,*,*,*,*,*,NA,2848,Darii,0,0,0,0
30_61,30,N3-c-M2,61,1,breakfast,Polysemy,Darii,2,All breakfasts take place in the morning,Some sandwiches are breakfasts,Some sandwiches take place in the morning,*,lunch-type,A,C,87.1,event,0.4285714286,NA,2112,Darii,0,0,0,0
30_62,30,N3-c-M2,62,0,star,Homonymy,Datisi,2,All stars deal with paparazzi ,Some stars are red dwarfs,Some red dwarfs deal with paparazzi ,*,*,*,*,*,*,0,NA,4343,Datisi,0,1,0,0
30_63,30,N3-c-M2,63,0,cabinet,Homonymy,Datisi,2,All cabinets are selected by leaders,Some cabinets are cupboards,Some cupboards are selected by leaders,*,*,A,C,*,*,0.3333333333,NA,2112,Datisi,0,1,0,0
30_64,30,N3-c-M2,64,0,school,Polysemy,Disamis,2,Some schools are rectangular,All schools are employers,Some employers are rectangular,*,city-type,C,A,45.1,inst,0.5714285714,NA,2284,Disamis,0,1,0,0
30_65,30,N3-c-M2,65,0,change,Homonymy,Darii,2,All change jingles,Some social movements are change,Some social movements jingle,*,*,C,A,*,*,0.5714285714,NA,1872,Darii,0,1,0,0
30_66,30,N3-c-M2,66,1,picnic,Polysemy,Datisi,2,All picnics are leisurely,Some picnics are charcuterie,Some charcuterie is leisurely,*,lunch-type,A,C,59.2,event,0.7142857143,NA,2676,Datisi,0,0,0,0
30_67,30,N3-c-M2,67,1,wave,Homonymy,Dimatis,2,Some gestures are waves,Some waves are ripples,Some ripples are gestures,*,*,A,C,100,*,0.4285714286,NA,2900,Dimatis,0,0,0,0
30_68,30,N3-c-M2,68,0,board,Homonymy,Dimatis,2,Some governing organizations are boards,All boards are wooden planks,Some wooden planks are governing organizations,*,*,A,C,*,*,1,NA,2172,Dimatis,0,1,0,0
30_69,30,N3-c-M2,69,0,cabinet,Homonymy,Datisi,2,All cabinets advise the presidents,Some cabinets are Ikea products,Some ikea products advise the president,*,*,A,C,*,*,0.7142857143,NA,4349,Datisi,0,1,0,0
30_70,30,N3-c-M2,70,1,clowns,Valid Filler,Darii,2,All clowns can juggle ,Some circus performers are clowns ,Some circus performers can juggle,*,*,*,*,*,*,*,NA,2286,Darii,1,1,0,0
30_71,30,N3-c-M2,71,1,liars,Valid Filler,Dimatis,2,Some criminals are liars ,All liars are humans,Some humans are criminals ,*,*,*,*,*,*,*,NA,2854,Dimatis,1,1,0,0
30_72,30,N3-c-M2,72,1,statues,Valid Filler,Datisi,2,All statues are sculptures,Some statues are bronzes,Some bronzes are sculptures,*,*,*,*,*,*,*,NA,2390,Datisi,1,1,0,0
30_73,30,N3-c-M2,73,1,college,Polysemy,Darii,2,All colleges have spirit,Some colleges are national landmarks,Some national landmarks have spirit,*,city-type,A,C,56.6,inst,0.1428571429,NA,2830,Darii,0,0,0,0
30_74,30,N3-c-M2,74,1,school,Polysemy,Disamis,2,Some schools are brick,All schools are communities,Some communities are brick,*,city-type,C,A,45.1,inst,0.5714285714,NA,3720,Disamis,0,0,0,0
30_75,30,N3-c-M2,75,0,bat,Homonymy,Darii,2,All bats are mammals,Some weapons are bats,Some weapons are mammals,*,*,*,*,*,*,0.4285714286,NA,2862,Darii,0,1,0,0
30_76,30,N3-c-M2,76,1,company,Polysemy,Dimatis,2,Some office buildings are companies,All companies are legal entities,Some legal entities are office buildings ,*,city-type,C,A,83.8,inst,0.5714285714,NA,3230,Dimatis,0,0,0,0
30_77,30,N3-c-M2,77,0,suit,Homonymy,Disamis,2,Some suits have multiple defendants,All suits are dress attire,Some dress attire has multiple defendants,*,*,A,C,*,*,0.5714285714,NA,3919,Disamis,0,1,0,0
30_78,30,N3-c-M2,78,0,star,Homonymy,Datisi,2,All stars are famous ,Some stars are red dwarfs,Some red dwarfs are famous,*,*,*,*,*,*,0,NA,2103,Datisi,0,1,0,0
30_79,30,N3-c-M2,79,1,singers,Valid Filler,Darii,2,All singers have an ideal vocal range ,Some guitarists are singers,Some guitarists have an ideal vocal range,*,*,*,*,*,*,*,NA,3127,Darii,1,1,0,0
30_80,30,N3-c-M2,80,1,letter,Polysemy,Datisi,2,All letters have stamps,Some letters are rejections,Some rejections have stamps,*,book-type,C,A,78.5,info,0,NA,2958,Datisi,0,0,0,0
30_81,30,N3-c-M2,81,1,funerals,Invalid Filler,Datisi*,2,All open-casket services are funerals,Some funerals are cremations,Some cremations are open-casket services,*,*,*,*,*,*,*,NA,2999,Datisi,0,0,0,0
30_82,30,N3-c-M2,82,0,injuries,Invalid Filler,Dimatis*,2,Some sunburns are injuries,All cases of frostbite are injuries,Some cases of frostbite are sunburns,*,*,*,*,*,*,*,NA,4879,Dimatis,0,1,0,0
30_83,30,N3-c-M2,83,1,college,Polysemy,Darii,2,All colleges grant degrees,Some colleges are historic buildings,Some historic buildings grant degrees,*,city-type,A,C,56.6,inst,0.2857142857,NA,3095,Darii,0,0,0,0
30_84,30,N3-c-M2,84,0,sausages,Invalid Filler,Datisi*,2,All hot dogs are sausages,Some sausages are salamis,Some hot dogs are salamis,*,*,*,*,*,*,*,NA,2927,Datisi,0,1,0,0
30_85,30,N3-c-M2,85,0,dinner,Polysemy,Disamis,2,Some dinners are black tie,All dinners are foods,Some foods are black tie,*,lunch-type,A,C,90,event,0.5714285714,NA,2433,Disamis,0,1,0,0
30_86,30,N3-c-M2,86,0,ruler,Homonymy,Disamis,2,Some rulers are kings,All rulers are standard lengths,Some standard lengths are kings,*,*,*,*,*,*,0.8571428571,NA,4435,Disamis,0,1,0,0
30_87,30,N3-c-M2,87,0,match,Homonymy,Disamis,2,Some matches are championships,All matches are fire starters,Some fire starters are championships,*,*,A,C,80,*,0.7142857143,NA,2186,Disamis,0,1,0,0
30_88,30,N3-c-M2,88,1,spices,Invalid Filler,Dimatis*,2,Some dried roots are spices ,All mustard seeds are spices ,Some mustard seeds are dried roots,*,*,*,*,*,*,*,NA,2047,Dimatis,0,0,0,0
31_1,31,N3-c-M2,1,0,lunch,Polysemy,Dimatis,1,Some breaks are lunches,All lunches are entrées,Some entrées are breaks,*,lunch-type,A,C,96.6,event,0.7142857143,NA,6802,Dimatis,0,1,0,0
31_2,31,N3-c-M2,2,1,book,Polysemy,Dimatis,1,Some purchases are books,All books are creative endeavours,Some creative endeavours are purchases,*,book-type,C,A,64.5,info,0.1428571429,NA,4386,Dimatis,0,0,0,0
31_3,31,N3-c-M2,3,1,grapes,Valid Filler,Disamis,1,Some grapes are red ,All grapes are fruits ,Some fruits are red ,*,*,*,*,*,*,*,NA,3245,Disamis,1,1,0,0
31_4,31,N3-c-M2,4,1,singers,Valid Filler,Darii,1,All singers have an ideal vocal range ,Some guitarists are singers,Some guitarists have an ideal vocal range,*,*,*,*,*,*,*,NA,4731,Darii,1,1,0,0
31_5,31,N3-c-M2,5,0,ruler,Homonymy,Disamis,1,Some rulers are kings,All rulers are standard lengths,Some standard lengths are kings,*,*,*,*,*,*,0.8571428571,NA,8041,Disamis,0,1,0,0
31_6,31,N3-c-M2,6,0,peppers,Invalid Filler,Dimatis*,1,Some yellow vegetables are peppers ,All jalapenos are peppers,Some jalapenos are yellow vegetables,*,*,*,*,*,*,*,NA,6321,Dimatis,0,1,0,0
31_7,31,N3-c-M2,7,1,injuries,Invalid Filler,Dimatis*,1,Some sunburns are injuries,All cases of frostbite are injuries,Some cases of frostbite are sunburns,*,*,*,*,*,*,*,NA,5897,Dimatis,0,0,0,0
31_8,31,N3-c-M2,8,0,shapes,Invalid Filler,Disamis*,1,Some shapes are triangles,All squares are shapes,Some squares are triangles,*,*,*,*,*,*,*,NA,3160,Disamis,0,1,0,0
31_9,31,N3-c-M2,9,1,colors,Invalid Filler,Disamis*,1,Some colors are primary ,All shades of purple are colors ,Some shades of purple are primary,*,*,*,*,*,*,*,NA,3874,Disamis,0,0,0,0
31_10,31,N3-c-M2,10,0,spices,Invalid Filler,Dimatis*,1,Some dried roots are spices ,All mustard seeds are spices ,Some mustard seeds are dried roots,*,*,*,*,*,*,*,NA,5425,Dimatis,0,1,0,0
31_11,31,N3-c-M2,11,1,ring,Homonymy,Darii,1,All rings are sounds,Some accessories are rings,Some accessories are sounds,*,*,A,C,*,*,0.7142857143,NA,3538,Darii,0,0,0,0
31_12,31,N3-c-M2,12,1,toilets,Invalid Filler,Disamis*,1,Some toilets are coed,All urinals are toilets,Some urinals are coed,*,*,*,*,*,*,*,NA,8101,Disamis,0,0,0,0
31_13,31,N3-c-M2,13,0,ball,Homonymy,Dimatis,1,Some dances are balls,All balls are circles,Some circles are dances,*,*,A,C,*,*,0.1666666667,NA,3656,Dimatis,0,1,0,0
31_14,31,N3-c-M2,14,1,ball,Homonymy,Dimatis,1,Some parties are balls,All balls are toys,Some toys are parties,*,*,A,C,*,*,0.7142857143,NA,5027,Dimatis,0,0,0,0
31_15,31,N3-c-M2,15,0,bat,Homonymy,Darii,1,All bats are mammals,Some weapons are bats,Some weapons are mammals,*,*,*,*,*,*,0.4285714286,NA,3466,Darii,0,1,0,0
31_16,31,N3-c-M2,16,1,novel,Polysemy,Darii,1,All novels are printed,Some ideas are novels,Some ideas are printed,*,book-type,C,A,96.7,info,0.1428571429,NA,2697,Darii,0,0,0,0
31_17,31,N3-c-M2,17,1,dinner,Polysemy,Disamis,1,Some dinners last an hour,All dinners are sources of nutrition,Some sources of nutrition last an hour,*,lunch-type,A,C,90,event,0.1428571429,NA,3371,Disamis,0,0,0,0
31_18,31,N3-c-M2,18,0,wave,Homonymy,Dimatis,1,Some gestures are waves,Some waves are ripples,Some ripples are gestures,*,*,A,C,100,*,0.4285714286,NA,4966,Dimatis,0,1,0,0
31_19,31,N3-c-M2,19,0,stones,Invalid Filler,Datisi*,1,All pebbles are stones,Some stones are boulders,Some boulders are pebbles,*,*,*,*,*,*,*,NA,3348,Datisi,0,1,0,0
31_20,31,N3-c-M2,20,0,wave,Homonymy,Dimatis,1,Some greetings are waves,Some waves are tsunamis,Some tsunamis are greetings,*,*,A,C,100,*,0.7142857143,NA,2561,Dimatis,0,1,0,0
31_21,31,N3-c-M2,21,0,dinner,Polysemy,Disamis,1,Some dinners are black tie,All dinners are foods,Some foods are black tie,*,lunch-type,A,C,90,event,0.5714285714,NA,5866,Disamis,0,1,0,0
31_22,31,N3-c-M2,22,0,picnic,Polysemy,Datisi,1,All picnics are leisurely,Some picnics are charcuterie,Some charcuterie is leisurely,*,lunch-type,A,C,59.2,event,0.7142857143,NA,6767,Datisi,0,1,0,0
31_23,31,N3-c-M2,23,1,book,Polysemy,Dimatis,1,Some doorstops are books,All books are intellectual property,Some intellectual property is a doorstop,*,book-type,C,A,64.5,info,0.5714285714,NA,4657,Dimatis,0,0,0,0
31_24,31,N3-c-M2,24,1,college,Polysemy,Darii,1,All colleges grant degrees,Some colleges are historic buildings,Some historic buildings grant degrees,*,city-type,A,C,56.6,inst,0.2857142857,NA,3847,Darii,0,0,0,0
31_25,31,N3-c-M2,25,1,antiques,Invalid Filler,Darii*,1,All medieval manuscripts are antiques ,Some pieces of jewelry are antiques ,Some pieces of jewelry are medieval manuscripts,*,*,*,*,*,*,*,NA,3828,Darii,0,0,0,0
31_26,31,N3-c-M2,26,1,burgers,Valid Filler,Disamis,1,Some burgers are overcooked ,All burgers are sandwiches,Some sandwiches are overcooked ,*,*,*,*,*,*,*,NA,2963,Disamis,1,1,0,0
31_27,31,N3-c-M2,27,1,thieves,Invalid Filler,Dimatis*,1,Some children are thieves,All mob bosses are thieves,Some mob bosses are children,*,*,*,*,*,*,*,NA,6989,Dimatis,0,0,0,0
31_28,31,N3-c-M2,28,1,city,Polysemy,Datisi,1,All cities are bureaucracies,Some cities are graffitied ,Some bureaucracies are graffitied,*,city-type,A,C,67.7,inst,0.2857142857,NA,4036,Datisi,0,0,0,0
31_29,31,N3-c-M2,29,1,suit,Homonymy,Disamis,1,Some suits are settled out of court,All suits are formal outfits,Some formal outfits are settled out of court,*,*,A,C,*,*,0.7142857143,NA,4363,Disamis,0,0,0,0
31_30,31,N3-c-M2,30,0,college,Polysemy,Darii,1,All colleges have spirit,Some colleges are national landmarks,Some national landmarks have spirit,*,city-type,A,C,56.6,inst,0.1428571429,NA,3803,Darii,0,1,0,0
31_31,31,N3-c-M2,31,1,cabinet,Homonymy,Datisi,1,All cabinets are selected by leaders,Some cabinets are cupboards,Some cupboards are selected by leaders,*,*,A,C,*,*,0.3333333333,NA,3367,Datisi,0,0,0,0
31_32,31,N3-c-M2,32,0,dances,Invalid Filler,Darii*,1,All polkas are dances ,Some mating rituals are dances ,Some mating rituals are polkas ,*,*,*,*,*,*,*,NA,3527,Darii,0,1,0,0
31_33,31,N3-c-M2,33,1,poets,Valid Filler,Datisi,1,All poets are writers ,Some poets are teachers,Some teachers are writers,*,*,*,*,*,*,*,NA,2455,Datisi,1,1,0,0
31_34,31,N3-c-M2,34,0,rock,Homonymy,Datisi,1,All rock has guitars,Some rock is marble,Some marble has guitars,*,*,A,C,100,*,0.8571428571,NA,6201,Datisi,0,1,0,0
31_35,31,N3-c-M2,35,1,ruler,Homonymy,Disamis,1,Some rulers are monarchs,All rulers are measuring devices,Some measuring devices are monarchs,*,*,*,*,*,*,0.7142857143,NA,6840,Disamis,0,0,0,0
31_36,31,N3-c-M2,36,1,match,Homonymy,Disamis,1,Some matches are shown on TV,All matches are fire starters,Some fire starters are shown on TV,*,*,A,C,*,*,0,NA,5350,Disamis,0,0,0,0
31_37,31,N3-c-M2,37,0,cabinet,Homonymy,Datisi,1,All cabinets are political appointments,Some cabinets are antique furniture,Some antique furniture are political appointments,*,*,A,C,*,*,0.8571428571,NA,3621,Datisi,0,1,0,0
31_38,31,N3-c-M2,38,1,lunch,Polysemy,Dimatis,1,lunch-type,All lunches are menu items,Some menu items are meetings,*,lunch-type,A,C,96.6,event,1,NA,4132,Dimatis,0,0,0,0
31_39,31,N3-c-M2,39,1,actors,Invalid Filler,Datisi*,1,All male leads are actors,Some actors are women,Some women are male leads,*,*,*,*,*,*,*,NA,2862,Datisi,0,0,0,0
31_40,31,N3-c-M2,40,0,letter,Polysemy,Datisi,1,All letters are paper,Some letters are professions of love,Some professions of love are paper,*,book-type,C,A,78.5,info,0.4285714286,NA,6572,Datisi,0,1,0,0
31_41,31,N3-c-M2,41,1,ring,Homonymy,Darii,1,All rings are noises,Some anniversary gifts are rings,Some anniversary gifts are noises,*,*,A,C,*,*,0.7142857143,NA,3974,Darii,0,0,0,0
31_42,31,N3-c-M2,42,1,bat,Homonymy,Darii,1,All bats hang upside down,Some sporting goods are bats,Some sporting goods hang upside down,*,*,*,*,*,*,0,NA,5627,Darii,0,0,0,0
31_43,31,N3-c-M2,43,1,match,Homonymy,Disamis,1,Some matches are competitive,All matches are tools,Some tools are competitive,*,*,A,C,80,*,0.5714285714,NA,3604,Disamis,0,0,0,0
31_44,31,N3-c-M2,44,1,mugs,Valid Filler,Datisi,1,All mugs are cups ,Some mugs are ceramics,Some ceramics are cups ,*,*,*,*,*,*,*,NA,3056,Datisi,1,1,0,0
31_45,31,N3-c-M2,45,1,widows,Valid Filler,Dimatis,1,Some mothers are widows ,All widows are women,Some women are mothers,*,*,*,*,*,*,*,NA,2681,Dimatis,1,1,0,0
31_46,31,N3-c-M2,46,1,board,Homonymy,Dimatis,1,Some advisory bodies are boards,All boards are rectangles,Some rectangles are advisory bodies,*,*,A,C,*,*,0.8571428571,NA,5029,Dimatis,0,0,0,0
31_47,31,N3-c-M2,47,1,suit,Homonymy,Disamis,1,Some suits have multiple defendants,All suits are dress attire,Some dress attire has multiple defendants,*,*,A,C,*,*,0.5714285714,NA,3555,Disamis,0,0,0,0
31_48,31,N3-c-M2,48,1,novel,Polysemy,Darii,1,All novels are bound,Some mysteries are novels,Some mysteries are bound,*,book-type,C,A,96.7,info,0,NA,2435,Darii,0,0,0,0
31_49,31,N3-c-M2,49,1,liars,Valid Filler,Dimatis,1,Some criminals are liars ,All liars are humans,Some humans are criminals ,*,*,*,*,*,*,*,NA,2745,Dimatis,1,1,0,0
31_50,31,N3-c-M2,50,1,change,Homonymy,Darii,1,All change is money,Some surprises are change,Some surprises are money,*,*,C,A,*,*,0,NA,2677,Darii,0,0,0,0
31_51,31,N3-c-M2,51,1,statues,Valid Filler,Datisi,1,All statues are sculptures,Some statues are bronzes,Some bronzes are sculptures,*,*,*,*,*,*,*,NA,2736,Datisi,1,1,0,0
31_52,31,N3-c-M2,52,1,rifles,Valid Filler,Disamis,1,Some rifles are for hunting,All rifles are guns ,Some guns are for hunting,*,*,*,*,*,*,*,NA,2571,Disamis,1,1,0,0
31_53,31,N3-c-M2,53,1,trucks,Valid Filler,Dimatis,1,Some cars are trucks ,All trucks are vehicles,Some vehicles are cars ,*,*,*,*,*,*,*,NA,2586,Dimatis,1,1,0,0
31_54,31,N3-c-M2,54,1,city,Polysemy,Datisi,1,All cities have laws,Some cities are earthquake zones,Some earthquake zones have laws,*,city-type,A,C,67.7,inst,0,NA,2791,Datisi,0,0,0,0
31_55,31,N3-c-M2,55,0,steaks,Invalid Filler,Disamis*,1,Some steaks are filet mignons,All ribeyes are steaks,Some ribeyes are filet mignons,*,*,*,*,*,*,*,NA,3969,Disamis,0,1,0,0
31_56,31,N3-c-M2,56,1,picnic,Polysemy,Datisi,1,All picnics happen in nature,Some picnics are salads,Some salads happen in nature,*,lunch-type,A,C,59.2,event,0.5714285714,NA,5357,Datisi,0,0,0,0
31_57,31,N3-c-M2,57,1,company,Polysemy,Dimatis,1,Some storefronts are companies,All companies are hierarchies,Some hierarchies are storefronts,*,city-type,C,A,83.8,inst,0.7142857143,NA,4907,Dimatis,0,0,0,0
31_58,31,N3-c-M2,58,1,school,Polysemy,Disamis,1,Some schools are brick,All schools are communities,Some communities are brick,*,city-type,C,A,45.1,inst,0.5714285714,NA,4644,Disamis,0,0,0,0
31_59,31,N3-c-M2,59,0,sausages,Invalid Filler,Datisi*,1,All hot dogs are sausages,Some sausages are salamis,Some hot dogs are salamis,*,*,*,*,*,*,*,NA,4143,Datisi,0,1,0,0
31_60,31,N3-c-M2,60,1,clowns,Valid Filler,Darii,1,All clowns can juggle ,Some circus performers are clowns ,Some circus performers can juggle,*,*,*,*,*,*,*,NA,3449,Darii,1,1,0,0
31_61,31,N3-c-M2,61,0,board,Homonymy,Dimatis,1,Some governing organizations are boards,All boards are wooden planks,Some wooden planks are governing organizations,*,*,A,C,*,*,1,NA,2580,Dimatis,0,1,0,0
31_62,31,N3-c-M2,62,0,novel,Polysemy,Darii,1,All novels are flammable,Some debuts are novels,Some debuts are flammable,*,book-type,C,A,96.7,info,1,NA,2494,Darii,0,1,0,0
31_63,31,N3-c-M2,63,1,breakfast,Polysemy,Darii,1,All breakfasts take place in the morning,Some sandwiches are breakfasts,Some sandwiches take place in the morning,*,lunch-type,A,C,87.1,event,0.4285714286,NA,3018,Darii,0,0,0,0
31_64,31,N3-c-M2,64,0,cabinet,Homonymy,Datisi,1,All cabinets advise the presidents,Some cabinets are Ikea products,Some ikea products advise the president,*,*,A,C,*,*,0.7142857143,NA,3947,Datisi,0,1,0,0
31_65,31,N3-c-M2,65,1,breakfast,Polysemy,Darii,1,All breakfasts are under three hours,Some smoothies are breakfasts,Some smoothies are under three hours,*,lunch-type,A,C,87.1,event,0.7142857143,NA,4311,Darii,0,0,0,0
31_66,31,N3-c-M2,66,0,star,Homonymy,Datisi,1,All stars are charismatic,Some stars are pulsars,Some pulsars are charismatic,*,*,*,*,*,*,0.7142857143,NA,3228,Datisi,0,1,0,0
31_67,31,N3-c-M2,67,0,mothers,Invalid Filler,Darii*,1,All grandmothers are mothers ,Some teens are mothers,Some grandmothers are teens,*,*,*,*,*,*,*,NA,3143,Darii,0,1,0,0
31_68,31,N3-c-M2,68,1,bat,Homonymy,Darii,1,All bats share a common ancestor,Some sporting goods are bats,Some sporting goods share a common ancestor,*,*,*,*,*,*,0.2857142857,NA,6276,Darii,0,0,0,0
31_69,31,N3-c-M2,69,0,rock ,Homonymy,Datisi,1,All rock is rhythmic,Some rock is granite,Some granite is rhythmic,*,*,A,C,100,*,0.8571428571,NA,2761,Datisi,0,1,0,0
31_70,31,N3-c-M2,70,1,funerals,Invalid Filler,Datisi*,1,All open-casket services are funerals,Some funerals are cremations,Some cremations are open-casket services,*,*,*,*,*,*,*,NA,6876,Datisi,0,0,0,0
31_71,31,N3-c-M2,71,1,change,Homonymy,Darii,1,All change is legal tender,Some political revolutions are change,Some political revolutions are legal tender,*,*,C,A,*,*,0.8571428571,NA,5151,Darii,0,0,0,0
31_72,31,N3-c-M2,72,1,dresses,Invalid Filler,Darii*,1,All ball gowns are dresses ,Some cocktail outfits are dresses,Some cocktail outfits are ball gowns,*,*,*,*,*,*,*,NA,2867,Darii,0,0,0,0
31_73,31,N3-c-M2,73,0,school,Polysemy,Disamis,1,Some schools are rectangular,All schools are employers,Some employers are rectangular,*,city-type,C,A,45.1,inst,0.5714285714,NA,2916,Disamis,0,1,0,0
31_74,31,N3-c-M2,74,0,ponies,Valid Filler,Datisi,1,All ponies neigh,Some ponies are colts,Some colts neigh,*,*,*,*,*,*,*,NA,3127,Datisi,1,0,0,0
31_75,31,N3-c-M2,75,1,star,Homonymy,Datisi,1,All stars are famous ,Some stars are red dwarfs,Some red dwarfs are famous,*,*,*,*,*,*,0,NA,3616,Datisi,0,0,0,0
31_76,31,N3-c-M2,76,1,suitcases,Valid Filler,Dimatis,1,Some bags are suitcases,All suitcases are pieces of luggage,Some pieces of luggage are bags,*,*,*,*,*,*,*,NA,2415,Dimatis,1,1,0,0
31_77,31,N3-c-M2,77,0,star,Homonymy,Datisi,1,All stars deal with paparazzi ,Some stars are red dwarfs,Some red dwarfs deal with paparazzi ,*,*,*,*,*,*,0,NA,3948,Datisi,0,1,0,0
31_78,31,N3-c-M2,78,0,magazines,Polysemy,Disamis,1,Some magazines are coffee-stained,All magazines are subscriptions,Some subscriptions are coffee-stained,*,book-type,C,A,68.9,info,0.2857142857,NA,3593,Disamis,0,1,0,0
31_79,31,N3-c-M2,79,1,company,Polysemy,Dimatis,1,Some office buildings are companies,All companies are legal entities,Some legal entities are office buildings ,*,city-type,C,A,83.8,inst,0.5714285714,NA,2497,Dimatis,0,0,0,0
31_80,31,N3-c-M2,80,1,board,Homonymy,Dimatis,1,Some groups are boards,All boards are materials,Some materials are groups,*,*,A,C,*,*,0.5,NA,2846,Dimatis,0,0,0,0
31_81,31,N3-c-M2,81,1,letter,Polysemy,Datisi,1,All letters have stamps,Some letters are rejections,Some rejections have stamps,*,book-type,C,A,78.5,info,0,NA,2452,Datisi,0,0,0,0
31_82,31,N3-c-M2,82,1,ball,Homonymy,Dimatis,1,Some dances are balls,All balls are spheres,Some spheres are dances,*,*,A,C,*,*,0.7142857143,NA,4421,Dimatis,0,0,0,0
31_83,31,N3-c-M2,83,0,match,Homonymy,Disamis,1,Some matches are championships,All matches are fire starters,Some fire starters are championships,*,*,A,C,80,*,0.7142857143,NA,4009,Disamis,0,1,0,0
31_84,31,N3-c-M2,84,1,change,Homonymy,Darii,1,All change jingles,Some social movements are change,Some social movements jingle,*,*,C,A,*,*,0.5714285714,NA,3622,Darii,0,0,0,0
31_85,31,N3-c-M2,85,1,doughnuts,Valid Filler,Darii,1,All doughnuts are sugary ,Some pastries are doughnuts ,Some pastries are sugary,*,*,*,*,*,*,*,NA,2358,Darii,1,1,0,0
31_86,31,N3-c-M2,86,0,magazines,Polysemy,Disamis,1,Some magazines are glossy,All magazines are collaborations,Some collaborations are glossy,*,book-type,C,A,68.9,info,0.5714285714,NA,3126,Disamis,0,1,0,0
31_87,31,N3-c-M2,87,1,dolls,Valid Filler,Darii,1,All dolls are man made,Some toys are dolls ,Some toys are man made,*,*,*,*,*,*,*,NA,3172,Darii,1,1,0,0
31_88,31,N3-c-M2,88,1,swords,Valid Filler,Disamis,1,Some swords are decorative,All swords are weapons ,Some weapons are decorative ,*,*,*,*,*,*,*,NA,2893,Disamis,1,1,0,0
32_1,32,N3-c-M2,1,0,lunch,Polysemy,Dimatis,1,Some breaks are lunches,All lunches are entrées,Some entrées are breaks,*,lunch-type,A,C,96.6,event,0.7142857143,NA,4573,Dimatis,0,1,0,0
32_2,32,N3-c-M2,2,1,book,Polysemy,Dimatis,1,Some purchases are books,All books are creative endeavours,Some creative endeavours are purchases,*,book-type,C,A,64.5,info,0.1428571429,NA,3492,Dimatis,0,0,0,0
32_3,32,N3-c-M2,3,1,grapes,Valid Filler,Disamis,1,Some grapes are red ,All grapes are fruits ,Some fruits are red ,*,*,*,*,*,*,*,NA,4611,Disamis,1,1,0,0
32_4,32,N3-c-M2,4,1,singers,Valid Filler,Darii,1,All singers have an ideal vocal range ,Some guitarists are singers,Some guitarists have an ideal vocal range,*,*,*,*,*,*,*,NA,4888,Darii,1,1,0,0
32_5,32,N3-c-M2,5,1,ruler,Homonymy,Disamis,1,Some rulers are kings,All rulers are standard lengths,Some standard lengths are kings,*,*,*,*,*,*,0.8571428571,NA,4368,Disamis,0,0,0,0
32_6,32,N3-c-M2,6,0,peppers,Invalid Filler,Dimatis*,1,Some yellow vegetables are peppers ,All jalapenos are peppers,Some jalapenos are yellow vegetables,*,*,*,*,*,*,*,NA,3229,Dimatis,0,1,0,0
32_7,32,N3-c-M2,7,0,injuries,Invalid Filler,Dimatis*,1,Some sunburns are injuries,All cases of frostbite are injuries,Some cases of frostbite are sunburns,*,*,*,*,*,*,*,NA,4356,Dimatis,0,1,0,0
32_8,32,N3-c-M2,8,0,shapes,Invalid Filler,Disamis*,1,Some shapes are triangles,All squares are shapes,Some squares are triangles,*,*,*,*,*,*,*,NA,8672,Disamis,0,1,0,0
32_9,32,N3-c-M2,9,0,colors,Invalid Filler,Disamis*,1,Some colors are primary ,All shades of purple are colors ,Some shades of purple are primary,*,*,*,*,*,*,*,NA,2838,Disamis,0,1,0,0
32_10,32,N3-c-M2,10,0,spices,Invalid Filler,Dimatis*,1,Some dried roots are spices ,All mustard seeds are spices ,Some mustard seeds are dried roots,*,*,*,*,*,*,*,NA,4289,Dimatis,0,1,0,0
32_11,32,N3-c-M2,11,1,ring,Homonymy,Darii,1,All rings are sounds,Some accessories are rings,Some accessories are sounds,*,*,A,C,*,*,0.7142857143,NA,2876,Darii,0,0,0,0
32_12,32,N3-c-M2,12,1,toilets,Invalid Filler,Disamis*,1,Some toilets are coed,All urinals are toilets,Some urinals are coed,*,*,*,*,*,*,*,NA,3440,Disamis,0,0,0,0
32_13,32,N3-c-M2,13,1,ball,Homonymy,Dimatis,1,Some dances are balls,All balls are circles,Some circles are dances,*,*,A,C,*,*,0.1666666667,NA,3405,Dimatis,0,0,0,0
32_14,32,N3-c-M2,14,0,ball,Homonymy,Dimatis,1,Some parties are balls,All balls are toys,Some toys are parties,*,*,A,C,*,*,0.7142857143,NA,3149,Dimatis,0,1,0,0
32_15,32,N3-c-M2,15,1,bat,Homonymy,Darii,1,All bats are mammals,Some weapons are bats,Some weapons are mammals,*,*,*,*,*,*,0.4285714286,NA,3943,Darii,0,0,0,0
32_16,32,N3-c-M2,16,1,novel,Polysemy,Darii,1,All novels are printed,Some ideas are novels,Some ideas are printed,*,book-type,C,A,96.7,info,0.1428571429,NA,2658,Darii,0,0,0,0
32_17,32,N3-c-M2,17,1,dinner,Polysemy,Disamis,1,Some dinners last an hour,All dinners are sources of nutrition,Some sources of nutrition last an hour,*,lunch-type,A,C,90,event,0.1428571429,NA,3582,Disamis,0,0,0,0
32_18,32,N3-c-M2,18,1,wave,Homonymy,Dimatis,1,Some gestures are waves,Some waves are ripples,Some ripples are gestures,*,*,A,C,100,*,0.4285714286,NA,4179,Dimatis,0,0,0,0
32_19,32,N3-c-M2,19,0,stones,Invalid Filler,Datisi*,1,All pebbles are stones,Some stones are boulders,Some boulders are pebbles,*,*,*,*,*,*,*,NA,3638,Datisi,0,1,0,0
32_20,32,N3-c-M2,20,1,wave,Homonymy,Dimatis,1,Some greetings are waves,Some waves are tsunamis,Some tsunamis are greetings,*,*,A,C,100,*,0.7142857143,NA,3658,Dimatis,0,0,0,0
32_21,32,N3-c-M2,21,1,dinner,Polysemy,Disamis,1,Some dinners are black tie,All dinners are foods,Some foods are black tie,*,lunch-type,A,C,90,event,0.5714285714,NA,5746,Disamis,0,0,0,0
32_22,32,N3-c-M2,22,1,picnic,Polysemy,Datisi,1,All picnics are leisurely,Some picnics are charcuterie,Some charcuterie is leisurely,*,lunch-type,A,C,59.2,event,0.7142857143,NA,2968,Datisi,0,0,0,0
32_23,32,N3-c-M2,23,0,book,Polysemy,Dimatis,1,Some doorstops are books,All books are intellectual property,Some intellectual property is a doorstop,*,book-type,C,A,64.5,info,0.5714285714,NA,3768,Dimatis,0,1,0,0
32_24,32,N3-c-M2,24,1,college,Polysemy,Darii,1,All colleges grant degrees,Some colleges are historic buildings,Some historic buildings grant degrees,*,city-type,A,C,56.6,inst,0.2857142857,NA,3804,Darii,0,0,0,0
32_25,32,N3-c-M2,25,1,antiques,Invalid Filler,Darii*,1,All medieval manuscripts are antiques ,Some pieces of jewelry are antiques ,Some pieces of jewelry are medieval manuscripts,*,*,*,*,*,*,*,NA,4562,Darii,0,0,0,0
32_26,32,N3-c-M2,26,1,burgers,Valid Filler,Disamis,1,Some burgers are overcooked ,All burgers are sandwiches,Some sandwiches are overcooked ,*,*,*,*,*,*,*,NA,2870,Disamis,1,1,0,0
32_27,32,N3-c-M2,27,0,thieves,Invalid Filler,Dimatis*,1,Some children are thieves,All mob bosses are thieves,Some mob bosses are children,*,*,*,*,*,*,*,NA,3580,Dimatis,0,1,0,0
32_28,32,N3-c-M2,28,1,city,Polysemy,Datisi,1,All cities are bureaucracies,Some cities are graffitied ,Some bureaucracies are graffitied,*,city-type,A,C,67.7,inst,0.2857142857,NA,3595,Datisi,0,0,0,0
32_29,32,N3-c-M2,29,0,suit,Homonymy,Disamis,1,Some suits are settled out of court,All suits are formal outfits,Some formal outfits are settled out of court,*,*,A,C,*,*,0.7142857143,NA,4549,Disamis,0,1,0,0
32_30,32,N3-c-M2,30,1,college,Polysemy,Darii,1,All colleges have spirit,Some colleges are national landmarks,Some national landmarks have spirit,*,city-type,A,C,56.6,inst,0.1428571429,NA,3130,Darii,0,0,0,0
32_31,32,N3-c-M2,31,1,cabinet,Homonymy,Datisi,1,All cabinets are selected by leaders,Some cabinets are cupboards,Some cupboards are selected by leaders,*,*,A,C,*,*,0.3333333333,NA,4718,Datisi,0,0,0,0
32_32,32,N3-c-M2,32,0,dances,Invalid Filler,Darii*,1,All polkas are dances ,Some mating rituals are dances ,Some mating rituals are polkas ,*,*,*,*,*,*,*,NA,4089,Darii,0,1,0,0
32_33,32,N3-c-M2,33,1,poets,Valid Filler,Datisi,1,All poets are writers ,Some poets are teachers,Some teachers are writers,*,*,*,*,*,*,*,NA,2895,Datisi,1,1,0,0
32_34,32,N3-c-M2,34,0,rock,Homonymy,Datisi,1,All rock has guitars,Some rock is marble,Some marble has guitars,*,*,A,C,100,*,0.8571428571,NA,2926,Datisi,0,1,0,0
32_35,32,N3-c-M2,35,1,ruler,Homonymy,Disamis,1,Some rulers are monarchs,All rulers are measuring devices,Some measuring devices are monarchs,*,*,*,*,*,*,0.7142857143,NA,6748,Disamis,0,0,0,0
32_36,32,N3-c-M2,36,1,match,Homonymy,Disamis,1,Some matches are shown on TV,All matches are fire starters,Some fire starters are shown on TV,*,*,A,C,*,*,0,NA,6194,Disamis,0,0,0,0
32_37,32,N3-c-M2,37,0,cabinet,Homonymy,Datisi,1,All cabinets are political appointments,Some cabinets are antique furniture,Some antique furniture are political appointments,*,*,A,C,*,*,0.8571428571,NA,3973,Datisi,0,1,0,0
32_38,32,N3-c-M2,38,0,lunch,Polysemy,Dimatis,1,lunch-type,All lunches are menu items,Some menu items are meetings,*,lunch-type,A,C,96.6,event,1,NA,3937,Dimatis,0,1,0,0
32_39,32,N3-c-M2,39,0,actors,Invalid Filler,Datisi*,1,All male leads are actors,Some actors are women,Some women are male leads,*,*,*,*,*,*,*,NA,5942,Datisi,0,1,0,0
32_40,32,N3-c-M2,40,1,letter,Polysemy,Datisi,1,All letters are paper,Some letters are professions of love,Some professions of love are paper,*,book-type,C,A,78.5,info,0.4285714286,NA,3643,Datisi,0,0,0,0
32_41,32,N3-c-M2,41,1,ring,Homonymy,Darii,1,All rings are noises,Some anniversary gifts are rings,Some anniversary gifts are noises,*,*,A,C,*,*,0.7142857143,NA,2842,Darii,0,0,0,0
32_42,32,N3-c-M2,42,1,bat,Homonymy,Darii,1,All bats hang upside down,Some sporting goods are bats,Some sporting goods hang upside down,*,*,*,*,*,*,0,NA,2363,Darii,0,0,0,0
32_43,32,N3-c-M2,43,1,match,Homonymy,Disamis,1,Some matches are competitive,All matches are tools,Some tools are competitive,*,*,A,C,80,*,0.5714285714,NA,2302,Disamis,0,0,0,0
32_44,32,N3-c-M2,44,1,mugs,Valid Filler,Datisi,1,All mugs are cups ,Some mugs are ceramics,Some ceramics are cups ,*,*,*,*,*,*,*,NA,2721,Datisi,1,1,0,0
32_45,32,N3-c-M2,45,1,widows,Valid Filler,Dimatis,1,Some mothers are widows ,All widows are women,Some women are mothers,*,*,*,*,*,*,*,NA,2052,Dimatis,1,1,0,0
32_46,32,N3-c-M2,46,0,board,Homonymy,Dimatis,1,Some advisory bodies are boards,All boards are rectangles,Some rectangles are advisory bodies,*,*,A,C,*,*,0.8571428571,NA,3042,Dimatis,0,1,0,0
32_47,32,N3-c-M2,47,0,suit,Homonymy,Disamis,1,Some suits have multiple defendants,All suits are dress attire,Some dress attire has multiple defendants,*,*,A,C,*,*,0.5714285714,NA,4596,Disamis,0,1,0,0
32_48,32,N3-c-M2,48,1,novel,Polysemy,Darii,1,All novels are bound,Some mysteries are novels,Some mysteries are bound,*,book-type,C,A,96.7,info,0,NA,2702,Darii,0,0,0,0
32_49,32,N3-c-M2,49,1,liars,Valid Filler,Dimatis,1,Some criminals are liars ,All liars are humans,Some humans are criminals ,*,*,*,*,*,*,*,NA,2571,Dimatis,1,1,0,0
32_50,32,N3-c-M2,50,1,change,Homonymy,Darii,1,All change is money,Some surprises are change,Some surprises are money,*,*,C,A,*,*,0,NA,2120,Darii,0,0,0,0
32_51,32,N3-c-M2,51,1,statues,Valid Filler,Datisi,1,All statues are sculptures,Some statues are bronzes,Some bronzes are sculptures,*,*,*,*,*,*,*,NA,2346,Datisi,1,1,0,0
32_52,32,N3-c-M2,52,1,rifles,Valid Filler,Disamis,1,Some rifles are for hunting,All rifles are guns ,Some guns are for hunting,*,*,*,*,*,*,*,NA,2340,Disamis,1,1,0,0
32_53,32,N3-c-M2,53,1,trucks,Valid Filler,Dimatis,1,Some cars are trucks ,All trucks are vehicles,Some vehicles are cars ,*,*,*,*,*,*,*,NA,7413,Dimatis,1,1,0,0
32_54,32,N3-c-M2,54,1,city,Polysemy,Datisi,1,All cities have laws,Some cities are earthquake zones,Some earthquake zones have laws,*,city-type,A,C,67.7,inst,0,NA,3857,Datisi,0,0,0,0
32_55,32,N3-c-M2,55,0,steaks,Invalid Filler,Disamis*,1,Some steaks are filet mignons,All ribeyes are steaks,Some ribeyes are filet mignons,*,*,*,*,*,*,*,NA,5492,Disamis,0,1,0,0
32_56,32,N3-c-M2,56,1,picnic,Polysemy,Datisi,1,All picnics happen in nature,Some picnics are salads,Some salads happen in nature,*,lunch-type,A,C,59.2,event,0.5714285714,NA,4224,Datisi,0,0,0,0
32_57,32,N3-c-M2,57,1,company,Polysemy,Dimatis,1,Some storefronts are companies,All companies are hierarchies,Some hierarchies are storefronts,*,city-type,C,A,83.8,inst,0.7142857143,NA,3962,Dimatis,0,0,0,0
32_58,32,N3-c-M2,58,1,school,Polysemy,Disamis,1,Some schools are brick,All schools are communities,Some communities are brick,*,city-type,C,A,45.1,inst,0.5714285714,NA,2518,Disamis,0,0,0,0
32_59,32,N3-c-M2,59,0,sausages,Invalid Filler,Datisi*,1,All hot dogs are sausages,Some sausages are salamis,Some hot dogs are salamis,*,*,*,*,*,*,*,NA,2806,Datisi,0,1,0,0
32_60,32,N3-c-M2,60,1,clowns,Valid Filler,Darii,1,All clowns can juggle ,Some circus performers are clowns ,Some circus performers can juggle,*,*,*,*,*,*,*,NA,3066,Darii,1,1,0,0
32_61,32,N3-c-M2,61,0,board,Homonymy,Dimatis,1,Some governing organizations are boards,All boards are wooden planks,Some wooden planks are governing organizations,*,*,A,C,*,*,1,NA,14930,Dimatis,0,1,0,0
32_62,32,N3-c-M2,62,1,novel,Polysemy,Darii,1,All novels are flammable,Some debuts are novels,Some debuts are flammable,*,book-type,C,A,96.7,info,1,NA,6223,Darii,0,0,0,0
32_63,32,N3-c-M2,63,1,breakfast,Polysemy,Darii,1,All breakfasts take place in the morning,Some sandwiches are breakfasts,Some sandwiches take place in the morning,*,lunch-type,A,C,87.1,event,0.4285714286,NA,3293,Darii,0,0,0,0
32_64,32,N3-c-M2,64,0,cabinet,Homonymy,Datisi,1,All cabinets advise the presidents,Some cabinets are Ikea products,Some ikea products advise the president,*,*,A,C,*,*,0.7142857143,NA,3417,Datisi,0,1,0,0
32_65,32,N3-c-M2,65,1,breakfast,Polysemy,Darii,1,All breakfasts are under three hours,Some smoothies are breakfasts,Some smoothies are under three hours,*,lunch-type,A,C,87.1,event,0.7142857143,NA,5140,Darii,0,0,0,0
32_66,32,N3-c-M2,66,0,star,Homonymy,Datisi,1,All stars are charismatic,Some stars are pulsars,Some pulsars are charismatic,*,*,*,*,*,*,0.7142857143,NA,2476,Datisi,0,1,0,0
32_67,32,N3-c-M2,67,1,mothers,Invalid Filler,Darii*,1,All grandmothers are mothers ,Some teens are mothers,Some grandmothers are teens,*,*,*,*,*,*,*,NA,2497,Darii,0,0,0,0
32_68,32,N3-c-M2,68,0,bat,Homonymy,Darii,1,All bats share a common ancestor,Some sporting goods are bats,Some sporting goods share a common ancestor,*,*,*,*,*,*,0.2857142857,NA,7821,Darii,0,1,0,0
32_69,32,N3-c-M2,69,0,rock ,Homonymy,Datisi,1,All rock is rhythmic,Some rock is granite,Some granite is rhythmic,*,*,A,C,100,*,0.8571428571,NA,3271,Datisi,0,1,0,0
32_70,32,N3-c-M2,70,1,funerals,Invalid Filler,Datisi*,1,All open-casket services are funerals,Some funerals are cremations,Some cremations are open-casket services,*,*,*,*,*,*,*,NA,4116,Datisi,0,0,0,0
32_71,32,N3-c-M2,71,1,change,Homonymy,Darii,1,All change is legal tender,Some political revolutions are change,Some political revolutions are legal tender,*,*,C,A,*,*,0.8571428571,NA,8968,Darii,0,0,0,0
32_72,32,N3-c-M2,72,1,dresses,Invalid Filler,Darii*,1,All ball gowns are dresses ,Some cocktail outfits are dresses,Some cocktail outfits are ball gowns,*,*,*,*,*,*,*,NA,2330,Darii,0,0,0,0
32_73,32,N3-c-M2,73,0,school,Polysemy,Disamis,1,Some schools are rectangular,All schools are employers,Some employers are rectangular,*,city-type,C,A,45.1,inst,0.5714285714,NA,2548,Disamis,0,1,0,0
32_74,32,N3-c-M2,74,1,ponies,Valid Filler,Datisi,1,All ponies neigh,Some ponies are colts,Some colts neigh,*,*,*,*,*,*,*,NA,3143,Datisi,1,1,0,0
32_75,32,N3-c-M2,75,1,star,Homonymy,Datisi,1,All stars are famous ,Some stars are red dwarfs,Some red dwarfs are famous,*,*,*,*,*,*,0,NA,2756,Datisi,0,0,0,0
32_76,32,N3-c-M2,76,1,suitcases,Valid Filler,Dimatis,1,Some bags are suitcases,All suitcases are pieces of luggage,Some pieces of luggage are bags,*,*,*,*,*,*,*,NA,5627,Dimatis,1,1,0,0
32_77,32,N3-c-M2,77,0,star,Homonymy,Datisi,1,All stars deal with paparazzi ,Some stars are red dwarfs,Some red dwarfs deal with paparazzi ,*,*,*,*,*,*,0,NA,2657,Datisi,0,1,0,0
32_78,32,N3-c-M2,78,1,magazines,Polysemy,Disamis,1,Some magazines are coffee-stained,All magazines are subscriptions,Some subscriptions are coffee-stained,*,book-type,C,A,68.9,info,0.2857142857,NA,5959,Disamis,0,0,0,0
32_79,32,N3-c-M2,79,1,company,Polysemy,Dimatis,1,Some office buildings are companies,All companies are legal entities,Some legal entities are office buildings ,*,city-type,C,A,83.8,inst,0.5714285714,NA,3491,Dimatis,0,0,0,0
32_80,32,N3-c-M2,80,0,board,Homonymy,Dimatis,1,Some groups are boards,All boards are materials,Some materials are groups,*,*,A,C,*,*,0.5,NA,4473,Dimatis,0,1,0,0
32_81,32,N3-c-M2,81,1,letter,Polysemy,Datisi,1,All letters have stamps,Some letters are rejections,Some rejections have stamps,*,book-type,C,A,78.5,info,0,NA,2650,Datisi,0,0,0,0
32_82,32,N3-c-M2,82,0,ball,Homonymy,Dimatis,1,Some dances are balls,All balls are spheres,Some spheres are dances,*,*,A,C,*,*,0.7142857143,NA,2697,Dimatis,0,1,0,0
32_83,32,N3-c-M2,83,0,match,Homonymy,Disamis,1,Some matches are championships,All matches are fire starters,Some fire starters are championships,*,*,A,C,80,*,0.7142857143,NA,4346,Disamis,0,1,0,0
32_84,32,N3-c-M2,84,0,change,Homonymy,Darii,1,All change jingles,Some social movements are change,Some social movements jingle,*,*,C,A,*,*,0.5714285714,NA,3433,Darii,0,1,0,0
32_85,32,N3-c-M2,85,1,doughnuts,Valid Filler,Darii,1,All doughnuts are sugary ,Some pastries are doughnuts ,Some pastries are sugary,*,*,*,*,*,*,*,NA,2235,Darii,1,1,0,0
32_86,32,N3-c-M2,86,1,magazines,Polysemy,Disamis,1,Some magazines are glossy,All magazines are collaborations,Some collaborations are glossy,*,book-type,C,A,68.9,info,0.5714285714,NA,3295,Disamis,0,0,0,0
32_87,32,N3-c-M2,87,1,dolls,Valid Filler,Darii,1,All dolls are man made,Some toys are dolls ,Some toys are man made,*,*,*,*,*,*,*,NA,2398,Darii,1,1,0,0
32_88,32,N3-c-M2,88,1,swords,Valid Filler,Disamis,1,Some swords are decorative,All swords are weapons ,Some weapons are decorative ,*,*,*,*,*,*,*,NA,2114,Disamis,1,1,0,0
33_1,33,N3-c-M2,1,0,lunch,Polysemy,Dimatis,1,Some breaks are lunches,All lunches are entrées,Some entrées are breaks,*,lunch-type,A,C,96.6,event,0.7142857143,NA,11163,Dimatis,0,1,0,0
33_2,33,N3-c-M2,2,1,book,Polysemy,Dimatis,1,Some purchases are books,All books are creative endeavours,Some creative endeavours are purchases,*,book-type,C,A,64.5,info,0.1428571429,NA,3227,Dimatis,0,0,0,0
33_3,33,N3-c-M2,3,1,grapes,Valid Filler,Disamis,1,Some grapes are red ,All grapes are fruits ,Some fruits are red ,*,*,*,*,*,*,*,NA,2302,Disamis,1,1,0,0
33_4,33,N3-c-M2,4,0,singers,Valid Filler,Darii,1,All singers have an ideal vocal range ,Some guitarists are singers,Some guitarists have an ideal vocal range,*,*,*,*,*,*,*,NA,4714,Darii,1,0,0,0
33_5,33,N3-c-M2,5,0,ruler,Homonymy,Disamis,1,Some rulers are kings,All rulers are standard lengths,Some standard lengths are kings,*,*,*,*,*,*,0.8571428571,NA,4128,Disamis,0,1,0,0
33_6,33,N3-c-M2,6,1,peppers,Invalid Filler,Dimatis*,1,Some yellow vegetables are peppers ,All jalapenos are peppers,Some jalapenos are yellow vegetables,*,*,*,*,*,*,*,NA,2982,Dimatis,0,0,0,0
33_7,33,N3-c-M2,7,0,injuries,Invalid Filler,Dimatis*,1,Some sunburns are injuries,All cases of frostbite are injuries,Some cases of frostbite are sunburns,*,*,*,*,*,*,*,NA,3604,Dimatis,0,1,0,0
33_8,33,N3-c-M2,8,0,shapes,Invalid Filler,Disamis*,1,Some shapes are triangles,All squares are shapes,Some squares are triangles,*,*,*,*,*,*,*,NA,6707,Disamis,0,1,0,0
33_9,33,N3-c-M2,9,0,colors,Invalid Filler,Disamis*,1,Some colors are primary ,All shades of purple are colors ,Some shades of purple are primary,*,*,*,*,*,*,*,NA,3026,Disamis,0,1,0,0
33_10,33,N3-c-M2,10,1,spices,Invalid Filler,Dimatis*,1,Some dried roots are spices ,All mustard seeds are spices ,Some mustard seeds are dried roots,*,*,*,*,*,*,*,NA,10183,Dimatis,0,0,0,0
33_11,33,N3-c-M2,11,1,ring,Homonymy,Darii,1,All rings are sounds,Some accessories are rings,Some accessories are sounds,*,*,A,C,*,*,0.7142857143,NA,5804,Darii,0,0,0,0
33_12,33,N3-c-M2,12,0,toilets,Invalid Filler,Disamis*,1,Some toilets are coed,All urinals are toilets,Some urinals are coed,*,*,*,*,*,*,*,NA,3623,Disamis,0,1,0,0
33_13,33,N3-c-M2,13,0,ball,Homonymy,Dimatis,1,Some dances are balls,All balls are circles,Some circles are dances,*,*,A,C,*,*,0.1666666667,NA,6799,Dimatis,0,1,0,0
33_14,33,N3-c-M2,14,0,ball,Homonymy,Dimatis,1,Some parties are balls,All balls are toys,Some toys are parties,*,*,A,C,*,*,0.7142857143,NA,3617,Dimatis,0,1,0,0
33_15,33,N3-c-M2,15,1,bat,Homonymy,Darii,1,All bats are mammals,Some weapons are bats,Some weapons are mammals,*,*,*,*,*,*,0.4285714286,NA,3651,Darii,0,0,0,0
33_16,33,N3-c-M2,16,1,novel,Polysemy,Darii,1,All novels are printed,Some ideas are novels,Some ideas are printed,*,book-type,C,A,96.7,info,0.1428571429,NA,3394,Darii,0,0,0,0
33_17,33,N3-c-M2,17,1,dinner,Polysemy,Disamis,1,Some dinners last an hour,All dinners are sources of nutrition,Some sources of nutrition last an hour,*,lunch-type,A,C,90,event,0.1428571429,NA,4892,Disamis,0,0,0,0
33_18,33,N3-c-M2,18,1,wave,Homonymy,Dimatis,1,Some gestures are waves,Some waves are ripples,Some ripples are gestures,*,*,A,C,100,*,0.4285714286,NA,3845,Dimatis,0,0,0,0
33_19,33,N3-c-M2,19,0,stones,Invalid Filler,Datisi*,1,All pebbles are stones,Some stones are boulders,Some boulders are pebbles,*,*,*,*,*,*,*,NA,6918,Datisi,0,1,0,0
33_20,33,N3-c-M2,20,0,wave,Homonymy,Dimatis,1,Some greetings are waves,Some waves are tsunamis,Some tsunamis are greetings,*,*,A,C,100,*,0.7142857143,NA,2883,Dimatis,0,1,0,0
33_21,33,N3-c-M2,21,0,dinner,Polysemy,Disamis,1,Some dinners are black tie,All dinners are foods,Some foods are black tie,*,lunch-type,A,C,90,event,0.5714285714,NA,5359,Disamis,0,1,0,0
33_22,33,N3-c-M2,22,1,picnic,Polysemy,Datisi,1,All picnics are leisurely,Some picnics are charcuterie,Some charcuterie is leisurely,*,lunch-type,A,C,59.2,event,0.7142857143,NA,3503,Datisi,0,0,0,0
33_23,33,N3-c-M2,23,0,book,Polysemy,Dimatis,1,Some doorstops are books,All books are intellectual property,Some intellectual property is a doorstop,*,book-type,C,A,64.5,info,0.5714285714,NA,4877,Dimatis,0,1,0,0
33_24,33,N3-c-M2,24,0,college,Polysemy,Darii,1,All colleges grant degrees,Some colleges are historic buildings,Some historic buildings grant degrees,*,city-type,A,C,56.6,inst,0.2857142857,NA,3534,Darii,0,1,0,0
33_25,33,N3-c-M2,25,0,antiques,Invalid Filler,Darii*,1,All medieval manuscripts are antiques ,Some pieces of jewelry are antiques ,Some pieces of jewelry are medieval manuscripts,*,*,*,*,*,*,*,NA,5258,Darii,0,1,0,0
33_26,33,N3-c-M2,26,1,burgers,Valid Filler,Disamis,1,Some burgers are overcooked ,All burgers are sandwiches,Some sandwiches are overcooked ,*,*,*,*,*,*,*,NA,2508,Disamis,1,1,0,0
33_27,33,N3-c-M2,27,0,thieves,Invalid Filler,Dimatis*,1,Some children are thieves,All mob bosses are thieves,Some mob bosses are children,*,*,*,*,*,*,*,NA,4062,Dimatis,0,1,0,0
33_28,33,N3-c-M2,28,1,city,Polysemy,Datisi,1,All cities are bureaucracies,Some cities are graffitied ,Some bureaucracies are graffitied,*,city-type,A,C,67.7,inst,0.2857142857,NA,11181,Datisi,0,0,0,0
33_29,33,N3-c-M2,29,1,suit,Homonymy,Disamis,1,Some suits are settled out of court,All suits are formal outfits,Some formal outfits are settled out of court,*,*,A,C,*,*,0.7142857143,NA,5998,Disamis,0,0,0,0
33_30,33,N3-c-M2,30,1,college,Polysemy,Darii,1,All colleges have spirit,Some colleges are national landmarks,Some national landmarks have spirit,*,city-type,A,C,56.6,inst,0.1428571429,NA,4983,Darii,0,0,0,0
33_31,33,N3-c-M2,31,0,cabinet,Homonymy,Datisi,1,All cabinets are selected by leaders,Some cabinets are cupboards,Some cupboards are selected by leaders,*,*,A,C,*,*,0.3333333333,NA,4421,Datisi,0,1,0,0
33_32,33,N3-c-M2,32,0,dances,Invalid Filler,Darii*,1,All polkas are dances ,Some mating rituals are dances ,Some mating rituals are polkas ,*,*,*,*,*,*,*,NA,3590,Darii,0,1,0,0
33_33,33,N3-c-M2,33,1,poets,Valid Filler,Datisi,1,All poets are writers ,Some poets are teachers,Some teachers are writers,*,*,*,*,*,*,*,NA,2287,Datisi,1,1,0,0
33_34,33,N3-c-M2,34,0,rock,Homonymy,Datisi,1,All rock has guitars,Some rock is marble,Some marble has guitars,*,*,A,C,100,*,0.8571428571,NA,2908,Datisi,0,1,0,0
33_35,33,N3-c-M2,35,0,ruler,Homonymy,Disamis,1,Some rulers are monarchs,All rulers are measuring devices,Some measuring devices are monarchs,*,*,*,*,*,*,0.7142857143,NA,2815,Disamis,0,1,0,0
33_36,33,N3-c-M2,36,0,match,Homonymy,Disamis,1,Some matches are shown on TV,All matches are fire starters,Some fire starters are shown on TV,*,*,A,C,*,*,0,NA,6302,Disamis,0,1,0,0
33_37,33,N3-c-M2,37,0,cabinet,Homonymy,Datisi,1,All cabinets are political appointments,Some cabinets are antique furniture,Some antique furniture are political appointments,*,*,A,C,*,*,0.8571428571,NA,5468,Datisi,0,1,0,0
33_38,33,N3-c-M2,38,1,lunch,Polysemy,Dimatis,1,lunch-type,All lunches are menu items,Some menu items are meetings,*,lunch-type,A,C,96.6,event,1,NA,3526,Dimatis,0,0,0,0
33_39,33,N3-c-M2,39,0,actors,Invalid Filler,Datisi*,1,All male leads are actors,Some actors are women,Some women are male leads,*,*,*,*,*,*,*,NA,3143,Datisi,0,1,0,0
33_40,33,N3-c-M2,40,0,letter,Polysemy,Datisi,1,All letters are paper,Some letters are professions of love,Some professions of love are paper,*,book-type,C,A,78.5,info,0.4285714286,NA,3795,Datisi,0,1,0,0
33_41,33,N3-c-M2,41,1,ring,Homonymy,Darii,1,All rings are noises,Some anniversary gifts are rings,Some anniversary gifts are noises,*,*,A,C,*,*,0.7142857143,NA,3116,Darii,0,0,0,0
33_42,33,N3-c-M2,42,1,bat,Homonymy,Darii,1,All bats hang upside down,Some sporting goods are bats,Some sporting goods hang upside down,*,*,*,*,*,*,0,NA,3058,Darii,0,0,0,0
33_43,33,N3-c-M2,43,1,match,Homonymy,Disamis,1,Some matches are competitive,All matches are tools,Some tools are competitive,*,*,A,C,80,*,0.5714285714,NA,1784,Disamis,0,0,0,0
33_44,33,N3-c-M2,44,1,mugs,Valid Filler,Datisi,1,All mugs are cups ,Some mugs are ceramics,Some ceramics are cups ,*,*,*,*,*,*,*,NA,2578,Datisi,1,1,0,0
33_45,33,N3-c-M2,45,1,widows,Valid Filler,Dimatis,1,Some mothers are widows ,All widows are women,Some women are mothers,*,*,*,*,*,*,*,NA,1880,Dimatis,1,1,0,0
33_46,33,N3-c-M2,46,0,board,Homonymy,Dimatis,1,Some advisory bodies are boards,All boards are rectangles,Some rectangles are advisory bodies,*,*,A,C,*,*,0.8571428571,NA,4875,Dimatis,0,1,0,0
33_47,33,N3-c-M2,47,0,suit,Homonymy,Disamis,1,Some suits have multiple defendants,All suits are dress attire,Some dress attire has multiple defendants,*,*,A,C,*,*,0.5714285714,NA,3387,Disamis,0,1,0,0
33_48,33,N3-c-M2,48,1,novel,Polysemy,Darii,1,All novels are bound,Some mysteries are novels,Some mysteries are bound,*,book-type,C,A,96.7,info,0,NA,4030,Darii,0,0,0,0
33_49,33,N3-c-M2,49,1,liars,Valid Filler,Dimatis,1,Some criminals are liars ,All liars are humans,Some humans are criminals ,*,*,*,*,*,*,*,NA,2075,Dimatis,1,1,0,0
33_50,33,N3-c-M2,50,1,change,Homonymy,Darii,1,All change is money,Some surprises are change,Some surprises are money,*,*,C,A,*,*,0,NA,2226,Darii,0,0,0,0
33_51,33,N3-c-M2,51,1,statues,Valid Filler,Datisi,1,All statues are sculptures,Some statues are bronzes,Some bronzes are sculptures,*,*,*,*,*,*,*,NA,2609,Datisi,1,1,0,0
33_52,33,N3-c-M2,52,1,rifles,Valid Filler,Disamis,1,Some rifles are for hunting,All rifles are guns ,Some guns are for hunting,*,*,*,*,*,*,*,NA,2280,Disamis,1,1,0,0
33_53,33,N3-c-M2,53,1,trucks,Valid Filler,Dimatis,1,Some cars are trucks ,All trucks are vehicles,Some vehicles are cars ,*,*,*,*,*,*,*,NA,2250,Dimatis,1,1,0,0
33_54,33,N3-c-M2,54,1,city,Polysemy,Datisi,1,All cities have laws,Some cities are earthquake zones,Some earthquake zones have laws,*,city-type,A,C,67.7,inst,0,NA,2415,Datisi,0,0,0,0
33_55,33,N3-c-M2,55,1,steaks,Invalid Filler,Disamis*,1,Some steaks are filet mignons,All ribeyes are steaks,Some ribeyes are filet mignons,*,*,*,*,*,*,*,NA,3844,Disamis,0,0,0,0
33_56,33,N3-c-M2,56,0,picnic,Polysemy,Datisi,1,All picnics happen in nature,Some picnics are salads,Some salads happen in nature,*,lunch-type,A,C,59.2,event,0.5714285714,NA,3897,Datisi,0,1,0,0
33_57,33,N3-c-M2,57,1,company,Polysemy,Dimatis,1,Some storefronts are companies,All companies are hierarchies,Some hierarchies are storefronts,*,city-type,C,A,83.8,inst,0.7142857143,NA,4931,Dimatis,0,0,0,0
33_58,33,N3-c-M2,58,1,school,Polysemy,Disamis,1,Some schools are brick,All schools are communities,Some communities are brick,*,city-type,C,A,45.1,inst,0.5714285714,NA,2673,Disamis,0,0,0,0
33_59,33,N3-c-M2,59,0,sausages,Invalid Filler,Datisi*,1,All hot dogs are sausages,Some sausages are salamis,Some hot dogs are salamis,*,*,*,*,*,*,*,NA,3065,Datisi,0,1,0,0
33_60,33,N3-c-M2,60,1,clowns,Valid Filler,Darii,1,All clowns can juggle ,Some circus performers are clowns ,Some circus performers can juggle,*,*,*,*,*,*,*,NA,4473,Darii,1,1,0,0
33_61,33,N3-c-M2,61,0,board,Homonymy,Dimatis,1,Some governing organizations are boards,All boards are wooden planks,Some wooden planks are governing organizations,*,*,A,C,*,*,1,NA,2986,Dimatis,0,1,0,0
33_62,33,N3-c-M2,62,0,novel,Polysemy,Darii,1,All novels are flammable,Some debuts are novels,Some debuts are flammable,*,book-type,C,A,96.7,info,1,NA,2536,Darii,0,1,0,0
33_63,33,N3-c-M2,63,0,breakfast,Polysemy,Darii,1,All breakfasts take place in the morning,Some sandwiches are breakfasts,Some sandwiches take place in the morning,*,lunch-type,A,C,87.1,event,0.4285714286,NA,2922,Darii,0,1,0,0
33_64,33,N3-c-M2,64,0,cabinet,Homonymy,Datisi,1,All cabinets advise the presidents,Some cabinets are Ikea products,Some ikea products advise the president,*,*,A,C,*,*,0.7142857143,NA,3624,Datisi,0,1,0,0
33_65,33,N3-c-M2,65,0,breakfast,Polysemy,Darii,1,All breakfasts are under three hours,Some smoothies are breakfasts,Some smoothies are under three hours,*,lunch-type,A,C,87.1,event,0.7142857143,NA,2463,Darii,0,1,0,0
33_66,33,N3-c-M2,66,0,star,Homonymy,Datisi,1,All stars are charismatic,Some stars are pulsars,Some pulsars are charismatic,*,*,*,*,*,*,0.7142857143,NA,5090,Datisi,0,1,0,0
33_67,33,N3-c-M2,67,1,mothers,Invalid Filler,Darii*,1,All grandmothers are mothers ,Some teens are mothers,Some grandmothers are teens,*,*,*,*,*,*,*,NA,2498,Darii,0,0,0,0
33_68,33,N3-c-M2,68,0,bat,Homonymy,Darii,1,All bats share a common ancestor,Some sporting goods are bats,Some sporting goods share a common ancestor,*,*,*,*,*,*,0.2857142857,NA,10473,Darii,0,1,0,0
33_69,33,N3-c-M2,69,0,rock ,Homonymy,Datisi,1,All rock is rhythmic,Some rock is granite,Some granite is rhythmic,*,*,A,C,100,*,0.8571428571,NA,4080,Datisi,0,1,0,0
33_70,33,N3-c-M2,70,1,funerals,Invalid Filler,Datisi*,1,All open-casket services are funerals,Some funerals are cremations,Some cremations are open-casket services,*,*,*,*,*,*,*,NA,4299,Datisi,0,0,0,0
33_71,33,N3-c-M2,71,0,change,Homonymy,Darii,1,All change is legal tender,Some political revolutions are change,Some political revolutions are legal tender,*,*,C,A,*,*,0.8571428571,NA,2785,Darii,0,1,0,0
33_72,33,N3-c-M2,72,0,dresses,Invalid Filler,Darii*,1,All ball gowns are dresses ,Some cocktail outfits are dresses,Some cocktail outfits are ball gowns,*,*,*,*,*,*,*,NA,2544,Darii,0,1,0,0
33_73,33,N3-c-M2,73,0,school,Polysemy,Disamis,1,Some schools are rectangular,All schools are employers,Some employers are rectangular,*,city-type,C,A,45.1,inst,0.5714285714,NA,1719,Disamis,0,1,0,0
33_74,33,N3-c-M2,74,1,ponies,Valid Filler,Datisi,1,All ponies neigh,Some ponies are colts,Some colts neigh,*,*,*,*,*,*,*,NA,4438,Datisi,1,1,0,0
33_75,33,N3-c-M2,75,0,star,Homonymy,Datisi,1,All stars are famous ,Some stars are red dwarfs,Some red dwarfs are famous,*,*,*,*,*,*,0,NA,8201,Datisi,0,1,0,0
33_76,33,N3-c-M2,76,1,suitcases,Valid Filler,Dimatis,1,Some bags are suitcases,All suitcases are pieces of luggage,Some pieces of luggage are bags,*,*,*,*,*,*,*,NA,2403,Dimatis,1,1,0,0
33_77,33,N3-c-M2,77,0,star,Homonymy,Datisi,1,All stars deal with paparazzi ,Some stars are red dwarfs,Some red dwarfs deal with paparazzi ,*,*,*,*,*,*,0,NA,4181,Datisi,0,1,0,0
33_78,33,N3-c-M2,78,0,magazines,Polysemy,Disamis,1,Some magazines are coffee-stained,All magazines are subscriptions,Some subscriptions are coffee-stained,*,book-type,C,A,68.9,info,0.2857142857,NA,3379,Disamis,0,1,0,0
33_79,33,N3-c-M2,79,0,company,Polysemy,Dimatis,1,Some office buildings are companies,All companies are legal entities,Some legal entities are office buildings ,*,city-type,C,A,83.8,inst,0.5714285714,NA,4182,Dimatis,0,1,0,0
33_80,33,N3-c-M2,80,1,board,Homonymy,Dimatis,1,Some groups are boards,All boards are materials,Some materials are groups,*,*,A,C,*,*,0.5,NA,5200,Dimatis,0,0,0,0
33_81,33,N3-c-M2,81,1,letter,Polysemy,Datisi,1,All letters have stamps,Some letters are rejections,Some rejections have stamps,*,book-type,C,A,78.5,info,0,NA,2566,Datisi,0,0,0,0
33_82,33,N3-c-M2,82,0,ball,Homonymy,Dimatis,1,Some dances are balls,All balls are spheres,Some spheres are dances,*,*,A,C,*,*,0.7142857143,NA,3973,Dimatis,0,1,0,0
33_83,33,N3-c-M2,83,0,match,Homonymy,Disamis,1,Some matches are championships,All matches are fire starters,Some fire starters are championships,*,*,A,C,80,*,0.7142857143,NA,4369,Disamis,0,1,0,0
33_84,33,N3-c-M2,84,0,change,Homonymy,Darii,1,All change jingles,Some social movements are change,Some social movements jingle,*,*,C,A,*,*,0.5714285714,NA,2557,Darii,0,1,0,0
33_85,33,N3-c-M2,85,1,doughnuts,Valid Filler,Darii,1,All doughnuts are sugary ,Some pastries are doughnuts ,Some pastries are sugary,*,*,*,*,*,*,*,NA,3146,Darii,1,1,0,0
33_86,33,N3-c-M2,86,0,magazines,Polysemy,Disamis,1,Some magazines are glossy,All magazines are collaborations,Some collaborations are glossy,*,book-type,C,A,68.9,info,0.5714285714,NA,4108,Disamis,0,1,0,0
33_87,33,N3-c-M2,87,1,dolls,Valid Filler,Darii,1,All dolls are man made,Some toys are dolls ,Some toys are man made,*,*,*,*,*,*,*,NA,2424,Darii,1,1,0,0
33_88,33,N3-c-M2,88,1,swords,Valid Filler,Disamis,1,Some swords are decorative,All swords are weapons ,Some weapons are decorative ,*,*,*,*,*,*,*,NA,2639,Disamis,1,1,0,0
34_1,34,N3-c-M2,1,0,lunch,Polysemy,Dimatis,1,Some breaks are lunches,All lunches are entrées,Some entrées are breaks,*,lunch-type,A,C,96.6,event,0.7142857143,NA,14831,Dimatis,0,1,0,0
34_2,34,N3-c-M2,2,1,book,Polysemy,Dimatis,1,Some purchases are books,All books are creative endeavours,Some creative endeavours are purchases,*,book-type,C,A,64.5,info,0.1428571429,NA,7693,Dimatis,0,0,0,0
34_3,34,N3-c-M2,3,1,grapes,Valid Filler,Disamis,1,Some grapes are red ,All grapes are fruits ,Some fruits are red ,*,*,*,*,*,*,*,NA,5780,Disamis,1,1,0,0
34_4,34,N3-c-M2,4,1,singers,Valid Filler,Darii,1,All singers have an ideal vocal range ,Some guitarists are singers,Some guitarists have an ideal vocal range,*,*,*,*,*,*,*,NA,5330,Darii,1,1,0,0
34_5,34,N3-c-M2,5,0,ruler,Homonymy,Disamis,1,Some rulers are kings,All rulers are standard lengths,Some standard lengths are kings,*,*,*,*,*,*,0.8571428571,NA,12464,Disamis,0,1,0,0
34_6,34,N3-c-M2,6,0,peppers,Invalid Filler,Dimatis*,1,Some yellow vegetables are peppers ,All jalapenos are peppers,Some jalapenos are yellow vegetables,*,*,*,*,*,*,*,NA,8697,Dimatis,0,1,0,0
34_7,34,N3-c-M2,7,0,injuries,Invalid Filler,Dimatis*,1,Some sunburns are injuries,All cases of frostbite are injuries,Some cases of frostbite are sunburns,*,*,*,*,*,*,*,NA,12397,Dimatis,0,1,0,0
34_8,34,N3-c-M2,8,0,shapes,Invalid Filler,Disamis*,1,Some shapes are triangles,All squares are shapes,Some squares are triangles,*,*,*,*,*,*,*,NA,23014,Disamis,0,1,0,0
34_9,34,N3-c-M2,9,1,colors,Invalid Filler,Disamis*,1,Some colors are primary ,All shades of purple are colors ,Some shades of purple are primary,*,*,*,*,*,*,*,NA,4731,Disamis,0,0,0,0
34_10,34,N3-c-M2,10,0,spices,Invalid Filler,Dimatis*,1,Some dried roots are spices ,All mustard seeds are spices ,Some mustard seeds are dried roots,*,*,*,*,*,*,*,NA,9597,Dimatis,0,1,0,0
34_11,34,N3-c-M2,11,1,ring,Homonymy,Darii,1,All rings are sounds,Some accessories are rings,Some accessories are sounds,*,*,A,C,*,*,0.7142857143,NA,10448,Darii,0,0,0,0
34_12,34,N3-c-M2,12,1,toilets,Invalid Filler,Disamis*,1,Some toilets are coed,All urinals are toilets,Some urinals are coed,*,*,*,*,*,*,*,NA,3881,Disamis,0,0,0,0
34_13,34,N3-c-M2,13,1,ball,Homonymy,Dimatis,1,Some dances are balls,All balls are circles,Some circles are dances,*,*,A,C,*,*,0.1666666667,NA,6147,Dimatis,0,0,0,0
34_14,34,N3-c-M2,14,1,ball,Homonymy,Dimatis,1,Some parties are balls,All balls are toys,Some toys are parties,*,*,A,C,*,*,0.7142857143,NA,4880,Dimatis,0,0,0,0
34_15,34,N3-c-M2,15,1,bat,Homonymy,Darii,1,All bats are mammals,Some weapons are bats,Some weapons are mammals,*,*,*,*,*,*,0.4285714286,NA,4947,Darii,0,0,0,0
34_16,34,N3-c-M2,16,1,novel,Polysemy,Darii,1,All novels are printed,Some ideas are novels,Some ideas are printed,*,book-type,C,A,96.7,info,0.1428571429,NA,3513,Darii,0,0,0,0
34_17,34,N3-c-M2,17,1,dinner,Polysemy,Disamis,1,Some dinners last an hour,All dinners are sources of nutrition,Some sources of nutrition last an hour,*,lunch-type,A,C,90,event,0.1428571429,NA,4914,Disamis,0,0,0,0
34_18,34,N3-c-M2,18,0,wave,Homonymy,Dimatis,1,Some gestures are waves,Some waves are ripples,Some ripples are gestures,*,*,A,C,100,*,0.4285714286,NA,6482,Dimatis,0,1,0,0
34_19,34,N3-c-M2,19,0,stones,Invalid Filler,Datisi*,1,All pebbles are stones,Some stones are boulders,Some boulders are pebbles,*,*,*,*,*,*,*,NA,8631,Datisi,0,1,0,0
34_20,34,N3-c-M2,20,0,wave,Homonymy,Dimatis,1,Some greetings are waves,Some waves are tsunamis,Some tsunamis are greetings,*,*,A,C,100,*,0.7142857143,NA,6296,Dimatis,0,1,0,0
34_21,34,N3-c-M2,21,1,dinner,Polysemy,Disamis,1,Some dinners are black tie,All dinners are foods,Some foods are black tie,*,lunch-type,A,C,90,event,0.5714285714,NA,5997,Disamis,0,0,0,0
34_22,34,N3-c-M2,22,1,picnic,Polysemy,Datisi,1,All picnics are leisurely,Some picnics are charcuterie,Some charcuterie is leisurely,*,lunch-type,A,C,59.2,event,0.7142857143,NA,4729,Datisi,0,0,0,0
34_23,34,N3-c-M2,23,0,book,Polysemy,Dimatis,1,Some doorstops are books,All books are intellectual property,Some intellectual property is a doorstop,*,book-type,C,A,64.5,info,0.5714285714,NA,7165,Dimatis,0,1,0,0
34_24,34,N3-c-M2,24,1,college,Polysemy,Darii,1,All colleges grant degrees,Some colleges are historic buildings,Some historic buildings grant degrees,*,city-type,A,C,56.6,inst,0.2857142857,NA,6897,Darii,0,0,0,0
34_25,34,N3-c-M2,25,0,antiques,Invalid Filler,Darii*,1,All medieval manuscripts are antiques ,Some pieces of jewelry are antiques ,Some pieces of jewelry are medieval manuscripts,*,*,*,*,*,*,*,NA,6831,Darii,0,1,0,0
34_26,34,N3-c-M2,26,1,burgers,Valid Filler,Disamis,1,Some burgers are overcooked ,All burgers are sandwiches,Some sandwiches are overcooked ,*,*,*,*,*,*,*,NA,4497,Disamis,1,1,0,0
34_27,34,N3-c-M2,27,0,thieves,Invalid Filler,Dimatis*,1,Some children are thieves,All mob bosses are thieves,Some mob bosses are children,*,*,*,*,*,*,*,NA,12415,Dimatis,0,1,0,0
34_28,34,N3-c-M2,28,1,city,Polysemy,Datisi,1,All cities are bureaucracies,Some cities are graffitied ,Some bureaucracies are graffitied,*,city-type,A,C,67.7,inst,0.2857142857,NA,5396,Datisi,0,0,0,0
34_29,34,N3-c-M2,29,0,suit,Homonymy,Disamis,1,Some suits are settled out of court,All suits are formal outfits,Some formal outfits are settled out of court,*,*,A,C,*,*,0.7142857143,NA,12965,Disamis,0,1,0,0
34_30,34,N3-c-M2,30,1,college,Polysemy,Darii,1,All colleges have spirit,Some colleges are national landmarks,Some national landmarks have spirit,*,city-type,A,C,56.6,inst,0.1428571429,NA,6564,Darii,0,0,0,0
34_31,34,N3-c-M2,31,1,cabinet,Homonymy,Datisi,1,All cabinets are selected by leaders,Some cabinets are cupboards,Some cupboards are selected by leaders,*,*,A,C,*,*,0.3333333333,NA,6098,Datisi,0,0,0,0
34_32,34,N3-c-M2,32,1,dances,Invalid Filler,Darii*,1,All polkas are dances ,Some mating rituals are dances ,Some mating rituals are polkas ,*,*,*,*,*,*,*,NA,5197,Darii,0,0,0,0
34_33,34,N3-c-M2,33,1,poets,Valid Filler,Datisi,1,All poets are writers ,Some poets are teachers,Some teachers are writers,*,*,*,*,*,*,*,NA,3064,Datisi,1,1,0,0
34_34,34,N3-c-M2,34,0,rock,Homonymy,Datisi,1,All rock has guitars,Some rock is marble,Some marble has guitars,*,*,A,C,100,*,0.8571428571,NA,8945,Datisi,0,1,0,0
34_35,34,N3-c-M2,35,0,ruler,Homonymy,Disamis,1,Some rulers are monarchs,All rulers are measuring devices,Some measuring devices are monarchs,*,*,*,*,*,*,0.7142857143,NA,5867,Disamis,0,1,0,0
34_36,34,N3-c-M2,36,1,match,Homonymy,Disamis,1,Some matches are shown on TV,All matches are fire starters,Some fire starters are shown on TV,*,*,A,C,*,*,0,NA,3815,Disamis,0,0,0,0
34_37,34,N3-c-M2,37,0,cabinet,Homonymy,Datisi,1,All cabinets are political appointments,Some cabinets are antique furniture,Some antique furniture are political appointments,*,*,A,C,*,*,0.8571428571,NA,4497,Datisi,0,1,0,0
34_38,34,N3-c-M2,38,1,lunch,Polysemy,Dimatis,1,lunch-type,All lunches are menu items,Some menu items are meetings,*,lunch-type,A,C,96.6,event,1,NA,9681,Dimatis,0,0,0,0
34_39,34,N3-c-M2,39,0,actors,Invalid Filler,Datisi*,1,All male leads are actors,Some actors are women,Some women are male leads,*,*,*,*,*,*,*,NA,8665,Datisi,0,1,0,0
34_40,34,N3-c-M2,40,1,letter,Polysemy,Datisi,1,All letters are paper,Some letters are professions of love,Some professions of love are paper,*,book-type,C,A,78.5,info,0.4285714286,NA,4597,Datisi,0,0,0,0
34_41,34,N3-c-M2,41,1,ring,Homonymy,Darii,1,All rings are noises,Some anniversary gifts are rings,Some anniversary gifts are noises,*,*,A,C,*,*,0.7142857143,NA,3532,Darii,0,0,0,0
34_42,34,N3-c-M2,42,1,bat,Homonymy,Darii,1,All bats hang upside down,Some sporting goods are bats,Some sporting goods hang upside down,*,*,*,*,*,*,0,NA,6745,Darii,0,0,0,0
34_43,34,N3-c-M2,43,1,match,Homonymy,Disamis,1,Some matches are competitive,All matches are tools,Some tools are competitive,*,*,A,C,80,*,0.5714285714,NA,3464,Disamis,0,0,0,0
34_44,34,N3-c-M2,44,1,mugs,Valid Filler,Datisi,1,All mugs are cups ,Some mugs are ceramics,Some ceramics are cups ,*,*,*,*,*,*,*,NA,2981,Datisi,1,1,0,0
34_45,34,N3-c-M2,45,1,widows,Valid Filler,Dimatis,1,Some mothers are widows ,All widows are women,Some women are mothers,*,*,*,*,*,*,*,NA,3114,Dimatis,1,1,0,0
34_46,34,N3-c-M2,46,0,board,Homonymy,Dimatis,1,Some advisory bodies are boards,All boards are rectangles,Some rectangles are advisory bodies,*,*,A,C,*,*,0.8571428571,NA,3531,Dimatis,0,1,0,0
34_47,34,N3-c-M2,47,0,suit,Homonymy,Disamis,1,Some suits have multiple defendants,All suits are dress attire,Some dress attire has multiple defendants,*,*,A,C,*,*,0.5714285714,NA,3647,Disamis,0,1,0,0
34_48,34,N3-c-M2,48,1,novel,Polysemy,Darii,1,All novels are bound,Some mysteries are novels,Some mysteries are bound,*,book-type,C,A,96.7,info,0,NA,3581,Darii,0,0,0,0
34_49,34,N3-c-M2,49,1,liars,Valid Filler,Dimatis,1,Some criminals are liars ,All liars are humans,Some humans are criminals ,*,*,*,*,*,*,*,NA,2497,Dimatis,1,1,0,0
34_50,34,N3-c-M2,50,1,change,Homonymy,Darii,1,All change is money,Some surprises are change,Some surprises are money,*,*,C,A,*,*,0,NA,2565,Darii,0,0,0,0
34_51,34,N3-c-M2,51,1,statues,Valid Filler,Datisi,1,All statues are sculptures,Some statues are bronzes,Some bronzes are sculptures,*,*,*,*,*,*,*,NA,5031,Datisi,1,1,0,0
34_52,34,N3-c-M2,52,1,rifles,Valid Filler,Disamis,1,Some rifles are for hunting,All rifles are guns ,Some guns are for hunting,*,*,*,*,*,*,*,NA,3064,Disamis,1,1,0,0
34_53,34,N3-c-M2,53,1,trucks,Valid Filler,Dimatis,1,Some cars are trucks ,All trucks are vehicles,Some vehicles are cars ,*,*,*,*,*,*,*,NA,2466,Dimatis,1,1,0,0
34_54,34,N3-c-M2,54,1,city,Polysemy,Datisi,1,All cities have laws,Some cities are earthquake zones,Some earthquake zones have laws,*,city-type,A,C,67.7,inst,0,NA,7697,Datisi,0,0,0,0
34_55,34,N3-c-M2,55,0,steaks,Invalid Filler,Disamis*,1,Some steaks are filet mignons,All ribeyes are steaks,Some ribeyes are filet mignons,*,*,*,*,*,*,*,NA,10565,Disamis,0,1,0,0
34_56,34,N3-c-M2,56,1,picnic,Polysemy,Datisi,1,All picnics happen in nature,Some picnics are salads,Some salads happen in nature,*,lunch-type,A,C,59.2,event,0.5714285714,NA,6632,Datisi,0,0,0,0
34_57,34,N3-c-M2,57,1,company,Polysemy,Dimatis,1,Some storefronts are companies,All companies are hierarchies,Some hierarchies are storefronts,*,city-type,C,A,83.8,inst,0.7142857143,NA,5881,Dimatis,0,0,0,0
34_58,34,N3-c-M2,58,1,school,Polysemy,Disamis,1,Some schools are brick,All schools are communities,Some communities are brick,*,city-type,C,A,45.1,inst,0.5714285714,NA,3547,Disamis,0,0,0,0
34_59,34,N3-c-M2,59,0,sausages,Invalid Filler,Datisi*,1,All hot dogs are sausages,Some sausages are salamis,Some hot dogs are salamis,*,*,*,*,*,*,*,NA,3415,Datisi,0,1,0,0
34_60,34,N3-c-M2,60,1,clowns,Valid Filler,Darii,1,All clowns can juggle ,Some circus performers are clowns ,Some circus performers can juggle,*,*,*,*,*,*,*,NA,3532,Darii,1,1,0,0
34_61,34,N3-c-M2,61,0,board,Homonymy,Dimatis,1,Some governing organizations are boards,All boards are wooden planks,Some wooden planks are governing organizations,*,*,A,C,*,*,1,NA,4598,Dimatis,0,1,0,0
34_62,34,N3-c-M2,62,0,novel,Polysemy,Darii,1,All novels are flammable,Some debuts are novels,Some debuts are flammable,*,book-type,C,A,96.7,info,1,NA,5298,Darii,0,1,0,0
34_63,34,N3-c-M2,63,1,breakfast,Polysemy,Darii,1,All breakfasts take place in the morning,Some sandwiches are breakfasts,Some sandwiches take place in the morning,*,lunch-type,A,C,87.1,event,0.4285714286,NA,3415,Darii,0,0,0,0
34_64,34,N3-c-M2,64,0,cabinet,Homonymy,Datisi,1,All cabinets advise the presidents,Some cabinets are Ikea products,Some ikea products advise the president,*,*,A,C,*,*,0.7142857143,NA,6015,Datisi,0,1,0,0
34_65,34,N3-c-M2,65,1,breakfast,Polysemy,Darii,1,All breakfasts are under three hours,Some smoothies are breakfasts,Some smoothies are under three hours,*,lunch-type,A,C,87.1,event,0.7142857143,NA,6648,Darii,0,0,0,0
34_66,34,N3-c-M2,66,0,star,Homonymy,Datisi,1,All stars are charismatic,Some stars are pulsars,Some pulsars are charismatic,*,*,*,*,*,*,0.7142857143,NA,6548,Datisi,0,1,0,0
34_67,34,N3-c-M2,67,0,mothers,Invalid Filler,Darii*,1,All grandmothers are mothers ,Some teens are mothers,Some grandmothers are teens,*,*,*,*,*,*,*,NA,16149,Darii,0,1,0,0
34_68,34,N3-c-M2,68,1,bat,Homonymy,Darii,1,All bats share a common ancestor,Some sporting goods are bats,Some sporting goods share a common ancestor,*,*,*,*,*,*,0.2857142857,NA,7898,Darii,0,0,0,0
34_69,34,N3-c-M2,69,0,rock ,Homonymy,Datisi,1,All rock is rhythmic,Some rock is granite,Some granite is rhythmic,*,*,A,C,100,*,0.8571428571,NA,4398,Datisi,0,1,0,0
34_70,34,N3-c-M2,70,1,funerals,Invalid Filler,Datisi*,1,All open-casket services are funerals,Some funerals are cremations,Some cremations are open-casket services,*,*,*,*,*,*,*,NA,6765,Datisi,0,0,0,0
34_71,34,N3-c-M2,71,0,change,Homonymy,Darii,1,All change is legal tender,Some political revolutions are change,Some political revolutions are legal tender,*,*,C,A,*,*,0.8571428571,NA,6915,Darii,0,1,0,0
34_72,34,N3-c-M2,72,1,dresses,Invalid Filler,Darii*,1,All ball gowns are dresses ,Some cocktail outfits are dresses,Some cocktail outfits are ball gowns,*,*,*,*,*,*,*,NA,3250,Darii,0,0,0,0
34_73,34,N3-c-M2,73,0,school,Polysemy,Disamis,1,Some schools are rectangular,All schools are employers,Some employers are rectangular,*,city-type,C,A,45.1,inst,0.5714285714,NA,4879,Disamis,0,1,0,0
34_74,34,N3-c-M2,74,1,ponies,Valid Filler,Datisi,1,All ponies neigh,Some ponies are colts,Some colts neigh,*,*,*,*,*,*,*,NA,11715,Datisi,1,1,0,0
34_75,34,N3-c-M2,75,0,star,Homonymy,Datisi,1,All stars are famous ,Some stars are red dwarfs,Some red dwarfs are famous,*,*,*,*,*,*,0,NA,6615,Datisi,0,1,0,0
34_76,34,N3-c-M2,76,1,suitcases,Valid Filler,Dimatis,1,Some bags are suitcases,All suitcases are pieces of luggage,Some pieces of luggage are bags,*,*,*,*,*,*,*,NA,3096,Dimatis,1,1,0,0
34_77,34,N3-c-M2,77,0,star,Homonymy,Datisi,1,All stars deal with paparazzi ,Some stars are red dwarfs,Some red dwarfs deal with paparazzi ,*,*,*,*,*,*,0,NA,3630,Datisi,0,1,0,0
34_78,34,N3-c-M2,78,1,magazines,Polysemy,Disamis,1,Some magazines are coffee-stained,All magazines are subscriptions,Some subscriptions are coffee-stained,*,book-type,C,A,68.9,info,0.2857142857,NA,5831,Disamis,0,0,0,0
34_79,34,N3-c-M2,79,1,company,Polysemy,Dimatis,1,Some office buildings are companies,All companies are legal entities,Some legal entities are office buildings ,*,city-type,C,A,83.8,inst,0.5714285714,NA,5514,Dimatis,0,0,0,0
34_80,34,N3-c-M2,80,0,board,Homonymy,Dimatis,1,Some groups are boards,All boards are materials,Some materials are groups,*,*,A,C,*,*,0.5,NA,7648,Dimatis,0,1,0,0
34_81,34,N3-c-M2,81,1,letter,Polysemy,Datisi,1,All letters have stamps,Some letters are rejections,Some rejections have stamps,*,book-type,C,A,78.5,info,0,NA,3081,Datisi,0,0,0,0
34_82,34,N3-c-M2,82,0,ball,Homonymy,Dimatis,1,Some dances are balls,All balls are spheres,Some spheres are dances,*,*,A,C,*,*,0.7142857143,NA,5349,Dimatis,0,1,0,0
34_83,34,N3-c-M2,83,0,match,Homonymy,Disamis,1,Some matches are championships,All matches are fire starters,Some fire starters are championships,*,*,A,C,80,*,0.7142857143,NA,4813,Disamis,0,1,0,0
34_84,34,N3-c-M2,84,1,change,Homonymy,Darii,1,All change jingles,Some social movements are change,Some social movements jingle,*,*,C,A,*,*,0.5714285714,NA,6915,Darii,0,0,0,0
34_85,34,N3-c-M2,85,1,doughnuts,Valid Filler,Darii,1,All doughnuts are sugary ,Some pastries are doughnuts ,Some pastries are sugary,*,*,*,*,*,*,*,NA,3381,Darii,1,1,0,0
34_86,34,N3-c-M2,86,1,magazines,Polysemy,Disamis,1,Some magazines are glossy,All magazines are collaborations,Some collaborations are glossy,*,book-type,C,A,68.9,info,0.5714285714,NA,3765,Disamis,0,0,0,0
34_87,34,N3-c-M2,87,1,dolls,Valid Filler,Darii,1,All dolls are man made,Some toys are dolls ,Some toys are man made,*,*,*,*,*,*,*,NA,2698,Darii,1,1,0,0
34_88,34,N3-c-M2,88,0,swords,Valid Filler,Disamis,1,Some swords are decorative,All swords are weapons ,Some weapons are decorative ,*,*,*,*,*,*,*,NA,2982,Disamis,1,0,0,0
35_1,35,N3-c-M2,1,0,novel,Polysemy,Darii,2,All novels are printed,Some ideas are novels,Some ideas are printed,*,book-type,C,A,96.7,info,0.1428571429,NA,4034,Darii,0,1,0,0
35_2,35,N3-c-M2,2,0,breakfast,Polysemy,Darii,2,All breakfasts are under three hours,Some smoothies are breakfasts,Some smoothies are under three hours,*,lunch-type,A,C,87.1,event,0.7142857143,NA,3859,Darii,0,1,0,0
35_3,35,N3-c-M2,3,0,shapes,Invalid Filler,Disamis*,2,Some shapes are triangles,All squares are shapes,Some squares are triangles,*,*,*,*,*,*,*,NA,3345,Disamis,0,1,0,0
35_4,35,N3-c-M2,4,0,ball,Homonymy,Dimatis,2,Some dances are balls,All balls are circles,Some circles are dances,*,*,A,C,*,*,0.1666666667,NA,5706,Dimatis,0,1,0,0
35_5,35,N3-c-M2,5,0,ponies,Valid Filler,Datisi,2,All ponies neigh,Some ponies are colts,Some colts neigh,*,*,*,*,*,*,*,NA,3326,Datisi,1,0,0,0
35_6,35,N3-c-M2,6,0,change,Homonymy,Darii,2,All change is legal tender,Some political revolutions are change,Some political revolutions are legal tender,*,*,C,A,*,*,0.8571428571,NA,4374,Darii,0,1,0,0
35_7,35,N3-c-M2,7,1,mugs,Valid Filler,Datisi,2,All mugs are cups ,Some mugs are ceramics,Some ceramics are cups ,*,*,*,*,*,*,*,NA,2917,Datisi,1,1,0,0
35_8,35,N3-c-M2,8,0,star,Homonymy,Datisi,2,All stars are charismatic,Some stars are pulsars,Some pulsars are charismatic,*,*,*,*,*,*,0.7142857143,NA,4557,Datisi,0,1,0,0
35_9,35,N3-c-M2,9,0,mothers,Invalid Filler,Darii*,2,All grandmothers are mothers ,Some teens are mothers,Some grandmothers are teens,*,*,*,*,*,*,*,NA,4950,Darii,0,1,0,0
35_10,35,N3-c-M2,10,0,ring,Homonymy,Darii,2,All rings are sounds,Some accessories are rings,Some accessories are sounds,*,*,A,C,*,*,0.7142857143,NA,2948,Darii,0,1,0,0
35_11,35,N3-c-M2,11,1,grapes,Valid Filler,Disamis,2,Some grapes are red ,All grapes are fruits ,Some fruits are red ,*,*,*,*,*,*,*,NA,2356,Disamis,1,1,0,0
35_12,35,N3-c-M2,12,0,board,Homonymy,Dimatis,2,Some groups are boards,All boards are materials,Some materials are groups,*,*,A,C,*,*,0.5,NA,3588,Dimatis,0,1,0,0
35_13,35,N3-c-M2,13,1,toilets,Invalid Filler,Disamis*,2,Some toilets are coed,All urinals are toilets,Some urinals are coed,*,*,*,*,*,*,*,NA,4051,Disamis,0,0,0,0
35_14,35,N3-c-M2,14,0,suit,Homonymy,Disamis,2,Some suits are settled out of court,All suits are formal outfits,Some formal outfits are settled out of court,*,*,A,C,*,*,0.7142857143,NA,3909,Disamis,0,1,0,0
35_15,35,N3-c-M2,15,0,novel,Polysemy,Darii,2,All novels are flammable,Some debuts are novels,Some debuts are flammable,*,book-type,C,A,96.7,info,1,NA,2808,Darii,0,1,0,0
35_16,35,N3-c-M2,16,1,match,Homonymy,Disamis,2,Some matches are shown on TV,All matches are fire starters,Some fire starters are shown on TV,*,*,A,C,*,*,0,NA,3946,Disamis,0,0,0,0
35_17,35,N3-c-M2,17,0,novel,Polysemy,Darii,2,All novels are bound,Some mysteries are novels,Some mysteries are bound,*,book-type,C,A,96.7,info,0,NA,5155,Darii,0,1,0,0
35_18,35,N3-c-M2,18,1,book,Polysemy,Dimatis,2,Some purchases are books,All books are creative endeavours,Some creative endeavours are purchases,*,book-type,C,A,64.5,info,0.1428571429,NA,3274,Dimatis,0,0,0,0
35_19,35,N3-c-M2,19,1,widows,Valid Filler,Dimatis,2,Some mothers are widows ,All widows are women,Some women are mothers,*,*,*,*,*,*,*,NA,2624,Dimatis,1,1,0,0
35_20,35,N3-c-M2,20,1,dolls,Valid Filler,Darii,2,All dolls are man made,Some toys are dolls ,Some toys are man made,*,*,*,*,*,*,*,NA,2695,Darii,1,1,0,0
35_21,35,N3-c-M2,21,0,rock ,Homonymy,Datisi,2,All rock is rhythmic,Some rock is granite,Some granite is rhythmic,*,*,A,C,100,*,0.8571428571,NA,2202,Datisi,0,1,0,0
35_22,35,N3-c-M2,22,1,change,Homonymy,Darii,2,All change is money,Some surprises are change,Some surprises are money,*,*,C,A,*,*,0,NA,4756,Darii,0,0,0,0
35_23,35,N3-c-M2,23,1,match,Homonymy,Disamis,2,Some matches are competitive,All matches are tools,Some tools are competitive,*,*,A,C,80,*,0.5714285714,NA,4686,Disamis,0,0,0,0
35_24,35,N3-c-M2,24,0,book,Polysemy,Dimatis,2,Some doorstops are books,All books are intellectual property,Some intellectual property is a doorstop,*,book-type,C,A,64.5,info,0.5714285714,NA,4658,Dimatis,0,1,0,0
35_25,35,N3-c-M2,25,0,antiques,Invalid Filler,Darii*,2,All medieval manuscripts are antiques ,Some pieces of jewelry are antiques ,Some pieces of jewelry are medieval manuscripts,*,*,*,*,*,*,*,NA,3713,Darii,0,1,0,0
35_26,35,N3-c-M2,26,1,burgers,Valid Filler,Disamis,2,Some burgers are overcooked ,All burgers are sandwiches,Some sandwiches are overcooked ,*,*,*,*,*,*,*,NA,2602,Disamis,1,1,0,0
35_27,35,N3-c-M2,27,0,cabinet,Homonymy,Datisi,2,All cabinets are political appointments,Some cabinets are antique furniture,Some antique furniture are political appointments,*,*,A,C,*,*,0.8571428571,NA,3692,Datisi,0,1,0,0
35_28,35,N3-c-M2,28,0,peppers,Invalid Filler,Dimatis*,2,Some yellow vegetables are peppers ,All jalapenos are peppers,Some jalapenos are yellow vegetables,*,*,*,*,*,*,*,NA,6661,Dimatis,0,1,0,0
35_29,35,N3-c-M2,29,0,ball,Homonymy,Dimatis,2,Some dances are balls,All balls are spheres,Some spheres are dances,*,*,A,C,*,*,0.7142857143,NA,3332,Dimatis,0,1,0,0
35_30,35,N3-c-M2,30,1,actors,Invalid Filler,Datisi*,2,All male leads are actors,Some actors are women,Some women are male leads,*,*,*,*,*,*,*,NA,5681,Datisi,0,0,0,0
35_31,35,N3-c-M2,31,1,letter,Polysemy,Datisi,2,All letters are paper,Some letters are professions of love,Some professions of love are paper,*,book-type,C,A,78.5,info,0.4285714286,NA,4746,Datisi,0,0,0,0
35_32,35,N3-c-M2,32,0,ball,Homonymy,Dimatis,2,Some parties are balls,All balls are toys,Some toys are parties,*,*,A,C,*,*,0.7142857143,NA,2178,Dimatis,0,1,0,0
35_33,35,N3-c-M2,33,0,ring,Homonymy,Darii,2,All rings are noises,Some anniversary gifts are rings,Some anniversary gifts are noises,*,*,A,C,*,*,0.7142857143,NA,2432,Darii,0,1,0,0
35_34,35,N3-c-M2,34,0,city,Polysemy,Datisi,2,All cities are bureaucracies,Some cities are graffitied ,Some bureaucracies are graffitied,*,city-type,A,C,67.7,inst,0.2857142857,NA,7041,Datisi,0,1,0,0
35_35,35,N3-c-M2,35,0,board,Homonymy,Dimatis,2,Some advisory bodies are boards,All boards are rectangles,Some rectangles are advisory bodies,*,*,A,C,*,*,0.8571428571,NA,3393,Dimatis,0,1,0,0
35_36,35,N3-c-M2,36,1,rifles,Valid Filler,Disamis,2,Some rifles are for hunting,All rifles are guns ,Some guns are for hunting,*,*,*,*,*,*,*,NA,2682,Disamis,1,1,0,0
35_37,35,N3-c-M2,37,0,ruler,Homonymy,Disamis,2,Some rulers are monarchs,All rulers are measuring devices,Some measuring devices are monarchs,*,*,*,*,*,*,0.7142857143,NA,3095,Disamis,0,1,0,0
35_38,35,N3-c-M2,38,1,stones,Invalid Filler,Datisi*,2,All pebbles are stones,Some stones are boulders,Some boulders are pebbles,*,*,*,*,*,*,*,NA,3489,Datisi,0,0,0,0
35_39,35,N3-c-M2,39,1,dresses,Invalid Filler,Darii*,2,All ball gowns are dresses ,Some cocktail outfits are dresses,Some cocktail outfits are ball gowns,*,*,*,*,*,*,*,NA,4598,Darii,0,0,0,0
35_40,35,N3-c-M2,40,0,wave,Homonymy,Dimatis,2,Some greetings are waves,Some waves are tsunamis,Some tsunamis are greetings,*,*,A,C,100,*,0.7142857143,NA,1817,Dimatis,0,1,0,0
35_41,35,N3-c-M2,41,1,suitcases,Valid Filler,Dimatis,2,Some bags are suitcases,All suitcases are pieces of luggage,Some pieces of luggage are bags,*,*,*,*,*,*,*,NA,2511,Dimatis,1,1,0,0
35_42,35,N3-c-M2,42,0,bat,Homonymy,Darii,2,All bats share a common ancestor,Some sporting goods are bats,Some sporting goods share a common ancestor,*,*,*,*,*,*,0.2857142857,NA,2708,Darii,0,1,0,0
35_43,35,N3-c-M2,43,0,city,Polysemy,Datisi,2,All cities have laws,Some cities are earthquake zones,Some earthquake zones have laws,*,city-type,A,C,67.7,inst,0,NA,3312,Datisi,0,1,0,0
35_44,35,N3-c-M2,44,0,picnic,Polysemy,Datisi,2,All picnics happen in nature,Some picnics are salads,Some salads happen in nature,*,lunch-type,A,C,59.2,event,0.5714285714,NA,2358,Datisi,0,1,0,0
35_45,35,N3-c-M2,45,0,rock,Homonymy,Datisi,2,All rock has guitars,Some rock is marble,Some marble has guitars,*,*,A,C,100,*,0.8571428571,NA,2679,Datisi,0,1,0,0
35_46,35,N3-c-M2,46,1,doughnuts,Valid Filler,Darii,2,All doughnuts are sugary ,Some pastries are doughnuts ,Some pastries are sugary,*,*,*,*,*,*,*,NA,2269,Darii,1,1,0,0
35_47,35,N3-c-M2,47,1,trucks,Valid Filler,Dimatis,2,Some cars are trucks ,All trucks are vehicles,Some vehicles are cars ,*,*,*,*,*,*,*,NA,1999,Dimatis,1,1,0,0
35_48,35,N3-c-M2,48,1,swords,Valid Filler,Disamis,2,Some swords are decorative,All swords are weapons ,Some weapons are decorative ,*,*,*,*,*,*,*,NA,2740,Disamis,1,1,0,0
35_49,35,N3-c-M2,49,0,steaks,Invalid Filler,Disamis*,2,Some steaks are filet mignons,All ribeyes are steaks,Some ribeyes are filet mignons,*,*,*,*,*,*,*,NA,2488,Disamis,0,1,0,0
35_50,35,N3-c-M2,50,0,dinner,Polysemy,Disamis,2,Some dinners last an hour,All dinners are sources of nutrition,Some sources of nutrition last an hour,*,lunch-type,A,C,90,event,0.1428571429,NA,4523,Disamis,0,1,0,0
35_51,35,N3-c-M2,51,0,company,Polysemy,Dimatis,2,Some storefronts are companies,All companies are hierarchies,Some hierarchies are storefronts,*,city-type,C,A,83.8,inst,0.7142857143,NA,3020,Dimatis,0,1,0,0
35_52,35,N3-c-M2,52,1,bat,Homonymy,Darii,2,All bats hang upside down,Some sporting goods are bats,Some sporting goods hang upside down,*,*,*,*,*,*,0,NA,6870,Darii,0,0,0,0
35_53,35,N3-c-M2,53,1,poets,Valid Filler,Datisi,2,All poets are writers ,Some poets are teachers,Some teachers are writers,*,*,*,*,*,*,*,NA,7755,Datisi,1,1,0,0
35_54,35,N3-c-M2,54,1,colors,Invalid Filler,Disamis*,2,Some colors are primary ,All shades of purple are colors ,Some shades of purple are primary,*,*,*,*,*,*,*,NA,2700,Disamis,0,0,0,0
35_55,35,N3-c-M2,55,0,magazines,Polysemy,Disamis,2,Some magazines are glossy,All magazines are collaborations,Some collaborations are glossy,*,book-type,C,A,68.9,info,0.5714285714,NA,2496,Disamis,0,1,0,0
35_56,35,N3-c-M2,56,0,magazines,Polysemy,Disamis,2,Some magazines are coffee-stained,All magazines are subscriptions,Some subscriptions are coffee-stained,*,book-type,C,A,68.9,info,0.2857142857,NA,2819,Disamis,0,1,0,0
35_57,35,N3-c-M2,57,0,thieves,Invalid Filler,Dimatis*,2,Some children are thieves,All mob bosses are thieves,Some mob bosses are children,*,*,*,*,*,*,*,NA,2641,Dimatis,0,1,0,0
35_58,35,N3-c-M2,58,0,lunch,Polysemy,Dimatis,2,Some breaks are lunches,All lunches are entrées,Some entrées are breaks,*,lunch-type,A,C,96.6,event,0.7142857143,NA,2294,Dimatis,0,1,0,0
35_59,35,N3-c-M2,59,0,lunch,Polysemy,Dimatis,2,lunch-type,All lunches are menu items,Some menu items are meetings,*,lunch-type,A,C,96.6,event,1,NA,2329,Dimatis,0,1,0,0
35_60,35,N3-c-M2,60,0,dances,Invalid Filler,Darii*,2,All polkas are dances ,Some mating rituals are dances ,Some mating rituals are polkas ,*,*,*,*,*,*,*,NA,3010,Darii,0,1,0,0
35_61,35,N3-c-M2,61,1,breakfast,Polysemy,Darii,2,All breakfasts take place in the morning,Some sandwiches are breakfasts,Some sandwiches take place in the morning,*,lunch-type,A,C,87.1,event,0.4285714286,NA,2886,Darii,0,0,0,0
35_62,35,N3-c-M2,62,0,star,Homonymy,Datisi,2,All stars deal with paparazzi ,Some stars are red dwarfs,Some red dwarfs deal with paparazzi ,*,*,*,*,*,*,0,NA,3050,Datisi,0,1,0,0
35_63,35,N3-c-M2,63,0,cabinet,Homonymy,Datisi,2,All cabinets are selected by leaders,Some cabinets are cupboards,Some cupboards are selected by leaders,*,*,A,C,*,*,0.3333333333,NA,3146,Datisi,0,1,0,0
35_64,35,N3-c-M2,64,0,school,Polysemy,Disamis,2,Some schools are rectangular,All schools are employers,Some employers are rectangular,*,city-type,C,A,45.1,inst,0.5714285714,NA,2331,Disamis,0,1,0,0
35_65,35,N3-c-M2,65,0,change,Homonymy,Darii,2,All change jingles,Some social movements are change,Some social movements jingle,*,*,C,A,*,*,0.5714285714,NA,2365,Darii,0,1,0,0
35_66,35,N3-c-M2,66,1,picnic,Polysemy,Datisi,2,All picnics are leisurely,Some picnics are charcuterie,Some charcuterie is leisurely,*,lunch-type,A,C,59.2,event,0.7142857143,NA,3639,Datisi,0,0,0,0
35_67,35,N3-c-M2,67,0,wave,Homonymy,Dimatis,2,Some gestures are waves,Some waves are ripples,Some ripples are gestures,*,*,A,C,100,*,0.4285714286,NA,2828,Dimatis,0,1,0,0
35_68,35,N3-c-M2,68,0,board,Homonymy,Dimatis,2,Some governing organizations are boards,All boards are wooden planks,Some wooden planks are governing organizations,*,*,A,C,*,*,1,NA,2421,Dimatis,0,1,0,0
35_69,35,N3-c-M2,69,0,cabinet,Homonymy,Datisi,2,All cabinets advise the presidents,Some cabinets are Ikea products,Some ikea products advise the president,*,*,A,C,*,*,0.7142857143,NA,2759,Datisi,0,1,0,0
35_70,35,N3-c-M2,70,1,clowns,Valid Filler,Darii,2,All clowns can juggle ,Some circus performers are clowns ,Some circus performers can juggle,*,*,*,*,*,*,*,NA,2917,Darii,1,1,0,0
35_71,35,N3-c-M2,71,1,liars,Valid Filler,Dimatis,2,Some criminals are liars ,All liars are humans,Some humans are criminals ,*,*,*,*,*,*,*,NA,2737,Dimatis,1,1,0,0
35_72,35,N3-c-M2,72,1,statues,Valid Filler,Datisi,2,All statues are sculptures,Some statues are bronzes,Some bronzes are sculptures,*,*,*,*,*,*,*,NA,2568,Datisi,1,1,0,0
35_73,35,N3-c-M2,73,1,college,Polysemy,Darii,2,All colleges have spirit,Some colleges are national landmarks,Some national landmarks have spirit,*,city-type,A,C,56.6,inst,0.1428571429,NA,4967,Darii,0,0,0,0
35_74,35,N3-c-M2,74,0,school,Polysemy,Disamis,2,Some schools are brick,All schools are communities,Some communities are brick,*,city-type,C,A,45.1,inst,0.5714285714,NA,2275,Disamis,0,1,0,0
35_75,35,N3-c-M2,75,0,bat,Homonymy,Darii,2,All bats are mammals,Some weapons are bats,Some weapons are mammals,*,*,*,*,*,*,0.4285714286,NA,2134,Darii,0,1,0,0
35_76,35,N3-c-M2,76,1,company,Polysemy,Dimatis,2,Some office buildings are companies,All companies are legal entities,Some legal entities are office buildings ,*,city-type,C,A,83.8,inst,0.5714285714,NA,2966,Dimatis,0,0,0,0
35_77,35,N3-c-M2,77,0,suit,Homonymy,Disamis,2,Some suits have multiple defendants,All suits are dress attire,Some dress attire has multiple defendants,*,*,A,C,*,*,0.5714285714,NA,4001,Disamis,0,1,0,0
35_78,35,N3-c-M2,78,0,star,Homonymy,Datisi,2,All stars are famous ,Some stars are red dwarfs,Some red dwarfs are famous,*,*,*,*,*,*,0,NA,2116,Datisi,0,1,0,0
35_79,35,N3-c-M2,79,1,singers,Valid Filler,Darii,2,All singers have an ideal vocal range ,Some guitarists are singers,Some guitarists have an ideal vocal range,*,*,*,*,*,*,*,NA,3677,Darii,1,1,0,0
35_80,35,N3-c-M2,80,1,letter,Polysemy,Datisi,2,All letters have stamps,Some letters are rejections,Some rejections have stamps,*,book-type,C,A,78.5,info,0,NA,4169,Datisi,0,0,0,0
35_81,35,N3-c-M2,81,0,funerals,Invalid Filler,Datisi*,2,All open-casket services are funerals,Some funerals are cremations,Some cremations are open-casket services,*,*,*,*,*,*,*,NA,6279,Datisi,0,1,0,0
35_82,35,N3-c-M2,82,0,injuries,Invalid Filler,Dimatis*,2,Some sunburns are injuries,All cases of frostbite are injuries,Some cases of frostbite are sunburns,*,*,*,*,*,*,*,NA,3412,Dimatis,0,1,0,0
35_83,35,N3-c-M2,83,0,college,Polysemy,Darii,2,All colleges grant degrees,Some colleges are historic buildings,Some historic buildings grant degrees,*,city-type,A,C,56.6,inst,0.2857142857,NA,3583,Darii,0,1,0,0
35_84,35,N3-c-M2,84,0,sausages,Invalid Filler,Datisi*,2,All hot dogs are sausages,Some sausages are salamis,Some hot dogs are salamis,*,*,*,*,*,*,*,NA,2381,Datisi,0,1,0,0
35_85,35,N3-c-M2,85,0,dinner,Polysemy,Disamis,2,Some dinners are black tie,All dinners are foods,Some foods are black tie,*,lunch-type,A,C,90,event,0.5714285714,NA,3534,Disamis,0,1,0,0
35_86,35,N3-c-M2,86,0,ruler,Homonymy,Disamis,2,Some rulers are kings,All rulers are standard lengths,Some standard lengths are kings,*,*,*,*,*,*,0.8571428571,NA,2260,Disamis,0,1,0,0
35_87,35,N3-c-M2,87,0,match,Homonymy,Disamis,2,Some matches are championships,All matches are fire starters,Some fire starters are championships,*,*,A,C,80,*,0.7142857143,NA,3422,Disamis,0,1,0,0
35_88,35,N3-c-M2,88,0,spices,Invalid Filler,Dimatis*,2,Some dried roots are spices ,All mustard seeds are spices ,Some mustard seeds are dried roots,*,*,*,*,*,*,*,NA,7317,Dimatis,0,1,0,0
36_1,36,N3-c-M2,1,1,lunch,Polysemy,Dimatis,1,Some breaks are lunches,All lunches are entrées,Some entrées are breaks,*,lunch-type,A,C,96.6,event,0.7142857143,NA,6556,Dimatis,0,0,0,0
36_2,36,N3-c-M2,2,0,book,Polysemy,Dimatis,1,Some purchases are books,All books are creative endeavours,Some creative endeavours are purchases,*,book-type,C,A,64.5,info,0.1428571429,NA,10235,Dimatis,0,1,0,0
36_3,36,N3-c-M2,3,1,grapes,Valid Filler,Disamis,1,Some grapes are red ,All grapes are fruits ,Some fruits are red ,*,*,*,*,*,*,*,NA,5595,Disamis,1,1,0,0
36_4,36,N3-c-M2,4,1,singers,Valid Filler,Darii,1,All singers have an ideal vocal range ,Some guitarists are singers,Some guitarists have an ideal vocal range,*,*,*,*,*,*,*,NA,8169,Darii,1,1,0,0
36_5,36,N3-c-M2,5,0,ruler,Homonymy,Disamis,1,Some rulers are kings,All rulers are standard lengths,Some standard lengths are kings,*,*,*,*,*,*,0.8571428571,NA,5346,Disamis,0,1,0,0
36_6,36,N3-c-M2,6,1,peppers,Invalid Filler,Dimatis*,1,Some yellow vegetables are peppers ,All jalapenos are peppers,Some jalapenos are yellow vegetables,*,*,*,*,*,*,*,NA,38143,Dimatis,0,0,0,0
36_7,36,N3-c-M2,7,0,injuries,Invalid Filler,Dimatis*,1,Some sunburns are injuries,All cases of frostbite are injuries,Some cases of frostbite are sunburns,*,*,*,*,*,*,*,NA,26004,Dimatis,0,1,0,0
36_8,36,N3-c-M2,8,0,shapes,Invalid Filler,Disamis*,1,Some shapes are triangles,All squares are shapes,Some squares are triangles,*,*,*,*,*,*,*,NA,2149,Disamis,0,1,0,0
36_9,36,N3-c-M2,9,0,colors,Invalid Filler,Disamis*,1,Some colors are primary ,All shades of purple are colors ,Some shades of purple are primary,*,*,*,*,*,*,*,NA,6439,Disamis,0,1,0,0
36_10,36,N3-c-M2,10,0,spices,Invalid Filler,Dimatis*,1,Some dried roots are spices ,All mustard seeds are spices ,Some mustard seeds are dried roots,*,*,*,*,*,*,*,NA,13258,Dimatis,0,1,0,0
36_11,36,N3-c-M2,11,0,ring,Homonymy,Darii,1,All rings are sounds,Some accessories are rings,Some accessories are sounds,*,*,A,C,*,*,0.7142857143,NA,3302,Darii,0,1,0,0
36_12,36,N3-c-M2,12,1,toilets,Invalid Filler,Disamis*,1,Some toilets are coed,All urinals are toilets,Some urinals are coed,*,*,*,*,*,*,*,NA,14936,Disamis,0,0,0,0
36_13,36,N3-c-M2,13,0,ball,Homonymy,Dimatis,1,Some dances are balls,All balls are circles,Some circles are dances,*,*,A,C,*,*,0.1666666667,NA,6564,Dimatis,0,1,0,0
36_14,36,N3-c-M2,14,0,ball,Homonymy,Dimatis,1,Some parties are balls,All balls are toys,Some toys are parties,*,*,A,C,*,*,0.7142857143,NA,4128,Dimatis,0,1,0,0
36_15,36,N3-c-M2,15,1,bat,Homonymy,Darii,1,All bats are mammals,Some weapons are bats,Some weapons are mammals,*,*,*,*,*,*,0.4285714286,NA,7804,Darii,0,0,0,0
36_16,36,N3-c-M2,16,1,novel,Polysemy,Darii,1,All novels are printed,Some ideas are novels,Some ideas are printed,*,book-type,C,A,96.7,info,0.1428571429,NA,3092,Darii,0,0,0,0
36_17,36,N3-c-M2,17,0,dinner,Polysemy,Disamis,1,Some dinners last an hour,All dinners are sources of nutrition,Some sources of nutrition last an hour,*,lunch-type,A,C,90,event,0.1428571429,NA,7939,Disamis,0,1,0,0
36_18,36,N3-c-M2,18,1,wave,Homonymy,Dimatis,1,Some gestures are waves,Some waves are ripples,Some ripples are gestures,*,*,A,C,100,*,0.4285714286,NA,61832,Dimatis,0,0,0,0
36_19,36,N3-c-M2,19,1,stones,Invalid Filler,Datisi*,1,All pebbles are stones,Some stones are boulders,Some boulders are pebbles,*,*,*,*,*,*,*,NA,9589,Datisi,0,0,0,0
36_20,36,N3-c-M2,20,0,wave,Homonymy,Dimatis,1,Some greetings are waves,Some waves are tsunamis,Some tsunamis are greetings,*,*,A,C,100,*,0.7142857143,NA,4156,Dimatis,0,1,0,0
36_21,36,N3-c-M2,21,0,dinner,Polysemy,Disamis,1,Some dinners are black tie,All dinners are foods,Some foods are black tie,*,lunch-type,A,C,90,event,0.5714285714,NA,5343,Disamis,0,1,0,0
36_22,36,N3-c-M2,22,0,picnic,Polysemy,Datisi,1,All picnics are leisurely,Some picnics are charcuterie,Some charcuterie is leisurely,*,lunch-type,A,C,59.2,event,0.7142857143,NA,14606,Datisi,0,1,0,0
36_23,36,N3-c-M2,23,1,book,Polysemy,Dimatis,1,Some doorstops are books,All books are intellectual property,Some intellectual property is a doorstop,*,book-type,C,A,64.5,info,0.5714285714,NA,9240,Dimatis,0,0,0,0
36_24,36,N3-c-M2,24,0,college,Polysemy,Darii,1,All colleges grant degrees,Some colleges are historic buildings,Some historic buildings grant degrees,*,city-type,A,C,56.6,inst,0.2857142857,NA,5035,Darii,0,1,0,0
36_25,36,N3-c-M2,25,0,antiques,Invalid Filler,Darii*,1,All medieval manuscripts are antiques ,Some pieces of jewelry are antiques ,Some pieces of jewelry are medieval manuscripts,*,*,*,*,*,*,*,NA,9110,Darii,0,1,0,0
36_26,36,N3-c-M2,26,0,burgers,Valid Filler,Disamis,1,Some burgers are overcooked ,All burgers are sandwiches,Some sandwiches are overcooked ,*,*,*,*,*,*,*,NA,8931,Disamis,1,0,0,0
36_27,36,N3-c-M2,27,0,thieves,Invalid Filler,Dimatis*,1,Some children are thieves,All mob bosses are thieves,Some mob bosses are children,*,*,*,*,*,*,*,NA,5090,Dimatis,0,1,0,0
36_28,36,N3-c-M2,28,0,city,Polysemy,Datisi,1,All cities are bureaucracies,Some cities are graffitied ,Some bureaucracies are graffitied,*,city-type,A,C,67.7,inst,0.2857142857,NA,8395,Datisi,0,1,0,0
36_29,36,N3-c-M2,29,1,suit,Homonymy,Disamis,1,Some suits are settled out of court,All suits are formal outfits,Some formal outfits are settled out of court,*,*,A,C,*,*,0.7142857143,NA,6944,Disamis,0,0,0,0
36_30,36,N3-c-M2,30,0,college,Polysemy,Darii,1,All colleges have spirit,Some colleges are national landmarks,Some national landmarks have spirit,*,city-type,A,C,56.6,inst,0.1428571429,NA,4139,Darii,0,1,0,0
36_31,36,N3-c-M2,31,1,cabinet,Homonymy,Datisi,1,All cabinets are selected by leaders,Some cabinets are cupboards,Some cupboards are selected by leaders,*,*,A,C,*,*,0.3333333333,NA,6872,Datisi,0,0,0,0
36_32,36,N3-c-M2,32,1,dances,Invalid Filler,Darii*,1,All polkas are dances ,Some mating rituals are dances ,Some mating rituals are polkas ,*,*,*,*,*,*,*,NA,8162,Darii,0,0,0,0
36_33,36,N3-c-M2,33,1,poets,Valid Filler,Datisi,1,All poets are writers ,Some poets are teachers,Some teachers are writers,*,*,*,*,*,*,*,NA,4356,Datisi,1,1,0,0
36_34,36,N3-c-M2,34,0,rock,Homonymy,Datisi,1,All rock has guitars,Some rock is marble,Some marble has guitars,*,*,A,C,100,*,0.8571428571,NA,3398,Datisi,0,1,0,0
36_35,36,N3-c-M2,35,0,ruler,Homonymy,Disamis,1,Some rulers are monarchs,All rulers are measuring devices,Some measuring devices are monarchs,*,*,*,*,*,*,0.7142857143,NA,6265,Disamis,0,1,0,0
36_36,36,N3-c-M2,36,1,match,Homonymy,Disamis,1,Some matches are shown on TV,All matches are fire starters,Some fire starters are shown on TV,*,*,A,C,*,*,0,NA,8608,Disamis,0,0,0,0
36_37,36,N3-c-M2,37,0,cabinet,Homonymy,Datisi,1,All cabinets are political appointments,Some cabinets are antique furniture,Some antique furniture are political appointments,*,*,A,C,*,*,0.8571428571,NA,4677,Datisi,0,1,0,0
36_38,36,N3-c-M2,38,0,lunch,Polysemy,Dimatis,1,lunch-type,All lunches are menu items,Some menu items are meetings,*,lunch-type,A,C,96.6,event,1,NA,6075,Dimatis,0,1,0,0
36_39,36,N3-c-M2,39,0,actors,Invalid Filler,Datisi*,1,All male leads are actors,Some actors are women,Some women are male leads,*,*,*,*,*,*,*,NA,8644,Datisi,0,1,0,0
36_40,36,N3-c-M2,40,0,letter,Polysemy,Datisi,1,All letters are paper,Some letters are professions of love,Some professions of love are paper,*,book-type,C,A,78.5,info,0.4285714286,NA,4828,Datisi,0,1,0,0
36_41,36,N3-c-M2,41,0,ring,Homonymy,Darii,1,All rings are noises,Some anniversary gifts are rings,Some anniversary gifts are noises,*,*,A,C,*,*,0.7142857143,NA,4199,Darii,0,1,0,0
36_42,36,N3-c-M2,42,1,bat,Homonymy,Darii,1,All bats hang upside down,Some sporting goods are bats,Some sporting goods hang upside down,*,*,*,*,*,*,0,NA,11996,Darii,0,0,0,0
36_43,36,N3-c-M2,43,1,match,Homonymy,Disamis,1,Some matches are competitive,All matches are tools,Some tools are competitive,*,*,A,C,80,*,0.5714285714,NA,6393,Disamis,0,0,0,0
36_44,36,N3-c-M2,44,1,mugs,Valid Filler,Datisi,1,All mugs are cups ,Some mugs are ceramics,Some ceramics are cups ,*,*,*,*,*,*,*,NA,2874,Datisi,1,1,0,0
36_45,36,N3-c-M2,45,1,widows,Valid Filler,Dimatis,1,Some mothers are widows ,All widows are women,Some women are mothers,*,*,*,*,*,*,*,NA,3867,Dimatis,1,1,0,0
36_46,36,N3-c-M2,46,0,board,Homonymy,Dimatis,1,Some advisory bodies are boards,All boards are rectangles,Some rectangles are advisory bodies,*,*,A,C,*,*,0.8571428571,NA,4269,Dimatis,0,1,0,0
36_47,36,N3-c-M2,47,0,suit,Homonymy,Disamis,1,Some suits have multiple defendants,All suits are dress attire,Some dress attire has multiple defendants,*,*,A,C,*,*,0.5714285714,NA,12648,Disamis,0,1,0,0
36_48,36,N3-c-M2,48,1,novel,Polysemy,Darii,1,All novels are bound,Some mysteries are novels,Some mysteries are bound,*,book-type,C,A,96.7,info,0,NA,7232,Darii,0,0,0,0
36_49,36,N3-c-M2,49,1,liars,Valid Filler,Dimatis,1,Some criminals are liars ,All liars are humans,Some humans are criminals ,*,*,*,*,*,*,*,NA,3783,Dimatis,1,1,0,0
36_50,36,N3-c-M2,50,1,change,Homonymy,Darii,1,All change is money,Some surprises are change,Some surprises are money,*,*,C,A,*,*,0,NA,3521,Darii,0,0,0,0
36_51,36,N3-c-M2,51,1,statues,Valid Filler,Datisi,1,All statues are sculptures,Some statues are bronzes,Some bronzes are sculptures,*,*,*,*,*,*,*,NA,5886,Datisi,1,1,0,0
36_52,36,N3-c-M2,52,1,rifles,Valid Filler,Disamis,1,Some rifles are for hunting,All rifles are guns ,Some guns are for hunting,*,*,*,*,*,*,*,NA,7724,Disamis,1,1,0,0
36_53,36,N3-c-M2,53,1,trucks,Valid Filler,Dimatis,1,Some cars are trucks ,All trucks are vehicles,Some vehicles are cars ,*,*,*,*,*,*,*,NA,1442,Dimatis,1,1,0,0
36_54,36,N3-c-M2,54,1,city,Polysemy,Datisi,1,All cities have laws,Some cities are earthquake zones,Some earthquake zones have laws,*,city-type,A,C,67.7,inst,0,NA,5089,Datisi,0,0,0,0
36_55,36,N3-c-M2,55,0,steaks,Invalid Filler,Disamis*,1,Some steaks are filet mignons,All ribeyes are steaks,Some ribeyes are filet mignons,*,*,*,*,*,*,*,NA,13049,Disamis,0,1,0,0
36_56,36,N3-c-M2,56,0,picnic,Polysemy,Datisi,1,All picnics happen in nature,Some picnics are salads,Some salads happen in nature,*,lunch-type,A,C,59.2,event,0.5714285714,NA,4140,Datisi,0,1,0,0
36_57,36,N3-c-M2,57,1,company,Polysemy,Dimatis,1,Some storefronts are companies,All companies are hierarchies,Some hierarchies are storefronts,*,city-type,C,A,83.8,inst,0.7142857143,NA,23107,Dimatis,0,0,0,0
36_58,36,N3-c-M2,58,0,school,Polysemy,Disamis,1,Some schools are brick,All schools are communities,Some communities are brick,*,city-type,C,A,45.1,inst,0.5714285714,NA,4141,Disamis,0,1,0,0
36_59,36,N3-c-M2,59,0,sausages,Invalid Filler,Datisi*,1,All hot dogs are sausages,Some sausages are salamis,Some hot dogs are salamis,*,*,*,*,*,*,*,NA,6918,Datisi,0,1,0,0
36_60,36,N3-c-M2,60,1,clowns,Valid Filler,Darii,1,All clowns can juggle ,Some circus performers are clowns ,Some circus performers can juggle,*,*,*,*,*,*,*,NA,3701,Darii,1,1,0,0
36_61,36,N3-c-M2,61,0,board,Homonymy,Dimatis,1,Some governing organizations are boards,All boards are wooden planks,Some wooden planks are governing organizations,*,*,A,C,*,*,1,NA,9012,Dimatis,0,1,0,0
36_62,36,N3-c-M2,62,0,novel,Polysemy,Darii,1,All novels are flammable,Some debuts are novels,Some debuts are flammable,*,book-type,C,A,96.7,info,1,NA,8613,Darii,0,1,0,0
36_63,36,N3-c-M2,63,1,breakfast,Polysemy,Darii,1,All breakfasts take place in the morning,Some sandwiches are breakfasts,Some sandwiches take place in the morning,*,lunch-type,A,C,87.1,event,0.4285714286,NA,8582,Darii,0,0,0,0
36_64,36,N3-c-M2,64,0,cabinet,Homonymy,Datisi,1,All cabinets advise the presidents,Some cabinets are Ikea products,Some ikea products advise the president,*,*,A,C,*,*,0.7142857143,NA,6468,Datisi,0,1,0,0
36_65,36,N3-c-M2,65,0,breakfast,Polysemy,Darii,1,All breakfasts are under three hours,Some smoothies are breakfasts,Some smoothies are under three hours,*,lunch-type,A,C,87.1,event,0.7142857143,NA,8454,Darii,0,1,0,0
36_66,36,N3-c-M2,66,0,star,Homonymy,Datisi,1,All stars are charismatic,Some stars are pulsars,Some pulsars are charismatic,*,*,*,*,*,*,0.7142857143,NA,12709,Datisi,0,1,0,0
36_67,36,N3-c-M2,67,0,mothers,Invalid Filler,Darii*,1,All grandmothers are mothers ,Some teens are mothers,Some grandmothers are teens,*,*,*,*,*,*,*,NA,9387,Darii,0,1,0,0
36_68,36,N3-c-M2,68,0,bat,Homonymy,Darii,1,All bats share a common ancestor,Some sporting goods are bats,Some sporting goods share a common ancestor,*,*,*,*,*,*,0.2857142857,NA,9622,Darii,0,1,0,0
36_69,36,N3-c-M2,69,0,rock ,Homonymy,Datisi,1,All rock is rhythmic,Some rock is granite,Some granite is rhythmic,*,*,A,C,100,*,0.8571428571,NA,9780,Datisi,0,1,0,0
36_70,36,N3-c-M2,70,1,funerals,Invalid Filler,Datisi*,1,All open-casket services are funerals,Some funerals are cremations,Some cremations are open-casket services,*,*,*,*,*,*,*,NA,11297,Datisi,0,0,0,0
36_71,36,N3-c-M2,71,0,change,Homonymy,Darii,1,All change is legal tender,Some political revolutions are change,Some political revolutions are legal tender,*,*,C,A,*,*,0.8571428571,NA,102955,Darii,0,1,0,0
36_72,36,N3-c-M2,72,0,dresses,Invalid Filler,Darii*,1,All ball gowns are dresses ,Some cocktail outfits are dresses,Some cocktail outfits are ball gowns,*,*,*,*,*,*,*,NA,15025,Darii,0,1,0,0
36_73,36,N3-c-M2,73,0,school,Polysemy,Disamis,1,Some schools are rectangular,All schools are employers,Some employers are rectangular,*,city-type,C,A,45.1,inst,0.5714285714,NA,2233,Disamis,0,1,0,0
36_74,36,N3-c-M2,74,0,ponies,Valid Filler,Datisi,1,All ponies neigh,Some ponies are colts,Some colts neigh,*,*,*,*,*,*,*,NA,2664,Datisi,1,0,0,0
36_75,36,N3-c-M2,75,0,star,Homonymy,Datisi,1,All stars are famous ,Some stars are red dwarfs,Some red dwarfs are famous,*,*,*,*,*,*,0,NA,1816,Datisi,0,1,0,0
36_76,36,N3-c-M2,76,1,suitcases,Valid Filler,Dimatis,1,Some bags are suitcases,All suitcases are pieces of luggage,Some pieces of luggage are bags,*,*,*,*,*,*,*,NA,1738,Dimatis,1,1,0,0
36_77,36,N3-c-M2,77,0,star,Homonymy,Datisi,1,All stars deal with paparazzi ,Some stars are red dwarfs,Some red dwarfs deal with paparazzi ,*,*,*,*,*,*,0,NA,2031,Datisi,0,1,0,0
36_78,36,N3-c-M2,78,0,magazines,Polysemy,Disamis,1,Some magazines are coffee-stained,All magazines are subscriptions,Some subscriptions are coffee-stained,*,book-type,C,A,68.9,info,0.2857142857,NA,3080,Disamis,0,1,0,0
36_79,36,N3-c-M2,79,1,company,Polysemy,Dimatis,1,Some office buildings are companies,All companies are legal entities,Some legal entities are office buildings ,*,city-type,C,A,83.8,inst,0.5714285714,NA,3026,Dimatis,0,0,0,0
36_80,36,N3-c-M2,80,1,board,Homonymy,Dimatis,1,Some groups are boards,All boards are materials,Some materials are groups,*,*,A,C,*,*,0.5,NA,3377,Dimatis,0,0,0,0
36_81,36,N3-c-M2,81,1,letter,Polysemy,Datisi,1,All letters have stamps,Some letters are rejections,Some rejections have stamps,*,book-type,C,A,78.5,info,0,NA,3227,Datisi,0,0,0,0
36_82,36,N3-c-M2,82,0,ball,Homonymy,Dimatis,1,Some dances are balls,All balls are spheres,Some spheres are dances,*,*,A,C,*,*,0.7142857143,NA,1968,Dimatis,0,1,0,0
36_83,36,N3-c-M2,83,0,match,Homonymy,Disamis,1,Some matches are championships,All matches are fire starters,Some fire starters are championships,*,*,A,C,80,*,0.7142857143,NA,2137,Disamis,0,1,0,0
36_84,36,N3-c-M2,84,1,change,Homonymy,Darii,1,All change jingles,Some social movements are change,Some social movements jingle,*,*,C,A,*,*,0.5714285714,NA,2602,Darii,0,0,0,0
36_85,36,N3-c-M2,85,1,doughnuts,Valid Filler,Darii,1,All doughnuts are sugary ,Some pastries are doughnuts ,Some pastries are sugary,*,*,*,*,*,*,*,NA,1993,Darii,1,1,0,0
36_86,36,N3-c-M2,86,0,magazines,Polysemy,Disamis,1,Some magazines are glossy,All magazines are collaborations,Some collaborations are glossy,*,book-type,C,A,68.9,info,0.5714285714,NA,1971,Disamis,0,1,0,0
36_87,36,N3-c-M2,87,1,dolls,Valid Filler,Darii,1,All dolls are man made,Some toys are dolls ,Some toys are man made,*,*,*,*,*,*,*,NA,1803,Darii,1,1,0,0
36_88,36,N3-c-M2,88,0,swords,Valid Filler,Disamis,1,Some swords are decorative,All swords are weapons ,Some weapons are decorative ,*,*,*,*,*,*,*,NA,1898,Disamis,1,0,0,0
37_1,37,N3-c-M2,1,0,novel,Polysemy,Darii,2,All novels are printed,Some ideas are novels,Some ideas are printed,*,book-type,C,A,96.7,info,0.1428571429,NA,7320,Darii,0,1,0,0
37_2,37,N3-c-M2,2,0,breakfast,Polysemy,Darii,2,All breakfasts are under three hours,Some smoothies are breakfasts,Some smoothies are under three hours,*,lunch-type,A,C,87.1,event,0.7142857143,NA,4088,Darii,0,1,0,0
37_3,37,N3-c-M2,3,0,shapes,Invalid Filler,Disamis*,2,Some shapes are triangles,All squares are shapes,Some squares are triangles,*,*,*,*,*,*,*,NA,2293,Disamis,0,1,0,0
37_4,37,N3-c-M2,4,1,ball,Homonymy,Dimatis,2,Some dances are balls,All balls are circles,Some circles are dances,*,*,A,C,*,*,0.1666666667,NA,4450,Dimatis,0,0,0,0
37_5,37,N3-c-M2,5,1,ponies,Valid Filler,Datisi,2,All ponies neigh,Some ponies are colts,Some colts neigh,*,*,*,*,*,*,*,NA,2708,Datisi,1,1,0,0
37_6,37,N3-c-M2,6,0,change,Homonymy,Darii,2,All change is legal tender,Some political revolutions are change,Some political revolutions are legal tender,*,*,C,A,*,*,0.8571428571,NA,3540,Darii,0,1,0,0
37_7,37,N3-c-M2,7,1,mugs,Valid Filler,Datisi,2,All mugs are cups ,Some mugs are ceramics,Some ceramics are cups ,*,*,*,*,*,*,*,NA,2269,Datisi,1,1,0,0
37_8,37,N3-c-M2,8,0,star,Homonymy,Datisi,2,All stars are charismatic,Some stars are pulsars,Some pulsars are charismatic,*,*,*,*,*,*,0.7142857143,NA,3666,Datisi,0,1,0,0
37_9,37,N3-c-M2,9,1,mothers,Invalid Filler,Darii*,2,All grandmothers are mothers ,Some teens are mothers,Some grandmothers are teens,*,*,*,*,*,*,*,NA,2373,Darii,0,0,0,0
37_10,37,N3-c-M2,10,0,ring,Homonymy,Darii,2,All rings are sounds,Some accessories are rings,Some accessories are sounds,*,*,A,C,*,*,0.7142857143,NA,3885,Darii,0,1,0,0
37_11,37,N3-c-M2,11,1,grapes,Valid Filler,Disamis,2,Some grapes are red ,All grapes are fruits ,Some fruits are red ,*,*,*,*,*,*,*,NA,1733,Disamis,1,1,0,0
37_12,37,N3-c-M2,12,1,board,Homonymy,Dimatis,2,Some groups are boards,All boards are materials,Some materials are groups,*,*,A,C,*,*,0.5,NA,3689,Dimatis,0,0,0,0
37_13,37,N3-c-M2,13,1,toilets,Invalid Filler,Disamis*,2,Some toilets are coed,All urinals are toilets,Some urinals are coed,*,*,*,*,*,*,*,NA,2250,Disamis,0,0,0,0
37_14,37,N3-c-M2,14,0,suit,Homonymy,Disamis,2,Some suits are settled out of court,All suits are formal outfits,Some formal outfits are settled out of court,*,*,A,C,*,*,0.7142857143,NA,20578,Disamis,0,1,0,0
37_15,37,N3-c-M2,15,0,novel,Polysemy,Darii,2,All novels are flammable,Some debuts are novels,Some debuts are flammable,*,book-type,C,A,96.7,info,1,NA,2175,Darii,0,1,0,0
37_16,37,N3-c-M2,16,1,match,Homonymy,Disamis,2,Some matches are shown on TV,All matches are fire starters,Some fire starters are shown on TV,*,*,A,C,*,*,0,NA,2953,Disamis,0,0,0,0
37_17,37,N3-c-M2,17,1,novel,Polysemy,Darii,2,All novels are bound,Some mysteries are novels,Some mysteries are bound,*,book-type,C,A,96.7,info,0,NA,3175,Darii,0,0,0,0
37_18,37,N3-c-M2,18,1,book,Polysemy,Dimatis,2,Some purchases are books,All books are creative endeavours,Some creative endeavours are purchases,*,book-type,C,A,64.5,info,0.1428571429,NA,3441,Dimatis,0,0,0,0
37_19,37,N3-c-M2,19,1,widows,Valid Filler,Dimatis,2,Some mothers are widows ,All widows are women,Some women are mothers,*,*,*,*,*,*,*,NA,2283,Dimatis,1,1,0,0
37_20,37,N3-c-M2,20,1,dolls,Valid Filler,Darii,2,All dolls are man made,Some toys are dolls ,Some toys are man made,*,*,*,*,*,*,*,NA,2229,Darii,1,1,0,0
37_21,37,N3-c-M2,21,0,rock ,Homonymy,Datisi,2,All rock is rhythmic,Some rock is granite,Some granite is rhythmic,*,*,A,C,100,*,0.8571428571,NA,2739,Datisi,0,1,0,0
37_22,37,N3-c-M2,22,1,change,Homonymy,Darii,2,All change is money,Some surprises are change,Some surprises are money,*,*,C,A,*,*,0,NA,3666,Darii,0,0,0,0
37_23,37,N3-c-M2,23,1,match,Homonymy,Disamis,2,Some matches are competitive,All matches are tools,Some tools are competitive,*,*,A,C,80,*,0.5714285714,NA,2166,Disamis,0,0,0,0
37_24,37,N3-c-M2,24,0,book,Polysemy,Dimatis,2,Some doorstops are books,All books are intellectual property,Some intellectual property is a doorstop,*,book-type,C,A,64.5,info,0.5714285714,NA,3024,Dimatis,0,1,0,0
37_25,37,N3-c-M2,25,0,antiques,Invalid Filler,Darii*,2,All medieval manuscripts are antiques ,Some pieces of jewelry are antiques ,Some pieces of jewelry are medieval manuscripts,*,*,*,*,*,*,*,NA,2959,Darii,0,1,0,0
37_26,37,N3-c-M2,26,1,burgers,Valid Filler,Disamis,2,Some burgers are overcooked ,All burgers are sandwiches,Some sandwiches are overcooked ,*,*,*,*,*,*,*,NA,1856,Disamis,1,1,0,0
37_27,37,N3-c-M2,27,0,cabinet,Homonymy,Datisi,2,All cabinets are political appointments,Some cabinets are antique furniture,Some antique furniture are political appointments,*,*,A,C,*,*,0.8571428571,NA,2875,Datisi,0,1,0,0
37_28,37,N3-c-M2,28,0,peppers,Invalid Filler,Dimatis*,2,Some yellow vegetables are peppers ,All jalapenos are peppers,Some jalapenos are yellow vegetables,*,*,*,*,*,*,*,NA,2778,Dimatis,0,1,0,0
37_29,37,N3-c-M2,29,0,ball,Homonymy,Dimatis,2,Some dances are balls,All balls are spheres,Some spheres are dances,*,*,A,C,*,*,0.7142857143,NA,2728,Dimatis,0,1,0,0
37_30,37,N3-c-M2,30,1,actors,Invalid Filler,Datisi*,2,All male leads are actors,Some actors are women,Some women are male leads,*,*,*,*,*,*,*,NA,3319,Datisi,0,0,0,0
37_31,37,N3-c-M2,31,1,letter,Polysemy,Datisi,2,All letters are paper,Some letters are professions of love,Some professions of love are paper,*,book-type,C,A,78.5,info,0.4285714286,NA,2627,Datisi,0,0,0,0
37_32,37,N3-c-M2,32,0,ball,Homonymy,Dimatis,2,Some parties are balls,All balls are toys,Some toys are parties,*,*,A,C,*,*,0.7142857143,NA,2069,Dimatis,0,1,0,0
37_33,37,N3-c-M2,33,0,ring,Homonymy,Darii,2,All rings are noises,Some anniversary gifts are rings,Some anniversary gifts are noises,*,*,A,C,*,*,0.7142857143,NA,5884,Darii,0,1,0,0
37_34,37,N3-c-M2,34,1,city,Polysemy,Datisi,2,All cities are bureaucracies,Some cities are graffitied ,Some bureaucracies are graffitied,*,city-type,A,C,67.7,inst,0.2857142857,NA,2562,Datisi,0,0,0,0
37_35,37,N3-c-M2,35,0,board,Homonymy,Dimatis,2,Some advisory bodies are boards,All boards are rectangles,Some rectangles are advisory bodies,*,*,A,C,*,*,0.8571428571,NA,3489,Dimatis,0,1,0,0
37_36,37,N3-c-M2,36,1,rifles,Valid Filler,Disamis,2,Some rifles are for hunting,All rifles are guns ,Some guns are for hunting,*,*,*,*,*,*,*,NA,3492,Disamis,1,1,0,0
37_37,37,N3-c-M2,37,0,ruler,Homonymy,Disamis,2,Some rulers are monarchs,All rulers are measuring devices,Some measuring devices are monarchs,*,*,*,*,*,*,0.7142857143,NA,2191,Disamis,0,1,0,0
37_38,37,N3-c-M2,38,0,stones,Invalid Filler,Datisi*,2,All pebbles are stones,Some stones are boulders,Some boulders are pebbles,*,*,*,*,*,*,*,NA,2477,Datisi,0,1,0,0
37_39,37,N3-c-M2,39,1,dresses,Invalid Filler,Darii*,2,All ball gowns are dresses ,Some cocktail outfits are dresses,Some cocktail outfits are ball gowns,*,*,*,*,*,*,*,NA,3287,Darii,0,0,0,0
37_40,37,N3-c-M2,40,0,wave,Homonymy,Dimatis,2,Some greetings are waves,Some waves are tsunamis,Some tsunamis are greetings,*,*,A,C,100,*,0.7142857143,NA,2042,Dimatis,0,1,0,0
37_41,37,N3-c-M2,41,1,suitcases,Valid Filler,Dimatis,2,Some bags are suitcases,All suitcases are pieces of luggage,Some pieces of luggage are bags,*,*,*,*,*,*,*,NA,3633,Dimatis,1,1,0,0
37_42,37,N3-c-M2,42,0,bat,Homonymy,Darii,2,All bats share a common ancestor,Some sporting goods are bats,Some sporting goods share a common ancestor,*,*,*,*,*,*,0.2857142857,NA,3420,Darii,0,1,0,0
37_43,37,N3-c-M2,43,1,city,Polysemy,Datisi,2,All cities have laws,Some cities are earthquake zones,Some earthquake zones have laws,*,city-type,A,C,67.7,inst,0,NA,2224,Datisi,0,0,0,0
37_44,37,N3-c-M2,44,0,picnic,Polysemy,Datisi,2,All picnics happen in nature,Some picnics are salads,Some salads happen in nature,*,lunch-type,A,C,59.2,event,0.5714285714,NA,3387,Datisi,0,1,0,0
37_45,37,N3-c-M2,45,0,rock,Homonymy,Datisi,2,All rock has guitars,Some rock is marble,Some marble has guitars,*,*,A,C,100,*,0.8571428571,NA,1786,Datisi,0,1,0,0
37_46,37,N3-c-M2,46,1,doughnuts,Valid Filler,Darii,2,All doughnuts are sugary ,Some pastries are doughnuts ,Some pastries are sugary,*,*,*,*,*,*,*,NA,1972,Darii,1,1,0,0
37_47,37,N3-c-M2,47,1,trucks,Valid Filler,Dimatis,2,Some cars are trucks ,All trucks are vehicles,Some vehicles are cars ,*,*,*,*,*,*,*,NA,1929,Dimatis,1,1,0,0
37_48,37,N3-c-M2,48,1,swords,Valid Filler,Disamis,2,Some swords are decorative,All swords are weapons ,Some weapons are decorative ,*,*,*,*,*,*,*,NA,12088,Disamis,1,1,0,0
37_49,37,N3-c-M2,49,0,steaks,Invalid Filler,Disamis*,2,Some steaks are filet mignons,All ribeyes are steaks,Some ribeyes are filet mignons,*,*,*,*,*,*,*,NA,2785,Disamis,0,1,0,0
37_50,37,N3-c-M2,50,0,dinner,Polysemy,Disamis,2,Some dinners last an hour,All dinners are sources of nutrition,Some sources of nutrition last an hour,*,lunch-type,A,C,90,event,0.1428571429,NA,3636,Disamis,0,1,0,0
37_51,37,N3-c-M2,51,0,company,Polysemy,Dimatis,2,Some storefronts are companies,All companies are hierarchies,Some hierarchies are storefronts,*,city-type,C,A,83.8,inst,0.7142857143,NA,2950,Dimatis,0,1,0,0
37_52,37,N3-c-M2,52,1,bat,Homonymy,Darii,2,All bats hang upside down,Some sporting goods are bats,Some sporting goods hang upside down,*,*,*,*,*,*,0,NA,2792,Darii,0,0,0,0
37_53,37,N3-c-M2,53,1,poets,Valid Filler,Datisi,2,All poets are writers ,Some poets are teachers,Some teachers are writers,*,*,*,*,*,*,*,NA,2295,Datisi,1,1,0,0
37_54,37,N3-c-M2,54,0,colors,Invalid Filler,Disamis*,2,Some colors are primary ,All shades of purple are colors ,Some shades of purple are primary,*,*,*,*,*,*,*,NA,4842,Disamis,0,1,0,0
37_55,37,N3-c-M2,55,0,magazines,Polysemy,Disamis,2,Some magazines are glossy,All magazines are collaborations,Some collaborations are glossy,*,book-type,C,A,68.9,info,0.5714285714,NA,2259,Disamis,0,1,0,0
37_56,37,N3-c-M2,56,0,magazines,Polysemy,Disamis,2,Some magazines are coffee-stained,All magazines are subscriptions,Some subscriptions are coffee-stained,*,book-type,C,A,68.9,info,0.2857142857,NA,11005,Disamis,0,1,0,0
37_57,37,N3-c-M2,57,1,thieves,Invalid Filler,Dimatis*,2,Some children are thieves,All mob bosses are thieves,Some mob bosses are children,*,*,*,*,*,*,*,NA,2468,Dimatis,0,0,0,0
37_58,37,N3-c-M2,58,0,lunch,Polysemy,Dimatis,2,Some breaks are lunches,All lunches are entrées,Some entrées are breaks,*,lunch-type,A,C,96.6,event,0.7142857143,NA,2087,Dimatis,0,1,0,0
37_59,37,N3-c-M2,59,0,lunch,Polysemy,Dimatis,2,lunch-type,All lunches are menu items,Some menu items are meetings,*,lunch-type,A,C,96.6,event,1,NA,3557,Dimatis,0,1,0,0
37_60,37,N3-c-M2,60,0,dances,Invalid Filler,Darii*,2,All polkas are dances ,Some mating rituals are dances ,Some mating rituals are polkas ,*,*,*,*,*,*,*,NA,4055,Darii,0,1,0,0
37_61,37,N3-c-M2,61,1,breakfast,Polysemy,Darii,2,All breakfasts take place in the morning,Some sandwiches are breakfasts,Some sandwiches take place in the morning,*,lunch-type,A,C,87.1,event,0.4285714286,NA,4049,Darii,0,0,0,0
37_62,37,N3-c-M2,62,0,star,Homonymy,Datisi,2,All stars deal with paparazzi ,Some stars are red dwarfs,Some red dwarfs deal with paparazzi ,*,*,*,*,*,*,0,NA,5431,Datisi,0,1,0,0
37_63,37,N3-c-M2,63,0,cabinet,Homonymy,Datisi,2,All cabinets are selected by leaders,Some cabinets are cupboards,Some cupboards are selected by leaders,*,*,A,C,*,*,0.3333333333,NA,3249,Datisi,0,1,0,0
37_64,37,N3-c-M2,64,0,school,Polysemy,Disamis,2,Some schools are rectangular,All schools are employers,Some employers are rectangular,*,city-type,C,A,45.1,inst,0.5714285714,NA,7575,Disamis,0,1,0,0
37_65,37,N3-c-M2,65,0,change,Homonymy,Darii,2,All change jingles,Some social movements are change,Some social movements jingle,*,*,C,A,*,*,0.5714285714,NA,5302,Darii,0,1,0,0
37_66,37,N3-c-M2,66,0,picnic,Polysemy,Datisi,2,All picnics are leisurely,Some picnics are charcuterie,Some charcuterie is leisurely,*,lunch-type,A,C,59.2,event,0.7142857143,NA,2560,Datisi,0,1,0,0
37_67,37,N3-c-M2,67,0,wave,Homonymy,Dimatis,2,Some gestures are waves,Some waves are ripples,Some ripples are gestures,*,*,A,C,100,*,0.4285714286,NA,3922,Dimatis,0,1,0,0
37_68,37,N3-c-M2,68,0,board,Homonymy,Dimatis,2,Some governing organizations are boards,All boards are wooden planks,Some wooden planks are governing organizations,*,*,A,C,*,*,1,NA,3292,Dimatis,0,1,0,0
37_69,37,N3-c-M2,69,0,cabinet,Homonymy,Datisi,2,All cabinets advise the presidents,Some cabinets are Ikea products,Some ikea products advise the president,*,*,A,C,*,*,0.7142857143,NA,2851,Datisi,0,1,0,0
37_70,37,N3-c-M2,70,1,clowns,Valid Filler,Darii,2,All clowns can juggle ,Some circus performers are clowns ,Some circus performers can juggle,*,*,*,*,*,*,*,NA,2252,Darii,1,1,0,0
37_71,37,N3-c-M2,71,1,liars,Valid Filler,Dimatis,2,Some criminals are liars ,All liars are humans,Some humans are criminals ,*,*,*,*,*,*,*,NA,2164,Dimatis,1,1,0,0
37_72,37,N3-c-M2,72,1,statues,Valid Filler,Datisi,2,All statues are sculptures,Some statues are bronzes,Some bronzes are sculptures,*,*,*,*,*,*,*,NA,2656,Datisi,1,1,0,0
37_73,37,N3-c-M2,73,1,college,Polysemy,Darii,2,All colleges have spirit,Some colleges are national landmarks,Some national landmarks have spirit,*,city-type,A,C,56.6,inst,0.1428571429,NA,3510,Darii,0,0,0,0
37_74,37,N3-c-M2,74,0,school,Polysemy,Disamis,2,Some schools are brick,All schools are communities,Some communities are brick,*,city-type,C,A,45.1,inst,0.5714285714,NA,2190,Disamis,0,1,0,0
37_75,37,N3-c-M2,75,0,bat,Homonymy,Darii,2,All bats are mammals,Some weapons are bats,Some weapons are mammals,*,*,*,*,*,*,0.4285714286,NA,1645,Darii,0,1,0,0
37_76,37,N3-c-M2,76,1,company,Polysemy,Dimatis,2,Some office buildings are companies,All companies are legal entities,Some legal entities are office buildings ,*,city-type,C,A,83.8,inst,0.5714285714,NA,3131,Dimatis,0,0,0,0
37_77,37,N3-c-M2,77,0,suit,Homonymy,Disamis,2,Some suits have multiple defendants,All suits are dress attire,Some dress attire has multiple defendants,*,*,A,C,*,*,0.5714285714,NA,4417,Disamis,0,1,0,0
37_78,37,N3-c-M2,78,1,star,Homonymy,Datisi,2,All stars are famous ,Some stars are red dwarfs,Some red dwarfs are famous,*,*,*,*,*,*,0,NA,2419,Datisi,0,0,0,0
37_79,37,N3-c-M2,79,1,singers,Valid Filler,Darii,2,All singers have an ideal vocal range ,Some guitarists are singers,Some guitarists have an ideal vocal range,*,*,*,*,*,*,*,NA,2608,Darii,1,1,0,0
37_80,37,N3-c-M2,80,1,letter,Polysemy,Datisi,2,All letters have stamps,Some letters are rejections,Some rejections have stamps,*,book-type,C,A,78.5,info,0,NA,3301,Datisi,0,0,0,0
37_81,37,N3-c-M2,81,0,funerals,Invalid Filler,Datisi*,2,All open-casket services are funerals,Some funerals are cremations,Some cremations are open-casket services,*,*,*,*,*,*,*,NA,2594,Datisi,0,1,0,0
37_82,37,N3-c-M2,82,0,injuries,Invalid Filler,Dimatis*,2,Some sunburns are injuries,All cases of frostbite are injuries,Some cases of frostbite are sunburns,*,*,*,*,*,*,*,NA,3247,Dimatis,0,1,0,0
37_83,37,N3-c-M2,83,0,college,Polysemy,Darii,2,All colleges grant degrees,Some colleges are historic buildings,Some historic buildings grant degrees,*,city-type,A,C,56.6,inst,0.2857142857,NA,2778,Darii,0,1,0,0
37_84,37,N3-c-M2,84,0,sausages,Invalid Filler,Datisi*,2,All hot dogs are sausages,Some sausages are salamis,Some hot dogs are salamis,*,*,*,*,*,*,*,NA,2513,Datisi,0,1,0,0
37_85,37,N3-c-M2,85,0,dinner,Polysemy,Disamis,2,Some dinners are black tie,All dinners are foods,Some foods are black tie,*,lunch-type,A,C,90,event,0.5714285714,NA,2397,Disamis,0,1,0,0
37_86,37,N3-c-M2,86,0,ruler,Homonymy,Disamis,2,Some rulers are kings,All rulers are standard lengths,Some standard lengths are kings,*,*,*,*,*,*,0.8571428571,NA,2219,Disamis,0,1,0,0
37_87,37,N3-c-M2,87,0,match,Homonymy,Disamis,2,Some matches are championships,All matches are fire starters,Some fire starters are championships,*,*,A,C,80,*,0.7142857143,NA,2977,Disamis,0,1,0,0
37_88,37,N3-c-M2,88,1,spices,Invalid Filler,Dimatis*,2,Some dried roots are spices ,All mustard seeds are spices ,Some mustard seeds are dried roots,*,*,*,*,*,*,*,NA,3180,Dimatis,0,0,0,0
38_1,38,N3-c-M2,1,1,lunch,Polysemy,Dimatis,1,Some breaks are lunches,All lunches are entrées,Some entrées are breaks,*,lunch-type,A,C,96.6,event,0.7142857143,NA,8428,Dimatis,0,0,0,0
38_2,38,N3-c-M2,2,1,book,Polysemy,Dimatis,1,Some purchases are books,All books are creative endeavours,Some creative endeavours are purchases,*,book-type,C,A,64.5,info,0.1428571429,NA,2939,Dimatis,0,0,0,0
38_3,38,N3-c-M2,3,1,grapes,Valid Filler,Disamis,1,Some grapes are red ,All grapes are fruits ,Some fruits are red ,*,*,*,*,*,*,*,NA,2007,Disamis,1,1,0,0
38_4,38,N3-c-M2,4,1,singers,Valid Filler,Darii,1,All singers have an ideal vocal range ,Some guitarists are singers,Some guitarists have an ideal vocal range,*,*,*,*,*,*,*,NA,2773,Darii,1,1,0,0
38_5,38,N3-c-M2,5,1,ruler,Homonymy,Disamis,1,Some rulers are kings,All rulers are standard lengths,Some standard lengths are kings,*,*,*,*,*,*,0.8571428571,NA,6511,Disamis,0,0,0,0
38_6,38,N3-c-M2,6,0,peppers,Invalid Filler,Dimatis*,1,Some yellow vegetables are peppers ,All jalapenos are peppers,Some jalapenos are yellow vegetables,*,*,*,*,*,*,*,NA,3925,Dimatis,0,1,0,0
38_7,38,N3-c-M2,7,0,injuries,Invalid Filler,Dimatis*,1,Some sunburns are injuries,All cases of frostbite are injuries,Some cases of frostbite are sunburns,*,*,*,*,*,*,*,NA,3614,Dimatis,0,1,0,0
38_8,38,N3-c-M2,8,0,shapes,Invalid Filler,Disamis*,1,Some shapes are triangles,All squares are shapes,Some squares are triangles,*,*,*,*,*,*,*,NA,2064,Disamis,0,1,0,0
38_9,38,N3-c-M2,9,0,colors,Invalid Filler,Disamis*,1,Some colors are primary ,All shades of purple are colors ,Some shades of purple are primary,*,*,*,*,*,*,*,NA,2369,Disamis,0,1,0,0
38_10,38,N3-c-M2,10,1,spices,Invalid Filler,Dimatis*,1,Some dried roots are spices ,All mustard seeds are spices ,Some mustard seeds are dried roots,*,*,*,*,*,*,*,NA,2465,Dimatis,0,0,0,0
38_11,38,N3-c-M2,11,1,ring,Homonymy,Darii,1,All rings are sounds,Some accessories are rings,Some accessories are sounds,*,*,A,C,*,*,0.7142857143,NA,4057,Darii,0,0,0,0
38_12,38,N3-c-M2,12,0,toilets,Invalid Filler,Disamis*,1,Some toilets are coed,All urinals are toilets,Some urinals are coed,*,*,*,*,*,*,*,NA,5489,Disamis,0,1,0,0
38_13,38,N3-c-M2,13,0,ball,Homonymy,Dimatis,1,Some dances are balls,All balls are circles,Some circles are dances,*,*,A,C,*,*,0.1666666667,NA,2663,Dimatis,0,1,0,0
38_14,38,N3-c-M2,14,0,ball,Homonymy,Dimatis,1,Some parties are balls,All balls are toys,Some toys are parties,*,*,A,C,*,*,0.7142857143,NA,2445,Dimatis,0,1,0,0
38_15,38,N3-c-M2,15,0,bat,Homonymy,Darii,1,All bats are mammals,Some weapons are bats,Some weapons are mammals,*,*,*,*,*,*,0.4285714286,NA,3957,Darii,0,1,0,0
38_16,38,N3-c-M2,16,1,novel,Polysemy,Darii,1,All novels are printed,Some ideas are novels,Some ideas are printed,*,book-type,C,A,96.7,info,0.1428571429,NA,2664,Darii,0,0,0,0
38_17,38,N3-c-M2,17,-99,dinner,Polysemy,Disamis,1,Some dinners last an hour,All dinners are sources of nutrition,Some sources of nutrition last an hour,*,lunch-type,A,C,90,event,0.1428571429,NA,161524,Disamis,0,0,0,1
38_18,38,N3-c-M2,18,-99,wave,Homonymy,Dimatis,1,Some gestures are waves,Some waves are ripples,Some ripples are gestures,*,*,A,C,100,*,0.4285714286,NA,120007,Dimatis,0,0,0,1
38_19,38,N3-c-M2,19,-99,stones,Invalid Filler,Datisi*,1,All pebbles are stones,Some stones are boulders,Some boulders are pebbles,*,*,*,*,*,*,*,NA,128544,Datisi,0,0,0,1
38_20,38,N3-c-M2,20,0,wave,Homonymy,Dimatis,1,Some greetings are waves,Some waves are tsunamis,Some tsunamis are greetings,*,*,A,C,100,*,0.7142857143,NA,3651,Dimatis,0,1,0,0
38_21,38,N3-c-M2,21,0,dinner,Polysemy,Disamis,1,Some dinners are black tie,All dinners are foods,Some foods are black tie,*,lunch-type,A,C,90,event,0.5714285714,NA,2105,Disamis,0,1,0,0
38_22,38,N3-c-M2,22,1,picnic,Polysemy,Datisi,1,All picnics are leisurely,Some picnics are charcuterie,Some charcuterie is leisurely,*,lunch-type,A,C,59.2,event,0.7142857143,NA,2651,Datisi,0,0,0,0
38_23,38,N3-c-M2,23,0,book,Polysemy,Dimatis,1,Some doorstops are books,All books are intellectual property,Some intellectual property is a doorstop,*,book-type,C,A,64.5,info,0.5714285714,NA,3960,Dimatis,0,1,0,0
38_24,38,N3-c-M2,24,1,college,Polysemy,Darii,1,All colleges grant degrees,Some colleges are historic buildings,Some historic buildings grant degrees,*,city-type,A,C,56.6,inst,0.2857142857,NA,3709,Darii,0,0,0,0
38_25,38,N3-c-M2,25,0,antiques,Invalid Filler,Darii*,1,All medieval manuscripts are antiques ,Some pieces of jewelry are antiques ,Some pieces of jewelry are medieval manuscripts,*,*,*,*,*,*,*,NA,2446,Darii,0,1,0,0
38_26,38,N3-c-M2,26,1,burgers,Valid Filler,Disamis,1,Some burgers are overcooked ,All burgers are sandwiches,Some sandwiches are overcooked ,*,*,*,*,*,*,*,NA,2431,Disamis,1,1,0,0
38_27,38,N3-c-M2,27,0,thieves,Invalid Filler,Dimatis*,1,Some children are thieves,All mob bosses are thieves,Some mob bosses are children,*,*,*,*,*,*,*,NA,2153,Dimatis,0,1,0,0
38_28,38,N3-c-M2,28,0,city,Polysemy,Datisi,1,All cities are bureaucracies,Some cities are graffitied ,Some bureaucracies are graffitied,*,city-type,A,C,67.7,inst,0.2857142857,NA,3101,Datisi,0,1,0,0
38_29,38,N3-c-M2,29,0,suit,Homonymy,Disamis,1,Some suits are settled out of court,All suits are formal outfits,Some formal outfits are settled out of court,*,*,A,C,*,*,0.7142857143,NA,6334,Disamis,0,1,0,0
38_30,38,N3-c-M2,30,1,college,Polysemy,Darii,1,All colleges have spirit,Some colleges are national landmarks,Some national landmarks have spirit,*,city-type,A,C,56.6,inst,0.1428571429,NA,5267,Darii,0,0,0,0
38_31,38,N3-c-M2,31,0,cabinet,Homonymy,Datisi,1,All cabinets are selected by leaders,Some cabinets are cupboards,Some cupboards are selected by leaders,*,*,A,C,*,*,0.3333333333,NA,4900,Datisi,0,1,0,0
38_32,38,N3-c-M2,32,0,dances,Invalid Filler,Darii*,1,All polkas are dances ,Some mating rituals are dances ,Some mating rituals are polkas ,*,*,*,*,*,*,*,NA,3087,Darii,0,1,0,0
38_33,38,N3-c-M2,33,1,poets,Valid Filler,Datisi,1,All poets are writers ,Some poets are teachers,Some teachers are writers,*,*,*,*,*,*,*,NA,2083,Datisi,1,1,0,0
38_34,38,N3-c-M2,34,0,rock,Homonymy,Datisi,1,All rock has guitars,Some rock is marble,Some marble has guitars,*,*,A,C,100,*,0.8571428571,NA,2481,Datisi,0,1,0,0
38_35,38,N3-c-M2,35,0,ruler,Homonymy,Disamis,1,Some rulers are monarchs,All rulers are measuring devices,Some measuring devices are monarchs,*,*,*,*,*,*,0.7142857143,NA,3449,Disamis,0,1,0,0
38_36,38,N3-c-M2,36,1,match,Homonymy,Disamis,1,Some matches are shown on TV,All matches are fire starters,Some fire starters are shown on TV,*,*,A,C,*,*,0,NA,3213,Disamis,0,0,0,0
38_37,38,N3-c-M2,37,0,cabinet,Homonymy,Datisi,1,All cabinets are political appointments,Some cabinets are antique furniture,Some antique furniture are political appointments,*,*,A,C,*,*,0.8571428571,NA,3311,Datisi,0,1,0,0
38_38,38,N3-c-M2,38,0,lunch,Polysemy,Dimatis,1,lunch-type,All lunches are menu items,Some menu items are meetings,*,lunch-type,A,C,96.6,event,1,NA,2971,Dimatis,0,1,0,0
38_39,38,N3-c-M2,39,0,actors,Invalid Filler,Datisi*,1,All male leads are actors,Some actors are women,Some women are male leads,*,*,*,*,*,*,*,NA,10148,Datisi,0,1,0,0
38_40,38,N3-c-M2,40,1,letter,Polysemy,Datisi,1,All letters are paper,Some letters are professions of love,Some professions of love are paper,*,book-type,C,A,78.5,info,0.4285714286,NA,8709,Datisi,0,0,0,0
38_41,38,N3-c-M2,41,0,ring,Homonymy,Darii,1,All rings are noises,Some anniversary gifts are rings,Some anniversary gifts are noises,*,*,A,C,*,*,0.7142857143,NA,3697,Darii,0,1,0,0
38_42,38,N3-c-M2,42,0,bat,Homonymy,Darii,1,All bats hang upside down,Some sporting goods are bats,Some sporting goods hang upside down,*,*,*,*,*,*,0,NA,3519,Darii,0,1,0,0
38_43,38,N3-c-M2,43,0,match,Homonymy,Disamis,1,Some matches are competitive,All matches are tools,Some tools are competitive,*,*,A,C,80,*,0.5714285714,NA,5547,Disamis,0,1,0,0
38_44,38,N3-c-M2,44,1,mugs,Valid Filler,Datisi,1,All mugs are cups ,Some mugs are ceramics,Some ceramics are cups ,*,*,*,*,*,*,*,NA,2081,Datisi,1,1,0,0
38_45,38,N3-c-M2,45,1,widows,Valid Filler,Dimatis,1,Some mothers are widows ,All widows are women,Some women are mothers,*,*,*,*,*,*,*,NA,2028,Dimatis,1,1,0,0
38_46,38,N3-c-M2,46,0,board,Homonymy,Dimatis,1,Some advisory bodies are boards,All boards are rectangles,Some rectangles are advisory bodies,*,*,A,C,*,*,0.8571428571,NA,2057,Dimatis,0,1,0,0
38_47,38,N3-c-M2,47,0,suit,Homonymy,Disamis,1,Some suits have multiple defendants,All suits are dress attire,Some dress attire has multiple defendants,*,*,A,C,*,*,0.5714285714,NA,3098,Disamis,0,1,0,0
38_48,38,N3-c-M2,48,0,novel,Polysemy,Darii,1,All novels are bound,Some mysteries are novels,Some mysteries are bound,*,book-type,C,A,96.7,info,0,NA,2587,Darii,0,1,0,0
38_49,38,N3-c-M2,49,1,liars,Valid Filler,Dimatis,1,Some criminals are liars ,All liars are humans,Some humans are criminals ,*,*,*,*,*,*,*,NA,1757,Dimatis,1,1,0,0
38_50,38,N3-c-M2,50,1,change,Homonymy,Darii,1,All change is money,Some surprises are change,Some surprises are money,*,*,C,A,*,*,0,NA,1835,Darii,0,0,0,0
38_51,38,N3-c-M2,51,1,statues,Valid Filler,Datisi,1,All statues are sculptures,Some statues are bronzes,Some bronzes are sculptures,*,*,*,*,*,*,*,NA,2199,Datisi,1,1,0,0
38_52,38,N3-c-M2,52,1,rifles,Valid Filler,Disamis,1,Some rifles are for hunting,All rifles are guns ,Some guns are for hunting,*,*,*,*,*,*,*,NA,2289,Disamis,1,1,0,0
38_53,38,N3-c-M2,53,1,trucks,Valid Filler,Dimatis,1,Some cars are trucks ,All trucks are vehicles,Some vehicles are cars ,*,*,*,*,*,*,*,NA,1982,Dimatis,1,1,0,0
38_54,38,N3-c-M2,54,1,city,Polysemy,Datisi,1,All cities have laws,Some cities are earthquake zones,Some earthquake zones have laws,*,city-type,A,C,67.7,inst,0,NA,3304,Datisi,0,0,0,0
38_55,38,N3-c-M2,55,0,steaks,Invalid Filler,Disamis*,1,Some steaks are filet mignons,All ribeyes are steaks,Some ribeyes are filet mignons,*,*,*,*,*,*,*,NA,3109,Disamis,0,1,0,0
38_56,38,N3-c-M2,56,1,picnic,Polysemy,Datisi,1,All picnics happen in nature,Some picnics are salads,Some salads happen in nature,*,lunch-type,A,C,59.2,event,0.5714285714,NA,3497,Datisi,0,0,0,0
38_57,38,N3-c-M2,57,0,company,Polysemy,Dimatis,1,Some storefronts are companies,All companies are hierarchies,Some hierarchies are storefronts,*,city-type,C,A,83.8,inst,0.7142857143,NA,2148,Dimatis,0,1,0,0
38_58,38,N3-c-M2,58,0,school,Polysemy,Disamis,1,Some schools are brick,All schools are communities,Some communities are brick,*,city-type,C,A,45.1,inst,0.5714285714,NA,2548,Disamis,0,1,0,0
38_59,38,N3-c-M2,59,0,sausages,Invalid Filler,Datisi*,1,All hot dogs are sausages,Some sausages are salamis,Some hot dogs are salamis,*,*,*,*,*,*,*,NA,1861,Datisi,0,1,0,0
38_60,38,N3-c-M2,60,1,clowns,Valid Filler,Darii,1,All clowns can juggle ,Some circus performers are clowns ,Some circus performers can juggle,*,*,*,*,*,*,*,NA,2235,Darii,1,1,0,0
38_61,38,N3-c-M2,61,0,board,Homonymy,Dimatis,1,Some governing organizations are boards,All boards are wooden planks,Some wooden planks are governing organizations,*,*,A,C,*,*,1,NA,3106,Dimatis,0,1,0,0
38_62,38,N3-c-M2,62,0,novel,Polysemy,Darii,1,All novels are flammable,Some debuts are novels,Some debuts are flammable,*,book-type,C,A,96.7,info,1,NA,4814,Darii,0,1,0,0
38_63,38,N3-c-M2,63,1,breakfast,Polysemy,Darii,1,All breakfasts take place in the morning,Some sandwiches are breakfasts,Some sandwiches take place in the morning,*,lunch-type,A,C,87.1,event,0.4285714286,NA,4009,Darii,0,0,0,0
38_64,38,N3-c-M2,64,0,cabinet,Homonymy,Datisi,1,All cabinets advise the presidents,Some cabinets are Ikea products,Some ikea products advise the president,*,*,A,C,*,*,0.7142857143,NA,4487,Datisi,0,1,0,0
38_65,38,N3-c-M2,65,1,breakfast,Polysemy,Darii,1,All breakfasts are under three hours,Some smoothies are breakfasts,Some smoothies are under three hours,*,lunch-type,A,C,87.1,event,0.7142857143,NA,3217,Darii,0,0,0,0
38_66,38,N3-c-M2,66,0,star,Homonymy,Datisi,1,All stars are charismatic,Some stars are pulsars,Some pulsars are charismatic,*,*,*,*,*,*,0.7142857143,NA,2001,Datisi,0,1,0,0
38_67,38,N3-c-M2,67,0,mothers,Invalid Filler,Darii*,1,All grandmothers are mothers ,Some teens are mothers,Some grandmothers are teens,*,*,*,*,*,*,*,NA,5871,Darii,0,1,0,0
38_68,38,N3-c-M2,68,0,bat,Homonymy,Darii,1,All bats share a common ancestor,Some sporting goods are bats,Some sporting goods share a common ancestor,*,*,*,*,*,*,0.2857142857,NA,3308,Darii,0,1,0,0
38_69,38,N3-c-M2,69,0,rock ,Homonymy,Datisi,1,All rock is rhythmic,Some rock is granite,Some granite is rhythmic,*,*,A,C,100,*,0.8571428571,NA,4079,Datisi,0,1,0,0
38_70,38,N3-c-M2,70,0,funerals,Invalid Filler,Datisi*,1,All open-casket services are funerals,Some funerals are cremations,Some cremations are open-casket services,*,*,*,*,*,*,*,NA,3449,Datisi,0,1,0,0
38_71,38,N3-c-M2,71,0,change,Homonymy,Darii,1,All change is legal tender,Some political revolutions are change,Some political revolutions are legal tender,*,*,C,A,*,*,0.8571428571,NA,3565,Darii,0,1,0,0
38_72,38,N3-c-M2,72,1,dresses,Invalid Filler,Darii*,1,All ball gowns are dresses ,Some cocktail outfits are dresses,Some cocktail outfits are ball gowns,*,*,*,*,*,*,*,NA,2904,Darii,0,0,0,0
38_73,38,N3-c-M2,73,0,school,Polysemy,Disamis,1,Some schools are rectangular,All schools are employers,Some employers are rectangular,*,city-type,C,A,45.1,inst,0.5714285714,NA,2078,Disamis,0,1,0,0
38_74,38,N3-c-M2,74,1,ponies,Valid Filler,Datisi,1,All ponies neigh,Some ponies are colts,Some colts neigh,*,*,*,*,*,*,*,NA,2718,Datisi,1,1,0,0
38_75,38,N3-c-M2,75,1,star,Homonymy,Datisi,1,All stars are famous ,Some stars are red dwarfs,Some red dwarfs are famous,*,*,*,*,*,*,0,NA,2640,Datisi,0,0,0,0
38_76,38,N3-c-M2,76,1,suitcases,Valid Filler,Dimatis,1,Some bags are suitcases,All suitcases are pieces of luggage,Some pieces of luggage are bags,*,*,*,*,*,*,*,NA,2768,Dimatis,1,1,0,0
38_77,38,N3-c-M2,77,0,star,Homonymy,Datisi,1,All stars deal with paparazzi ,Some stars are red dwarfs,Some red dwarfs deal with paparazzi ,*,*,*,*,*,*,0,NA,2002,Datisi,0,1,0,0
38_78,38,N3-c-M2,78,0,magazines,Polysemy,Disamis,1,Some magazines are coffee-stained,All magazines are subscriptions,Some subscriptions are coffee-stained,*,book-type,C,A,68.9,info,0.2857142857,NA,3037,Disamis,0,1,0,0
38_79,38,N3-c-M2,79,1,company,Polysemy,Dimatis,1,Some office buildings are companies,All companies are legal entities,Some legal entities are office buildings ,*,city-type,C,A,83.8,inst,0.5714285714,NA,3317,Dimatis,0,0,0,0
38_80,38,N3-c-M2,80,1,board,Homonymy,Dimatis,1,Some groups are boards,All boards are materials,Some materials are groups,*,*,A,C,*,*,0.5,NA,2956,Dimatis,0,0,0,0
38_81,38,N3-c-M2,81,0,letter,Polysemy,Datisi,1,All letters have stamps,Some letters are rejections,Some rejections have stamps,*,book-type,C,A,78.5,info,0,NA,3480,Datisi,0,1,0,0
38_82,38,N3-c-M2,82,0,ball,Homonymy,Dimatis,1,Some dances are balls,All balls are spheres,Some spheres are dances,*,*,A,C,*,*,0.7142857143,NA,2158,Dimatis,0,1,0,0
38_83,38,N3-c-M2,83,0,match,Homonymy,Disamis,1,Some matches are championships,All matches are fire starters,Some fire starters are championships,*,*,A,C,80,*,0.7142857143,NA,2044,Disamis,0,1,0,0
38_84,38,N3-c-M2,84,0,change,Homonymy,Darii,1,All change jingles,Some social movements are change,Some social movements jingle,*,*,C,A,*,*,0.5714285714,NA,3096,Darii,0,1,0,0
38_85,38,N3-c-M2,85,1,doughnuts,Valid Filler,Darii,1,All doughnuts are sugary ,Some pastries are doughnuts ,Some pastries are sugary,*,*,*,*,*,*,*,NA,2758,Darii,1,1,0,0
38_86,38,N3-c-M2,86,0,magazines,Polysemy,Disamis,1,Some magazines are glossy,All magazines are collaborations,Some collaborations are glossy,*,book-type,C,A,68.9,info,0.5714285714,NA,1718,Disamis,0,1,0,0
38_87,38,N3-c-M2,87,1,dolls,Valid Filler,Darii,1,All dolls are man made,Some toys are dolls ,Some toys are man made,*,*,*,*,*,*,*,NA,2060,Darii,1,1,0,0
38_88,38,N3-c-M2,88,1,swords,Valid Filler,Disamis,1,Some swords are decorative,All swords are weapons ,Some weapons are decorative ,*,*,*,*,*,*,*,NA,3011,Disamis,1,1,0,0
39_1,39,N3-c-M2,1,1,novel,Polysemy,Darii,2,All novels are printed,Some ideas are novels,Some ideas are printed,*,book-type,C,A,96.7,info,0.1428571429,NA,4315,Darii,0,0,0,0
39_2,39,N3-c-M2,2,1,breakfast,Polysemy,Darii,2,All breakfasts are under three hours,Some smoothies are breakfasts,Some smoothies are under three hours,*,lunch-type,A,C,87.1,event,0.7142857143,NA,6506,Darii,0,0,0,0
39_3,39,N3-c-M2,3,0,shapes,Invalid Filler,Disamis*,2,Some shapes are triangles,All squares are shapes,Some squares are triangles,*,*,*,*,*,*,*,NA,3374,Disamis,0,1,0,0
39_4,39,N3-c-M2,4,1,ball,Homonymy,Dimatis,2,Some dances are balls,All balls are circles,Some circles are dances,*,*,A,C,*,*,0.1666666667,NA,5222,Dimatis,0,0,0,0
39_5,39,N3-c-M2,5,0,ponies,Valid Filler,Datisi,2,All ponies neigh,Some ponies are colts,Some colts neigh,*,*,*,*,*,*,*,NA,3688,Datisi,1,0,0,0
39_6,39,N3-c-M2,6,1,change,Homonymy,Darii,2,All change is legal tender,Some political revolutions are change,Some political revolutions are legal tender,*,*,C,A,*,*,0.8571428571,NA,5191,Darii,0,0,0,0
39_7,39,N3-c-M2,7,1,mugs,Valid Filler,Datisi,2,All mugs are cups ,Some mugs are ceramics,Some ceramics are cups ,*,*,*,*,*,*,*,NA,5728,Datisi,1,1,0,0
39_8,39,N3-c-M2,8,1,star,Homonymy,Datisi,2,All stars are charismatic,Some stars are pulsars,Some pulsars are charismatic,*,*,*,*,*,*,0.7142857143,NA,3561,Datisi,0,0,0,0
39_9,39,N3-c-M2,9,0,mothers,Invalid Filler,Darii*,2,All grandmothers are mothers ,Some teens are mothers,Some grandmothers are teens,*,*,*,*,*,*,*,NA,2917,Darii,0,1,0,0
39_10,39,N3-c-M2,10,1,ring,Homonymy,Darii,2,All rings are sounds,Some accessories are rings,Some accessories are sounds,*,*,A,C,*,*,0.7142857143,NA,3927,Darii,0,0,0,0
39_11,39,N3-c-M2,11,1,grapes,Valid Filler,Disamis,2,Some grapes are red ,All grapes are fruits ,Some fruits are red ,*,*,*,*,*,*,*,NA,2821,Disamis,1,1,0,0
39_12,39,N3-c-M2,12,0,board,Homonymy,Dimatis,2,Some groups are boards,All boards are materials,Some materials are groups,*,*,A,C,*,*,0.5,NA,4330,Dimatis,0,1,0,0
39_13,39,N3-c-M2,13,0,toilets,Invalid Filler,Disamis*,2,Some toilets are coed,All urinals are toilets,Some urinals are coed,*,*,*,*,*,*,*,NA,6708,Disamis,0,1,0,0
39_14,39,N3-c-M2,14,1,suit,Homonymy,Disamis,2,Some suits are settled out of court,All suits are formal outfits,Some formal outfits are settled out of court,*,*,A,C,*,*,0.7142857143,NA,7152,Disamis,0,0,0,0
39_15,39,N3-c-M2,15,0,novel,Polysemy,Darii,2,All novels are flammable,Some debuts are novels,Some debuts are flammable,*,book-type,C,A,96.7,info,1,NA,3265,Darii,0,1,0,0
39_16,39,N3-c-M2,16,1,match,Homonymy,Disamis,2,Some matches are shown on TV,All matches are fire starters,Some fire starters are shown on TV,*,*,A,C,*,*,0,NA,4550,Disamis,0,0,0,0
39_17,39,N3-c-M2,17,1,novel,Polysemy,Darii,2,All novels are bound,Some mysteries are novels,Some mysteries are bound,*,book-type,C,A,96.7,info,0,NA,3538,Darii,0,0,0,0
39_18,39,N3-c-M2,18,1,book,Polysemy,Dimatis,2,Some purchases are books,All books are creative endeavours,Some creative endeavours are purchases,*,book-type,C,A,64.5,info,0.1428571429,NA,3910,Dimatis,0,0,0,0
39_19,39,N3-c-M2,19,1,widows,Valid Filler,Dimatis,2,Some mothers are widows ,All widows are women,Some women are mothers,*,*,*,*,*,*,*,NA,2939,Dimatis,1,1,0,0
39_20,39,N3-c-M2,20,1,dolls,Valid Filler,Darii,2,All dolls are man made,Some toys are dolls ,Some toys are man made,*,*,*,*,*,*,*,NA,3564,Darii,1,1,0,0
39_21,39,N3-c-M2,21,0,rock ,Homonymy,Datisi,2,All rock is rhythmic,Some rock is granite,Some granite is rhythmic,*,*,A,C,100,*,0.8571428571,NA,3568,Datisi,0,1,0,0
39_22,39,N3-c-M2,22,1,change,Homonymy,Darii,2,All change is money,Some surprises are change,Some surprises are money,*,*,C,A,*,*,0,NA,2921,Darii,0,0,0,0
39_23,39,N3-c-M2,23,0,match,Homonymy,Disamis,2,Some matches are competitive,All matches are tools,Some tools are competitive,*,*,A,C,80,*,0.5714285714,NA,8143,Disamis,0,1,0,0
39_24,39,N3-c-M2,24,0,book,Polysemy,Dimatis,2,Some doorstops are books,All books are intellectual property,Some intellectual property is a doorstop,*,book-type,C,A,64.5,info,0.5714285714,NA,4431,Dimatis,0,1,0,0
39_25,39,N3-c-M2,25,0,antiques,Invalid Filler,Darii*,2,All medieval manuscripts are antiques ,Some pieces of jewelry are antiques ,Some pieces of jewelry are medieval manuscripts,*,*,*,*,*,*,*,NA,4105,Darii,0,1,0,0
39_26,39,N3-c-M2,26,1,burgers,Valid Filler,Disamis,2,Some burgers are overcooked ,All burgers are sandwiches,Some sandwiches are overcooked ,*,*,*,*,*,*,*,NA,2995,Disamis,1,1,0,0
39_27,39,N3-c-M2,27,0,cabinet,Homonymy,Datisi,2,All cabinets are political appointments,Some cabinets are antique furniture,Some antique furniture are political appointments,*,*,A,C,*,*,0.8571428571,NA,4360,Datisi,0,1,0,0
39_28,39,N3-c-M2,28,0,peppers,Invalid Filler,Dimatis*,2,Some yellow vegetables are peppers ,All jalapenos are peppers,Some jalapenos are yellow vegetables,*,*,*,*,*,*,*,NA,3440,Dimatis,0,1,0,0
39_29,39,N3-c-M2,29,0,ball,Homonymy,Dimatis,2,Some dances are balls,All balls are spheres,Some spheres are dances,*,*,A,C,*,*,0.7142857143,NA,3944,Dimatis,0,1,0,0
39_30,39,N3-c-M2,30,1,actors,Invalid Filler,Datisi*,2,All male leads are actors,Some actors are women,Some women are male leads,*,*,*,*,*,*,*,NA,4353,Datisi,0,0,0,0
39_31,39,N3-c-M2,31,1,letter,Polysemy,Datisi,2,All letters are paper,Some letters are professions of love,Some professions of love are paper,*,book-type,C,A,78.5,info,0.4285714286,NA,3690,Datisi,0,0,0,0
39_32,39,N3-c-M2,32,0,ball,Homonymy,Dimatis,2,Some parties are balls,All balls are toys,Some toys are parties,*,*,A,C,*,*,0.7142857143,NA,2893,Dimatis,0,1,0,0
39_33,39,N3-c-M2,33,1,ring,Homonymy,Darii,2,All rings are noises,Some anniversary gifts are rings,Some anniversary gifts are noises,*,*,A,C,*,*,0.7142857143,NA,3280,Darii,0,0,0,0
39_34,39,N3-c-M2,34,0,city,Polysemy,Datisi,2,All cities are bureaucracies,Some cities are graffitied ,Some bureaucracies are graffitied,*,city-type,A,C,67.7,inst,0.2857142857,NA,2861,Datisi,0,1,0,0
39_35,39,N3-c-M2,35,0,board,Homonymy,Dimatis,2,Some advisory bodies are boards,All boards are rectangles,Some rectangles are advisory bodies,*,*,A,C,*,*,0.8571428571,NA,3995,Dimatis,0,1,0,0
39_36,39,N3-c-M2,36,1,rifles,Valid Filler,Disamis,2,Some rifles are for hunting,All rifles are guns ,Some guns are for hunting,*,*,*,*,*,*,*,NA,2946,Disamis,1,1,0,0
39_37,39,N3-c-M2,37,0,ruler,Homonymy,Disamis,2,Some rulers are monarchs,All rulers are measuring devices,Some measuring devices are monarchs,*,*,*,*,*,*,0.7142857143,NA,2920,Disamis,0,1,0,0
39_38,39,N3-c-M2,38,1,stones,Invalid Filler,Datisi*,2,All pebbles are stones,Some stones are boulders,Some boulders are pebbles,*,*,*,*,*,*,*,NA,7183,Datisi,0,0,0,0
39_39,39,N3-c-M2,39,1,dresses,Invalid Filler,Darii*,2,All ball gowns are dresses ,Some cocktail outfits are dresses,Some cocktail outfits are ball gowns,*,*,*,*,*,*,*,NA,3485,Darii,0,0,0,0
39_40,39,N3-c-M2,40,0,wave,Homonymy,Dimatis,2,Some greetings are waves,Some waves are tsunamis,Some tsunamis are greetings,*,*,A,C,100,*,0.7142857143,NA,2728,Dimatis,0,1,0,0
39_41,39,N3-c-M2,41,1,suitcases,Valid Filler,Dimatis,2,Some bags are suitcases,All suitcases are pieces of luggage,Some pieces of luggage are bags,*,*,*,*,*,*,*,NA,3503,Dimatis,1,1,0,0
39_42,39,N3-c-M2,42,0,bat,Homonymy,Darii,2,All bats share a common ancestor,Some sporting goods are bats,Some sporting goods share a common ancestor,*,*,*,*,*,*,0.2857142857,NA,3350,Darii,0,1,0,0
39_43,39,N3-c-M2,43,1,city,Polysemy,Datisi,2,All cities have laws,Some cities are earthquake zones,Some earthquake zones have laws,*,city-type,A,C,67.7,inst,0,NA,3677,Datisi,0,0,0,0
39_44,39,N3-c-M2,44,0,picnic,Polysemy,Datisi,2,All picnics happen in nature,Some picnics are salads,Some salads happen in nature,*,lunch-type,A,C,59.2,event,0.5714285714,NA,2849,Datisi,0,1,0,0
39_45,39,N3-c-M2,45,0,rock,Homonymy,Datisi,2,All rock has guitars,Some rock is marble,Some marble has guitars,*,*,A,C,100,*,0.8571428571,NA,4018,Datisi,0,1,0,0
39_46,39,N3-c-M2,46,1,doughnuts,Valid Filler,Darii,2,All doughnuts are sugary ,Some pastries are doughnuts ,Some pastries are sugary,*,*,*,*,*,*,*,NA,3220,Darii,1,1,0,0
39_47,39,N3-c-M2,47,1,trucks,Valid Filler,Dimatis,2,Some cars are trucks ,All trucks are vehicles,Some vehicles are cars ,*,*,*,*,*,*,*,NA,5361,Dimatis,1,1,0,0
39_48,39,N3-c-M2,48,1,swords,Valid Filler,Disamis,2,Some swords are decorative,All swords are weapons ,Some weapons are decorative ,*,*,*,*,*,*,*,NA,2793,Disamis,1,1,0,0
39_49,39,N3-c-M2,49,0,steaks,Invalid Filler,Disamis*,2,Some steaks are filet mignons,All ribeyes are steaks,Some ribeyes are filet mignons,*,*,*,*,*,*,*,NA,3485,Disamis,0,1,0,0
39_50,39,N3-c-M2,50,1,dinner,Polysemy,Disamis,2,Some dinners last an hour,All dinners are sources of nutrition,Some sources of nutrition last an hour,*,lunch-type,A,C,90,event,0.1428571429,NA,18395,Disamis,0,0,0,0
39_51,39,N3-c-M2,51,0,company,Polysemy,Dimatis,2,Some storefronts are companies,All companies are hierarchies,Some hierarchies are storefronts,*,city-type,C,A,83.8,inst,0.7142857143,NA,4005,Dimatis,0,1,0,0
39_52,39,N3-c-M2,52,1,bat,Homonymy,Darii,2,All bats hang upside down,Some sporting goods are bats,Some sporting goods hang upside down,*,*,*,*,*,*,0,NA,3023,Darii,0,0,0,0
39_53,39,N3-c-M2,53,1,poets,Valid Filler,Datisi,2,All poets are writers ,Some poets are teachers,Some teachers are writers,*,*,*,*,*,*,*,NA,2951,Datisi,1,1,0,0
39_54,39,N3-c-M2,54,0,colors,Invalid Filler,Disamis*,2,Some colors are primary ,All shades of purple are colors ,Some shades of purple are primary,*,*,*,*,*,*,*,NA,4186,Disamis,0,1,0,0
39_55,39,N3-c-M2,55,0,magazines,Polysemy,Disamis,2,Some magazines are glossy,All magazines are collaborations,Some collaborations are glossy,*,book-type,C,A,68.9,info,0.5714285714,NA,3162,Disamis,0,1,0,0
39_56,39,N3-c-M2,56,0,magazines,Polysemy,Disamis,2,Some magazines are coffee-stained,All magazines are subscriptions,Some subscriptions are coffee-stained,*,book-type,C,A,68.9,info,0.2857142857,NA,3929,Disamis,0,1,0,0
39_57,39,N3-c-M2,57,0,thieves,Invalid Filler,Dimatis*,2,Some children are thieves,All mob bosses are thieves,Some mob bosses are children,*,*,*,*,*,*,*,NA,3223,Dimatis,0,1,0,0
39_58,39,N3-c-M2,58,0,lunch,Polysemy,Dimatis,2,Some breaks are lunches,All lunches are entrées,Some entrées are breaks,*,lunch-type,A,C,96.6,event,0.7142857143,NA,3322,Dimatis,0,1,0,0
39_59,39,N3-c-M2,59,0,lunch,Polysemy,Dimatis,2,lunch-type,All lunches are menu items,Some menu items are meetings,*,lunch-type,A,C,96.6,event,1,NA,3295,Dimatis,0,1,0,0
39_60,39,N3-c-M2,60,0,dances,Invalid Filler,Darii*,2,All polkas are dances ,Some mating rituals are dances ,Some mating rituals are polkas ,*,*,*,*,*,*,*,NA,3467,Darii,0,1,0,0
39_61,39,N3-c-M2,61,0,breakfast,Polysemy,Darii,2,All breakfasts take place in the morning,Some sandwiches are breakfasts,Some sandwiches take place in the morning,*,lunch-type,A,C,87.1,event,0.4285714286,NA,3435,Darii,0,1,0,0
39_62,39,N3-c-M2,62,0,star,Homonymy,Datisi,2,All stars deal with paparazzi ,Some stars are red dwarfs,Some red dwarfs deal with paparazzi ,*,*,*,*,*,*,0,NA,3528,Datisi,0,1,0,0
39_63,39,N3-c-M2,63,0,cabinet,Homonymy,Datisi,2,All cabinets are selected by leaders,Some cabinets are cupboards,Some cupboards are selected by leaders,*,*,A,C,*,*,0.3333333333,NA,3685,Datisi,0,1,0,0
39_64,39,N3-c-M2,64,0,school,Polysemy,Disamis,2,Some schools are rectangular,All schools are employers,Some employers are rectangular,*,city-type,C,A,45.1,inst,0.5714285714,NA,2871,Disamis,0,1,0,0
39_65,39,N3-c-M2,65,0,change,Homonymy,Darii,2,All change jingles,Some social movements are change,Some social movements jingle,*,*,C,A,*,*,0.5714285714,NA,3931,Darii,0,1,0,0
39_66,39,N3-c-M2,66,1,picnic,Polysemy,Datisi,2,All picnics are leisurely,Some picnics are charcuterie,Some charcuterie is leisurely,*,lunch-type,A,C,59.2,event,0.7142857143,NA,3263,Datisi,0,0,0,0
39_67,39,N3-c-M2,67,1,wave,Homonymy,Dimatis,2,Some gestures are waves,Some waves are ripples,Some ripples are gestures,*,*,A,C,100,*,0.4285714286,NA,3306,Dimatis,0,0,0,0
39_68,39,N3-c-M2,68,0,board,Homonymy,Dimatis,2,Some governing organizations are boards,All boards are wooden planks,Some wooden planks are governing organizations,*,*,A,C,*,*,1,NA,3617,Dimatis,0,1,0,0
39_69,39,N3-c-M2,69,0,cabinet,Homonymy,Datisi,2,All cabinets advise the presidents,Some cabinets are Ikea products,Some ikea products advise the president,*,*,A,C,*,*,0.7142857143,NA,3583,Datisi,0,1,0,0
39_70,39,N3-c-M2,70,1,clowns,Valid Filler,Darii,2,All clowns can juggle ,Some circus performers are clowns ,Some circus performers can juggle,*,*,*,*,*,*,*,NA,2948,Darii,1,1,0,0
39_71,39,N3-c-M2,71,1,liars,Valid Filler,Dimatis,2,Some criminals are liars ,All liars are humans,Some humans are criminals ,*,*,*,*,*,*,*,NA,2905,Dimatis,1,1,0,0
39_72,39,N3-c-M2,72,1,statues,Valid Filler,Datisi,2,All statues are sculptures,Some statues are bronzes,Some bronzes are sculptures,*,*,*,*,*,*,*,NA,3003,Datisi,1,1,0,0
39_73,39,N3-c-M2,73,1,college,Polysemy,Darii,2,All colleges have spirit,Some colleges are national landmarks,Some national landmarks have spirit,*,city-type,A,C,56.6,inst,0.1428571429,NA,4977,Darii,0,0,0,0
39_74,39,N3-c-M2,74,0,school,Polysemy,Disamis,2,Some schools are brick,All schools are communities,Some communities are brick,*,city-type,C,A,45.1,inst,0.5714285714,NA,3604,Disamis,0,1,0,0
39_75,39,N3-c-M2,75,1,bat,Homonymy,Darii,2,All bats are mammals,Some weapons are bats,Some weapons are mammals,*,*,*,*,*,*,0.4285714286,NA,5439,Darii,0,0,0,0
39_76,39,N3-c-M2,76,1,company,Polysemy,Dimatis,2,Some office buildings are companies,All companies are legal entities,Some legal entities are office buildings ,*,city-type,C,A,83.8,inst,0.5714285714,NA,4114,Dimatis,0,0,0,0
39_77,39,N3-c-M2,77,0,suit,Homonymy,Disamis,2,Some suits have multiple defendants,All suits are dress attire,Some dress attire has multiple defendants,*,*,A,C,*,*,0.5714285714,NA,4272,Disamis,0,1,0,0
39_78,39,N3-c-M2,78,0,star,Homonymy,Datisi,2,All stars are famous ,Some stars are red dwarfs,Some red dwarfs are famous,*,*,*,*,*,*,0,NA,2802,Datisi,0,1,0,0
39_79,39,N3-c-M2,79,1,singers,Valid Filler,Darii,2,All singers have an ideal vocal range ,Some guitarists are singers,Some guitarists have an ideal vocal range,*,*,*,*,*,*,*,NA,3989,Darii,1,1,0,0
39_80,39,N3-c-M2,80,1,letter,Polysemy,Datisi,2,All letters have stamps,Some letters are rejections,Some rejections have stamps,*,book-type,C,A,78.5,info,0,NA,3865,Datisi,0,0,0,0
39_81,39,N3-c-M2,81,0,funerals,Invalid Filler,Datisi*,2,All open-casket services are funerals,Some funerals are cremations,Some cremations are open-casket services,*,*,*,*,*,*,*,NA,6395,Datisi,0,1,0,0
39_82,39,N3-c-M2,82,0,injuries,Invalid Filler,Dimatis*,2,Some sunburns are injuries,All cases of frostbite are injuries,Some cases of frostbite are sunburns,*,*,*,*,*,*,*,NA,3712,Dimatis,0,1,0,0
39_83,39,N3-c-M2,83,1,college,Polysemy,Darii,2,All colleges grant degrees,Some colleges are historic buildings,Some historic buildings grant degrees,*,city-type,A,C,56.6,inst,0.2857142857,NA,3726,Darii,0,0,0,0
39_84,39,N3-c-M2,84,0,sausages,Invalid Filler,Datisi*,2,All hot dogs are sausages,Some sausages are salamis,Some hot dogs are salamis,*,*,*,*,*,*,*,NA,2945,Datisi,0,1,0,0
39_85,39,N3-c-M2,85,0,dinner,Polysemy,Disamis,2,Some dinners are black tie,All dinners are foods,Some foods are black tie,*,lunch-type,A,C,90,event,0.5714285714,NA,4451,Disamis,0,1,0,0
39_86,39,N3-c-M2,86,0,ruler,Homonymy,Disamis,2,Some rulers are kings,All rulers are standard lengths,Some standard lengths are kings,*,*,*,*,*,*,0.8571428571,NA,3708,Disamis,0,1,0,0
39_87,39,N3-c-M2,87,0,match,Homonymy,Disamis,2,Some matches are championships,All matches are fire starters,Some fire starters are championships,*,*,A,C,80,*,0.7142857143,NA,3828,Disamis,0,1,0,0
39_88,39,N3-c-M2,88,0,spices,Invalid Filler,Dimatis*,2,Some dried roots are spices ,All mustard seeds are spices ,Some mustard seeds are dried roots,*,*,*,*,*,*,*,NA,3463,Dimatis,0,1,0,0
40_1,40,N3-c-M2,1,0,lunch,Polysemy,Dimatis,1,Some breaks are lunches,All lunches are entrées,Some entrées are breaks,*,lunch-type,A,C,96.6,event,0.7142857143,NA,5878,Dimatis,0,1,0,0
40_2,40,N3-c-M2,2,1,book,Polysemy,Dimatis,1,Some purchases are books,All books are creative endeavours,Some creative endeavours are purchases,*,book-type,C,A,64.5,info,0.1428571429,NA,3478,Dimatis,0,0,0,0
40_3,40,N3-c-M2,3,1,grapes,Valid Filler,Disamis,1,Some grapes are red ,All grapes are fruits ,Some fruits are red ,*,*,*,*,*,*,*,NA,2751,Disamis,1,1,0,0
40_4,40,N3-c-M2,4,1,singers,Valid Filler,Darii,1,All singers have an ideal vocal range ,Some guitarists are singers,Some guitarists have an ideal vocal range,*,*,*,*,*,*,*,NA,4730,Darii,1,1,0,0
40_5,40,N3-c-M2,5,0,ruler,Homonymy,Disamis,1,Some rulers are kings,All rulers are standard lengths,Some standard lengths are kings,*,*,*,*,*,*,0.8571428571,NA,3400,Disamis,0,1,0,0
40_6,40,N3-c-M2,6,1,peppers,Invalid Filler,Dimatis*,1,Some yellow vegetables are peppers ,All jalapenos are peppers,Some jalapenos are yellow vegetables,*,*,*,*,*,*,*,NA,4115,Dimatis,0,0,0,0
40_7,40,N3-c-M2,7,0,injuries,Invalid Filler,Dimatis*,1,Some sunburns are injuries,All cases of frostbite are injuries,Some cases of frostbite are sunburns,*,*,*,*,*,*,*,NA,6631,Dimatis,0,1,0,0
40_8,40,N3-c-M2,8,0,shapes,Invalid Filler,Disamis*,1,Some shapes are triangles,All squares are shapes,Some squares are triangles,*,*,*,*,*,*,*,NA,2549,Disamis,0,1,0,0
40_9,40,N3-c-M2,9,0,colors,Invalid Filler,Disamis*,1,Some colors are primary ,All shades of purple are colors ,Some shades of purple are primary,*,*,*,*,*,*,*,NA,3379,Disamis,0,1,0,0
40_10,40,N3-c-M2,10,0,spices,Invalid Filler,Dimatis*,1,Some dried roots are spices ,All mustard seeds are spices ,Some mustard seeds are dried roots,*,*,*,*,*,*,*,NA,9284,Dimatis,0,1,0,0
40_11,40,N3-c-M2,11,0,ring,Homonymy,Darii,1,All rings are sounds,Some accessories are rings,Some accessories are sounds,*,*,A,C,*,*,0.7142857143,NA,4396,Darii,0,1,0,0
40_12,40,N3-c-M2,12,1,toilets,Invalid Filler,Disamis*,1,Some toilets are coed,All urinals are toilets,Some urinals are coed,*,*,*,*,*,*,*,NA,3382,Disamis,0,0,0,0
40_13,40,N3-c-M2,13,0,ball,Homonymy,Dimatis,1,Some dances are balls,All balls are circles,Some circles are dances,*,*,A,C,*,*,0.1666666667,NA,5081,Dimatis,0,1,0,0
40_14,40,N3-c-M2,14,0,ball,Homonymy,Dimatis,1,Some parties are balls,All balls are toys,Some toys are parties,*,*,A,C,*,*,0.7142857143,NA,3797,Dimatis,0,1,0,0
40_15,40,N3-c-M2,15,1,bat,Homonymy,Darii,1,All bats are mammals,Some weapons are bats,Some weapons are mammals,*,*,*,*,*,*,0.4285714286,NA,3197,Darii,0,0,0,0
40_16,40,N3-c-M2,16,1,novel,Polysemy,Darii,1,All novels are printed,Some ideas are novels,Some ideas are printed,*,book-type,C,A,96.7,info,0.1428571429,NA,4183,Darii,0,0,0,0
40_17,40,N3-c-M2,17,1,dinner,Polysemy,Disamis,1,Some dinners last an hour,All dinners are sources of nutrition,Some sources of nutrition last an hour,*,lunch-type,A,C,90,event,0.1428571429,NA,4233,Disamis,0,0,0,0
40_18,40,N3-c-M2,18,1,wave,Homonymy,Dimatis,1,Some gestures are waves,Some waves are ripples,Some ripples are gestures,*,*,A,C,100,*,0.4285714286,NA,4364,Dimatis,0,0,0,0
40_19,40,N3-c-M2,19,0,stones,Invalid Filler,Datisi*,1,All pebbles are stones,Some stones are boulders,Some boulders are pebbles,*,*,*,*,*,*,*,NA,5531,Datisi,0,1,0,0
40_20,40,N3-c-M2,20,0,wave,Homonymy,Dimatis,1,Some greetings are waves,Some waves are tsunamis,Some tsunamis are greetings,*,*,A,C,100,*,0.7142857143,NA,3064,Dimatis,0,1,0,0
40_21,40,N3-c-M2,21,0,dinner,Polysemy,Disamis,1,Some dinners are black tie,All dinners are foods,Some foods are black tie,*,lunch-type,A,C,90,event,0.5714285714,NA,3647,Disamis,0,1,0,0
40_22,40,N3-c-M2,22,1,picnic,Polysemy,Datisi,1,All picnics are leisurely,Some picnics are charcuterie,Some charcuterie is leisurely,*,lunch-type,A,C,59.2,event,0.7142857143,NA,2281,Datisi,0,0,0,0
40_23,40,N3-c-M2,23,0,book,Polysemy,Dimatis,1,Some doorstops are books,All books are intellectual property,Some intellectual property is a doorstop,*,book-type,C,A,64.5,info,0.5714285714,NA,4467,Dimatis,0,1,0,0
40_24,40,N3-c-M2,24,0,college,Polysemy,Darii,1,All colleges grant degrees,Some colleges are historic buildings,Some historic buildings grant degrees,*,city-type,A,C,56.6,inst,0.2857142857,NA,5214,Darii,0,1,0,0
40_25,40,N3-c-M2,25,0,antiques,Invalid Filler,Darii*,1,All medieval manuscripts are antiques ,Some pieces of jewelry are antiques ,Some pieces of jewelry are medieval manuscripts,*,*,*,*,*,*,*,NA,3684,Darii,0,1,0,0
40_26,40,N3-c-M2,26,1,burgers,Valid Filler,Disamis,1,Some burgers are overcooked ,All burgers are sandwiches,Some sandwiches are overcooked ,*,*,*,*,*,*,*,NA,2860,Disamis,1,1,0,0
40_27,40,N3-c-M2,27,1,thieves,Invalid Filler,Dimatis*,1,Some children are thieves,All mob bosses are thieves,Some mob bosses are children,*,*,*,*,*,*,*,NA,8268,Dimatis,0,0,0,0
40_28,40,N3-c-M2,28,0,city,Polysemy,Datisi,1,All cities are bureaucracies,Some cities are graffitied ,Some bureaucracies are graffitied,*,city-type,A,C,67.7,inst,0.2857142857,NA,3412,Datisi,0,1,0,0
40_29,40,N3-c-M2,29,0,suit,Homonymy,Disamis,1,Some suits are settled out of court,All suits are formal outfits,Some formal outfits are settled out of court,*,*,A,C,*,*,0.7142857143,NA,4117,Disamis,0,1,0,0
40_30,40,N3-c-M2,30,1,college,Polysemy,Darii,1,All colleges have spirit,Some colleges are national landmarks,Some national landmarks have spirit,*,city-type,A,C,56.6,inst,0.1428571429,NA,3367,Darii,0,0,0,0
40_31,40,N3-c-M2,31,0,cabinet,Homonymy,Datisi,1,All cabinets are selected by leaders,Some cabinets are cupboards,Some cupboards are selected by leaders,*,*,A,C,*,*,0.3333333333,NA,3931,Datisi,0,1,0,0
40_32,40,N3-c-M2,32,1,dances,Invalid Filler,Darii*,1,All polkas are dances ,Some mating rituals are dances ,Some mating rituals are polkas ,*,*,*,*,*,*,*,NA,6531,Darii,0,0,0,0
40_33,40,N3-c-M2,33,1,poets,Valid Filler,Datisi,1,All poets are writers ,Some poets are teachers,Some teachers are writers,*,*,*,*,*,*,*,NA,3266,Datisi,1,1,0,0
40_34,40,N3-c-M2,34,0,rock,Homonymy,Datisi,1,All rock has guitars,Some rock is marble,Some marble has guitars,*,*,A,C,100,*,0.8571428571,NA,3782,Datisi,0,1,0,0
40_35,40,N3-c-M2,35,0,ruler,Homonymy,Disamis,1,Some rulers are monarchs,All rulers are measuring devices,Some measuring devices are monarchs,*,*,*,*,*,*,0.7142857143,NA,2145,Disamis,0,1,0,0
40_36,40,N3-c-M2,36,1,match,Homonymy,Disamis,1,Some matches are shown on TV,All matches are fire starters,Some fire starters are shown on TV,*,*,A,C,*,*,0,NA,3884,Disamis,0,0,0,0
40_37,40,N3-c-M2,37,0,cabinet,Homonymy,Datisi,1,All cabinets are political appointments,Some cabinets are antique furniture,Some antique furniture are political appointments,*,*,A,C,*,*,0.8571428571,NA,2832,Datisi,0,1,0,0
40_38,40,N3-c-M2,38,0,lunch,Polysemy,Dimatis,1,lunch-type,All lunches are menu items,Some menu items are meetings,*,lunch-type,A,C,96.6,event,1,NA,3314,Dimatis,0,1,0,0
40_39,40,N3-c-M2,39,1,actors,Invalid Filler,Datisi*,1,All male leads are actors,Some actors are women,Some women are male leads,*,*,*,*,*,*,*,NA,4299,Datisi,0,0,0,0
40_40,40,N3-c-M2,40,1,letter,Polysemy,Datisi,1,All letters are paper,Some letters are professions of love,Some professions of love are paper,*,book-type,C,A,78.5,info,0.4285714286,NA,4533,Datisi,0,0,0,0
40_41,40,N3-c-M2,41,1,ring,Homonymy,Darii,1,All rings are noises,Some anniversary gifts are rings,Some anniversary gifts are noises,*,*,A,C,*,*,0.7142857143,NA,3748,Darii,0,0,0,0
40_42,40,N3-c-M2,42,1,bat,Homonymy,Darii,1,All bats hang upside down,Some sporting goods are bats,Some sporting goods hang upside down,*,*,*,*,*,*,0,NA,3065,Darii,0,0,0,0
40_43,40,N3-c-M2,43,1,match,Homonymy,Disamis,1,Some matches are competitive,All matches are tools,Some tools are competitive,*,*,A,C,80,*,0.5714285714,NA,2280,Disamis,0,0,0,0
40_44,40,N3-c-M2,44,1,mugs,Valid Filler,Datisi,1,All mugs are cups ,Some mugs are ceramics,Some ceramics are cups ,*,*,*,*,*,*,*,NA,4062,Datisi,1,1,0,0
40_45,40,N3-c-M2,45,1,widows,Valid Filler,Dimatis,1,Some mothers are widows ,All widows are women,Some women are mothers,*,*,*,*,*,*,*,NA,3738,Dimatis,1,1,0,0
40_46,40,N3-c-M2,46,0,board,Homonymy,Dimatis,1,Some advisory bodies are boards,All boards are rectangles,Some rectangles are advisory bodies,*,*,A,C,*,*,0.8571428571,NA,7147,Dimatis,0,1,0,0
40_47,40,N3-c-M2,47,0,suit,Homonymy,Disamis,1,Some suits have multiple defendants,All suits are dress attire,Some dress attire has multiple defendants,*,*,A,C,*,*,0.5714285714,NA,4149,Disamis,0,1,0,0
40_48,40,N3-c-M2,48,1,novel,Polysemy,Darii,1,All novels are bound,Some mysteries are novels,Some mysteries are bound,*,book-type,C,A,96.7,info,0,NA,2664,Darii,0,0,0,0
40_49,40,N3-c-M2,49,1,liars,Valid Filler,Dimatis,1,Some criminals are liars ,All liars are humans,Some humans are criminals ,*,*,*,*,*,*,*,NA,2115,Dimatis,1,1,0,0
40_50,40,N3-c-M2,50,1,change,Homonymy,Darii,1,All change is money,Some surprises are change,Some surprises are money,*,*,C,A,*,*,0,NA,2181,Darii,0,0,0,0
40_51,40,N3-c-M2,51,1,statues,Valid Filler,Datisi,1,All statues are sculptures,Some statues are bronzes,Some bronzes are sculptures,*,*,*,*,*,*,*,NA,2580,Datisi,1,1,0,0
40_52,40,N3-c-M2,52,1,rifles,Valid Filler,Disamis,1,Some rifles are for hunting,All rifles are guns ,Some guns are for hunting,*,*,*,*,*,*,*,NA,2401,Disamis,1,1,0,0
40_53,40,N3-c-M2,53,1,trucks,Valid Filler,Dimatis,1,Some cars are trucks ,All trucks are vehicles,Some vehicles are cars ,*,*,*,*,*,*,*,NA,2564,Dimatis,1,1,0,0
40_54,40,N3-c-M2,54,1,city,Polysemy,Datisi,1,All cities have laws,Some cities are earthquake zones,Some earthquake zones have laws,*,city-type,A,C,67.7,inst,0,NA,3164,Datisi,0,0,0,0
40_55,40,N3-c-M2,55,1,steaks,Invalid Filler,Disamis*,1,Some steaks are filet mignons,All ribeyes are steaks,Some ribeyes are filet mignons,*,*,*,*,*,*,*,NA,9133,Disamis,0,0,0,0
40_56,40,N3-c-M2,56,1,picnic,Polysemy,Datisi,1,All picnics happen in nature,Some picnics are salads,Some salads happen in nature,*,lunch-type,A,C,59.2,event,0.5714285714,NA,2563,Datisi,0,0,0,0
40_57,40,N3-c-M2,57,0,company,Polysemy,Dimatis,1,Some storefronts are companies,All companies are hierarchies,Some hierarchies are storefronts,*,city-type,C,A,83.8,inst,0.7142857143,NA,2985,Dimatis,0,1,0,0
40_58,40,N3-c-M2,58,1,school,Polysemy,Disamis,1,Some schools are brick,All schools are communities,Some communities are brick,*,city-type,C,A,45.1,inst,0.5714285714,NA,2799,Disamis,0,0,0,0
40_59,40,N3-c-M2,59,0,sausages,Invalid Filler,Datisi*,1,All hot dogs are sausages,Some sausages are salamis,Some hot dogs are salamis,*,*,*,*,*,*,*,NA,4500,Datisi,0,1,0,0
40_60,40,N3-c-M2,60,1,clowns,Valid Filler,Darii,1,All clowns can juggle ,Some circus performers are clowns ,Some circus performers can juggle,*,*,*,*,*,*,*,NA,2097,Darii,1,1,0,0
40_61,40,N3-c-M2,61,0,board,Homonymy,Dimatis,1,Some governing organizations are boards,All boards are wooden planks,Some wooden planks are governing organizations,*,*,A,C,*,*,1,NA,2984,Dimatis,0,1,0,0
40_62,40,N3-c-M2,62,0,novel,Polysemy,Darii,1,All novels are flammable,Some debuts are novels,Some debuts are flammable,*,book-type,C,A,96.7,info,1,NA,2515,Darii,0,1,0,0
40_63,40,N3-c-M2,63,1,breakfast,Polysemy,Darii,1,All breakfasts take place in the morning,Some sandwiches are breakfasts,Some sandwiches take place in the morning,*,lunch-type,A,C,87.1,event,0.4285714286,NA,3448,Darii,0,0,0,0
40_64,40,N3-c-M2,64,0,cabinet,Homonymy,Datisi,1,All cabinets advise the presidents,Some cabinets are Ikea products,Some ikea products advise the president,*,*,A,C,*,*,0.7142857143,NA,2480,Datisi,0,1,0,0
40_65,40,N3-c-M2,65,0,breakfast,Polysemy,Darii,1,All breakfasts are under three hours,Some smoothies are breakfasts,Some smoothies are under three hours,*,lunch-type,A,C,87.1,event,0.7142857143,NA,5502,Darii,0,1,0,0
40_66,40,N3-c-M2,66,0,star,Homonymy,Datisi,1,All stars are charismatic,Some stars are pulsars,Some pulsars are charismatic,*,*,*,*,*,*,0.7142857143,NA,2518,Datisi,0,1,0,0
40_67,40,N3-c-M2,67,1,mothers,Invalid Filler,Darii*,1,All grandmothers are mothers ,Some teens are mothers,Some grandmothers are teens,*,*,*,*,*,*,*,NA,12695,Darii,0,0,0,0
40_68,40,N3-c-M2,68,0,bat,Homonymy,Darii,1,All bats share a common ancestor,Some sporting goods are bats,Some sporting goods share a common ancestor,*,*,*,*,*,*,0.2857142857,NA,2414,Darii,0,1,0,0
40_69,40,N3-c-M2,69,0,rock ,Homonymy,Datisi,1,All rock is rhythmic,Some rock is granite,Some granite is rhythmic,*,*,A,C,100,*,0.8571428571,NA,3466,Datisi,0,1,0,0
40_70,40,N3-c-M2,70,1,funerals,Invalid Filler,Datisi*,1,All open-casket services are funerals,Some funerals are cremations,Some cremations are open-casket services,*,*,*,*,*,*,*,NA,6180,Datisi,0,0,0,0
40_71,40,N3-c-M2,71,0,change,Homonymy,Darii,1,All change is legal tender,Some political revolutions are change,Some political revolutions are legal tender,*,*,C,A,*,*,0.8571428571,NA,4432,Darii,0,1,0,0
40_72,40,N3-c-M2,72,1,dresses,Invalid Filler,Darii*,1,All ball gowns are dresses ,Some cocktail outfits are dresses,Some cocktail outfits are ball gowns,*,*,*,*,*,*,*,NA,2398,Darii,0,0,0,0
40_73,40,N3-c-M2,73,0,school,Polysemy,Disamis,1,Some schools are rectangular,All schools are employers,Some employers are rectangular,*,city-type,C,A,45.1,inst,0.5714285714,NA,2697,Disamis,0,1,0,0
40_74,40,N3-c-M2,74,1,ponies,Valid Filler,Datisi,1,All ponies neigh,Some ponies are colts,Some colts neigh,*,*,*,*,*,*,*,NA,2084,Datisi,1,1,0,0
40_75,40,N3-c-M2,75,1,star,Homonymy,Datisi,1,All stars are famous ,Some stars are red dwarfs,Some red dwarfs are famous,*,*,*,*,*,*,0,NA,3860,Datisi,0,0,0,0
40_76,40,N3-c-M2,76,1,suitcases,Valid Filler,Dimatis,1,Some bags are suitcases,All suitcases are pieces of luggage,Some pieces of luggage are bags,*,*,*,*,*,*,*,NA,3704,Dimatis,1,1,0,0
40_77,40,N3-c-M2,77,0,star,Homonymy,Datisi,1,All stars deal with paparazzi ,Some stars are red dwarfs,Some red dwarfs deal with paparazzi ,*,*,*,*,*,*,0,NA,4498,Datisi,0,1,0,0
40_78,40,N3-c-M2,78,1,magazines,Polysemy,Disamis,1,Some magazines are coffee-stained,All magazines are subscriptions,Some subscriptions are coffee-stained,*,book-type,C,A,68.9,info,0.2857142857,NA,3851,Disamis,0,0,0,0
40_79,40,N3-c-M2,79,0,company,Polysemy,Dimatis,1,Some office buildings are companies,All companies are legal entities,Some legal entities are office buildings ,*,city-type,C,A,83.8,inst,0.5714285714,NA,3129,Dimatis,0,1,0,0
40_80,40,N3-c-M2,80,1,board,Homonymy,Dimatis,1,Some groups are boards,All boards are materials,Some materials are groups,*,*,A,C,*,*,0.5,NA,3201,Dimatis,0,0,0,0
40_81,40,N3-c-M2,81,1,letter,Polysemy,Datisi,1,All letters have stamps,Some letters are rejections,Some rejections have stamps,*,book-type,C,A,78.5,info,0,NA,2346,Datisi,0,0,0,0
40_82,40,N3-c-M2,82,0,ball,Homonymy,Dimatis,1,Some dances are balls,All balls are spheres,Some spheres are dances,*,*,A,C,*,*,0.7142857143,NA,2349,Dimatis,0,1,0,0
40_83,40,N3-c-M2,83,0,match,Homonymy,Disamis,1,Some matches are championships,All matches are fire starters,Some fire starters are championships,*,*,A,C,80,*,0.7142857143,NA,4033,Disamis,0,1,0,0
40_84,40,N3-c-M2,84,0,change,Homonymy,Darii,1,All change jingles,Some social movements are change,Some social movements jingle,*,*,C,A,*,*,0.5714285714,NA,2081,Darii,0,1,0,0
40_85,40,N3-c-M2,85,1,doughnuts,Valid Filler,Darii,1,All doughnuts are sugary ,Some pastries are doughnuts ,Some pastries are sugary,*,*,*,*,*,*,*,NA,2398,Darii,1,1,0,0
40_86,40,N3-c-M2,86,0,magazines,Polysemy,Disamis,1,Some magazines are glossy,All magazines are collaborations,Some collaborations are glossy,*,book-type,C,A,68.9,info,0.5714285714,NA,1997,Disamis,0,1,0,0
40_87,40,N3-c-M2,87,1,dolls,Valid Filler,Darii,1,All dolls are man made,Some toys are dolls ,Some toys are man made,*,*,*,*,*,*,*,NA,2187,Darii,1,1,0,0
40_88,40,N3-c-M2,88,1,swords,Valid Filler,Disamis,1,Some swords are decorative,All swords are weapons ,Some weapons are decorative ,*,*,*,*,*,*,*,NA,3163,Disamis,1,1,0,0
