SubjTrial,SubjectID,ExpNum,ItemNum,Response,TargetWord,TrialType,Syllogism,ListNum,premise1,premise2,conclusion,loadtime,NominalType,AC1,AC2,dominancePercent,abstractType,categoryMistake,ConcTruth,ConcRT,RandDig,FullStudyLoadType,digitMatch,RT,SyllogismSimple,ExpectedResponse,ResponseWasCorrect,excl.subj,excl.trial
1_1,1,M2-bal,1,0,poets,Valid Filler,Datisi,1,All poets are writers ,Some poets are teachers,Some teachers are writers,*,*,*,*,*,*,*,0.975,3928.975,*,control,NA,15723,Datisi,1,0,0,0
1_2,1,M2-bal,2,0,widows,Valid Filler,Dimatis,1,Some mothers are widows ,All widows are women,Some women are mothers,*,*,*,*,*,*,*,1,2726.325,*,control,NA,21309,Dimatis,1,0,0,0
1_3,1,M2-bal,3,0,ruler,Homonymy,Disamis,1,Some rulers are kings,All rulers are standard lengths,Some standard lengths are kings,*,*,*,*,80,*,0.8571428571,0.125,5032.65,*,control,NA,12721,Disamis,0,1,0,0
1_4,1,M2-bal,4,0,magazines,Polysemy,Disamis,1,Some magazines are coffee-stained,All magazines are subscriptions,Some subscriptions are coffee-stained,*,book-type,C,A,68.9,info,0.2857142857,0.12820513,3613.5641,*,control,NA,20191,Disamis,0,1,0,0
1_5,1,M2-bal,5,0,dresses,Invalid Filler,Darii*,1,All ball gowns are dresses ,Some cocktail outfits are dresses,Some cocktail outfits are ball gowns,*,*,*,*,*,*,*,0.65,5066.6,*,control,NA,19124,Darii,0,1,0,0
1_6,1,M2-bal,6,1,thieves,Invalid Filler,Dimatis*,1,Some children are thieves,All mob bosses are thieves,Some mob bosses are children,*,*,*,*,*,*,*,0.225,5599.825,*,control,NA,20325,Dimatis,0,0,0,0
1_7,1,M2-bal,7,0,dinner,Polysemy,Disamis,1,Some dinners are black tie,All dinners are foods,Some foods are black tie,*,lunch-type,A,C,90,event,0.5714285714,0.225,3571.775,*,control,NA,9921,Disamis,0,1,0,0
1_8,1,M2-bal,8,0,school,Polysemy,Disamis,1,Some schools are rectangular,All schools are employers,Some employers are rectangular,*,city-type,C,A,45.1,inst,0.5714285714,0.1,2856.95,*,control,NA,11562,Disamis,0,1,0,0
1_9,1,M2-bal,9,0,star,Homonymy,Datisi,1,All stars are famous ,Some stars are red dwarfs,Some red dwarfs are famous,*,*,*,*,100,*,0,0.375,3338.975,*,control,NA,10045,Datisi,0,1,0,0
1_10,1,M2-bal,10,0,picnic,Polysemy,Datisi,1,All picnics happen in nature,Some picnics are salads,Some salads happen in nature,*,lunch-type,A,C,59.2,event,0.5714285714,0.425,4573.125,*,control,NA,8937,Datisi,0,1,0,0
1_11,1,M2-bal,11,0,dances,Invalid Filler,Darii*,1,All polkas are dances ,Some mating rituals are dances ,Some mating rituals are polkas ,*,*,*,*,*,*,*,0.25,3557.725,*,control,NA,12925,Darii,0,1,0,0
1_12,1,M2-bal,12,1,dolls,Valid Filler,Darii,1,All dolls are man made,Some toys are dolls ,Some toys are man made,*,*,*,*,*,*,*,1,3066.525,*,control,NA,6687,Darii,1,1,0,0
1_13,1,M2-bal,13,0,funerals,Invalid Filler,Datisi*,1,All open-casket services are funerals,Some funerals are cremations,Some cremations are open-casket services,*,*,*,*,*,*,*,0.4,5086.4,*,control,NA,11364,Datisi,0,1,0,0
1_14,1,M2-bal,14,0,match,Homonymy,Disamis,1,Some matches are shown on TV,All matches are fire starters,Some fire starters are shown on TV,*,*,A,C,80,*,0,0.85,5008.1,*,control,NA,13820,Disamis,0,1,0,0
1_15,1,M2-bal,15,1,suitcases,Valid Filler,Dimatis,1,Some bags are suitcases,All suitcases are pieces of luggage,Some pieces of luggage are bags,*,*,*,*,*,*,*,1,3671.55,*,control,NA,12279,Dimatis,1,1,0,0
1_16,1,M2-bal,16,0,shapes,Invalid Filler,Disamis*,1,Some shapes are triangles,All squares are shapes,Some squares are triangles,*,*,*,*,*,*,*,0,4538.9,*,control,NA,9919,Disamis,0,1,0,0
1_17,1,M2-bal,17,0,spices,Invalid Filler,Dimatis*,1,Some dried roots are spices ,All mustard seeds are spices ,Some mustard seeds are dried roots,*,*,*,*,*,*,*,0.4,4410.8,*,control,NA,11204,Dimatis,0,1,0,0
1_18,1,M2-bal,18,1,burgers,Valid Filler,Disamis,1,Some burgers are overcooked ,All burgers are sandwiches,Some sandwiches are overcooked ,*,*,*,*,*,*,*,0.925,4389.725,*,control,NA,8116,Disamis,1,1,0,0
1_19,1,M2-bal,19,1,ponies,Valid Filler,Datisi,1,All ponies neigh,Some ponies are colts,Some colts neigh,*,*,*,*,*,*,*,0.675,4349.025,*,control,NA,7437,Datisi,1,1,0,0
1_20,1,M2-bal,20,1,novel,Polysemy,Darii,1,All novels are flammable,Some debuts are novels,Some debuts are flammable,*,book-type,C,A,96.7,info,1,0.15,6119.3,*,control,NA,11082,Darii,0,0,0,0
1_21,1,M2-bal,21,0,peppers,Invalid Filler,Dimatis*,1,Some yellow vegetables are peppers ,All jalapenos are peppers,Some jalapenos are yellow vegetables,*,*,*,*,*,*,*,0.425,8075.125,*,control,NA,16977,Dimatis,0,1,0,0
1_22,1,M2-bal,22,0,suit,Homonymy,Disamis,1,Some suits have multiple defendants,All suits are dress attire,Some dress attire has multiple defendants,*,*,A,C,100,*,0.5714285714,0.075,5412.1,*,control,NA,8915,Disamis,0,1,0,0
1_23,1,M2-bal,23,0,ball,Homonymy,Dimatis,1,Some parties are balls,All balls are toys,Some toys are parties,*,*,A,C,100,*,0.7142857143,0.175,4203.925,*,control,NA,9156,Dimatis,0,1,0,0
1_24,1,M2-bal,24,0,bat,Homonymy,Darii,1,All bats share a common ancestor,Some sporting goods are bats,Some sporting goods share a common ancestor,*,*,*,*,80,*,0.2857142857,0.4,5008,*,control,NA,17112,Darii,0,1,0,0
1_25,1,M2-bal,25,1,swords,Valid Filler,Disamis,1,Some swords are decorative,All swords are weapons ,Some weapons are decorative ,*,*,*,*,*,*,*,0.8,6880.1,*,control,NA,8317,Disamis,1,1,0,0
1_26,1,M2-bal,26,1,rifles,Valid Filler,Disamis,1,Some rifles are for hunting,All rifles are guns ,Some guns are for hunting,*,*,*,*,*,*,*,1,4771.725,*,control,NA,10016,Disamis,1,1,0,0
1_27,1,M2-bal,27,1,mugs,Valid Filler,Datisi,1,All mugs are cups ,Some mugs are ceramics,Some ceramics are cups ,*,*,*,*,*,*,*,1,3091.05,*,control,NA,9455,Datisi,1,1,0,0
1_28,1,M2-bal,28,1,grapes,Valid Filler,Disamis,1,Some grapes are red ,All grapes are fruits ,Some fruits are red ,*,*,*,*,*,*,*,1,3059.8,*,control,NA,7145,Disamis,1,1,0,0
1_29,1,M2-bal,29,1,doughnuts,Valid Filler,Darii,1,All doughnuts are sugary ,Some pastries are doughnuts ,Some pastries are sugary,*,*,*,*,*,*,*,0.95,3292.475,*,control,NA,21044,Darii,1,1,0,0
1_30,1,M2-bal,30,1,clowns,Valid Filler,Darii,1,All clowns can juggle ,Some circus performers are clowns ,Some circus performers can juggle,*,*,*,*,*,*,*,0.975,3767.925,*,control,NA,11656,Darii,1,1,0,0
1_31,1,M2-bal,31,0,rock,Homonymy,Datisi,1,All rock has guitars,Some rock is marble,Some marble has guitars,*,*,A,C,100,*,0.8571428571,0.05,3983.6,*,control,NA,11041,Datisi,0,1,0,0
1_32,1,M2-bal,32,0,stones,Invalid Filler,Datisi*,1,All pebbles are stones,Some stones are boulders,Some boulders are pebbles,*,*,*,*,*,*,*,0.17948718,4940.5641,*,control,NA,8791,Datisi,0,1,0,0
1_33,1,M2-bal,33,0,cabinet,Homonymy,Datisi,1,All cabinets are political appointments,Some cabinets are antique furniture,Some antique furniture are political appointments,*,*,A,C,100,*,0.8571428571,0.025,4910.75,*,control,NA,9869,Datisi,0,1,0,0
1_34,1,M2-bal,34,0,ring,Homonymy,Darii,1,All rings are sounds,Some accessories are rings,Some accessories are sounds,*,*,A,C,100,*,0.7142857143,0.275,3957.775,*,control,NA,14735,Darii,0,1,0,0
1_35,1,M2-bal,35,0,lunch,Polysemy,Dimatis,1,Some breaks are lunches,All lunches are entrées,Some entrées are breaks,*,lunch-type,A,C,96.6,event,0.7142857143,0.125,5002.3,*,control,NA,9224,Dimatis,0,1,0,0
1_36,1,M2-bal,36,0,wave,Homonymy,Dimatis,1,Some gestures are waves,Some waves are ripples,Some ripples are gestures,*,*,A,C,100,*,0.4285714286,0.25641026,6582.48718,*,control,NA,7844,Dimatis,0,1,0,0
1_37,1,M2-bal,37,0,book,Polysemy,Dimatis,1,Some doorstops are books,All books are intellectual property,Some intellectual property is a doorstop,*,book-type,C,A,64.5,info,0.5714285714,0.12820513,4958.76923,*,control,NA,15994,Dimatis,0,1,0,0
1_38,1,M2-bal,38,1,liars,Valid Filler,Dimatis,1,Some criminals are liars ,All liars are humans,Some humans are criminals ,*,*,*,*,*,*,*,1,4285.51282,*,control,NA,8628,Dimatis,1,1,0,0
1_39,1,M2-bal,39,0,steaks,Invalid Filler,Disamis*,1,Some steaks are filet mignons,All ribeyes are steaks,Some ribeyes are filet mignons,*,*,*,*,*,*,*,0.225,5186.55,*,control,NA,9733,Disamis,0,1,0,0
1_40,1,M2-bal,40,0,mothers,Invalid Filler,Darii*,1,All grandmothers are mothers ,Some teens are mothers,Some grandmothers are teens,*,*,*,*,*,*,*,0.175,6414.3,*,control,NA,7558,Darii,0,1,0,0
1_41,1,M2-bal,41,0,sausages,Invalid Filler,Datisi*,1,All hot dogs are sausages,Some sausages are salamis,Some hot dogs are salamis,*,*,*,*,*,*,*,0.175,2931.35,*,control,NA,6079,Datisi,0,1,0,0
1_42,1,M2-bal,42,0,toilets,Invalid Filler,Disamis*,1,Some toilets are coed,All urinals are toilets,Some urinals are coed,*,*,*,*,*,*,*,0.375,5804.4,*,control,NA,7027,Disamis,0,1,0,0
1_43,1,M2-bal,43,0,antiques,Invalid Filler,Darii*,1,All medieval manuscripts are antiques ,Some pieces of jewelry are antiques ,Some pieces of jewelry are medieval manuscripts,*,*,*,*,*,*,*,0.25,6885.35,*,control,NA,16911,Darii,0,1,0,0
1_44,1,M2-bal,44,1,college,Polysemy,Darii,1,All colleges grant degrees,Some colleges are historic buildings,Some historic buildings grant degrees,*,city-type,A,C,56.6,inst,0.2857142857,0.575,5629.95,*,control,NA,9919,Darii,0,0,0,0
1_45,1,M2-bal,45,0,colors,Invalid Filler,Disamis*,1,Some colors are primary ,All shades of purple are colors ,Some shades of purple are primary,*,*,*,*,*,*,*,0.225,5122.475,*,control,NA,8819,Disamis,0,1,0,0
1_46,1,M2-bal,46,1,singers,Valid Filler,Darii,1,All singers have an ideal vocal range ,Some guitarists are singers,Some guitarists have an ideal vocal range,*,*,*,*,*,*,*,0.925,4672.55,*,control,NA,6446,Darii,1,1,0,0
1_47,1,M2-bal,47,0,statues,Valid Filler,Datisi,1,All statues are sculptures,Some statues are bronzes,Some bronzes are sculptures,*,*,*,*,*,*,*,0.9,3392.275,*,control,NA,11363,Datisi,1,0,0,0
1_48,1,M2-bal,48,0,breakfast,Polysemy,Darii,1,All breakfasts are under three hours,Some smoothies are breakfasts,Some smoothies are under three hours,*,lunch-type,A,C,87.1,event,0.7142857143,0.525,5068.825,*,control,NA,11245,Darii,0,1,0,0
1_49,1,M2-bal,49,0,company,Polysemy,Dimatis,1,Some storefronts are companies,All companies are hierarchies,Some hierarchies are storefronts,*,city-type,C,A,83.8,inst,0.7142857143,0.25,4713.05,*,control,NA,7849,Dimatis,0,1,0,0
1_50,1,M2-bal,50,0,actors,Invalid Filler,Datisi*,1,All male leads are actors,Some actors are women,Some women are male leads,*,*,*,*,*,*,*,0.4,4720.6,*,control,NA,13839,Datisi,0,1,0,0
1_51,1,M2-bal,51,0,board,Homonymy,Dimatis,1,Some governing organizations are boards,All boards are wooden planks,Some wooden planks are governing organizations,*,*,A,C,80,*,1,0.1,5379.9,*,control,NA,6179,Dimatis,0,1,0,0
1_52,1,M2-bal,52,0,trucks,Valid Filler,Dimatis,1,Some cars are trucks ,All trucks are vehicles,Some vehicles are cars ,*,*,*,*,*,*,*,0.975,4508.475,*,control,NA,9997,Dimatis,1,0,0,0
1_53,1,M2-bal,53,1,letter,Polysemy,Datisi,1,All letters have stamps,Some letters are rejections,Some rejections have stamps,*,book-type,C,A,78.5,info,0,0.7,4504.25,*,control,NA,7221,Datisi,0,0,0,0
1_54,1,M2-bal,54,1,city,Polysemy,Datisi,1,All cities are bureaucracies,Some cities are graffitied ,Some bureaucracies are graffitied,*,city-type,A,C,67.7,inst,0.2857142857,0.375,4022.55,*,control,NA,6049,Datisi,0,0,0,0
1_55,1,M2-bal,55,0,injuries,Invalid Filler,Dimatis*,1,Some sunburns are injuries,All cases of frostbite are injuries,Some cases of frostbite are sunburns,*,*,*,*,*,*,*,0.1,5963.025,*,control,NA,8813,Dimatis,0,1,0,0
1_56,1,M2-bal,56,0,change,Homonymy,Darii,1,All change is money,Some surprises are change,Some surprises are money,*,*,C,A,60,*,0,1,4466.87179,*,control,NA,7669,Darii,0,1,0,0
2_1,2,M2-bal,1,0,poets,Valid Filler,Datisi,1,All poets are writers ,Some poets are teachers,Some teachers are writers,*,*,*,*,*,*,*,0.975,3928.975,*,control,NA,11889,Datisi,1,0,0,0
2_2,2,M2-bal,2,1,widows,Valid Filler,Dimatis,1,Some mothers are widows ,All widows are women,Some women are mothers,*,*,*,*,*,*,*,1,2726.325,*,control,NA,20318,Dimatis,1,1,0,0
2_3,2,M2-bal,3,0,ruler,Homonymy,Disamis,1,Some rulers are kings,All rulers are standard lengths,Some standard lengths are kings,*,*,*,*,80,*,0.8571428571,0.125,5032.65,*,control,NA,5511,Disamis,0,1,0,0
2_4,2,M2-bal,4,1,magazines,Polysemy,Disamis,1,Some magazines are coffee-stained,All magazines are subscriptions,Some subscriptions are coffee-stained,*,book-type,C,A,68.9,info,0.2857142857,0.12820513,3613.5641,*,control,NA,5903,Disamis,0,0,0,0
2_5,2,M2-bal,5,1,dresses,Invalid Filler,Darii*,1,All ball gowns are dresses ,Some cocktail outfits are dresses,Some cocktail outfits are ball gowns,*,*,*,*,*,*,*,0.65,5066.6,*,control,NA,7143,Darii,0,0,0,0
2_6,2,M2-bal,6,1,thieves,Invalid Filler,Dimatis*,1,Some children are thieves,All mob bosses are thieves,Some mob bosses are children,*,*,*,*,*,*,*,0.225,5599.825,*,control,NA,12919,Dimatis,0,0,0,0
2_7,2,M2-bal,7,0,dinner,Polysemy,Disamis,1,Some dinners are black tie,All dinners are foods,Some foods are black tie,*,lunch-type,A,C,90,event,0.5714285714,0.225,3571.775,*,control,NA,5455,Disamis,0,1,0,0
2_8,2,M2-bal,8,1,school,Polysemy,Disamis,1,Some schools are rectangular,All schools are employers,Some employers are rectangular,*,city-type,C,A,45.1,inst,0.5714285714,0.1,2856.95,*,control,NA,8232,Disamis,0,0,0,0
2_9,2,M2-bal,9,1,star,Homonymy,Datisi,1,All stars are famous ,Some stars are red dwarfs,Some red dwarfs are famous,*,*,*,*,100,*,0,0.375,3338.975,*,control,NA,5424,Datisi,0,0,0,0
2_10,2,M2-bal,10,1,picnic,Polysemy,Datisi,1,All picnics happen in nature,Some picnics are salads,Some salads happen in nature,*,lunch-type,A,C,59.2,event,0.5714285714,0.425,4573.125,*,control,NA,5102,Datisi,0,0,0,0
2_11,2,M2-bal,11,1,dances,Invalid Filler,Darii*,1,All polkas are dances ,Some mating rituals are dances ,Some mating rituals are polkas ,*,*,*,*,*,*,*,0.25,3557.725,*,control,NA,7391,Darii,0,0,0,0
2_12,2,M2-bal,12,1,dolls,Valid Filler,Darii,1,All dolls are man made,Some toys are dolls ,Some toys are man made,*,*,*,*,*,*,*,1,3066.525,*,control,NA,6992,Darii,1,1,0,0
2_13,2,M2-bal,13,0,funerals,Invalid Filler,Datisi*,1,All open-casket services are funerals,Some funerals are cremations,Some cremations are open-casket services,*,*,*,*,*,*,*,0.4,5086.4,*,control,NA,6855,Datisi,0,1,0,0
2_14,2,M2-bal,14,0,match,Homonymy,Disamis,1,Some matches are shown on TV,All matches are fire starters,Some fire starters are shown on TV,*,*,A,C,80,*,0,0.85,5008.1,*,control,NA,7023,Disamis,0,1,0,0
2_15,2,M2-bal,15,1,suitcases,Valid Filler,Dimatis,1,Some bags are suitcases,All suitcases are pieces of luggage,Some pieces of luggage are bags,*,*,*,*,*,*,*,1,3671.55,*,control,NA,7304,Dimatis,1,1,0,0
2_16,2,M2-bal,16,0,shapes,Invalid Filler,Disamis*,1,Some shapes are triangles,All squares are shapes,Some squares are triangles,*,*,*,*,*,*,*,0,4538.9,*,control,NA,5215,Disamis,0,1,0,0
2_17,2,M2-bal,17,0,spices,Invalid Filler,Dimatis*,1,Some dried roots are spices ,All mustard seeds are spices ,Some mustard seeds are dried roots,*,*,*,*,*,*,*,0.4,4410.8,*,control,NA,6119,Dimatis,0,1,0,0
2_18,2,M2-bal,18,1,burgers,Valid Filler,Disamis,1,Some burgers are overcooked ,All burgers are sandwiches,Some sandwiches are overcooked ,*,*,*,*,*,*,*,0.925,4389.725,*,control,NA,6231,Disamis,1,1,0,0
2_19,2,M2-bal,19,1,ponies,Valid Filler,Datisi,1,All ponies neigh,Some ponies are colts,Some colts neigh,*,*,*,*,*,*,*,0.675,4349.025,*,control,NA,4327,Datisi,1,1,0,0
2_20,2,M2-bal,20,1,novel,Polysemy,Darii,1,All novels are flammable,Some debuts are novels,Some debuts are flammable,*,book-type,C,A,96.7,info,1,0.15,6119.3,*,control,NA,4992,Darii,0,0,0,0
2_21,2,M2-bal,21,0,peppers,Invalid Filler,Dimatis*,1,Some yellow vegetables are peppers ,All jalapenos are peppers,Some jalapenos are yellow vegetables,*,*,*,*,*,*,*,0.425,8075.125,*,control,NA,9432,Dimatis,0,1,0,0
2_22,2,M2-bal,22,0,suit,Homonymy,Disamis,1,Some suits have multiple defendants,All suits are dress attire,Some dress attire has multiple defendants,*,*,A,C,100,*,0.5714285714,0.075,5412.1,*,control,NA,5815,Disamis,0,1,0,0
2_23,2,M2-bal,23,0,ball,Homonymy,Dimatis,1,Some parties are balls,All balls are toys,Some toys are parties,*,*,A,C,100,*,0.7142857143,0.175,4203.925,*,control,NA,6672,Dimatis,0,1,0,0
2_24,2,M2-bal,24,0,bat,Homonymy,Darii,1,All bats share a common ancestor,Some sporting goods are bats,Some sporting goods share a common ancestor,*,*,*,*,80,*,0.2857142857,0.4,5008,*,control,NA,6631,Darii,0,1,0,0
2_25,2,M2-bal,25,1,swords,Valid Filler,Disamis,1,Some swords are decorative,All swords are weapons ,Some weapons are decorative ,*,*,*,*,*,*,*,0.8,6880.1,*,control,NA,4040,Disamis,1,1,0,0
2_26,2,M2-bal,26,1,rifles,Valid Filler,Disamis,1,Some rifles are for hunting,All rifles are guns ,Some guns are for hunting,*,*,*,*,*,*,*,1,4771.725,*,control,NA,9087,Disamis,1,1,0,0
2_27,2,M2-bal,27,1,mugs,Valid Filler,Datisi,1,All mugs are cups ,Some mugs are ceramics,Some ceramics are cups ,*,*,*,*,*,*,*,1,3091.05,*,control,NA,6671,Datisi,1,1,0,0
2_28,2,M2-bal,28,1,grapes,Valid Filler,Disamis,1,Some grapes are red ,All grapes are fruits ,Some fruits are red ,*,*,*,*,*,*,*,1,3059.8,*,control,NA,8369,Disamis,1,1,0,0
2_29,2,M2-bal,29,1,doughnuts,Valid Filler,Darii,1,All doughnuts are sugary ,Some pastries are doughnuts ,Some pastries are sugary,*,*,*,*,*,*,*,0.95,3292.475,*,control,NA,6782,Darii,1,1,0,0
2_30,2,M2-bal,30,1,clowns,Valid Filler,Darii,1,All clowns can juggle ,Some circus performers are clowns ,Some circus performers can juggle,*,*,*,*,*,*,*,0.975,3767.925,*,control,NA,5582,Darii,1,1,0,0
2_31,2,M2-bal,31,0,rock,Homonymy,Datisi,1,All rock has guitars,Some rock is marble,Some marble has guitars,*,*,A,C,100,*,0.8571428571,0.05,3983.6,*,control,NA,6751,Datisi,0,1,0,0
2_32,2,M2-bal,32,1,stones,Invalid Filler,Datisi*,1,All pebbles are stones,Some stones are boulders,Some boulders are pebbles,*,*,*,*,*,*,*,0.17948718,4940.5641,*,control,NA,10463,Datisi,0,0,0,0
2_33,2,M2-bal,33,0,cabinet,Homonymy,Datisi,1,All cabinets are political appointments,Some cabinets are antique furniture,Some antique furniture are political appointments,*,*,A,C,100,*,0.8571428571,0.025,4910.75,*,control,NA,7471,Datisi,0,1,0,0
2_34,2,M2-bal,34,1,ring,Homonymy,Darii,1,All rings are sounds,Some accessories are rings,Some accessories are sounds,*,*,A,C,100,*,0.7142857143,0.275,3957.775,*,control,NA,9199,Darii,0,0,0,0
2_35,2,M2-bal,35,1,lunch,Polysemy,Dimatis,1,Some breaks are lunches,All lunches are entrées,Some entrées are breaks,*,lunch-type,A,C,96.6,event,0.7142857143,0.125,5002.3,*,control,NA,10271,Dimatis,0,0,0,0
2_36,2,M2-bal,36,0,wave,Homonymy,Dimatis,1,Some gestures are waves,Some waves are ripples,Some ripples are gestures,*,*,A,C,100,*,0.4285714286,0.25641026,6582.48718,*,control,NA,5552,Dimatis,0,1,0,0
2_37,2,M2-bal,37,1,book,Polysemy,Dimatis,1,Some doorstops are books,All books are intellectual property,Some intellectual property is a doorstop,*,book-type,C,A,64.5,info,0.5714285714,0.12820513,4958.76923,*,control,NA,7624,Dimatis,0,0,0,0
2_38,2,M2-bal,38,1,liars,Valid Filler,Dimatis,1,Some criminals are liars ,All liars are humans,Some humans are criminals ,*,*,*,*,*,*,*,1,4285.51282,*,control,NA,8328,Dimatis,1,1,0,0
2_39,2,M2-bal,39,1,steaks,Invalid Filler,Disamis*,1,Some steaks are filet mignons,All ribeyes are steaks,Some ribeyes are filet mignons,*,*,*,*,*,*,*,0.225,5186.55,*,control,NA,8173,Disamis,0,0,0,0
2_40,2,M2-bal,40,0,mothers,Invalid Filler,Darii*,1,All grandmothers are mothers ,Some teens are mothers,Some grandmothers are teens,*,*,*,*,*,*,*,0.175,6414.3,*,control,NA,9856,Darii,0,1,0,0
2_41,2,M2-bal,41,1,sausages,Invalid Filler,Datisi*,1,All hot dogs are sausages,Some sausages are salamis,Some hot dogs are salamis,*,*,*,*,*,*,*,0.175,2931.35,*,control,NA,10991,Datisi,0,0,0,0
2_42,2,M2-bal,42,1,toilets,Invalid Filler,Disamis*,1,Some toilets are coed,All urinals are toilets,Some urinals are coed,*,*,*,*,*,*,*,0.375,5804.4,*,control,NA,7496,Disamis,0,0,0,0
2_43,2,M2-bal,43,0,antiques,Invalid Filler,Darii*,1,All medieval manuscripts are antiques ,Some pieces of jewelry are antiques ,Some pieces of jewelry are medieval manuscripts,*,*,*,*,*,*,*,0.25,6885.35,*,control,NA,8158,Darii,0,1,0,0
2_44,2,M2-bal,44,1,college,Polysemy,Darii,1,All colleges grant degrees,Some colleges are historic buildings,Some historic buildings grant degrees,*,city-type,A,C,56.6,inst,0.2857142857,0.575,5629.95,*,control,NA,8543,Darii,0,0,0,0
2_45,2,M2-bal,45,1,colors,Invalid Filler,Disamis*,1,Some colors are primary ,All shades of purple are colors ,Some shades of purple are primary,*,*,*,*,*,*,*,0.225,5122.475,*,control,NA,12015,Disamis,0,0,0,0
2_46,2,M2-bal,46,1,singers,Valid Filler,Darii,1,All singers have an ideal vocal range ,Some guitarists are singers,Some guitarists have an ideal vocal range,*,*,*,*,*,*,*,0.925,4672.55,*,control,NA,6343,Darii,1,1,0,0
2_47,2,M2-bal,47,1,statues,Valid Filler,Datisi,1,All statues are sculptures,Some statues are bronzes,Some bronzes are sculptures,*,*,*,*,*,*,*,0.9,3392.275,*,control,NA,11382,Datisi,1,1,0,0
2_48,2,M2-bal,48,1,breakfast,Polysemy,Darii,1,All breakfasts are under three hours,Some smoothies are breakfasts,Some smoothies are under three hours,*,lunch-type,A,C,87.1,event,0.7142857143,0.525,5068.825,*,control,NA,6736,Darii,0,0,0,0
2_49,2,M2-bal,49,1,company,Polysemy,Dimatis,1,Some storefronts are companies,All companies are hierarchies,Some hierarchies are storefronts,*,city-type,C,A,83.8,inst,0.7142857143,0.25,4713.05,*,control,NA,8368,Dimatis,0,0,0,0
2_50,2,M2-bal,50,0,actors,Invalid Filler,Datisi*,1,All male leads are actors,Some actors are women,Some women are male leads,*,*,*,*,*,*,*,0.4,4720.6,*,control,NA,11358,Datisi,0,1,0,0
2_51,2,M2-bal,51,0,board,Homonymy,Dimatis,1,Some governing organizations are boards,All boards are wooden planks,Some wooden planks are governing organizations,*,*,A,C,80,*,1,0.1,5379.9,*,control,NA,5903,Dimatis,0,1,0,0
2_52,2,M2-bal,52,1,trucks,Valid Filler,Dimatis,1,Some cars are trucks ,All trucks are vehicles,Some vehicles are cars ,*,*,*,*,*,*,*,0.975,4508.475,*,control,NA,6847,Dimatis,1,1,0,0
2_53,2,M2-bal,53,1,letter,Polysemy,Datisi,1,All letters have stamps,Some letters are rejections,Some rejections have stamps,*,book-type,C,A,78.5,info,0,0.7,4504.25,*,control,NA,10720,Datisi,0,0,0,0
2_54,2,M2-bal,54,1,city,Polysemy,Datisi,1,All cities are bureaucracies,Some cities are graffitied ,Some bureaucracies are graffitied,*,city-type,A,C,67.7,inst,0.2857142857,0.375,4022.55,*,control,NA,5470,Datisi,0,0,0,0
2_55,2,M2-bal,55,0,injuries,Invalid Filler,Dimatis*,1,Some sunburns are injuries,All cases of frostbite are injuries,Some cases of frostbite are sunburns,*,*,*,*,*,*,*,0.1,5963.025,*,control,NA,8671,Dimatis,0,1,0,0
2_56,2,M2-bal,56,0,change,Homonymy,Darii,1,All change is money,Some surprises are change,Some surprises are money,*,*,C,A,60,*,0,1,4466.87179,*,control,NA,8063,Darii,0,1,0,0
3_1,3,M2-bal,1,1,poets,Valid Filler,Datisi,1,All poets are writers ,Some poets are teachers,Some teachers are writers,*,*,*,*,*,*,*,0.975,3928.975,*,control,NA,13647,Datisi,1,1,0,0
3_2,3,M2-bal,2,1,widows,Valid Filler,Dimatis,1,Some mothers are widows ,All widows are women,Some women are mothers,*,*,*,*,*,*,*,1,2726.325,*,control,NA,9071,Dimatis,1,1,0,0
3_3,3,M2-bal,3,1,ruler,Homonymy,Disamis,1,Some rulers are kings,All rulers are standard lengths,Some standard lengths are kings,*,*,*,*,80,*,0.8571428571,0.125,5032.65,*,control,NA,12471,Disamis,0,0,0,0
3_4,3,M2-bal,4,0,magazines,Polysemy,Disamis,1,Some magazines are coffee-stained,All magazines are subscriptions,Some subscriptions are coffee-stained,*,book-type,C,A,68.9,info,0.2857142857,0.12820513,3613.5641,*,control,NA,14703,Disamis,0,1,0,0
3_5,3,M2-bal,5,1,dresses,Invalid Filler,Darii*,1,All ball gowns are dresses ,Some cocktail outfits are dresses,Some cocktail outfits are ball gowns,*,*,*,*,*,*,*,0.65,5066.6,*,control,NA,13527,Darii,0,0,0,0
3_6,3,M2-bal,6,0,thieves,Invalid Filler,Dimatis*,1,Some children are thieves,All mob bosses are thieves,Some mob bosses are children,*,*,*,*,*,*,*,0.225,5599.825,*,control,NA,13480,Dimatis,0,1,0,0
3_7,3,M2-bal,7,0,dinner,Polysemy,Disamis,1,Some dinners are black tie,All dinners are foods,Some foods are black tie,*,lunch-type,A,C,90,event,0.5714285714,0.225,3571.775,*,control,NA,12471,Disamis,0,1,0,0
3_8,3,M2-bal,8,0,school,Polysemy,Disamis,1,Some schools are rectangular,All schools are employers,Some employers are rectangular,*,city-type,C,A,45.1,inst,0.5714285714,0.1,2856.95,*,control,NA,12759,Disamis,0,1,0,0
3_9,3,M2-bal,9,1,star,Homonymy,Datisi,1,All stars are famous ,Some stars are red dwarfs,Some red dwarfs are famous,*,*,*,*,100,*,0,0.375,3338.975,*,control,NA,11631,Datisi,0,0,0,0
3_10,3,M2-bal,10,1,picnic,Polysemy,Datisi,1,All picnics happen in nature,Some picnics are salads,Some salads happen in nature,*,lunch-type,A,C,59.2,event,0.5714285714,0.425,4573.125,*,control,NA,11513,Datisi,0,0,0,0
3_11,3,M2-bal,11,1,dances,Invalid Filler,Darii*,1,All polkas are dances ,Some mating rituals are dances ,Some mating rituals are polkas ,*,*,*,*,*,*,*,0.25,3557.725,*,control,NA,10724,Darii,0,0,0,0
3_12,3,M2-bal,12,1,dolls,Valid Filler,Darii,1,All dolls are man made,Some toys are dolls ,Some toys are man made,*,*,*,*,*,*,*,1,3066.525,*,control,NA,5856,Darii,1,1,0,0
3_13,3,M2-bal,13,0,funerals,Invalid Filler,Datisi*,1,All open-casket services are funerals,Some funerals are cremations,Some cremations are open-casket services,*,*,*,*,*,*,*,0.4,5086.4,*,control,NA,10536,Datisi,0,1,0,0
3_14,3,M2-bal,14,0,match,Homonymy,Disamis,1,Some matches are shown on TV,All matches are fire starters,Some fire starters are shown on TV,*,*,A,C,80,*,0,0.85,5008.1,*,control,NA,17072,Disamis,0,1,0,0
3_15,3,M2-bal,15,1,suitcases,Valid Filler,Dimatis,1,Some bags are suitcases,All suitcases are pieces of luggage,Some pieces of luggage are bags,*,*,*,*,*,*,*,1,3671.55,*,control,NA,9607,Dimatis,1,1,0,0
3_16,3,M2-bal,16,0,shapes,Invalid Filler,Disamis*,1,Some shapes are triangles,All squares are shapes,Some squares are triangles,*,*,*,*,*,*,*,0,4538.9,*,control,NA,10184,Disamis,0,1,0,0
3_17,3,M2-bal,17,0,spices,Invalid Filler,Dimatis*,1,Some dried roots are spices ,All mustard seeds are spices ,Some mustard seeds are dried roots,*,*,*,*,*,*,*,0.4,4410.8,*,control,NA,9127,Dimatis,0,1,0,0
3_18,3,M2-bal,18,1,burgers,Valid Filler,Disamis,1,Some burgers are overcooked ,All burgers are sandwiches,Some sandwiches are overcooked ,*,*,*,*,*,*,*,0.925,4389.725,*,control,NA,9095,Disamis,1,1,0,0
3_19,3,M2-bal,19,1,ponies,Valid Filler,Datisi,1,All ponies neigh,Some ponies are colts,Some colts neigh,*,*,*,*,*,*,*,0.675,4349.025,*,control,NA,7654,Datisi,1,1,0,0
3_20,3,M2-bal,20,1,novel,Polysemy,Darii,1,All novels are flammable,Some debuts are novels,Some debuts are flammable,*,book-type,C,A,96.7,info,1,0.15,6119.3,*,control,NA,11617,Darii,0,0,0,0
3_21,3,M2-bal,21,0,peppers,Invalid Filler,Dimatis*,1,Some yellow vegetables are peppers ,All jalapenos are peppers,Some jalapenos are yellow vegetables,*,*,*,*,*,*,*,0.425,8075.125,*,control,NA,15319,Dimatis,0,1,0,0
3_22,3,M2-bal,22,0,suit,Homonymy,Disamis,1,Some suits have multiple defendants,All suits are dress attire,Some dress attire has multiple defendants,*,*,A,C,100,*,0.5714285714,0.075,5412.1,*,control,NA,9320,Disamis,0,1,0,0
3_23,3,M2-bal,23,0,ball,Homonymy,Dimatis,1,Some parties are balls,All balls are toys,Some toys are parties,*,*,A,C,100,*,0.7142857143,0.175,4203.925,*,control,NA,7351,Dimatis,0,1,0,0
3_24,3,M2-bal,24,0,bat,Homonymy,Darii,1,All bats share a common ancestor,Some sporting goods are bats,Some sporting goods share a common ancestor,*,*,*,*,80,*,0.2857142857,0.4,5008,*,control,NA,12286,Darii,0,1,0,0
3_25,3,M2-bal,25,1,swords,Valid Filler,Disamis,1,Some swords are decorative,All swords are weapons ,Some weapons are decorative ,*,*,*,*,*,*,*,0.8,6880.1,*,control,NA,9059,Disamis,1,1,0,0
3_26,3,M2-bal,26,1,rifles,Valid Filler,Disamis,1,Some rifles are for hunting,All rifles are guns ,Some guns are for hunting,*,*,*,*,*,*,*,1,4771.725,*,control,NA,6852,Disamis,1,1,0,0
3_27,3,M2-bal,27,1,mugs,Valid Filler,Datisi,1,All mugs are cups ,Some mugs are ceramics,Some ceramics are cups ,*,*,*,*,*,*,*,1,3091.05,*,control,NA,6521,Datisi,1,1,0,0
3_28,3,M2-bal,28,1,grapes,Valid Filler,Disamis,1,Some grapes are red ,All grapes are fruits ,Some fruits are red ,*,*,*,*,*,*,*,1,3059.8,*,control,NA,7896,Disamis,1,1,0,0
3_29,3,M2-bal,29,1,doughnuts,Valid Filler,Darii,1,All doughnuts are sugary ,Some pastries are doughnuts ,Some pastries are sugary,*,*,*,*,*,*,*,0.95,3292.475,*,control,NA,6695,Darii,1,1,0,0
3_30,3,M2-bal,30,1,clowns,Valid Filler,Darii,1,All clowns can juggle ,Some circus performers are clowns ,Some circus performers can juggle,*,*,*,*,*,*,*,0.975,3767.925,*,control,NA,7200,Darii,1,1,0,0
3_31,3,M2-bal,31,0,rock,Homonymy,Datisi,1,All rock has guitars,Some rock is marble,Some marble has guitars,*,*,A,C,100,*,0.8571428571,0.05,3983.6,*,control,NA,7895,Datisi,0,1,0,0
3_32,3,M2-bal,32,0,stones,Invalid Filler,Datisi*,1,All pebbles are stones,Some stones are boulders,Some boulders are pebbles,*,*,*,*,*,*,*,0.17948718,4940.5641,*,control,NA,13112,Datisi,0,1,0,0
3_33,3,M2-bal,33,0,cabinet,Homonymy,Datisi,1,All cabinets are political appointments,Some cabinets are antique furniture,Some antique furniture are political appointments,*,*,A,C,100,*,0.8571428571,0.025,4910.75,*,control,NA,9558,Datisi,0,1,0,0
3_34,3,M2-bal,34,0,ring,Homonymy,Darii,1,All rings are sounds,Some accessories are rings,Some accessories are sounds,*,*,A,C,100,*,0.7142857143,0.275,3957.775,*,control,NA,14336,Darii,0,1,0,0
3_35,3,M2-bal,35,0,lunch,Polysemy,Dimatis,1,Some breaks are lunches,All lunches are entrées,Some entrées are breaks,*,lunch-type,A,C,96.6,event,0.7142857143,0.125,5002.3,*,control,NA,10600,Dimatis,0,1,0,0
3_36,3,M2-bal,36,0,wave,Homonymy,Dimatis,1,Some gestures are waves,Some waves are ripples,Some ripples are gestures,*,*,A,C,100,*,0.4285714286,0.25641026,6582.48718,*,control,NA,11543,Dimatis,0,1,0,0
3_37,3,M2-bal,37,0,book,Polysemy,Dimatis,1,Some doorstops are books,All books are intellectual property,Some intellectual property is a doorstop,*,book-type,C,A,64.5,info,0.5714285714,0.12820513,4958.76923,*,control,NA,10832,Dimatis,0,1,0,0
3_38,3,M2-bal,38,1,liars,Valid Filler,Dimatis,1,Some criminals are liars ,All liars are humans,Some humans are criminals ,*,*,*,*,*,*,*,1,4285.51282,*,control,NA,5240,Dimatis,1,1,0,0
3_39,3,M2-bal,39,0,steaks,Invalid Filler,Disamis*,1,Some steaks are filet mignons,All ribeyes are steaks,Some ribeyes are filet mignons,*,*,*,*,*,*,*,0.225,5186.55,*,control,NA,11735,Disamis,0,1,0,0
3_40,3,M2-bal,40,0,mothers,Invalid Filler,Darii*,1,All grandmothers are mothers ,Some teens are mothers,Some grandmothers are teens,*,*,*,*,*,*,*,0.175,6414.3,*,control,NA,13991,Darii,0,1,0,0
3_41,3,M2-bal,41,0,sausages,Invalid Filler,Datisi*,1,All hot dogs are sausages,Some sausages are salamis,Some hot dogs are salamis,*,*,*,*,*,*,*,0.175,2931.35,*,control,NA,17087,Datisi,0,1,0,0
3_42,3,M2-bal,42,0,toilets,Invalid Filler,Disamis*,1,Some toilets are coed,All urinals are toilets,Some urinals are coed,*,*,*,*,*,*,*,0.375,5804.4,*,control,NA,9375,Disamis,0,1,0,0
3_43,3,M2-bal,43,0,antiques,Invalid Filler,Darii*,1,All medieval manuscripts are antiques ,Some pieces of jewelry are antiques ,Some pieces of jewelry are medieval manuscripts,*,*,*,*,*,*,*,0.25,6885.35,*,control,NA,7600,Darii,0,1,0,0
3_44,3,M2-bal,44,1,college,Polysemy,Darii,1,All colleges grant degrees,Some colleges are historic buildings,Some historic buildings grant degrees,*,city-type,A,C,56.6,inst,0.2857142857,0.575,5629.95,*,control,NA,8343,Darii,0,0,0,0
3_45,3,M2-bal,45,1,colors,Invalid Filler,Disamis*,1,Some colors are primary ,All shades of purple are colors ,Some shades of purple are primary,*,*,*,*,*,*,*,0.225,5122.475,*,control,NA,17888,Disamis,0,0,0,0
3_46,3,M2-bal,46,1,singers,Valid Filler,Darii,1,All singers have an ideal vocal range ,Some guitarists are singers,Some guitarists have an ideal vocal range,*,*,*,*,*,*,*,0.925,4672.55,*,control,NA,7727,Darii,1,1,0,0
3_47,3,M2-bal,47,1,statues,Valid Filler,Datisi,1,All statues are sculptures,Some statues are bronzes,Some bronzes are sculptures,*,*,*,*,*,*,*,0.9,3392.275,*,control,NA,8814,Datisi,1,1,0,0
3_48,3,M2-bal,48,1,breakfast,Polysemy,Darii,1,All breakfasts are under three hours,Some smoothies are breakfasts,Some smoothies are under three hours,*,lunch-type,A,C,87.1,event,0.7142857143,0.525,5068.825,*,control,NA,14864,Darii,0,0,0,0
3_49,3,M2-bal,49,1,company,Polysemy,Dimatis,1,Some storefronts are companies,All companies are hierarchies,Some hierarchies are storefronts,*,city-type,C,A,83.8,inst,0.7142857143,0.25,4713.05,*,control,NA,13326,Dimatis,0,0,0,0
3_50,3,M2-bal,50,0,actors,Invalid Filler,Datisi*,1,All male leads are actors,Some actors are women,Some women are male leads,*,*,*,*,*,*,*,0.4,4720.6,*,control,NA,12655,Datisi,0,1,0,0
3_51,3,M2-bal,51,0,board,Homonymy,Dimatis,1,Some governing organizations are boards,All boards are wooden planks,Some wooden planks are governing organizations,*,*,A,C,80,*,1,0.1,5379.9,*,control,NA,10248,Dimatis,0,1,0,0
3_52,3,M2-bal,52,1,trucks,Valid Filler,Dimatis,1,Some cars are trucks ,All trucks are vehicles,Some vehicles are cars ,*,*,*,*,*,*,*,0.975,4508.475,*,control,NA,5879,Dimatis,1,1,0,0
3_53,3,M2-bal,53,1,letter,Polysemy,Datisi,1,All letters have stamps,Some letters are rejections,Some rejections have stamps,*,book-type,C,A,78.5,info,0,0.7,4504.25,*,control,NA,7999,Datisi,0,0,0,0
3_54,3,M2-bal,54,0,city,Polysemy,Datisi,1,All cities are bureaucracies,Some cities are graffitied ,Some bureaucracies are graffitied,*,city-type,A,C,67.7,inst,0.2857142857,0.375,4022.55,*,control,NA,10889,Datisi,0,1,0,0
3_55,3,M2-bal,55,0,injuries,Invalid Filler,Dimatis*,1,Some sunburns are injuries,All cases of frostbite are injuries,Some cases of frostbite are sunburns,*,*,*,*,*,*,*,0.1,5963.025,*,control,NA,9895,Dimatis,0,1,0,0
3_56,3,M2-bal,56,1,change,Homonymy,Darii,1,All change is money,Some surprises are change,Some surprises are money,*,*,C,A,60,*,0,1,4466.87179,*,control,NA,9063,Darii,0,0,0,0
4_1,4,M2-bal,1,0,injuries,Invalid Filler,Dimatis*,2,Some sunburns are injuries,All cases of frostbite are injuries,Some cases of frostbite are sunburns,*,*,*,*,*,*,*,0.1,5963.025,*,control,NA,12369,Dimatis,0,1,0,0
4_2,4,M2-bal,2,1,swords,Valid Filler,Disamis,2,Some swords are decorative,All swords are weapons ,Some weapons are decorative ,*,*,*,*,*,*,*,0.8,6880.1,*,control,NA,14892,Disamis,1,1,0,0
4_3,4,M2-bal,3,1,sausages,Invalid Filler,Datisi*,2,All hot dogs are sausages,Some sausages are salamis,Some hot dogs are salamis,*,*,*,*,*,*,*,0.175,2931.35,*,control,NA,17219,Datisi,0,0,0,0
4_4,4,M2-bal,4,1,city,Polysemy,Datisi,2,All cities are bureaucracies,Some cities are graffitied ,Some bureaucracies are graffitied,*,city-type,A,C,67.7,inst,0.2857142857,0.375,4022.55,*,control,NA,12692,Datisi,0,0,0,0
4_5,4,M2-bal,5,1,novel,Polysemy,Darii,2,All novels are flammable,Some debuts are novels,Some debuts are flammable,*,book-type,C,A,96.7,info,1,0.15,6119.3,*,control,NA,12434,Darii,0,0,0,0
4_6,4,M2-bal,6,1,college,Polysemy,Darii,2,All colleges grant degrees,Some colleges are historic buildings,Some historic buildings grant degrees,*,city-type,A,C,56.6,inst,0.2857142857,0.575,5629.95,*,control,NA,11939,Darii,0,0,0,0
4_7,4,M2-bal,7,1,suitcases,Valid Filler,Dimatis,2,Some bags are suitcases,All suitcases are pieces of luggage,Some pieces of luggage are bags,*,*,*,*,*,*,*,1,3671.55,*,control,NA,11275,Dimatis,1,1,0,0
4_8,4,M2-bal,8,1,dresses,Invalid Filler,Darii*,2,All ball gowns are dresses ,Some cocktail outfits are dresses,Some cocktail outfits are ball gowns,*,*,*,*,*,*,*,0.65,5066.6,*,control,NA,12611,Darii,0,0,0,0
4_9,4,M2-bal,9,0,thieves,Invalid Filler,Dimatis*,2,Some children are thieves,All mob bosses are thieves,Some mob bosses are children,*,*,*,*,*,*,*,0.225,5599.825,*,control,NA,11133,Dimatis,0,1,0,0
4_10,4,M2-bal,10,0,company,Polysemy,Dimatis,2,Some storefronts are companies,All companies are hierarchies,Some hierarchies are storefronts,*,city-type,C,A,83.8,inst,0.7142857143,0.25,4713.05,*,control,NA,13197,Dimatis,0,1,0,0
4_11,4,M2-bal,11,0,colors,Invalid Filler,Disamis*,2,Some colors are primary ,All shades of purple are colors ,Some shades of purple are primary,*,*,*,*,*,*,*,0.225,5122.475,*,control,NA,10140,Disamis,0,1,0,0
4_12,4,M2-bal,12,1,picnic,Polysemy,Datisi,2,All picnics happen in nature,Some picnics are salads,Some salads happen in nature,*,lunch-type,A,C,59.2,event,0.5714285714,0.425,4573.125,*,control,NA,10883,Datisi,0,0,0,0
4_13,4,M2-bal,13,1,ruler,Homonymy,Disamis,2,Some rulers are kings,All rulers are standard lengths,Some standard lengths are kings,*,*,*,*,80,*,0.8571428571,0.125,5032.65,*,control,NA,7876,Disamis,0,0,0,0
4_14,4,M2-bal,14,1,trucks,Valid Filler,Dimatis,2,Some cars are trucks ,All trucks are vehicles,Some vehicles are cars ,*,*,*,*,*,*,*,0.975,4508.475,*,control,NA,6486,Dimatis,1,1,0,0
4_15,4,M2-bal,15,1,bat,Homonymy,Darii,2,All bats share a common ancestor,Some sporting goods are bats,Some sporting goods share a common ancestor,*,*,*,*,80,*,0.2857142857,0.4,5008,*,control,NA,10132,Darii,0,0,0,0
4_16,4,M2-bal,16,1,burgers,Valid Filler,Disamis,2,Some burgers are overcooked ,All burgers are sandwiches,Some sandwiches are overcooked ,*,*,*,*,*,*,*,0.925,4389.725,*,control,NA,6527,Disamis,1,1,0,0
4_17,4,M2-bal,17,1,mugs,Valid Filler,Datisi,2,All mugs are cups ,Some mugs are ceramics,Some ceramics are cups ,*,*,*,*,*,*,*,1,3091.05,*,control,NA,6945,Datisi,1,1,0,0
4_18,4,M2-bal,18,1,stones,Invalid Filler,Datisi*,2,All pebbles are stones,Some stones are boulders,Some boulders are pebbles,*,*,*,*,*,*,*,0.17948718,4940.5641,*,control,NA,9693,Datisi,0,0,0,0
4_19,4,M2-bal,19,1,school,Polysemy,Disamis,2,Some schools are rectangular,All schools are employers,Some employers are rectangular,*,city-type,C,A,45.1,inst,0.5714285714,0.1,2856.95,*,control,NA,17055,Disamis,0,0,0,0
4_20,4,M2-bal,20,1,breakfast,Polysemy,Darii,2,All breakfasts are under three hours,Some smoothies are breakfasts,Some smoothies are under three hours,*,lunch-type,A,C,87.1,event,0.7142857143,0.525,5068.825,*,control,NA,7667,Darii,0,0,0,0
4_21,4,M2-bal,21,1,rifles,Valid Filler,Disamis,2,Some rifles are for hunting,All rifles are guns ,Some guns are for hunting,*,*,*,*,*,*,*,1,4771.725,*,control,NA,5695,Disamis,1,1,0,0
4_22,4,M2-bal,22,1,statues,Valid Filler,Datisi,2,All statues are sculptures,Some statues are bronzes,Some bronzes are sculptures,*,*,*,*,*,*,*,0.9,3392.275,*,control,NA,9599,Datisi,1,1,0,0
4_23,4,M2-bal,23,0,ball,Homonymy,Dimatis,2,Some parties are balls,All balls are toys,Some toys are parties,*,*,A,C,100,*,0.7142857143,0.175,4203.925,*,control,NA,9158,Dimatis,0,1,0,0
4_24,4,M2-bal,24,1,singers,Valid Filler,Darii,2,All singers have an ideal vocal range ,Some guitarists are singers,Some guitarists have an ideal vocal range,*,*,*,*,*,*,*,0.925,4672.55,*,control,NA,8541,Darii,1,1,0,0
4_25,4,M2-bal,25,1,mothers,Invalid Filler,Darii*,2,All grandmothers are mothers ,Some teens are mothers,Some grandmothers are teens,*,*,*,*,*,*,*,0.175,6414.3,*,control,NA,13696,Darii,0,0,0,0
4_26,4,M2-bal,26,1,poets,Valid Filler,Datisi,2,All poets are writers ,Some poets are teachers,Some teachers are writers,*,*,*,*,*,*,*,0.975,3928.975,*,control,NA,6770,Datisi,1,1,0,0
4_27,4,M2-bal,27,1,widows,Valid Filler,Dimatis,2,Some mothers are widows ,All widows are women,Some women are mothers,*,*,*,*,*,*,*,1,2726.325,*,control,NA,7966,Dimatis,1,1,0,0
4_28,4,M2-bal,28,1,lunch,Polysemy,Dimatis,2,Some breaks are lunches,All lunches are entrées,Some entrées are breaks,*,lunch-type,A,C,96.6,event,0.7142857143,0.125,5002.3,*,control,NA,8073,Dimatis,0,0,0,0
4_29,4,M2-bal,29,0,shapes,Invalid Filler,Disamis*,2,Some shapes are triangles,All squares are shapes,Some squares are triangles,*,*,*,*,*,*,*,0,4538.9,*,control,NA,8031,Disamis,0,1,0,0
4_30,4,M2-bal,30,0,toilets,Invalid Filler,Disamis*,2,Some toilets are coed,All urinals are toilets,Some urinals are coed,*,*,*,*,*,*,*,0.375,5804.4,*,control,NA,7814,Disamis,0,1,0,0
4_31,4,M2-bal,31,1,peppers,Invalid Filler,Dimatis*,2,Some yellow vegetables are peppers ,All jalapenos are peppers,Some jalapenos are yellow vegetables,*,*,*,*,*,*,*,0.425,8075.125,*,control,NA,5481,Dimatis,0,0,0,0
4_32,4,M2-bal,32,0,board,Homonymy,Dimatis,2,Some governing organizations are boards,All boards are wooden planks,Some wooden planks are governing organizations,*,*,A,C,80,*,1,0.1,5379.9,*,control,NA,8011,Dimatis,0,1,0,0
4_33,4,M2-bal,33,1,ponies,Valid Filler,Datisi,2,All ponies neigh,Some ponies are colts,Some colts neigh,*,*,*,*,*,*,*,0.675,4349.025,*,control,NA,5246,Datisi,1,1,0,0
4_34,4,M2-bal,34,1,change,Homonymy,Darii,2,All change is money,Some surprises are change,Some surprises are money,*,*,C,A,60,*,0,1,4466.87179,*,control,NA,8307,Darii,0,0,0,0
4_35,4,M2-bal,35,0,cabinet,Homonymy,Datisi,2,All cabinets are political appointments,Some cabinets are antique furniture,Some antique furniture are political appointments,*,*,A,C,100,*,0.8571428571,0.025,4910.75,*,control,NA,10971,Datisi,0,1,0,0
4_36,4,M2-bal,36,1,doughnuts,Valid Filler,Darii,2,All doughnuts are sugary ,Some pastries are doughnuts ,Some pastries are sugary,*,*,*,*,*,*,*,0.95,3292.475,*,control,NA,7903,Darii,1,1,0,0
4_37,4,M2-bal,37,0,dinner,Polysemy,Disamis,2,Some dinners are black tie,All dinners are foods,Some foods are black tie,*,lunch-type,A,C,90,event,0.5714285714,0.225,3571.775,*,control,NA,8549,Disamis,0,1,0,0
4_38,4,M2-bal,38,1,match,Homonymy,Disamis,2,Some matches are shown on TV,All matches are fire starters,Some fire starters are shown on TV,*,*,A,C,80,*,0,0.85,5008.1,*,control,NA,8553,Disamis,0,0,0,0
4_39,4,M2-bal,39,1,funerals,Invalid Filler,Datisi*,2,All open-casket services are funerals,Some funerals are cremations,Some cremations are open-casket services,*,*,*,*,*,*,*,0.4,5086.4,*,control,NA,7212,Datisi,0,0,0,0
4_40,4,M2-bal,40,1,star,Homonymy,Datisi,2,All stars are famous ,Some stars are red dwarfs,Some red dwarfs are famous,*,*,*,*,100,*,0,0.375,3338.975,*,control,NA,5828,Datisi,0,0,0,0
4_41,4,M2-bal,41,1,letter,Polysemy,Datisi,2,All letters have stamps,Some letters are rejections,Some rejections have stamps,*,book-type,C,A,78.5,info,0,0.7,4504.25,*,control,NA,7518,Datisi,0,0,0,0
4_42,4,M2-bal,42,1,actors,Invalid Filler,Datisi*,2,All male leads are actors,Some actors are women,Some women are male leads,*,*,*,*,*,*,*,0.4,4720.6,*,control,NA,10809,Datisi,0,0,0,0
4_43,4,M2-bal,43,1,steaks,Invalid Filler,Disamis*,2,Some steaks are filet mignons,All ribeyes are steaks,Some ribeyes are filet mignons,*,*,*,*,*,*,*,0.225,5186.55,*,control,NA,7328,Disamis,0,0,0,0
4_44,4,M2-bal,44,1,ring,Homonymy,Darii,2,All rings are sounds,Some accessories are rings,Some accessories are sounds,*,*,A,C,100,*,0.7142857143,0.275,3957.775,*,control,NA,4874,Darii,0,0,0,0
4_45,4,M2-bal,45,1,magazines,Polysemy,Disamis,2,Some magazines are coffee-stained,All magazines are subscriptions,Some subscriptions are coffee-stained,*,book-type,C,A,68.9,info,0.2857142857,0.12820513,3613.5641,*,control,NA,8492,Disamis,0,0,0,0
4_46,4,M2-bal,46,1,spices,Invalid Filler,Dimatis*,2,Some dried roots are spices ,All mustard seeds are spices ,Some mustard seeds are dried roots,*,*,*,*,*,*,*,0.4,4410.8,*,control,NA,6226,Dimatis,0,0,0,0
4_47,4,M2-bal,47,0,suit,Homonymy,Disamis,2,Some suits have multiple defendants,All suits are dress attire,Some dress attire has multiple defendants,*,*,A,C,100,*,0.5714285714,0.075,5412.1,*,control,NA,7707,Disamis,0,1,0,0
4_48,4,M2-bal,48,1,dolls,Valid Filler,Darii,2,All dolls are man made,Some toys are dolls ,Some toys are man made,*,*,*,*,*,*,*,1,3066.525,*,control,NA,5248,Darii,1,1,0,0
4_49,4,M2-bal,49,1,liars,Valid Filler,Dimatis,2,Some criminals are liars ,All liars are humans,Some humans are criminals ,*,*,*,*,*,*,*,1,4285.51282,*,control,NA,5620,Dimatis,1,1,0,0
4_50,4,M2-bal,50,1,wave,Homonymy,Dimatis,2,Some gestures are waves,Some waves are ripples,Some ripples are gestures,*,*,A,C,100,*,0.4285714286,0.25641026,6582.48718,*,control,NA,5303,Dimatis,0,0,0,0
4_51,4,M2-bal,51,0,antiques,Invalid Filler,Darii*,2,All medieval manuscripts are antiques ,Some pieces of jewelry are antiques ,Some pieces of jewelry are medieval manuscripts,*,*,*,*,*,*,*,0.25,6885.35,*,control,NA,8511,Darii,0,1,0,0
4_52,4,M2-bal,52,1,grapes,Valid Filler,Disamis,2,Some grapes are red ,All grapes are fruits ,Some fruits are red ,*,*,*,*,*,*,*,1,3059.8,*,control,NA,6571,Disamis,1,1,0,0
4_53,4,M2-bal,53,1,book,Polysemy,Dimatis,2,Some doorstops are books,All books are intellectual property,Some intellectual property is a doorstop,*,book-type,C,A,64.5,info,0.5714285714,0.12820513,4958.76923,*,control,NA,7462,Dimatis,0,0,0,0
4_54,4,M2-bal,54,0,rock,Homonymy,Datisi,2,All rock has guitars,Some rock is marble,Some marble has guitars,*,*,A,C,100,*,0.8571428571,0.05,3983.6,*,control,NA,14463,Datisi,0,1,0,0
4_55,4,M2-bal,55,1,clowns,Valid Filler,Darii,2,All clowns can juggle ,Some circus performers are clowns ,Some circus performers can juggle,*,*,*,*,*,*,*,0.975,3767.925,*,control,NA,8668,Darii,1,1,0,0
4_56,4,M2-bal,56,1,dances,Invalid Filler,Darii*,2,All polkas are dances ,Some mating rituals are dances ,Some mating rituals are polkas ,*,*,*,*,*,*,*,0.25,3557.725,*,control,NA,5776,Darii,0,0,0,0
5_1,5,M2-bal,1,1,poets,Valid Filler,Datisi,1,All poets are writers ,Some poets are teachers,Some teachers are writers,*,*,*,*,*,*,*,0.975,3928.975,*,control,NA,10513,Datisi,1,1,0,0
5_2,5,M2-bal,2,1,widows,Valid Filler,Dimatis,1,Some mothers are widows ,All widows are women,Some women are mothers,*,*,*,*,*,*,*,1,2726.325,*,control,NA,8802,Dimatis,1,1,0,0
5_3,5,M2-bal,3,0,ruler,Homonymy,Disamis,1,Some rulers are kings,All rulers are standard lengths,Some standard lengths are kings,*,*,*,*,80,*,0.8571428571,0.125,5032.65,*,control,NA,8437,Disamis,0,1,0,0
5_4,5,M2-bal,4,0,magazines,Polysemy,Disamis,1,Some magazines are coffee-stained,All magazines are subscriptions,Some subscriptions are coffee-stained,*,book-type,C,A,68.9,info,0.2857142857,0.12820513,3613.5641,*,control,NA,9035,Disamis,0,1,0,0
5_5,5,M2-bal,5,0,dresses,Invalid Filler,Darii*,1,All ball gowns are dresses ,Some cocktail outfits are dresses,Some cocktail outfits are ball gowns,*,*,*,*,*,*,*,0.65,5066.6,*,control,NA,10127,Darii,0,1,0,0
5_6,5,M2-bal,6,0,thieves,Invalid Filler,Dimatis*,1,Some children are thieves,All mob bosses are thieves,Some mob bosses are children,*,*,*,*,*,*,*,0.225,5599.825,*,control,NA,7795,Dimatis,0,1,0,0
5_7,5,M2-bal,7,0,dinner,Polysemy,Disamis,1,Some dinners are black tie,All dinners are foods,Some foods are black tie,*,lunch-type,A,C,90,event,0.5714285714,0.225,3571.775,*,control,NA,9382,Disamis,0,1,0,0
5_8,5,M2-bal,8,0,school,Polysemy,Disamis,1,Some schools are rectangular,All schools are employers,Some employers are rectangular,*,city-type,C,A,45.1,inst,0.5714285714,0.1,2856.95,*,control,NA,7097,Disamis,0,1,0,0
5_9,5,M2-bal,9,1,star,Homonymy,Datisi,1,All stars are famous ,Some stars are red dwarfs,Some red dwarfs are famous,*,*,*,*,100,*,0,0.375,3338.975,*,control,NA,8631,Datisi,0,0,0,0
5_10,5,M2-bal,10,1,picnic,Polysemy,Datisi,1,All picnics happen in nature,Some picnics are salads,Some salads happen in nature,*,lunch-type,A,C,59.2,event,0.5714285714,0.425,4573.125,*,control,NA,9415,Datisi,0,0,0,0
5_11,5,M2-bal,11,1,dances,Invalid Filler,Darii*,1,All polkas are dances ,Some mating rituals are dances ,Some mating rituals are polkas ,*,*,*,*,*,*,*,0.25,3557.725,*,control,NA,9131,Darii,0,0,0,0
5_12,5,M2-bal,12,1,dolls,Valid Filler,Darii,1,All dolls are man made,Some toys are dolls ,Some toys are man made,*,*,*,*,*,*,*,1,3066.525,*,control,NA,7971,Darii,1,1,0,0
5_13,5,M2-bal,13,0,funerals,Invalid Filler,Datisi*,1,All open-casket services are funerals,Some funerals are cremations,Some cremations are open-casket services,*,*,*,*,*,*,*,0.4,5086.4,*,control,NA,8339,Datisi,0,1,0,0
5_14,5,M2-bal,14,0,match,Homonymy,Disamis,1,Some matches are shown on TV,All matches are fire starters,Some fire starters are shown on TV,*,*,A,C,80,*,0,0.85,5008.1,*,control,NA,7788,Disamis,0,1,0,0
5_15,5,M2-bal,15,1,suitcases,Valid Filler,Dimatis,1,Some bags are suitcases,All suitcases are pieces of luggage,Some pieces of luggage are bags,*,*,*,*,*,*,*,1,3671.55,*,control,NA,7973,Dimatis,1,1,0,0
5_16,5,M2-bal,16,0,shapes,Invalid Filler,Disamis*,1,Some shapes are triangles,All squares are shapes,Some squares are triangles,*,*,*,*,*,*,*,0,4538.9,*,control,NA,8007,Disamis,0,1,0,0
5_17,5,M2-bal,17,1,spices,Invalid Filler,Dimatis*,1,Some dried roots are spices ,All mustard seeds are spices ,Some mustard seeds are dried roots,*,*,*,*,*,*,*,0.4,4410.8,*,control,NA,7308,Dimatis,0,0,0,0
5_18,5,M2-bal,18,1,burgers,Valid Filler,Disamis,1,Some burgers are overcooked ,All burgers are sandwiches,Some sandwiches are overcooked ,*,*,*,*,*,*,*,0.925,4389.725,*,control,NA,7187,Disamis,1,1,0,0
5_19,5,M2-bal,19,1,ponies,Valid Filler,Datisi,1,All ponies neigh,Some ponies are colts,Some colts neigh,*,*,*,*,*,*,*,0.675,4349.025,*,control,NA,7641,Datisi,1,1,0,0
5_20,5,M2-bal,20,0,novel,Polysemy,Darii,1,All novels are flammable,Some debuts are novels,Some debuts are flammable,*,book-type,C,A,96.7,info,1,0.15,6119.3,*,control,NA,6464,Darii,0,1,0,0
5_21,5,M2-bal,21,1,peppers,Invalid Filler,Dimatis*,1,Some yellow vegetables are peppers ,All jalapenos are peppers,Some jalapenos are yellow vegetables,*,*,*,*,*,*,*,0.425,8075.125,*,control,NA,8885,Dimatis,0,0,0,0
5_22,5,M2-bal,22,0,suit,Homonymy,Disamis,1,Some suits have multiple defendants,All suits are dress attire,Some dress attire has multiple defendants,*,*,A,C,100,*,0.5714285714,0.075,5412.1,*,control,NA,7257,Disamis,0,1,0,0
5_23,5,M2-bal,23,0,ball,Homonymy,Dimatis,1,Some parties are balls,All balls are toys,Some toys are parties,*,*,A,C,100,*,0.7142857143,0.175,4203.925,*,control,NA,8173,Dimatis,0,1,0,0
5_24,5,M2-bal,24,0,bat,Homonymy,Darii,1,All bats share a common ancestor,Some sporting goods are bats,Some sporting goods share a common ancestor,*,*,*,*,80,*,0.2857142857,0.4,5008,*,control,NA,7875,Darii,0,1,0,0
5_25,5,M2-bal,25,1,swords,Valid Filler,Disamis,1,Some swords are decorative,All swords are weapons ,Some weapons are decorative ,*,*,*,*,*,*,*,0.8,6880.1,*,control,NA,7564,Disamis,1,1,0,0
5_26,5,M2-bal,26,1,rifles,Valid Filler,Disamis,1,Some rifles are for hunting,All rifles are guns ,Some guns are for hunting,*,*,*,*,*,*,*,1,4771.725,*,control,NA,8611,Disamis,1,1,0,0
5_27,5,M2-bal,27,1,mugs,Valid Filler,Datisi,1,All mugs are cups ,Some mugs are ceramics,Some ceramics are cups ,*,*,*,*,*,*,*,1,3091.05,*,control,NA,11366,Datisi,1,1,0,0
5_28,5,M2-bal,28,1,grapes,Valid Filler,Disamis,1,Some grapes are red ,All grapes are fruits ,Some fruits are red ,*,*,*,*,*,*,*,1,3059.8,*,control,NA,8816,Disamis,1,1,0,0
5_29,5,M2-bal,29,1,doughnuts,Valid Filler,Darii,1,All doughnuts are sugary ,Some pastries are doughnuts ,Some pastries are sugary,*,*,*,*,*,*,*,0.95,3292.475,*,control,NA,5605,Darii,1,1,0,0
5_30,5,M2-bal,30,1,clowns,Valid Filler,Darii,1,All clowns can juggle ,Some circus performers are clowns ,Some circus performers can juggle,*,*,*,*,*,*,*,0.975,3767.925,*,control,NA,6016,Darii,1,1,0,0
5_31,5,M2-bal,31,0,rock,Homonymy,Datisi,1,All rock has guitars,Some rock is marble,Some marble has guitars,*,*,A,C,100,*,0.8571428571,0.05,3983.6,*,control,NA,5787,Datisi,0,1,0,0
5_32,5,M2-bal,32,0,stones,Invalid Filler,Datisi*,1,All pebbles are stones,Some stones are boulders,Some boulders are pebbles,*,*,*,*,*,*,*,0.17948718,4940.5641,*,control,NA,9336,Datisi,0,1,0,0
5_33,5,M2-bal,33,0,cabinet,Homonymy,Datisi,1,All cabinets are political appointments,Some cabinets are antique furniture,Some antique furniture are political appointments,*,*,A,C,100,*,0.8571428571,0.025,4910.75,*,control,NA,5796,Datisi,0,1,0,0
5_34,5,M2-bal,34,0,ring,Homonymy,Darii,1,All rings are sounds,Some accessories are rings,Some accessories are sounds,*,*,A,C,100,*,0.7142857143,0.275,3957.775,*,control,NA,5650,Darii,0,1,0,0
5_35,5,M2-bal,35,0,lunch,Polysemy,Dimatis,1,Some breaks are lunches,All lunches are entrées,Some entrées are breaks,*,lunch-type,A,C,96.6,event,0.7142857143,0.125,5002.3,*,control,NA,6207,Dimatis,0,1,0,0
5_36,5,M2-bal,36,0,wave,Homonymy,Dimatis,1,Some gestures are waves,Some waves are ripples,Some ripples are gestures,*,*,A,C,100,*,0.4285714286,0.25641026,6582.48718,*,control,NA,7932,Dimatis,0,1,0,0
5_37,5,M2-bal,37,0,book,Polysemy,Dimatis,1,Some doorstops are books,All books are intellectual property,Some intellectual property is a doorstop,*,book-type,C,A,64.5,info,0.5714285714,0.12820513,4958.76923,*,control,NA,6981,Dimatis,0,1,0,0
5_38,5,M2-bal,38,1,liars,Valid Filler,Dimatis,1,Some criminals are liars ,All liars are humans,Some humans are criminals ,*,*,*,*,*,*,*,1,4285.51282,*,control,NA,6230,Dimatis,1,1,0,0
5_39,5,M2-bal,39,0,steaks,Invalid Filler,Disamis*,1,Some steaks are filet mignons,All ribeyes are steaks,Some ribeyes are filet mignons,*,*,*,*,*,*,*,0.225,5186.55,*,control,NA,8429,Disamis,0,1,0,0
5_40,5,M2-bal,40,0,mothers,Invalid Filler,Darii*,1,All grandmothers are mothers ,Some teens are mothers,Some grandmothers are teens,*,*,*,*,*,*,*,0.175,6414.3,*,control,NA,5717,Darii,0,1,0,0
5_41,5,M2-bal,41,0,sausages,Invalid Filler,Datisi*,1,All hot dogs are sausages,Some sausages are salamis,Some hot dogs are salamis,*,*,*,*,*,*,*,0.175,2931.35,*,control,NA,6394,Datisi,0,1,0,0
5_42,5,M2-bal,42,0,toilets,Invalid Filler,Disamis*,1,Some toilets are coed,All urinals are toilets,Some urinals are coed,*,*,*,*,*,*,*,0.375,5804.4,*,control,NA,5166,Disamis,0,1,0,0
5_43,5,M2-bal,43,0,antiques,Invalid Filler,Darii*,1,All medieval manuscripts are antiques ,Some pieces of jewelry are antiques ,Some pieces of jewelry are medieval manuscripts,*,*,*,*,*,*,*,0.25,6885.35,*,control,NA,5799,Darii,0,1,0,0
5_44,5,M2-bal,44,0,college,Polysemy,Darii,1,All colleges grant degrees,Some colleges are historic buildings,Some historic buildings grant degrees,*,city-type,A,C,56.6,inst,0.2857142857,0.575,5629.95,*,control,NA,7475,Darii,0,1,0,0
5_45,5,M2-bal,45,0,colors,Invalid Filler,Disamis*,1,Some colors are primary ,All shades of purple are colors ,Some shades of purple are primary,*,*,*,*,*,*,*,0.225,5122.475,*,control,NA,7019,Disamis,0,1,0,0
5_46,5,M2-bal,46,1,singers,Valid Filler,Darii,1,All singers have an ideal vocal range ,Some guitarists are singers,Some guitarists have an ideal vocal range,*,*,*,*,*,*,*,0.925,4672.55,*,control,NA,7022,Darii,1,1,0,0
5_47,5,M2-bal,47,1,statues,Valid Filler,Datisi,1,All statues are sculptures,Some statues are bronzes,Some bronzes are sculptures,*,*,*,*,*,*,*,0.9,3392.275,*,control,NA,7079,Datisi,1,1,0,0
5_48,5,M2-bal,48,1,breakfast,Polysemy,Darii,1,All breakfasts are under three hours,Some smoothies are breakfasts,Some smoothies are under three hours,*,lunch-type,A,C,87.1,event,0.7142857143,0.525,5068.825,*,control,NA,5721,Darii,0,0,0,0
5_49,5,M2-bal,49,0,company,Polysemy,Dimatis,1,Some storefronts are companies,All companies are hierarchies,Some hierarchies are storefronts,*,city-type,C,A,83.8,inst,0.7142857143,0.25,4713.05,*,control,NA,6527,Dimatis,0,1,0,0
5_50,5,M2-bal,50,0,actors,Invalid Filler,Datisi*,1,All male leads are actors,Some actors are women,Some women are male leads,*,*,*,*,*,*,*,0.4,4720.6,*,control,NA,5589,Datisi,0,1,0,0
5_51,5,M2-bal,51,0,board,Homonymy,Dimatis,1,Some governing organizations are boards,All boards are wooden planks,Some wooden planks are governing organizations,*,*,A,C,80,*,1,0.1,5379.9,*,control,NA,9662,Dimatis,0,1,0,0
5_52,5,M2-bal,52,1,trucks,Valid Filler,Dimatis,1,Some cars are trucks ,All trucks are vehicles,Some vehicles are cars ,*,*,*,*,*,*,*,0.975,4508.475,*,control,NA,7503,Dimatis,1,1,0,0
5_53,5,M2-bal,53,1,letter,Polysemy,Datisi,1,All letters have stamps,Some letters are rejections,Some rejections have stamps,*,book-type,C,A,78.5,info,0,0.7,4504.25,*,control,NA,6298,Datisi,0,0,0,0
5_54,5,M2-bal,54,0,city,Polysemy,Datisi,1,All cities are bureaucracies,Some cities are graffitied ,Some bureaucracies are graffitied,*,city-type,A,C,67.7,inst,0.2857142857,0.375,4022.55,*,control,NA,6883,Datisi,0,1,0,0
5_55,5,M2-bal,55,0,injuries,Invalid Filler,Dimatis*,1,Some sunburns are injuries,All cases of frostbite are injuries,Some cases of frostbite are sunburns,*,*,*,*,*,*,*,0.1,5963.025,*,control,NA,6197,Dimatis,0,1,0,0
5_56,5,M2-bal,56,1,change,Homonymy,Darii,1,All change is money,Some surprises are change,Some surprises are money,*,*,C,A,60,*,0,1,4466.87179,*,control,NA,5356,Darii,0,0,0,0
6_1,6,M2-bal,1,1,injuries,Invalid Filler,Dimatis*,2,Some sunburns are injuries,All cases of frostbite are injuries,Some cases of frostbite are sunburns,*,*,*,*,*,*,*,0.1,5963.025,*,control,NA,18586,Dimatis,0,0,0,0
6_2,6,M2-bal,2,1,swords,Valid Filler,Disamis,2,Some swords are decorative,All swords are weapons ,Some weapons are decorative ,*,*,*,*,*,*,*,0.8,6880.1,*,control,NA,16050,Disamis,1,1,0,0
6_3,6,M2-bal,3,1,sausages,Invalid Filler,Datisi*,2,All hot dogs are sausages,Some sausages are salamis,Some hot dogs are salamis,*,*,*,*,*,*,*,0.175,2931.35,*,control,NA,11067,Datisi,0,0,0,0
6_4,6,M2-bal,4,1,city,Polysemy,Datisi,2,All cities are bureaucracies,Some cities are graffitied ,Some bureaucracies are graffitied,*,city-type,A,C,67.7,inst,0.2857142857,0.375,4022.55,*,control,NA,11254,Datisi,0,0,0,0
6_5,6,M2-bal,5,1,novel,Polysemy,Darii,2,All novels are flammable,Some debuts are novels,Some debuts are flammable,*,book-type,C,A,96.7,info,1,0.15,6119.3,*,control,NA,14637,Darii,0,0,0,0
6_6,6,M2-bal,6,1,college,Polysemy,Darii,2,All colleges grant degrees,Some colleges are historic buildings,Some historic buildings grant degrees,*,city-type,A,C,56.6,inst,0.2857142857,0.575,5629.95,*,control,NA,14896,Darii,0,0,0,0
6_7,6,M2-bal,7,1,suitcases,Valid Filler,Dimatis,2,Some bags are suitcases,All suitcases are pieces of luggage,Some pieces of luggage are bags,*,*,*,*,*,*,*,1,3671.55,*,control,NA,16633,Dimatis,1,1,0,0
6_8,6,M2-bal,8,1,dresses,Invalid Filler,Darii*,2,All ball gowns are dresses ,Some cocktail outfits are dresses,Some cocktail outfits are ball gowns,*,*,*,*,*,*,*,0.65,5066.6,*,control,NA,22008,Darii,0,0,0,0
6_9,6,M2-bal,9,0,thieves,Invalid Filler,Dimatis*,2,Some children are thieves,All mob bosses are thieves,Some mob bosses are children,*,*,*,*,*,*,*,0.225,5599.825,*,control,NA,11815,Dimatis,0,1,0,0
6_10,6,M2-bal,10,1,company,Polysemy,Dimatis,2,Some storefronts are companies,All companies are hierarchies,Some hierarchies are storefronts,*,city-type,C,A,83.8,inst,0.7142857143,0.25,4713.05,*,control,NA,17947,Dimatis,0,0,0,0
6_11,6,M2-bal,11,1,colors,Invalid Filler,Disamis*,2,Some colors are primary ,All shades of purple are colors ,Some shades of purple are primary,*,*,*,*,*,*,*,0.225,5122.475,*,control,NA,13823,Disamis,0,0,0,0
6_12,6,M2-bal,12,1,picnic,Polysemy,Datisi,2,All picnics happen in nature,Some picnics are salads,Some salads happen in nature,*,lunch-type,A,C,59.2,event,0.5714285714,0.425,4573.125,*,control,NA,12809,Datisi,0,0,0,0
6_13,6,M2-bal,13,1,ruler,Homonymy,Disamis,2,Some rulers are kings,All rulers are standard lengths,Some standard lengths are kings,*,*,*,*,80,*,0.8571428571,0.125,5032.65,*,control,NA,14755,Disamis,0,0,0,0
6_14,6,M2-bal,14,1,trucks,Valid Filler,Dimatis,2,Some cars are trucks ,All trucks are vehicles,Some vehicles are cars ,*,*,*,*,*,*,*,0.975,4508.475,*,control,NA,18923,Dimatis,1,1,0,0
6_15,6,M2-bal,15,0,bat,Homonymy,Darii,2,All bats share a common ancestor,Some sporting goods are bats,Some sporting goods share a common ancestor,*,*,*,*,80,*,0.2857142857,0.4,5008,*,control,NA,15540,Darii,0,1,0,0
6_16,6,M2-bal,16,1,burgers,Valid Filler,Disamis,2,Some burgers are overcooked ,All burgers are sandwiches,Some sandwiches are overcooked ,*,*,*,*,*,*,*,0.925,4389.725,*,control,NA,9927,Disamis,1,1,0,0
6_17,6,M2-bal,17,1,mugs,Valid Filler,Datisi,2,All mugs are cups ,Some mugs are ceramics,Some ceramics are cups ,*,*,*,*,*,*,*,1,3091.05,*,control,NA,11243,Datisi,1,1,0,0
6_18,6,M2-bal,18,1,stones,Invalid Filler,Datisi*,2,All pebbles are stones,Some stones are boulders,Some boulders are pebbles,*,*,*,*,*,*,*,0.17948718,4940.5641,*,control,NA,15444,Datisi,0,0,0,0
6_19,6,M2-bal,19,1,school,Polysemy,Disamis,2,Some schools are rectangular,All schools are employers,Some employers are rectangular,*,city-type,C,A,45.1,inst,0.5714285714,0.1,2856.95,*,control,NA,12077,Disamis,0,0,0,0
6_20,6,M2-bal,20,1,breakfast,Polysemy,Darii,2,All breakfasts are under three hours,Some smoothies are breakfasts,Some smoothies are under three hours,*,lunch-type,A,C,87.1,event,0.7142857143,0.525,5068.825,*,control,NA,13415,Darii,0,0,0,0
6_21,6,M2-bal,21,1,rifles,Valid Filler,Disamis,2,Some rifles are for hunting,All rifles are guns ,Some guns are for hunting,*,*,*,*,*,*,*,1,4771.725,*,control,NA,14692,Disamis,1,1,0,0
6_22,6,M2-bal,22,1,statues,Valid Filler,Datisi,2,All statues are sculptures,Some statues are bronzes,Some bronzes are sculptures,*,*,*,*,*,*,*,0.9,3392.275,*,control,NA,16265,Datisi,1,1,0,0
6_23,6,M2-bal,23,1,ball,Homonymy,Dimatis,2,Some parties are balls,All balls are toys,Some toys are parties,*,*,A,C,100,*,0.7142857143,0.175,4203.925,*,control,NA,14814,Dimatis,0,0,0,0
6_24,6,M2-bal,24,1,singers,Valid Filler,Darii,2,All singers have an ideal vocal range ,Some guitarists are singers,Some guitarists have an ideal vocal range,*,*,*,*,*,*,*,0.925,4672.55,*,control,NA,10169,Darii,1,1,0,0
6_25,6,M2-bal,25,0,mothers,Invalid Filler,Darii*,2,All grandmothers are mothers ,Some teens are mothers,Some grandmothers are teens,*,*,*,*,*,*,*,0.175,6414.3,*,control,NA,14679,Darii,0,1,0,0
6_26,6,M2-bal,26,1,poets,Valid Filler,Datisi,2,All poets are writers ,Some poets are teachers,Some teachers are writers,*,*,*,*,*,*,*,0.975,3928.975,*,control,NA,12564,Datisi,1,1,0,0
6_27,6,M2-bal,27,0,widows,Valid Filler,Dimatis,2,Some mothers are widows ,All widows are women,Some women are mothers,*,*,*,*,*,*,*,1,2726.325,*,control,NA,12430,Dimatis,1,0,0,0
6_28,6,M2-bal,28,0,lunch,Polysemy,Dimatis,2,Some breaks are lunches,All lunches are entrées,Some entrées are breaks,*,lunch-type,A,C,96.6,event,0.7142857143,0.125,5002.3,*,control,NA,20311,Dimatis,0,1,0,0
6_29,6,M2-bal,29,0,shapes,Invalid Filler,Disamis*,2,Some shapes are triangles,All squares are shapes,Some squares are triangles,*,*,*,*,*,*,*,0,4538.9,*,control,NA,12438,Disamis,0,1,0,0
6_30,6,M2-bal,30,0,toilets,Invalid Filler,Disamis*,2,Some toilets are coed,All urinals are toilets,Some urinals are coed,*,*,*,*,*,*,*,0.375,5804.4,*,control,NA,22499,Disamis,0,1,0,0
6_31,6,M2-bal,31,1,peppers,Invalid Filler,Dimatis*,2,Some yellow vegetables are peppers ,All jalapenos are peppers,Some jalapenos are yellow vegetables,*,*,*,*,*,*,*,0.425,8075.125,*,control,NA,10295,Dimatis,0,0,0,0
6_32,6,M2-bal,32,1,board,Homonymy,Dimatis,2,Some governing organizations are boards,All boards are wooden planks,Some wooden planks are governing organizations,*,*,A,C,80,*,1,0.1,5379.9,*,control,NA,15200,Dimatis,0,0,0,0
6_33,6,M2-bal,33,1,ponies,Valid Filler,Datisi,2,All ponies neigh,Some ponies are colts,Some colts neigh,*,*,*,*,*,*,*,0.675,4349.025,*,control,NA,11144,Datisi,1,1,0,0
6_34,6,M2-bal,34,1,change,Homonymy,Darii,2,All change is money,Some surprises are change,Some surprises are money,*,*,C,A,60,*,0,1,4466.87179,*,control,NA,8171,Darii,0,0,0,0
6_35,6,M2-bal,35,1,cabinet,Homonymy,Datisi,2,All cabinets are political appointments,Some cabinets are antique furniture,Some antique furniture are political appointments,*,*,A,C,100,*,0.8571428571,0.025,4910.75,*,control,NA,11311,Datisi,0,0,0,0
6_36,6,M2-bal,36,1,doughnuts,Valid Filler,Darii,2,All doughnuts are sugary ,Some pastries are doughnuts ,Some pastries are sugary,*,*,*,*,*,*,*,0.95,3292.475,*,control,NA,6642,Darii,1,1,0,0
6_37,6,M2-bal,37,0,dinner,Polysemy,Disamis,2,Some dinners are black tie,All dinners are foods,Some foods are black tie,*,lunch-type,A,C,90,event,0.5714285714,0.225,3571.775,*,control,NA,10222,Disamis,0,1,0,0
6_38,6,M2-bal,38,1,match,Homonymy,Disamis,2,Some matches are shown on TV,All matches are fire starters,Some fire starters are shown on TV,*,*,A,C,80,*,0,0.85,5008.1,*,control,NA,14239,Disamis,0,0,0,0
6_39,6,M2-bal,39,0,funerals,Invalid Filler,Datisi*,2,All open-casket services are funerals,Some funerals are cremations,Some cremations are open-casket services,*,*,*,*,*,*,*,0.4,5086.4,*,control,NA,14087,Datisi,0,1,0,0
6_40,6,M2-bal,40,1,star,Homonymy,Datisi,2,All stars are famous ,Some stars are red dwarfs,Some red dwarfs are famous,*,*,*,*,100,*,0,0.375,3338.975,*,control,NA,11194,Datisi,0,0,0,0
6_41,6,M2-bal,41,1,letter,Polysemy,Datisi,2,All letters have stamps,Some letters are rejections,Some rejections have stamps,*,book-type,C,A,78.5,info,0,0.7,4504.25,*,control,NA,10784,Datisi,0,0,0,0
6_42,6,M2-bal,42,1,actors,Invalid Filler,Datisi*,2,All male leads are actors,Some actors are women,Some women are male leads,*,*,*,*,*,*,*,0.4,4720.6,*,control,NA,18961,Datisi,0,0,0,0
6_43,6,M2-bal,43,0,steaks,Invalid Filler,Disamis*,2,Some steaks are filet mignons,All ribeyes are steaks,Some ribeyes are filet mignons,*,*,*,*,*,*,*,0.225,5186.55,*,control,NA,16245,Disamis,0,1,0,0
6_44,6,M2-bal,44,1,ring,Homonymy,Darii,2,All rings are sounds,Some accessories are rings,Some accessories are sounds,*,*,A,C,100,*,0.7142857143,0.275,3957.775,*,control,NA,13052,Darii,0,0,0,0
6_45,6,M2-bal,45,1,magazines,Polysemy,Disamis,2,Some magazines are coffee-stained,All magazines are subscriptions,Some subscriptions are coffee-stained,*,book-type,C,A,68.9,info,0.2857142857,0.12820513,3613.5641,*,control,NA,9079,Disamis,0,0,0,0
6_46,6,M2-bal,46,1,spices,Invalid Filler,Dimatis*,2,Some dried roots are spices ,All mustard seeds are spices ,Some mustard seeds are dried roots,*,*,*,*,*,*,*,0.4,4410.8,*,control,NA,15469,Dimatis,0,0,0,0
6_47,6,M2-bal,47,0,suit,Homonymy,Disamis,2,Some suits have multiple defendants,All suits are dress attire,Some dress attire has multiple defendants,*,*,A,C,100,*,0.5714285714,0.075,5412.1,*,control,NA,17141,Disamis,0,1,0,0
6_48,6,M2-bal,48,1,dolls,Valid Filler,Darii,2,All dolls are man made,Some toys are dolls ,Some toys are man made,*,*,*,*,*,*,*,1,3066.525,*,control,NA,10199,Darii,1,1,0,0
6_49,6,M2-bal,49,1,liars,Valid Filler,Dimatis,2,Some criminals are liars ,All liars are humans,Some humans are criminals ,*,*,*,*,*,*,*,1,4285.51282,*,control,NA,13703,Dimatis,1,1,0,0
6_50,6,M2-bal,50,1,wave,Homonymy,Dimatis,2,Some gestures are waves,Some waves are ripples,Some ripples are gestures,*,*,A,C,100,*,0.4285714286,0.25641026,6582.48718,*,control,NA,7488,Dimatis,0,0,0,0
6_51,6,M2-bal,51,0,antiques,Invalid Filler,Darii*,2,All medieval manuscripts are antiques ,Some pieces of jewelry are antiques ,Some pieces of jewelry are medieval manuscripts,*,*,*,*,*,*,*,0.25,6885.35,*,control,NA,11071,Darii,0,1,0,0
6_52,6,M2-bal,52,1,grapes,Valid Filler,Disamis,2,Some grapes are red ,All grapes are fruits ,Some fruits are red ,*,*,*,*,*,*,*,1,3059.8,*,control,NA,16693,Disamis,1,1,0,0
6_53,6,M2-bal,53,1,book,Polysemy,Dimatis,2,Some doorstops are books,All books are intellectual property,Some intellectual property is a doorstop,*,book-type,C,A,64.5,info,0.5714285714,0.12820513,4958.76923,*,control,NA,10009,Dimatis,0,0,0,0
6_54,6,M2-bal,54,0,rock,Homonymy,Datisi,2,All rock has guitars,Some rock is marble,Some marble has guitars,*,*,A,C,100,*,0.8571428571,0.05,3983.6,*,control,NA,9758,Datisi,0,1,0,0
6_55,6,M2-bal,55,1,clowns,Valid Filler,Darii,2,All clowns can juggle ,Some circus performers are clowns ,Some circus performers can juggle,*,*,*,*,*,*,*,0.975,3767.925,*,control,NA,7478,Darii,1,1,0,0
6_56,6,M2-bal,56,1,dances,Invalid Filler,Darii*,2,All polkas are dances ,Some mating rituals are dances ,Some mating rituals are polkas ,*,*,*,*,*,*,*,0.25,3557.725,*,control,NA,8168,Darii,0,0,0,0
7_1,7,M2-bal,1,0,injuries,Invalid Filler,Dimatis*,2,Some sunburns are injuries,All cases of frostbite are injuries,Some cases of frostbite are sunburns,*,*,*,*,*,*,*,0.1,5963.025,*,control,NA,28180,Dimatis,0,1,0,0
7_2,7,M2-bal,2,1,swords,Valid Filler,Disamis,2,Some swords are decorative,All swords are weapons ,Some weapons are decorative ,*,*,*,*,*,*,*,0.8,6880.1,*,control,NA,14457,Disamis,1,1,0,0
7_3,7,M2-bal,3,1,sausages,Invalid Filler,Datisi*,2,All hot dogs are sausages,Some sausages are salamis,Some hot dogs are salamis,*,*,*,*,*,*,*,0.175,2931.35,*,control,NA,38459,Datisi,0,0,0,0
7_4,7,M2-bal,4,1,city,Polysemy,Datisi,2,All cities are bureaucracies,Some cities are graffitied ,Some bureaucracies are graffitied,*,city-type,A,C,67.7,inst,0.2857142857,0.375,4022.55,*,control,NA,21122,Datisi,0,0,0,0
7_5,7,M2-bal,5,1,novel,Polysemy,Darii,2,All novels are flammable,Some debuts are novels,Some debuts are flammable,*,book-type,C,A,96.7,info,1,0.15,6119.3,*,control,NA,16925,Darii,0,0,0,0
7_6,7,M2-bal,6,1,college,Polysemy,Darii,2,All colleges grant degrees,Some colleges are historic buildings,Some historic buildings grant degrees,*,city-type,A,C,56.6,inst,0.2857142857,0.575,5629.95,*,control,NA,34680,Darii,0,0,0,0
7_7,7,M2-bal,7,1,suitcases,Valid Filler,Dimatis,2,Some bags are suitcases,All suitcases are pieces of luggage,Some pieces of luggage are bags,*,*,*,*,*,*,*,1,3671.55,*,control,NA,69401,Dimatis,1,1,0,0
7_8,7,M2-bal,8,1,dresses,Invalid Filler,Darii*,2,All ball gowns are dresses ,Some cocktail outfits are dresses,Some cocktail outfits are ball gowns,*,*,*,*,*,*,*,0.65,5066.6,*,control,NA,26471,Darii,0,0,0,0
7_9,7,M2-bal,9,1,thieves,Invalid Filler,Dimatis*,2,Some children are thieves,All mob bosses are thieves,Some mob bosses are children,*,*,*,*,*,*,*,0.225,5599.825,*,control,NA,27598,Dimatis,0,0,0,0
7_10,7,M2-bal,10,0,company,Polysemy,Dimatis,2,Some storefronts are companies,All companies are hierarchies,Some hierarchies are storefronts,*,city-type,C,A,83.8,inst,0.7142857143,0.25,4713.05,*,control,NA,24751,Dimatis,0,1,0,0
7_11,7,M2-bal,11,0,colors,Invalid Filler,Disamis*,2,Some colors are primary ,All shades of purple are colors ,Some shades of purple are primary,*,*,*,*,*,*,*,0.225,5122.475,*,control,NA,24196,Disamis,0,1,0,0
7_12,7,M2-bal,12,1,picnic,Polysemy,Datisi,2,All picnics happen in nature,Some picnics are salads,Some salads happen in nature,*,lunch-type,A,C,59.2,event,0.5714285714,0.425,4573.125,*,control,NA,29267,Datisi,0,0,0,0
7_13,7,M2-bal,13,1,ruler,Homonymy,Disamis,2,Some rulers are kings,All rulers are standard lengths,Some standard lengths are kings,*,*,*,*,80,*,0.8571428571,0.125,5032.65,*,control,NA,35267,Disamis,0,0,0,0
7_14,7,M2-bal,14,1,trucks,Valid Filler,Dimatis,2,Some cars are trucks ,All trucks are vehicles,Some vehicles are cars ,*,*,*,*,*,*,*,0.975,4508.475,*,control,NA,42318,Dimatis,1,1,0,0
7_15,7,M2-bal,15,1,bat,Homonymy,Darii,2,All bats share a common ancestor,Some sporting goods are bats,Some sporting goods share a common ancestor,*,*,*,*,80,*,0.2857142857,0.4,5008,*,control,NA,33500,Darii,0,0,0,0
7_16,7,M2-bal,16,1,burgers,Valid Filler,Disamis,2,Some burgers are overcooked ,All burgers are sandwiches,Some sandwiches are overcooked ,*,*,*,*,*,*,*,0.925,4389.725,*,control,NA,12970,Disamis,1,1,0,0
7_17,7,M2-bal,17,0,mugs,Valid Filler,Datisi,2,All mugs are cups ,Some mugs are ceramics,Some ceramics are cups ,*,*,*,*,*,*,*,1,3091.05,*,control,NA,25107,Datisi,1,0,0,0
7_18,7,M2-bal,18,1,stones,Invalid Filler,Datisi*,2,All pebbles are stones,Some stones are boulders,Some boulders are pebbles,*,*,*,*,*,*,*,0.17948718,4940.5641,*,control,NA,23186,Datisi,0,0,0,0
7_19,7,M2-bal,19,1,school,Polysemy,Disamis,2,Some schools are rectangular,All schools are employers,Some employers are rectangular,*,city-type,C,A,45.1,inst,0.5714285714,0.1,2856.95,*,control,NA,32502,Disamis,0,0,0,0
7_20,7,M2-bal,20,1,breakfast,Polysemy,Darii,2,All breakfasts are under three hours,Some smoothies are breakfasts,Some smoothies are under three hours,*,lunch-type,A,C,87.1,event,0.7142857143,0.525,5068.825,*,control,NA,10235,Darii,0,0,0,0
7_21,7,M2-bal,21,1,rifles,Valid Filler,Disamis,2,Some rifles are for hunting,All rifles are guns ,Some guns are for hunting,*,*,*,*,*,*,*,1,4771.725,*,control,NA,11749,Disamis,1,1,0,0
7_22,7,M2-bal,22,0,statues,Valid Filler,Datisi,2,All statues are sculptures,Some statues are bronzes,Some bronzes are sculptures,*,*,*,*,*,*,*,0.9,3392.275,*,control,NA,17533,Datisi,1,0,0,0
7_23,7,M2-bal,23,1,ball,Homonymy,Dimatis,2,Some parties are balls,All balls are toys,Some toys are parties,*,*,A,C,100,*,0.7142857143,0.175,4203.925,*,control,NA,17708,Dimatis,0,0,0,0
7_24,7,M2-bal,24,1,singers,Valid Filler,Darii,2,All singers have an ideal vocal range ,Some guitarists are singers,Some guitarists have an ideal vocal range,*,*,*,*,*,*,*,0.925,4672.55,*,control,NA,11964,Darii,1,1,0,0
7_25,7,M2-bal,25,0,mothers,Invalid Filler,Darii*,2,All grandmothers are mothers ,Some teens are mothers,Some grandmothers are teens,*,*,*,*,*,*,*,0.175,6414.3,*,control,NA,31691,Darii,0,1,0,0
7_26,7,M2-bal,26,1,poets,Valid Filler,Datisi,2,All poets are writers ,Some poets are teachers,Some teachers are writers,*,*,*,*,*,*,*,0.975,3928.975,*,control,NA,15024,Datisi,1,1,0,0
7_27,7,M2-bal,27,0,widows,Valid Filler,Dimatis,2,Some mothers are widows ,All widows are women,Some women are mothers,*,*,*,*,*,*,*,1,2726.325,*,control,NA,26681,Dimatis,1,0,0,0
7_28,7,M2-bal,28,1,lunch,Polysemy,Dimatis,2,Some breaks are lunches,All lunches are entrées,Some entrées are breaks,*,lunch-type,A,C,96.6,event,0.7142857143,0.125,5002.3,*,control,NA,42677,Dimatis,0,0,0,0
7_29,7,M2-bal,29,0,shapes,Invalid Filler,Disamis*,2,Some shapes are triangles,All squares are shapes,Some squares are triangles,*,*,*,*,*,*,*,0,4538.9,*,control,NA,29089,Disamis,0,1,0,0
7_30,7,M2-bal,30,1,toilets,Invalid Filler,Disamis*,2,Some toilets are coed,All urinals are toilets,Some urinals are coed,*,*,*,*,*,*,*,0.375,5804.4,*,control,NA,15294,Disamis,0,0,0,0
7_31,7,M2-bal,31,1,peppers,Invalid Filler,Dimatis*,2,Some yellow vegetables are peppers ,All jalapenos are peppers,Some jalapenos are yellow vegetables,*,*,*,*,*,*,*,0.425,8075.125,*,control,NA,26786,Dimatis,0,0,0,0
7_32,7,M2-bal,32,0,board,Homonymy,Dimatis,2,Some governing organizations are boards,All boards are wooden planks,Some wooden planks are governing organizations,*,*,A,C,80,*,1,0.1,5379.9,*,control,NA,31382,Dimatis,0,1,0,0
7_33,7,M2-bal,33,0,ponies,Valid Filler,Datisi,2,All ponies neigh,Some ponies are colts,Some colts neigh,*,*,*,*,*,*,*,0.675,4349.025,*,control,NA,13747,Datisi,1,0,0,0
7_34,7,M2-bal,34,1,change,Homonymy,Darii,2,All change is money,Some surprises are change,Some surprises are money,*,*,C,A,60,*,0,1,4466.87179,*,control,NA,16570,Darii,0,0,0,0
7_35,7,M2-bal,35,1,cabinet,Homonymy,Datisi,2,All cabinets are political appointments,Some cabinets are antique furniture,Some antique furniture are political appointments,*,*,A,C,100,*,0.8571428571,0.025,4910.75,*,control,NA,19837,Datisi,0,0,0,0
7_36,7,M2-bal,36,1,doughnuts,Valid Filler,Darii,2,All doughnuts are sugary ,Some pastries are doughnuts ,Some pastries are sugary,*,*,*,*,*,*,*,0.95,3292.475,*,control,NA,11709,Darii,1,1,0,0
7_37,7,M2-bal,37,0,dinner,Polysemy,Disamis,2,Some dinners are black tie,All dinners are foods,Some foods are black tie,*,lunch-type,A,C,90,event,0.5714285714,0.225,3571.775,*,control,NA,19534,Disamis,0,1,0,0
7_38,7,M2-bal,38,1,match,Homonymy,Disamis,2,Some matches are shown on TV,All matches are fire starters,Some fire starters are shown on TV,*,*,A,C,80,*,0,0.85,5008.1,*,control,NA,18069,Disamis,0,0,0,0
7_39,7,M2-bal,39,0,funerals,Invalid Filler,Datisi*,2,All open-casket services are funerals,Some funerals are cremations,Some cremations are open-casket services,*,*,*,*,*,*,*,0.4,5086.4,*,control,NA,32216,Datisi,0,1,0,0
7_40,7,M2-bal,40,1,star,Homonymy,Datisi,2,All stars are famous ,Some stars are red dwarfs,Some red dwarfs are famous,*,*,*,*,100,*,0,0.375,3338.975,*,control,NA,24550,Datisi,0,0,0,0
7_41,7,M2-bal,41,0,letter,Polysemy,Datisi,2,All letters have stamps,Some letters are rejections,Some rejections have stamps,*,book-type,C,A,78.5,info,0,0.7,4504.25,*,control,NA,18893,Datisi,0,1,0,0
7_42,7,M2-bal,42,0,actors,Invalid Filler,Datisi*,2,All male leads are actors,Some actors are women,Some women are male leads,*,*,*,*,*,*,*,0.4,4720.6,*,control,NA,12892,Datisi,0,1,0,0
7_43,7,M2-bal,43,0,steaks,Invalid Filler,Disamis*,2,Some steaks are filet mignons,All ribeyes are steaks,Some ribeyes are filet mignons,*,*,*,*,*,*,*,0.225,5186.55,*,control,NA,15106,Disamis,0,1,0,0
7_44,7,M2-bal,44,0,ring,Homonymy,Darii,2,All rings are sounds,Some accessories are rings,Some accessories are sounds,*,*,A,C,100,*,0.7142857143,0.275,3957.775,*,control,NA,12784,Darii,0,1,0,0
7_45,7,M2-bal,45,0,magazines,Polysemy,Disamis,2,Some magazines are coffee-stained,All magazines are subscriptions,Some subscriptions are coffee-stained,*,book-type,C,A,68.9,info,0.2857142857,0.12820513,3613.5641,*,control,NA,32076,Disamis,0,1,0,0
7_46,7,M2-bal,46,1,spices,Invalid Filler,Dimatis*,2,Some dried roots are spices ,All mustard seeds are spices ,Some mustard seeds are dried roots,*,*,*,*,*,*,*,0.4,4410.8,*,control,NA,13601,Dimatis,0,0,0,0
7_47,7,M2-bal,47,1,suit,Homonymy,Disamis,2,Some suits have multiple defendants,All suits are dress attire,Some dress attire has multiple defendants,*,*,A,C,100,*,0.5714285714,0.075,5412.1,*,control,NA,17892,Disamis,0,0,0,0
7_48,7,M2-bal,48,1,dolls,Valid Filler,Darii,2,All dolls are man made,Some toys are dolls ,Some toys are man made,*,*,*,*,*,*,*,1,3066.525,*,control,NA,14287,Darii,1,1,0,0
7_49,7,M2-bal,49,1,liars,Valid Filler,Dimatis,2,Some criminals are liars ,All liars are humans,Some humans are criminals ,*,*,*,*,*,*,*,1,4285.51282,*,control,NA,40481,Dimatis,1,1,0,0
7_50,7,M2-bal,50,0,wave,Homonymy,Dimatis,2,Some gestures are waves,Some waves are ripples,Some ripples are gestures,*,*,A,C,100,*,0.4285714286,0.25641026,6582.48718,*,control,NA,9344,Dimatis,0,1,0,0
7_51,7,M2-bal,51,0,antiques,Invalid Filler,Darii*,2,All medieval manuscripts are antiques ,Some pieces of jewelry are antiques ,Some pieces of jewelry are medieval manuscripts,*,*,*,*,*,*,*,0.25,6885.35,*,control,NA,19441,Darii,0,1,0,0
7_52,7,M2-bal,52,1,grapes,Valid Filler,Disamis,2,Some grapes are red ,All grapes are fruits ,Some fruits are red ,*,*,*,*,*,*,*,1,3059.8,*,control,NA,13420,Disamis,1,1,0,0
7_53,7,M2-bal,53,1,book,Polysemy,Dimatis,2,Some doorstops are books,All books are intellectual property,Some intellectual property is a doorstop,*,book-type,C,A,64.5,info,0.5714285714,0.12820513,4958.76923,*,control,NA,14762,Dimatis,0,0,0,0
7_54,7,M2-bal,54,1,rock,Homonymy,Datisi,2,All rock has guitars,Some rock is marble,Some marble has guitars,*,*,A,C,100,*,0.8571428571,0.05,3983.6,*,control,NA,12399,Datisi,0,0,0,0
7_55,7,M2-bal,55,1,clowns,Valid Filler,Darii,2,All clowns can juggle ,Some circus performers are clowns ,Some circus performers can juggle,*,*,*,*,*,*,*,0.975,3767.925,*,control,NA,9495,Darii,1,1,0,0
7_56,7,M2-bal,56,1,dances,Invalid Filler,Darii*,2,All polkas are dances ,Some mating rituals are dances ,Some mating rituals are polkas ,*,*,*,*,*,*,*,0.25,3557.725,*,control,NA,13029,Darii,0,0,0,0
8_1,8,M2-bal,1,0,injuries,Invalid Filler,Dimatis*,2,Some sunburns are injuries,All cases of frostbite are injuries,Some cases of frostbite are sunburns,*,*,*,*,*,*,*,0.1,5963.025,*,control,NA,24634,Dimatis,0,1,0,0
8_2,8,M2-bal,2,1,swords,Valid Filler,Disamis,2,Some swords are decorative,All swords are weapons ,Some weapons are decorative ,*,*,*,*,*,*,*,0.8,6880.1,*,control,NA,11396,Disamis,1,1,0,0
8_3,8,M2-bal,3,0,sausages,Invalid Filler,Datisi*,2,All hot dogs are sausages,Some sausages are salamis,Some hot dogs are salamis,*,*,*,*,*,*,*,0.175,2931.35,*,control,NA,26132,Datisi,0,1,0,0
8_4,8,M2-bal,4,1,city,Polysemy,Datisi,2,All cities are bureaucracies,Some cities are graffitied ,Some bureaucracies are graffitied,*,city-type,A,C,67.7,inst,0.2857142857,0.375,4022.55,*,control,NA,12215,Datisi,0,0,0,0
8_5,8,M2-bal,5,1,novel,Polysemy,Darii,2,All novels are flammable,Some debuts are novels,Some debuts are flammable,*,book-type,C,A,96.7,info,1,0.15,6119.3,*,control,NA,12262,Darii,0,0,0,0
8_6,8,M2-bal,6,1,college,Polysemy,Darii,2,All colleges grant degrees,Some colleges are historic buildings,Some historic buildings grant degrees,*,city-type,A,C,56.6,inst,0.2857142857,0.575,5629.95,*,control,NA,14317,Darii,0,0,0,0
8_7,8,M2-bal,7,1,suitcases,Valid Filler,Dimatis,2,Some bags are suitcases,All suitcases are pieces of luggage,Some pieces of luggage are bags,*,*,*,*,*,*,*,1,3671.55,*,control,NA,17385,Dimatis,1,1,0,0
8_8,8,M2-bal,8,1,dresses,Invalid Filler,Darii*,2,All ball gowns are dresses ,Some cocktail outfits are dresses,Some cocktail outfits are ball gowns,*,*,*,*,*,*,*,0.65,5066.6,*,control,NA,35846,Darii,0,0,0,0
8_9,8,M2-bal,9,1,thieves,Invalid Filler,Dimatis*,2,Some children are thieves,All mob bosses are thieves,Some mob bosses are children,*,*,*,*,*,*,*,0.225,5599.825,*,control,NA,31665,Dimatis,0,0,0,0
8_10,8,M2-bal,10,1,company,Polysemy,Dimatis,2,Some storefronts are companies,All companies are hierarchies,Some hierarchies are storefronts,*,city-type,C,A,83.8,inst,0.7142857143,0.25,4713.05,*,control,NA,14515,Dimatis,0,0,0,0
8_11,8,M2-bal,11,0,colors,Invalid Filler,Disamis*,2,Some colors are primary ,All shades of purple are colors ,Some shades of purple are primary,*,*,*,*,*,*,*,0.225,5122.475,*,control,NA,14581,Disamis,0,1,0,0
8_12,8,M2-bal,12,1,picnic,Polysemy,Datisi,2,All picnics happen in nature,Some picnics are salads,Some salads happen in nature,*,lunch-type,A,C,59.2,event,0.5714285714,0.425,4573.125,*,control,NA,21081,Datisi,0,0,0,0
8_13,8,M2-bal,13,1,ruler,Homonymy,Disamis,2,Some rulers are kings,All rulers are standard lengths,Some standard lengths are kings,*,*,*,*,80,*,0.8571428571,0.125,5032.65,*,control,NA,11499,Disamis,0,0,0,0
8_14,8,M2-bal,14,1,trucks,Valid Filler,Dimatis,2,Some cars are trucks ,All trucks are vehicles,Some vehicles are cars ,*,*,*,*,*,*,*,0.975,4508.475,*,control,NA,14998,Dimatis,1,1,0,0
8_15,8,M2-bal,15,1,bat,Homonymy,Darii,2,All bats share a common ancestor,Some sporting goods are bats,Some sporting goods share a common ancestor,*,*,*,*,80,*,0.2857142857,0.4,5008,*,control,NA,18263,Darii,0,0,0,0
8_16,8,M2-bal,16,1,burgers,Valid Filler,Disamis,2,Some burgers are overcooked ,All burgers are sandwiches,Some sandwiches are overcooked ,*,*,*,*,*,*,*,0.925,4389.725,*,control,NA,10982,Disamis,1,1,0,0
8_17,8,M2-bal,17,0,mugs,Valid Filler,Datisi,2,All mugs are cups ,Some mugs are ceramics,Some ceramics are cups ,*,*,*,*,*,*,*,1,3091.05,*,control,NA,7868,Datisi,1,0,0,0
8_18,8,M2-bal,18,0,stones,Invalid Filler,Datisi*,2,All pebbles are stones,Some stones are boulders,Some boulders are pebbles,*,*,*,*,*,*,*,0.17948718,4940.5641,*,control,NA,19847,Datisi,0,1,0,0
8_19,8,M2-bal,19,0,school,Polysemy,Disamis,2,Some schools are rectangular,All schools are employers,Some employers are rectangular,*,city-type,C,A,45.1,inst,0.5714285714,0.1,2856.95,*,control,NA,25131,Disamis,0,1,0,0
8_20,8,M2-bal,20,1,breakfast,Polysemy,Darii,2,All breakfasts are under three hours,Some smoothies are breakfasts,Some smoothies are under three hours,*,lunch-type,A,C,87.1,event,0.7142857143,0.525,5068.825,*,control,NA,8318,Darii,0,0,0,0
8_21,8,M2-bal,21,1,rifles,Valid Filler,Disamis,2,Some rifles are for hunting,All rifles are guns ,Some guns are for hunting,*,*,*,*,*,*,*,1,4771.725,*,control,NA,8566,Disamis,1,1,0,0
8_22,8,M2-bal,22,1,statues,Valid Filler,Datisi,2,All statues are sculptures,Some statues are bronzes,Some bronzes are sculptures,*,*,*,*,*,*,*,0.9,3392.275,*,control,NA,53749,Datisi,1,1,0,0
8_23,8,M2-bal,23,1,ball,Homonymy,Dimatis,2,Some parties are balls,All balls are toys,Some toys are parties,*,*,A,C,100,*,0.7142857143,0.175,4203.925,*,control,NA,8914,Dimatis,0,0,0,0
8_24,8,M2-bal,24,1,singers,Valid Filler,Darii,2,All singers have an ideal vocal range ,Some guitarists are singers,Some guitarists have an ideal vocal range,*,*,*,*,*,*,*,0.925,4672.55,*,control,NA,19249,Darii,1,1,0,0
8_25,8,M2-bal,25,1,mothers,Invalid Filler,Darii*,2,All grandmothers are mothers ,Some teens are mothers,Some grandmothers are teens,*,*,*,*,*,*,*,0.175,6414.3,*,control,NA,13981,Darii,0,0,0,0
8_26,8,M2-bal,26,1,poets,Valid Filler,Datisi,2,All poets are writers ,Some poets are teachers,Some teachers are writers,*,*,*,*,*,*,*,0.975,3928.975,*,control,NA,7782,Datisi,1,1,0,0
8_27,8,M2-bal,27,1,widows,Valid Filler,Dimatis,2,Some mothers are widows ,All widows are women,Some women are mothers,*,*,*,*,*,*,*,1,2726.325,*,control,NA,10550,Dimatis,1,1,0,0
8_28,8,M2-bal,28,0,lunch,Polysemy,Dimatis,2,Some breaks are lunches,All lunches are entrées,Some entrées are breaks,*,lunch-type,A,C,96.6,event,0.7142857143,0.125,5002.3,*,control,NA,13998,Dimatis,0,1,0,0
8_29,8,M2-bal,29,0,shapes,Invalid Filler,Disamis*,2,Some shapes are triangles,All squares are shapes,Some squares are triangles,*,*,*,*,*,*,*,0,4538.9,*,control,NA,44650,Disamis,0,1,0,0
8_30,8,M2-bal,30,0,toilets,Invalid Filler,Disamis*,2,Some toilets are coed,All urinals are toilets,Some urinals are coed,*,*,*,*,*,*,*,0.375,5804.4,*,control,NA,12730,Disamis,0,1,0,0
8_31,8,M2-bal,31,1,peppers,Invalid Filler,Dimatis*,2,Some yellow vegetables are peppers ,All jalapenos are peppers,Some jalapenos are yellow vegetables,*,*,*,*,*,*,*,0.425,8075.125,*,control,NA,11448,Dimatis,0,0,0,0
8_32,8,M2-bal,32,0,board,Homonymy,Dimatis,2,Some governing organizations are boards,All boards are wooden planks,Some wooden planks are governing organizations,*,*,A,C,80,*,1,0.1,5379.9,*,control,NA,10284,Dimatis,0,1,0,0
8_33,8,M2-bal,33,1,ponies,Valid Filler,Datisi,2,All ponies neigh,Some ponies are colts,Some colts neigh,*,*,*,*,*,*,*,0.675,4349.025,*,control,NA,16611,Datisi,1,1,0,0
8_34,8,M2-bal,34,1,change,Homonymy,Darii,2,All change is money,Some surprises are change,Some surprises are money,*,*,C,A,60,*,0,1,4466.87179,*,control,NA,13601,Darii,0,0,0,0
8_35,8,M2-bal,35,1,cabinet,Homonymy,Datisi,2,All cabinets are political appointments,Some cabinets are antique furniture,Some antique furniture are political appointments,*,*,A,C,100,*,0.8571428571,0.025,4910.75,*,control,NA,8381,Datisi,0,0,0,0
8_36,8,M2-bal,36,1,doughnuts,Valid Filler,Darii,2,All doughnuts are sugary ,Some pastries are doughnuts ,Some pastries are sugary,*,*,*,*,*,*,*,0.95,3292.475,*,control,NA,5565,Darii,1,1,0,0
8_37,8,M2-bal,37,0,dinner,Polysemy,Disamis,2,Some dinners are black tie,All dinners are foods,Some foods are black tie,*,lunch-type,A,C,90,event,0.5714285714,0.225,3571.775,*,control,NA,13664,Disamis,0,1,0,0
8_38,8,M2-bal,38,1,match,Homonymy,Disamis,2,Some matches are shown on TV,All matches are fire starters,Some fire starters are shown on TV,*,*,A,C,80,*,0,0.85,5008.1,*,control,NA,7350,Disamis,0,0,0,0
8_39,8,M2-bal,39,0,funerals,Invalid Filler,Datisi*,2,All open-casket services are funerals,Some funerals are cremations,Some cremations are open-casket services,*,*,*,*,*,*,*,0.4,5086.4,*,control,NA,10165,Datisi,0,1,0,0
8_40,8,M2-bal,40,1,star,Homonymy,Datisi,2,All stars are famous ,Some stars are red dwarfs,Some red dwarfs are famous,*,*,*,*,100,*,0,0.375,3338.975,*,control,NA,7599,Datisi,0,0,0,0
8_41,8,M2-bal,41,1,letter,Polysemy,Datisi,2,All letters have stamps,Some letters are rejections,Some rejections have stamps,*,book-type,C,A,78.5,info,0,0.7,4504.25,*,control,NA,14448,Datisi,0,0,0,0
8_42,8,M2-bal,42,0,actors,Invalid Filler,Datisi*,2,All male leads are actors,Some actors are women,Some women are male leads,*,*,*,*,*,*,*,0.4,4720.6,*,control,NA,13182,Datisi,0,1,0,0
8_43,8,M2-bal,43,1,steaks,Invalid Filler,Disamis*,2,Some steaks are filet mignons,All ribeyes are steaks,Some ribeyes are filet mignons,*,*,*,*,*,*,*,0.225,5186.55,*,control,NA,12415,Disamis,0,0,0,0
8_44,8,M2-bal,44,1,ring,Homonymy,Darii,2,All rings are sounds,Some accessories are rings,Some accessories are sounds,*,*,A,C,100,*,0.7142857143,0.275,3957.775,*,control,NA,7802,Darii,0,0,0,0
8_45,8,M2-bal,45,1,magazines,Polysemy,Disamis,2,Some magazines are coffee-stained,All magazines are subscriptions,Some subscriptions are coffee-stained,*,book-type,C,A,68.9,info,0.2857142857,0.12820513,3613.5641,*,control,NA,18147,Disamis,0,0,0,0
8_46,8,M2-bal,46,0,spices,Invalid Filler,Dimatis*,2,Some dried roots are spices ,All mustard seeds are spices ,Some mustard seeds are dried roots,*,*,*,*,*,*,*,0.4,4410.8,*,control,NA,15331,Dimatis,0,1,0,0
8_47,8,M2-bal,47,1,suit,Homonymy,Disamis,2,Some suits have multiple defendants,All suits are dress attire,Some dress attire has multiple defendants,*,*,A,C,100,*,0.5714285714,0.075,5412.1,*,control,NA,16032,Disamis,0,0,0,0
8_48,8,M2-bal,48,1,dolls,Valid Filler,Darii,2,All dolls are man made,Some toys are dolls ,Some toys are man made,*,*,*,*,*,*,*,1,3066.525,*,control,NA,7798,Darii,1,1,0,0
8_49,8,M2-bal,49,1,liars,Valid Filler,Dimatis,2,Some criminals are liars ,All liars are humans,Some humans are criminals ,*,*,*,*,*,*,*,1,4285.51282,*,control,NA,7466,Dimatis,1,1,0,0
8_50,8,M2-bal,50,0,wave,Homonymy,Dimatis,2,Some gestures are waves,Some waves are ripples,Some ripples are gestures,*,*,A,C,100,*,0.4285714286,0.25641026,6582.48718,*,control,NA,13830,Dimatis,0,1,0,0
8_51,8,M2-bal,51,0,antiques,Invalid Filler,Darii*,2,All medieval manuscripts are antiques ,Some pieces of jewelry are antiques ,Some pieces of jewelry are medieval manuscripts,*,*,*,*,*,*,*,0.25,6885.35,*,control,NA,14334,Darii,0,1,0,0
8_52,8,M2-bal,52,1,grapes,Valid Filler,Disamis,2,Some grapes are red ,All grapes are fruits ,Some fruits are red ,*,*,*,*,*,*,*,1,3059.8,*,control,NA,7081,Disamis,1,1,0,0
8_53,8,M2-bal,53,1,book,Polysemy,Dimatis,2,Some doorstops are books,All books are intellectual property,Some intellectual property is a doorstop,*,book-type,C,A,64.5,info,0.5714285714,0.12820513,4958.76923,*,control,NA,11348,Dimatis,0,0,0,0
8_54,8,M2-bal,54,1,rock,Homonymy,Datisi,2,All rock has guitars,Some rock is marble,Some marble has guitars,*,*,A,C,100,*,0.8571428571,0.05,3983.6,*,control,NA,8716,Datisi,0,0,0,0
8_55,8,M2-bal,55,1,clowns,Valid Filler,Darii,2,All clowns can juggle ,Some circus performers are clowns ,Some circus performers can juggle,*,*,*,*,*,*,*,0.975,3767.925,*,control,NA,7730,Darii,1,1,0,0
8_56,8,M2-bal,56,0,dances,Invalid Filler,Darii*,2,All polkas are dances ,Some mating rituals are dances ,Some mating rituals are polkas ,*,*,*,*,*,*,*,0.25,3557.725,*,control,NA,8999,Darii,0,1,0,0
9_1,9,M2-bal,1,1,poets,Valid Filler,Datisi,1,All poets are writers ,Some poets are teachers,Some teachers are writers,*,*,*,*,*,*,*,0.975,3928.975,*,control,NA,9736,Datisi,1,1,0,0
9_2,9,M2-bal,2,1,widows,Valid Filler,Dimatis,1,Some mothers are widows ,All widows are women,Some women are mothers,*,*,*,*,*,*,*,1,2726.325,*,control,NA,6051,Dimatis,1,1,0,0
9_3,9,M2-bal,3,0,ruler,Homonymy,Disamis,1,Some rulers are kings,All rulers are standard lengths,Some standard lengths are kings,*,*,*,*,80,*,0.8571428571,0.125,5032.65,*,control,NA,7576,Disamis,0,1,0,0
9_4,9,M2-bal,4,1,magazines,Polysemy,Disamis,1,Some magazines are coffee-stained,All magazines are subscriptions,Some subscriptions are coffee-stained,*,book-type,C,A,68.9,info,0.2857142857,0.12820513,3613.5641,*,control,NA,8084,Disamis,0,0,0,0
9_5,9,M2-bal,5,1,dresses,Invalid Filler,Darii*,1,All ball gowns are dresses ,Some cocktail outfits are dresses,Some cocktail outfits are ball gowns,*,*,*,*,*,*,*,0.65,5066.6,*,control,NA,7976,Darii,0,0,0,0
9_6,9,M2-bal,6,1,thieves,Invalid Filler,Dimatis*,1,Some children are thieves,All mob bosses are thieves,Some mob bosses are children,*,*,*,*,*,*,*,0.225,5599.825,*,control,NA,8281,Dimatis,0,0,0,0
9_7,9,M2-bal,7,1,dinner,Polysemy,Disamis,1,Some dinners are black tie,All dinners are foods,Some foods are black tie,*,lunch-type,A,C,90,event,0.5714285714,0.225,3571.775,*,control,NA,4642,Disamis,0,0,0,0
9_8,9,M2-bal,8,1,school,Polysemy,Disamis,1,Some schools are rectangular,All schools are employers,Some employers are rectangular,*,city-type,C,A,45.1,inst,0.5714285714,0.1,2856.95,*,control,NA,5963,Disamis,0,0,0,0
9_9,9,M2-bal,9,1,star,Homonymy,Datisi,1,All stars are famous ,Some stars are red dwarfs,Some red dwarfs are famous,*,*,*,*,100,*,0,0.375,3338.975,*,control,NA,4767,Datisi,0,0,0,0
9_10,9,M2-bal,10,0,picnic,Polysemy,Datisi,1,All picnics happen in nature,Some picnics are salads,Some salads happen in nature,*,lunch-type,A,C,59.2,event,0.5714285714,0.425,4573.125,*,control,NA,12641,Datisi,0,1,0,0
9_11,9,M2-bal,11,1,dances,Invalid Filler,Darii*,1,All polkas are dances ,Some mating rituals are dances ,Some mating rituals are polkas ,*,*,*,*,*,*,*,0.25,3557.725,*,control,NA,5109,Darii,0,0,0,0
9_12,9,M2-bal,12,1,dolls,Valid Filler,Darii,1,All dolls are man made,Some toys are dolls ,Some toys are man made,*,*,*,*,*,*,*,1,3066.525,*,control,NA,3486,Darii,1,1,0,0
9_13,9,M2-bal,13,1,funerals,Invalid Filler,Datisi*,1,All open-casket services are funerals,Some funerals are cremations,Some cremations are open-casket services,*,*,*,*,*,*,*,0.4,5086.4,*,control,NA,3772,Datisi,0,0,0,0
9_14,9,M2-bal,14,1,match,Homonymy,Disamis,1,Some matches are shown on TV,All matches are fire starters,Some fire starters are shown on TV,*,*,A,C,80,*,0,0.85,5008.1,*,control,NA,40280,Disamis,0,0,0,0
9_15,9,M2-bal,15,1,suitcases,Valid Filler,Dimatis,1,Some bags are suitcases,All suitcases are pieces of luggage,Some pieces of luggage are bags,*,*,*,*,*,*,*,1,3671.55,*,control,NA,4554,Dimatis,1,1,0,0
9_16,9,M2-bal,16,1,shapes,Invalid Filler,Disamis*,1,Some shapes are triangles,All squares are shapes,Some squares are triangles,*,*,*,*,*,*,*,0,4538.9,*,control,NA,4153,Disamis,0,0,0,0
9_17,9,M2-bal,17,1,spices,Invalid Filler,Dimatis*,1,Some dried roots are spices ,All mustard seeds are spices ,Some mustard seeds are dried roots,*,*,*,*,*,*,*,0.4,4410.8,*,control,NA,4179,Dimatis,0,0,0,0
9_18,9,M2-bal,18,1,burgers,Valid Filler,Disamis,1,Some burgers are overcooked ,All burgers are sandwiches,Some sandwiches are overcooked ,*,*,*,*,*,*,*,0.925,4389.725,*,control,NA,3856,Disamis,1,1,0,0
9_19,9,M2-bal,19,1,ponies,Valid Filler,Datisi,1,All ponies neigh,Some ponies are colts,Some colts neigh,*,*,*,*,*,*,*,0.675,4349.025,*,control,NA,4733,Datisi,1,1,0,0
9_20,9,M2-bal,20,1,novel,Polysemy,Darii,1,All novels are flammable,Some debuts are novels,Some debuts are flammable,*,book-type,C,A,96.7,info,1,0.15,6119.3,*,control,NA,7879,Darii,0,0,0,0
9_21,9,M2-bal,21,1,peppers,Invalid Filler,Dimatis*,1,Some yellow vegetables are peppers ,All jalapenos are peppers,Some jalapenos are yellow vegetables,*,*,*,*,*,*,*,0.425,8075.125,*,control,NA,4784,Dimatis,0,0,0,0
9_22,9,M2-bal,22,1,suit,Homonymy,Disamis,1,Some suits have multiple defendants,All suits are dress attire,Some dress attire has multiple defendants,*,*,A,C,100,*,0.5714285714,0.075,5412.1,*,control,NA,3874,Disamis,0,0,0,0
9_23,9,M2-bal,23,1,ball,Homonymy,Dimatis,1,Some parties are balls,All balls are toys,Some toys are parties,*,*,A,C,100,*,0.7142857143,0.175,4203.925,*,control,NA,3766,Dimatis,0,0,0,0
9_24,9,M2-bal,24,1,bat,Homonymy,Darii,1,All bats share a common ancestor,Some sporting goods are bats,Some sporting goods share a common ancestor,*,*,*,*,80,*,0.2857142857,0.4,5008,*,control,NA,3594,Darii,0,0,0,0
9_25,9,M2-bal,25,1,swords,Valid Filler,Disamis,1,Some swords are decorative,All swords are weapons ,Some weapons are decorative ,*,*,*,*,*,*,*,0.8,6880.1,*,control,NA,3971,Disamis,1,1,0,0
9_26,9,M2-bal,26,1,rifles,Valid Filler,Disamis,1,Some rifles are for hunting,All rifles are guns ,Some guns are for hunting,*,*,*,*,*,*,*,1,4771.725,*,control,NA,4300,Disamis,1,1,0,0
9_27,9,M2-bal,27,1,mugs,Valid Filler,Datisi,1,All mugs are cups ,Some mugs are ceramics,Some ceramics are cups ,*,*,*,*,*,*,*,1,3091.05,*,control,NA,5811,Datisi,1,1,0,0
9_28,9,M2-bal,28,1,grapes,Valid Filler,Disamis,1,Some grapes are red ,All grapes are fruits ,Some fruits are red ,*,*,*,*,*,*,*,1,3059.8,*,control,NA,3474,Disamis,1,1,0,0
9_29,9,M2-bal,29,1,doughnuts,Valid Filler,Darii,1,All doughnuts are sugary ,Some pastries are doughnuts ,Some pastries are sugary,*,*,*,*,*,*,*,0.95,3292.475,*,control,NA,3683,Darii,1,1,0,0
9_30,9,M2-bal,30,1,clowns,Valid Filler,Darii,1,All clowns can juggle ,Some circus performers are clowns ,Some circus performers can juggle,*,*,*,*,*,*,*,0.975,3767.925,*,control,NA,4358,Darii,1,1,0,0
9_31,9,M2-bal,31,1,rock,Homonymy,Datisi,1,All rock has guitars,Some rock is marble,Some marble has guitars,*,*,A,C,100,*,0.8571428571,0.05,3983.6,*,control,NA,4407,Datisi,0,0,0,0
9_32,9,M2-bal,32,1,stones,Invalid Filler,Datisi*,1,All pebbles are stones,Some stones are boulders,Some boulders are pebbles,*,*,*,*,*,*,*,0.17948718,4940.5641,*,control,NA,4265,Datisi,0,0,0,0
9_33,9,M2-bal,33,1,cabinet,Homonymy,Datisi,1,All cabinets are political appointments,Some cabinets are antique furniture,Some antique furniture are political appointments,*,*,A,C,100,*,0.8571428571,0.025,4910.75,*,control,NA,17962,Datisi,0,0,0,0
9_34,9,M2-bal,34,1,ring,Homonymy,Darii,1,All rings are sounds,Some accessories are rings,Some accessories are sounds,*,*,A,C,100,*,0.7142857143,0.275,3957.775,*,control,NA,4573,Darii,0,0,0,0
9_35,9,M2-bal,35,1,lunch,Polysemy,Dimatis,1,Some breaks are lunches,All lunches are entrées,Some entrées are breaks,*,lunch-type,A,C,96.6,event,0.7142857143,0.125,5002.3,*,control,NA,3316,Dimatis,0,0,0,0
9_36,9,M2-bal,36,1,wave,Homonymy,Dimatis,1,Some gestures are waves,Some waves are ripples,Some ripples are gestures,*,*,A,C,100,*,0.4285714286,0.25641026,6582.48718,*,control,NA,4389,Dimatis,0,0,0,0
9_37,9,M2-bal,37,1,book,Polysemy,Dimatis,1,Some doorstops are books,All books are intellectual property,Some intellectual property is a doorstop,*,book-type,C,A,64.5,info,0.5714285714,0.12820513,4958.76923,*,control,NA,3358,Dimatis,0,0,0,0
9_38,9,M2-bal,38,1,liars,Valid Filler,Dimatis,1,Some criminals are liars ,All liars are humans,Some humans are criminals ,*,*,*,*,*,*,*,1,4285.51282,*,control,NA,3821,Dimatis,1,1,0,0
9_39,9,M2-bal,39,1,steaks,Invalid Filler,Disamis*,1,Some steaks are filet mignons,All ribeyes are steaks,Some ribeyes are filet mignons,*,*,*,*,*,*,*,0.225,5186.55,*,control,NA,4144,Disamis,0,0,0,0
9_40,9,M2-bal,40,1,mothers,Invalid Filler,Darii*,1,All grandmothers are mothers ,Some teens are mothers,Some grandmothers are teens,*,*,*,*,*,*,*,0.175,6414.3,*,control,NA,3698,Darii,0,0,0,0
9_41,9,M2-bal,41,1,sausages,Invalid Filler,Datisi*,1,All hot dogs are sausages,Some sausages are salamis,Some hot dogs are salamis,*,*,*,*,*,*,*,0.175,2931.35,*,control,NA,2903,Datisi,0,0,0,0
9_42,9,M2-bal,42,1,toilets,Invalid Filler,Disamis*,1,Some toilets are coed,All urinals are toilets,Some urinals are coed,*,*,*,*,*,*,*,0.375,5804.4,*,control,NA,2877,Disamis,0,0,0,0
9_43,9,M2-bal,43,1,antiques,Invalid Filler,Darii*,1,All medieval manuscripts are antiques ,Some pieces of jewelry are antiques ,Some pieces of jewelry are medieval manuscripts,*,*,*,*,*,*,*,0.25,6885.35,*,control,NA,3200,Darii,0,0,0,0
9_44,9,M2-bal,44,1,college,Polysemy,Darii,1,All colleges grant degrees,Some colleges are historic buildings,Some historic buildings grant degrees,*,city-type,A,C,56.6,inst,0.2857142857,0.575,5629.95,*,control,NA,6557,Darii,0,0,0,0
9_45,9,M2-bal,45,1,colors,Invalid Filler,Disamis*,1,Some colors are primary ,All shades of purple are colors ,Some shades of purple are primary,*,*,*,*,*,*,*,0.225,5122.475,*,control,NA,12965,Disamis,0,0,0,0
9_46,9,M2-bal,46,1,singers,Valid Filler,Darii,1,All singers have an ideal vocal range ,Some guitarists are singers,Some guitarists have an ideal vocal range,*,*,*,*,*,*,*,0.925,4672.55,*,control,NA,3549,Darii,1,1,0,0
9_47,9,M2-bal,47,1,statues,Valid Filler,Datisi,1,All statues are sculptures,Some statues are bronzes,Some bronzes are sculptures,*,*,*,*,*,*,*,0.9,3392.275,*,control,NA,4280,Datisi,1,1,0,0
9_48,9,M2-bal,48,1,breakfast,Polysemy,Darii,1,All breakfasts are under three hours,Some smoothies are breakfasts,Some smoothies are under three hours,*,lunch-type,A,C,87.1,event,0.7142857143,0.525,5068.825,*,control,NA,8858,Darii,0,0,0,0
9_49,9,M2-bal,49,1,company,Polysemy,Dimatis,1,Some storefronts are companies,All companies are hierarchies,Some hierarchies are storefronts,*,city-type,C,A,83.8,inst,0.7142857143,0.25,4713.05,*,control,NA,3782,Dimatis,0,0,0,0
9_50,9,M2-bal,50,1,actors,Invalid Filler,Datisi*,1,All male leads are actors,Some actors are women,Some women are male leads,*,*,*,*,*,*,*,0.4,4720.6,*,control,NA,3681,Datisi,0,0,0,0
9_51,9,M2-bal,51,1,board,Homonymy,Dimatis,1,Some governing organizations are boards,All boards are wooden planks,Some wooden planks are governing organizations,*,*,A,C,80,*,1,0.1,5379.9,*,control,NA,3051,Dimatis,0,0,0,0
9_52,9,M2-bal,52,1,trucks,Valid Filler,Dimatis,1,Some cars are trucks ,All trucks are vehicles,Some vehicles are cars ,*,*,*,*,*,*,*,0.975,4508.475,*,control,NA,3382,Dimatis,1,1,0,0
9_53,9,M2-bal,53,1,letter,Polysemy,Datisi,1,All letters have stamps,Some letters are rejections,Some rejections have stamps,*,book-type,C,A,78.5,info,0,0.7,4504.25,*,control,NA,3451,Datisi,0,0,0,0
9_54,9,M2-bal,54,1,city,Polysemy,Datisi,1,All cities are bureaucracies,Some cities are graffitied ,Some bureaucracies are graffitied,*,city-type,A,C,67.7,inst,0.2857142857,0.375,4022.55,*,control,NA,3437,Datisi,0,0,0,0
9_55,9,M2-bal,55,1,injuries,Invalid Filler,Dimatis*,1,Some sunburns are injuries,All cases of frostbite are injuries,Some cases of frostbite are sunburns,*,*,*,*,*,*,*,0.1,5963.025,*,control,NA,20443,Dimatis,0,0,0,0
9_56,9,M2-bal,56,1,change,Homonymy,Darii,1,All change is money,Some surprises are change,Some surprises are money,*,*,C,A,60,*,0,1,4466.87179,*,control,NA,8286,Darii,0,0,0,0
10_1,10,M2-bal,1,0,injuries,Invalid Filler,Dimatis*,2,Some sunburns are injuries,All cases of frostbite are injuries,Some cases of frostbite are sunburns,*,*,*,*,*,*,*,0.1,5963.025,*,control,NA,6694,Dimatis,0,1,0,0
10_2,10,M2-bal,2,1,swords,Valid Filler,Disamis,2,Some swords are decorative,All swords are weapons ,Some weapons are decorative ,*,*,*,*,*,*,*,0.8,6880.1,*,control,NA,5809,Disamis,1,1,0,0
10_3,10,M2-bal,3,0,sausages,Invalid Filler,Datisi*,2,All hot dogs are sausages,Some sausages are salamis,Some hot dogs are salamis,*,*,*,*,*,*,*,0.175,2931.35,*,control,NA,6965,Datisi,0,1,0,0
10_4,10,M2-bal,4,0,city,Polysemy,Datisi,2,All cities are bureaucracies,Some cities are graffitied ,Some bureaucracies are graffitied,*,city-type,A,C,67.7,inst,0.2857142857,0.375,4022.55,*,control,NA,7460,Datisi,0,1,0,0
10_5,10,M2-bal,5,1,novel,Polysemy,Darii,2,All novels are flammable,Some debuts are novels,Some debuts are flammable,*,book-type,C,A,96.7,info,1,0.15,6119.3,*,control,NA,6640,Darii,0,0,0,0
10_6,10,M2-bal,6,0,college,Polysemy,Darii,2,All colleges grant degrees,Some colleges are historic buildings,Some historic buildings grant degrees,*,city-type,A,C,56.6,inst,0.2857142857,0.575,5629.95,*,control,NA,7429,Darii,0,1,0,0
10_7,10,M2-bal,7,1,suitcases,Valid Filler,Dimatis,2,Some bags are suitcases,All suitcases are pieces of luggage,Some pieces of luggage are bags,*,*,*,*,*,*,*,1,3671.55,*,control,NA,7072,Dimatis,1,1,0,0
10_8,10,M2-bal,8,0,dresses,Invalid Filler,Darii*,2,All ball gowns are dresses ,Some cocktail outfits are dresses,Some cocktail outfits are ball gowns,*,*,*,*,*,*,*,0.65,5066.6,*,control,NA,8366,Darii,0,1,0,0
10_9,10,M2-bal,9,0,thieves,Invalid Filler,Dimatis*,2,Some children are thieves,All mob bosses are thieves,Some mob bosses are children,*,*,*,*,*,*,*,0.225,5599.825,*,control,NA,6669,Dimatis,0,1,0,0
10_10,10,M2-bal,10,0,company,Polysemy,Dimatis,2,Some storefronts are companies,All companies are hierarchies,Some hierarchies are storefronts,*,city-type,C,A,83.8,inst,0.7142857143,0.25,4713.05,*,control,NA,6631,Dimatis,0,1,0,0
10_11,10,M2-bal,11,0,colors,Invalid Filler,Disamis*,2,Some colors are primary ,All shades of purple are colors ,Some shades of purple are primary,*,*,*,*,*,*,*,0.225,5122.475,*,control,NA,6373,Disamis,0,1,0,0
10_12,10,M2-bal,12,1,picnic,Polysemy,Datisi,2,All picnics happen in nature,Some picnics are salads,Some salads happen in nature,*,lunch-type,A,C,59.2,event,0.5714285714,0.425,4573.125,*,control,NA,9302,Datisi,0,0,0,0
10_13,10,M2-bal,13,0,ruler,Homonymy,Disamis,2,Some rulers are kings,All rulers are standard lengths,Some standard lengths are kings,*,*,*,*,80,*,0.8571428571,0.125,5032.65,*,control,NA,12669,Disamis,0,1,0,0
10_14,10,M2-bal,14,1,trucks,Valid Filler,Dimatis,2,Some cars are trucks ,All trucks are vehicles,Some vehicles are cars ,*,*,*,*,*,*,*,0.975,4508.475,*,control,NA,7222,Dimatis,1,1,0,0
10_15,10,M2-bal,15,0,bat,Homonymy,Darii,2,All bats share a common ancestor,Some sporting goods are bats,Some sporting goods share a common ancestor,*,*,*,*,80,*,0.2857142857,0.4,5008,*,control,NA,6129,Darii,0,1,0,0
10_16,10,M2-bal,16,1,burgers,Valid Filler,Disamis,2,Some burgers are overcooked ,All burgers are sandwiches,Some sandwiches are overcooked ,*,*,*,*,*,*,*,0.925,4389.725,*,control,NA,6975,Disamis,1,1,0,0
10_17,10,M2-bal,17,1,mugs,Valid Filler,Datisi,2,All mugs are cups ,Some mugs are ceramics,Some ceramics are cups ,*,*,*,*,*,*,*,1,3091.05,*,control,NA,6766,Datisi,1,1,0,0
10_18,10,M2-bal,18,0,stones,Invalid Filler,Datisi*,2,All pebbles are stones,Some stones are boulders,Some boulders are pebbles,*,*,*,*,*,*,*,0.17948718,4940.5641,*,control,NA,7332,Datisi,0,1,0,0
10_19,10,M2-bal,19,0,school,Polysemy,Disamis,2,Some schools are rectangular,All schools are employers,Some employers are rectangular,*,city-type,C,A,45.1,inst,0.5714285714,0.1,2856.95,*,control,NA,8292,Disamis,0,1,0,0
10_20,10,M2-bal,20,1,breakfast,Polysemy,Darii,2,All breakfasts are under three hours,Some smoothies are breakfasts,Some smoothies are under three hours,*,lunch-type,A,C,87.1,event,0.7142857143,0.525,5068.825,*,control,NA,9521,Darii,0,0,0,0
10_21,10,M2-bal,21,1,rifles,Valid Filler,Disamis,2,Some rifles are for hunting,All rifles are guns ,Some guns are for hunting,*,*,*,*,*,*,*,1,4771.725,*,control,NA,6868,Disamis,1,1,0,0
10_22,10,M2-bal,22,1,statues,Valid Filler,Datisi,2,All statues are sculptures,Some statues are bronzes,Some bronzes are sculptures,*,*,*,*,*,*,*,0.9,3392.275,*,control,NA,7544,Datisi,1,1,0,0
10_23,10,M2-bal,23,0,ball,Homonymy,Dimatis,2,Some parties are balls,All balls are toys,Some toys are parties,*,*,A,C,100,*,0.7142857143,0.175,4203.925,*,control,NA,7210,Dimatis,0,1,0,0
10_24,10,M2-bal,24,1,singers,Valid Filler,Darii,2,All singers have an ideal vocal range ,Some guitarists are singers,Some guitarists have an ideal vocal range,*,*,*,*,*,*,*,0.925,4672.55,*,control,NA,6183,Darii,1,1,0,0
10_25,10,M2-bal,25,0,mothers,Invalid Filler,Darii*,2,All grandmothers are mothers ,Some teens are mothers,Some grandmothers are teens,*,*,*,*,*,*,*,0.175,6414.3,*,control,NA,6567,Darii,0,1,0,0
10_26,10,M2-bal,26,1,poets,Valid Filler,Datisi,2,All poets are writers ,Some poets are teachers,Some teachers are writers,*,*,*,*,*,*,*,0.975,3928.975,*,control,NA,6905,Datisi,1,1,0,0
10_27,10,M2-bal,27,1,widows,Valid Filler,Dimatis,2,Some mothers are widows ,All widows are women,Some women are mothers,*,*,*,*,*,*,*,1,2726.325,*,control,NA,7924,Dimatis,1,1,0,0
10_28,10,M2-bal,28,0,lunch,Polysemy,Dimatis,2,Some breaks are lunches,All lunches are entrées,Some entrées are breaks,*,lunch-type,A,C,96.6,event,0.7142857143,0.125,5002.3,*,control,NA,7858,Dimatis,0,1,0,0
10_29,10,M2-bal,29,0,shapes,Invalid Filler,Disamis*,2,Some shapes are triangles,All squares are shapes,Some squares are triangles,*,*,*,*,*,*,*,0,4538.9,*,control,NA,6657,Disamis,0,1,0,0
10_30,10,M2-bal,30,0,toilets,Invalid Filler,Disamis*,2,Some toilets are coed,All urinals are toilets,Some urinals are coed,*,*,*,*,*,*,*,0.375,5804.4,*,control,NA,6646,Disamis,0,1,0,0
10_31,10,M2-bal,31,0,peppers,Invalid Filler,Dimatis*,2,Some yellow vegetables are peppers ,All jalapenos are peppers,Some jalapenos are yellow vegetables,*,*,*,*,*,*,*,0.425,8075.125,*,control,NA,5972,Dimatis,0,1,0,0
10_32,10,M2-bal,32,0,board,Homonymy,Dimatis,2,Some governing organizations are boards,All boards are wooden planks,Some wooden planks are governing organizations,*,*,A,C,80,*,1,0.1,5379.9,*,control,NA,7405,Dimatis,0,1,0,0
10_33,10,M2-bal,33,1,ponies,Valid Filler,Datisi,2,All ponies neigh,Some ponies are colts,Some colts neigh,*,*,*,*,*,*,*,0.675,4349.025,*,control,NA,6400,Datisi,1,1,0,0
10_34,10,M2-bal,34,1,change,Homonymy,Darii,2,All change is money,Some surprises are change,Some surprises are money,*,*,C,A,60,*,0,1,4466.87179,*,control,NA,7475,Darii,0,0,0,0
10_35,10,M2-bal,35,0,cabinet,Homonymy,Datisi,2,All cabinets are political appointments,Some cabinets are antique furniture,Some antique furniture are political appointments,*,*,A,C,100,*,0.8571428571,0.025,4910.75,*,control,NA,7510,Datisi,0,1,0,0
10_36,10,M2-bal,36,1,doughnuts,Valid Filler,Darii,2,All doughnuts are sugary ,Some pastries are doughnuts ,Some pastries are sugary,*,*,*,*,*,*,*,0.95,3292.475,*,control,NA,6519,Darii,1,1,0,0
10_37,10,M2-bal,37,0,dinner,Polysemy,Disamis,2,Some dinners are black tie,All dinners are foods,Some foods are black tie,*,lunch-type,A,C,90,event,0.5714285714,0.225,3571.775,*,control,NA,7418,Disamis,0,1,0,0
10_38,10,M2-bal,38,0,match,Homonymy,Disamis,2,Some matches are shown on TV,All matches are fire starters,Some fire starters are shown on TV,*,*,A,C,80,*,0,0.85,5008.1,*,control,NA,7990,Disamis,0,1,0,0
10_39,10,M2-bal,39,0,funerals,Invalid Filler,Datisi*,2,All open-casket services are funerals,Some funerals are cremations,Some cremations are open-casket services,*,*,*,*,*,*,*,0.4,5086.4,*,control,NA,7364,Datisi,0,1,0,0
10_40,10,M2-bal,40,0,star,Homonymy,Datisi,2,All stars are famous ,Some stars are red dwarfs,Some red dwarfs are famous,*,*,*,*,100,*,0,0.375,3338.975,*,control,NA,6660,Datisi,0,1,0,0
10_41,10,M2-bal,41,1,letter,Polysemy,Datisi,2,All letters have stamps,Some letters are rejections,Some rejections have stamps,*,book-type,C,A,78.5,info,0,0.7,4504.25,*,control,NA,7437,Datisi,0,0,0,0
10_42,10,M2-bal,42,0,actors,Invalid Filler,Datisi*,2,All male leads are actors,Some actors are women,Some women are male leads,*,*,*,*,*,*,*,0.4,4720.6,*,control,NA,6062,Datisi,0,1,0,0
10_43,10,M2-bal,43,0,steaks,Invalid Filler,Disamis*,2,Some steaks are filet mignons,All ribeyes are steaks,Some ribeyes are filet mignons,*,*,*,*,*,*,*,0.225,5186.55,*,control,NA,6434,Disamis,0,1,0,0
10_44,10,M2-bal,44,0,ring,Homonymy,Darii,2,All rings are sounds,Some accessories are rings,Some accessories are sounds,*,*,A,C,100,*,0.7142857143,0.275,3957.775,*,control,NA,6247,Darii,0,1,0,0
10_45,10,M2-bal,45,1,magazines,Polysemy,Disamis,2,Some magazines are coffee-stained,All magazines are subscriptions,Some subscriptions are coffee-stained,*,book-type,C,A,68.9,info,0.2857142857,0.12820513,3613.5641,*,control,NA,6589,Disamis,0,0,0,0
10_46,10,M2-bal,46,0,spices,Invalid Filler,Dimatis*,2,Some dried roots are spices ,All mustard seeds are spices ,Some mustard seeds are dried roots,*,*,*,*,*,*,*,0.4,4410.8,*,control,NA,6281,Dimatis,0,1,0,0
10_47,10,M2-bal,47,0,suit,Homonymy,Disamis,2,Some suits have multiple defendants,All suits are dress attire,Some dress attire has multiple defendants,*,*,A,C,100,*,0.5714285714,0.075,5412.1,*,control,NA,6975,Disamis,0,1,0,0
10_48,10,M2-bal,48,1,dolls,Valid Filler,Darii,2,All dolls are man made,Some toys are dolls ,Some toys are man made,*,*,*,*,*,*,*,1,3066.525,*,control,NA,5912,Darii,1,1,0,0
10_49,10,M2-bal,49,1,liars,Valid Filler,Dimatis,2,Some criminals are liars ,All liars are humans,Some humans are criminals ,*,*,*,*,*,*,*,1,4285.51282,*,control,NA,6381,Dimatis,1,1,0,0
10_50,10,M2-bal,50,0,wave,Homonymy,Dimatis,2,Some gestures are waves,Some waves are ripples,Some ripples are gestures,*,*,A,C,100,*,0.4285714286,0.25641026,6582.48718,*,control,NA,6756,Dimatis,0,1,0,0
10_51,10,M2-bal,51,0,antiques,Invalid Filler,Darii*,2,All medieval manuscripts are antiques ,Some pieces of jewelry are antiques ,Some pieces of jewelry are medieval manuscripts,*,*,*,*,*,*,*,0.25,6885.35,*,control,NA,105694,Darii,0,1,0,0
10_52,10,M2-bal,52,1,grapes,Valid Filler,Disamis,2,Some grapes are red ,All grapes are fruits ,Some fruits are red ,*,*,*,*,*,*,*,1,3059.8,*,control,NA,4932,Disamis,1,1,0,0
10_53,10,M2-bal,53,1,book,Polysemy,Dimatis,2,Some doorstops are books,All books are intellectual property,Some intellectual property is a doorstop,*,book-type,C,A,64.5,info,0.5714285714,0.12820513,4958.76923,*,control,NA,5473,Dimatis,0,0,0,0
10_54,10,M2-bal,54,0,rock,Homonymy,Datisi,2,All rock has guitars,Some rock is marble,Some marble has guitars,*,*,A,C,100,*,0.8571428571,0.05,3983.6,*,control,NA,4176,Datisi,0,1,0,0
10_55,10,M2-bal,55,1,clowns,Valid Filler,Darii,2,All clowns can juggle ,Some circus performers are clowns ,Some circus performers can juggle,*,*,*,*,*,*,*,0.975,3767.925,*,control,NA,4323,Darii,1,1,0,0
10_56,10,M2-bal,56,1,dances,Invalid Filler,Darii*,2,All polkas are dances ,Some mating rituals are dances ,Some mating rituals are polkas ,*,*,*,*,*,*,*,0.25,3557.725,*,control,NA,6285,Darii,0,0,0,0
11_1,11,M2-bal,1,0,injuries,Invalid Filler,Dimatis*,2,Some sunburns are injuries,All cases of frostbite are injuries,Some cases of frostbite are sunburns,*,*,*,*,*,*,*,0.1,5963.025,*,control,NA,25428,Dimatis,0,1,0,0
11_2,11,M2-bal,2,1,swords,Valid Filler,Disamis,2,Some swords are decorative,All swords are weapons ,Some weapons are decorative ,*,*,*,*,*,*,*,0.8,6880.1,*,control,NA,21105,Disamis,1,1,0,0
11_3,11,M2-bal,3,1,sausages,Invalid Filler,Datisi*,2,All hot dogs are sausages,Some sausages are salamis,Some hot dogs are salamis,*,*,*,*,*,*,*,0.175,2931.35,*,control,NA,24498,Datisi,0,0,0,0
11_4,11,M2-bal,4,1,city,Polysemy,Datisi,2,All cities are bureaucracies,Some cities are graffitied ,Some bureaucracies are graffitied,*,city-type,A,C,67.7,inst,0.2857142857,0.375,4022.55,*,control,NA,17279,Datisi,0,0,0,0
11_5,11,M2-bal,5,1,novel,Polysemy,Darii,2,All novels are flammable,Some debuts are novels,Some debuts are flammable,*,book-type,C,A,96.7,info,1,0.15,6119.3,*,control,NA,12931,Darii,0,0,0,0
11_6,11,M2-bal,6,1,college,Polysemy,Darii,2,All colleges grant degrees,Some colleges are historic buildings,Some historic buildings grant degrees,*,city-type,A,C,56.6,inst,0.2857142857,0.575,5629.95,*,control,NA,17620,Darii,0,0,0,0
11_7,11,M2-bal,7,0,suitcases,Valid Filler,Dimatis,2,Some bags are suitcases,All suitcases are pieces of luggage,Some pieces of luggage are bags,*,*,*,*,*,*,*,1,3671.55,*,control,NA,21553,Dimatis,1,0,0,0
11_8,11,M2-bal,8,1,dresses,Invalid Filler,Darii*,2,All ball gowns are dresses ,Some cocktail outfits are dresses,Some cocktail outfits are ball gowns,*,*,*,*,*,*,*,0.65,5066.6,*,control,NA,25181,Darii,0,0,0,0
11_9,11,M2-bal,9,0,thieves,Invalid Filler,Dimatis*,2,Some children are thieves,All mob bosses are thieves,Some mob bosses are children,*,*,*,*,*,*,*,0.225,5599.825,*,control,NA,18181,Dimatis,0,1,0,0
11_10,11,M2-bal,10,1,company,Polysemy,Dimatis,2,Some storefronts are companies,All companies are hierarchies,Some hierarchies are storefronts,*,city-type,C,A,83.8,inst,0.7142857143,0.25,4713.05,*,control,NA,16314,Dimatis,0,0,0,0
11_11,11,M2-bal,11,0,colors,Invalid Filler,Disamis*,2,Some colors are primary ,All shades of purple are colors ,Some shades of purple are primary,*,*,*,*,*,*,*,0.225,5122.475,*,control,NA,20019,Disamis,0,1,0,0
11_12,11,M2-bal,12,1,picnic,Polysemy,Datisi,2,All picnics happen in nature,Some picnics are salads,Some salads happen in nature,*,lunch-type,A,C,59.2,event,0.5714285714,0.425,4573.125,*,control,NA,19541,Datisi,0,0,0,0
11_13,11,M2-bal,13,1,ruler,Homonymy,Disamis,2,Some rulers are kings,All rulers are standard lengths,Some standard lengths are kings,*,*,*,*,80,*,0.8571428571,0.125,5032.65,*,control,NA,18071,Disamis,0,0,0,0
11_14,11,M2-bal,14,1,trucks,Valid Filler,Dimatis,2,Some cars are trucks ,All trucks are vehicles,Some vehicles are cars ,*,*,*,*,*,*,*,0.975,4508.475,*,control,NA,16630,Dimatis,1,1,0,0
11_15,11,M2-bal,15,1,bat,Homonymy,Darii,2,All bats share a common ancestor,Some sporting goods are bats,Some sporting goods share a common ancestor,*,*,*,*,80,*,0.2857142857,0.4,5008,*,control,NA,15151,Darii,0,0,0,0
11_16,11,M2-bal,16,1,burgers,Valid Filler,Disamis,2,Some burgers are overcooked ,All burgers are sandwiches,Some sandwiches are overcooked ,*,*,*,*,*,*,*,0.925,4389.725,*,control,NA,17194,Disamis,1,1,0,0
11_17,11,M2-bal,17,1,mugs,Valid Filler,Datisi,2,All mugs are cups ,Some mugs are ceramics,Some ceramics are cups ,*,*,*,*,*,*,*,1,3091.05,*,control,NA,26500,Datisi,1,1,0,0
11_18,11,M2-bal,18,0,stones,Invalid Filler,Datisi*,2,All pebbles are stones,Some stones are boulders,Some boulders are pebbles,*,*,*,*,*,*,*,0.17948718,4940.5641,*,control,NA,15014,Datisi,0,1,0,0
11_19,11,M2-bal,19,0,school,Polysemy,Disamis,2,Some schools are rectangular,All schools are employers,Some employers are rectangular,*,city-type,C,A,45.1,inst,0.5714285714,0.1,2856.95,*,control,NA,14037,Disamis,0,1,0,0
11_20,11,M2-bal,20,1,breakfast,Polysemy,Darii,2,All breakfasts are under three hours,Some smoothies are breakfasts,Some smoothies are under three hours,*,lunch-type,A,C,87.1,event,0.7142857143,0.525,5068.825,*,control,NA,15981,Darii,0,0,0,0
11_21,11,M2-bal,21,1,rifles,Valid Filler,Disamis,2,Some rifles are for hunting,All rifles are guns ,Some guns are for hunting,*,*,*,*,*,*,*,1,4771.725,*,control,NA,14260,Disamis,1,1,0,0
11_22,11,M2-bal,22,1,statues,Valid Filler,Datisi,2,All statues are sculptures,Some statues are bronzes,Some bronzes are sculptures,*,*,*,*,*,*,*,0.9,3392.275,*,control,NA,35096,Datisi,1,1,0,0
11_23,11,M2-bal,23,0,ball,Homonymy,Dimatis,2,Some parties are balls,All balls are toys,Some toys are parties,*,*,A,C,100,*,0.7142857143,0.175,4203.925,*,control,NA,13372,Dimatis,0,1,0,0
11_24,11,M2-bal,24,1,singers,Valid Filler,Darii,2,All singers have an ideal vocal range ,Some guitarists are singers,Some guitarists have an ideal vocal range,*,*,*,*,*,*,*,0.925,4672.55,*,control,NA,15891,Darii,1,1,0,0
11_25,11,M2-bal,25,0,mothers,Invalid Filler,Darii*,2,All grandmothers are mothers ,Some teens are mothers,Some grandmothers are teens,*,*,*,*,*,*,*,0.175,6414.3,*,control,NA,15612,Darii,0,1,0,0
11_26,11,M2-bal,26,0,poets,Valid Filler,Datisi,2,All poets are writers ,Some poets are teachers,Some teachers are writers,*,*,*,*,*,*,*,0.975,3928.975,*,control,NA,18910,Datisi,1,0,0,0
11_27,11,M2-bal,27,1,widows,Valid Filler,Dimatis,2,Some mothers are widows ,All widows are women,Some women are mothers,*,*,*,*,*,*,*,1,2726.325,*,control,NA,13407,Dimatis,1,1,0,0
11_28,11,M2-bal,28,1,lunch,Polysemy,Dimatis,2,Some breaks are lunches,All lunches are entrées,Some entrées are breaks,*,lunch-type,A,C,96.6,event,0.7142857143,0.125,5002.3,*,control,NA,12019,Dimatis,0,0,0,0
11_29,11,M2-bal,29,1,shapes,Invalid Filler,Disamis*,2,Some shapes are triangles,All squares are shapes,Some squares are triangles,*,*,*,*,*,*,*,0,4538.9,*,control,NA,12819,Disamis,0,0,0,0
11_30,11,M2-bal,30,1,toilets,Invalid Filler,Disamis*,2,Some toilets are coed,All urinals are toilets,Some urinals are coed,*,*,*,*,*,*,*,0.375,5804.4,*,control,NA,20107,Disamis,0,0,0,0
11_31,11,M2-bal,31,1,peppers,Invalid Filler,Dimatis*,2,Some yellow vegetables are peppers ,All jalapenos are peppers,Some jalapenos are yellow vegetables,*,*,*,*,*,*,*,0.425,8075.125,*,control,NA,9882,Dimatis,0,0,0,0
11_32,11,M2-bal,32,1,board,Homonymy,Dimatis,2,Some governing organizations are boards,All boards are wooden planks,Some wooden planks are governing organizations,*,*,A,C,80,*,1,0.1,5379.9,*,control,NA,10221,Dimatis,0,0,0,0
11_33,11,M2-bal,33,0,ponies,Valid Filler,Datisi,2,All ponies neigh,Some ponies are colts,Some colts neigh,*,*,*,*,*,*,*,0.675,4349.025,*,control,NA,9953,Datisi,1,0,0,0
11_34,11,M2-bal,34,0,change,Homonymy,Darii,2,All change is money,Some surprises are change,Some surprises are money,*,*,C,A,60,*,0,1,4466.87179,*,control,NA,11723,Darii,0,1,0,0
11_35,11,M2-bal,35,0,cabinet,Homonymy,Datisi,2,All cabinets are political appointments,Some cabinets are antique furniture,Some antique furniture are political appointments,*,*,A,C,100,*,0.8571428571,0.025,4910.75,*,control,NA,15497,Datisi,0,1,0,0
11_36,11,M2-bal,36,1,doughnuts,Valid Filler,Darii,2,All doughnuts are sugary ,Some pastries are doughnuts ,Some pastries are sugary,*,*,*,*,*,*,*,0.95,3292.475,*,control,NA,18932,Darii,1,1,0,0
11_37,11,M2-bal,37,0,dinner,Polysemy,Disamis,2,Some dinners are black tie,All dinners are foods,Some foods are black tie,*,lunch-type,A,C,90,event,0.5714285714,0.225,3571.775,*,control,NA,11190,Disamis,0,1,0,0
11_38,11,M2-bal,38,1,match,Homonymy,Disamis,2,Some matches are shown on TV,All matches are fire starters,Some fire starters are shown on TV,*,*,A,C,80,*,0,0.85,5008.1,*,control,NA,14684,Disamis,0,0,0,0
11_39,11,M2-bal,39,1,funerals,Invalid Filler,Datisi*,2,All open-casket services are funerals,Some funerals are cremations,Some cremations are open-casket services,*,*,*,*,*,*,*,0.4,5086.4,*,control,NA,13200,Datisi,0,0,0,0
11_40,11,M2-bal,40,1,star,Homonymy,Datisi,2,All stars are famous ,Some stars are red dwarfs,Some red dwarfs are famous,*,*,*,*,100,*,0,0.375,3338.975,*,control,NA,10308,Datisi,0,0,0,0
11_41,11,M2-bal,41,1,letter,Polysemy,Datisi,2,All letters have stamps,Some letters are rejections,Some rejections have stamps,*,book-type,C,A,78.5,info,0,0.7,4504.25,*,control,NA,10491,Datisi,0,0,0,0
11_42,11,M2-bal,42,0,actors,Invalid Filler,Datisi*,2,All male leads are actors,Some actors are women,Some women are male leads,*,*,*,*,*,*,*,0.4,4720.6,*,control,NA,17021,Datisi,0,1,0,0
11_43,11,M2-bal,43,1,steaks,Invalid Filler,Disamis*,2,Some steaks are filet mignons,All ribeyes are steaks,Some ribeyes are filet mignons,*,*,*,*,*,*,*,0.225,5186.55,*,control,NA,14303,Disamis,0,0,0,0
11_44,11,M2-bal,44,1,ring,Homonymy,Darii,2,All rings are sounds,Some accessories are rings,Some accessories are sounds,*,*,A,C,100,*,0.7142857143,0.275,3957.775,*,control,NA,15678,Darii,0,0,0,0
11_45,11,M2-bal,45,1,magazines,Polysemy,Disamis,2,Some magazines are coffee-stained,All magazines are subscriptions,Some subscriptions are coffee-stained,*,book-type,C,A,68.9,info,0.2857142857,0.12820513,3613.5641,*,control,NA,9681,Disamis,0,0,0,0
11_46,11,M2-bal,46,1,spices,Invalid Filler,Dimatis*,2,Some dried roots are spices ,All mustard seeds are spices ,Some mustard seeds are dried roots,*,*,*,*,*,*,*,0.4,4410.8,*,control,NA,10644,Dimatis,0,0,0,0
11_47,11,M2-bal,47,0,suit,Homonymy,Disamis,2,Some suits have multiple defendants,All suits are dress attire,Some dress attire has multiple defendants,*,*,A,C,100,*,0.5714285714,0.075,5412.1,*,control,NA,12271,Disamis,0,1,0,0
11_48,11,M2-bal,48,1,dolls,Valid Filler,Darii,2,All dolls are man made,Some toys are dolls ,Some toys are man made,*,*,*,*,*,*,*,1,3066.525,*,control,NA,10172,Darii,1,1,0,0
11_49,11,M2-bal,49,1,liars,Valid Filler,Dimatis,2,Some criminals are liars ,All liars are humans,Some humans are criminals ,*,*,*,*,*,*,*,1,4285.51282,*,control,NA,10856,Dimatis,1,1,0,0
11_50,11,M2-bal,50,1,wave,Homonymy,Dimatis,2,Some gestures are waves,Some waves are ripples,Some ripples are gestures,*,*,A,C,100,*,0.4285714286,0.25641026,6582.48718,*,control,NA,11335,Dimatis,0,0,0,0
11_51,11,M2-bal,51,1,antiques,Invalid Filler,Darii*,2,All medieval manuscripts are antiques ,Some pieces of jewelry are antiques ,Some pieces of jewelry are medieval manuscripts,*,*,*,*,*,*,*,0.25,6885.35,*,control,NA,9600,Darii,0,0,0,0
11_52,11,M2-bal,52,1,grapes,Valid Filler,Disamis,2,Some grapes are red ,All grapes are fruits ,Some fruits are red ,*,*,*,*,*,*,*,1,3059.8,*,control,NA,9982,Disamis,1,1,0,0
11_53,11,M2-bal,53,1,book,Polysemy,Dimatis,2,Some doorstops are books,All books are intellectual property,Some intellectual property is a doorstop,*,book-type,C,A,64.5,info,0.5714285714,0.12820513,4958.76923,*,control,NA,12115,Dimatis,0,0,0,0
11_54,11,M2-bal,54,0,rock,Homonymy,Datisi,2,All rock has guitars,Some rock is marble,Some marble has guitars,*,*,A,C,100,*,0.8571428571,0.05,3983.6,*,control,NA,18626,Datisi,0,1,0,0
11_55,11,M2-bal,55,1,clowns,Valid Filler,Darii,2,All clowns can juggle ,Some circus performers are clowns ,Some circus performers can juggle,*,*,*,*,*,*,*,0.975,3767.925,*,control,NA,16021,Darii,1,1,0,0
11_56,11,M2-bal,56,1,dances,Invalid Filler,Darii*,2,All polkas are dances ,Some mating rituals are dances ,Some mating rituals are polkas ,*,*,*,*,*,*,*,0.25,3557.725,*,control,NA,11607,Darii,0,0,0,0
12_1,12,M2-bal,1,1,injuries,Invalid Filler,Dimatis*,2,Some sunburns are injuries,All cases of frostbite are injuries,Some cases of frostbite are sunburns,*,*,*,*,*,*,*,0.1,5963.025,*,control,NA,16520,Dimatis,0,0,0,0
12_2,12,M2-bal,2,0,swords,Valid Filler,Disamis,2,Some swords are decorative,All swords are weapons ,Some weapons are decorative ,*,*,*,*,*,*,*,0.8,6880.1,*,control,NA,10455,Disamis,1,0,0,0
12_3,12,M2-bal,3,1,sausages,Invalid Filler,Datisi*,2,All hot dogs are sausages,Some sausages are salamis,Some hot dogs are salamis,*,*,*,*,*,*,*,0.175,2931.35,*,control,NA,5062,Datisi,0,0,0,0
12_4,12,M2-bal,4,1,city,Polysemy,Datisi,2,All cities are bureaucracies,Some cities are graffitied ,Some bureaucracies are graffitied,*,city-type,A,C,67.7,inst,0.2857142857,0.375,4022.55,*,control,NA,4223,Datisi,0,0,0,0
12_5,12,M2-bal,5,1,novel,Polysemy,Darii,2,All novels are flammable,Some debuts are novels,Some debuts are flammable,*,book-type,C,A,96.7,info,1,0.15,6119.3,*,control,NA,3895,Darii,0,0,0,0
12_6,12,M2-bal,6,1,college,Polysemy,Darii,2,All colleges grant degrees,Some colleges are historic buildings,Some historic buildings grant degrees,*,city-type,A,C,56.6,inst,0.2857142857,0.575,5629.95,*,control,NA,3959,Darii,0,0,0,0
12_7,12,M2-bal,7,1,suitcases,Valid Filler,Dimatis,2,Some bags are suitcases,All suitcases are pieces of luggage,Some pieces of luggage are bags,*,*,*,*,*,*,*,1,3671.55,*,control,NA,3519,Dimatis,1,1,0,0
12_8,12,M2-bal,8,1,dresses,Invalid Filler,Darii*,2,All ball gowns are dresses ,Some cocktail outfits are dresses,Some cocktail outfits are ball gowns,*,*,*,*,*,*,*,0.65,5066.6,*,control,NA,3343,Darii,0,0,0,0
12_9,12,M2-bal,9,1,thieves,Invalid Filler,Dimatis*,2,Some children are thieves,All mob bosses are thieves,Some mob bosses are children,*,*,*,*,*,*,*,0.225,5599.825,*,control,NA,2967,Dimatis,0,0,0,0
12_10,12,M2-bal,10,1,company,Polysemy,Dimatis,2,Some storefronts are companies,All companies are hierarchies,Some hierarchies are storefronts,*,city-type,C,A,83.8,inst,0.7142857143,0.25,4713.05,*,control,NA,4422,Dimatis,0,0,0,0
12_11,12,M2-bal,11,1,colors,Invalid Filler,Disamis*,2,Some colors are primary ,All shades of purple are colors ,Some shades of purple are primary,*,*,*,*,*,*,*,0.225,5122.475,*,control,NA,5847,Disamis,0,0,0,0
12_12,12,M2-bal,12,1,picnic,Polysemy,Datisi,2,All picnics happen in nature,Some picnics are salads,Some salads happen in nature,*,lunch-type,A,C,59.2,event,0.5714285714,0.425,4573.125,*,control,NA,3055,Datisi,0,0,0,0
12_13,12,M2-bal,13,1,ruler,Homonymy,Disamis,2,Some rulers are kings,All rulers are standard lengths,Some standard lengths are kings,*,*,*,*,80,*,0.8571428571,0.125,5032.65,*,control,NA,2991,Disamis,0,0,0,0
12_14,12,M2-bal,14,1,trucks,Valid Filler,Dimatis,2,Some cars are trucks ,All trucks are vehicles,Some vehicles are cars ,*,*,*,*,*,*,*,0.975,4508.475,*,control,NA,3311,Dimatis,1,1,0,0
12_15,12,M2-bal,15,1,bat,Homonymy,Darii,2,All bats share a common ancestor,Some sporting goods are bats,Some sporting goods share a common ancestor,*,*,*,*,80,*,0.2857142857,0.4,5008,*,control,NA,3432,Darii,0,0,0,0
12_16,12,M2-bal,16,1,burgers,Valid Filler,Disamis,2,Some burgers are overcooked ,All burgers are sandwiches,Some sandwiches are overcooked ,*,*,*,*,*,*,*,0.925,4389.725,*,control,NA,2534,Disamis,1,1,0,0
12_17,12,M2-bal,17,1,mugs,Valid Filler,Datisi,2,All mugs are cups ,Some mugs are ceramics,Some ceramics are cups ,*,*,*,*,*,*,*,1,3091.05,*,control,NA,3591,Datisi,1,1,0,0
12_18,12,M2-bal,18,1,stones,Invalid Filler,Datisi*,2,All pebbles are stones,Some stones are boulders,Some boulders are pebbles,*,*,*,*,*,*,*,0.17948718,4940.5641,*,control,NA,3783,Datisi,0,0,0,0
12_19,12,M2-bal,19,1,school,Polysemy,Disamis,2,Some schools are rectangular,All schools are employers,Some employers are rectangular,*,city-type,C,A,45.1,inst,0.5714285714,0.1,2856.95,*,control,NA,3439,Disamis,0,0,0,0
12_20,12,M2-bal,20,1,breakfast,Polysemy,Darii,2,All breakfasts are under three hours,Some smoothies are breakfasts,Some smoothies are under three hours,*,lunch-type,A,C,87.1,event,0.7142857143,0.525,5068.825,*,control,NA,2879,Darii,0,0,0,0
12_21,12,M2-bal,21,1,rifles,Valid Filler,Disamis,2,Some rifles are for hunting,All rifles are guns ,Some guns are for hunting,*,*,*,*,*,*,*,1,4771.725,*,control,NA,3183,Disamis,1,1,0,0
12_22,12,M2-bal,22,1,statues,Valid Filler,Datisi,2,All statues are sculptures,Some statues are bronzes,Some bronzes are sculptures,*,*,*,*,*,*,*,0.9,3392.275,*,control,NA,2911,Datisi,1,1,0,0
12_23,12,M2-bal,23,1,ball,Homonymy,Dimatis,2,Some parties are balls,All balls are toys,Some toys are parties,*,*,A,C,100,*,0.7142857143,0.175,4203.925,*,control,NA,2895,Dimatis,0,0,0,0
12_24,12,M2-bal,24,1,singers,Valid Filler,Darii,2,All singers have an ideal vocal range ,Some guitarists are singers,Some guitarists have an ideal vocal range,*,*,*,*,*,*,*,0.925,4672.55,*,control,NA,2439,Darii,1,1,0,0
12_25,12,M2-bal,25,1,mothers,Invalid Filler,Darii*,2,All grandmothers are mothers ,Some teens are mothers,Some grandmothers are teens,*,*,*,*,*,*,*,0.175,6414.3,*,control,NA,5559,Darii,0,0,0,0
12_26,12,M2-bal,26,1,poets,Valid Filler,Datisi,2,All poets are writers ,Some poets are teachers,Some teachers are writers,*,*,*,*,*,*,*,0.975,3928.975,*,control,NA,5848,Datisi,1,1,0,0
12_27,12,M2-bal,27,1,widows,Valid Filler,Dimatis,2,Some mothers are widows ,All widows are women,Some women are mothers,*,*,*,*,*,*,*,1,2726.325,*,control,NA,4014,Dimatis,1,1,0,0
12_28,12,M2-bal,28,1,lunch,Polysemy,Dimatis,2,Some breaks are lunches,All lunches are entrées,Some entrées are breaks,*,lunch-type,A,C,96.6,event,0.7142857143,0.125,5002.3,*,control,NA,4535,Dimatis,0,0,0,0
12_29,12,M2-bal,29,1,shapes,Invalid Filler,Disamis*,2,Some shapes are triangles,All squares are shapes,Some squares are triangles,*,*,*,*,*,*,*,0,4538.9,*,control,NA,4047,Disamis,0,0,0,0
12_30,12,M2-bal,30,1,toilets,Invalid Filler,Disamis*,2,Some toilets are coed,All urinals are toilets,Some urinals are coed,*,*,*,*,*,*,*,0.375,5804.4,*,control,NA,2791,Disamis,0,0,0,0
12_31,12,M2-bal,31,1,peppers,Invalid Filler,Dimatis*,2,Some yellow vegetables are peppers ,All jalapenos are peppers,Some jalapenos are yellow vegetables,*,*,*,*,*,*,*,0.425,8075.125,*,control,NA,2832,Dimatis,0,0,0,0
12_32,12,M2-bal,32,1,board,Homonymy,Dimatis,2,Some governing organizations are boards,All boards are wooden planks,Some wooden planks are governing organizations,*,*,A,C,80,*,1,0.1,5379.9,*,control,NA,3414,Dimatis,0,0,0,0
12_33,12,M2-bal,33,1,ponies,Valid Filler,Datisi,2,All ponies neigh,Some ponies are colts,Some colts neigh,*,*,*,*,*,*,*,0.675,4349.025,*,control,NA,3326,Datisi,1,1,0,0
12_34,12,M2-bal,34,1,change,Homonymy,Darii,2,All change is money,Some surprises are change,Some surprises are money,*,*,C,A,60,*,0,1,4466.87179,*,control,NA,2879,Darii,0,0,0,0
12_35,12,M2-bal,35,1,cabinet,Homonymy,Datisi,2,All cabinets are political appointments,Some cabinets are antique furniture,Some antique furniture are political appointments,*,*,A,C,100,*,0.8571428571,0.025,4910.75,*,control,NA,3968,Datisi,0,0,0,0
12_36,12,M2-bal,36,1,doughnuts,Valid Filler,Darii,2,All doughnuts are sugary ,Some pastries are doughnuts ,Some pastries are sugary,*,*,*,*,*,*,*,0.95,3292.475,*,control,NA,2847,Darii,1,1,0,0
12_37,12,M2-bal,37,1,dinner,Polysemy,Disamis,2,Some dinners are black tie,All dinners are foods,Some foods are black tie,*,lunch-type,A,C,90,event,0.5714285714,0.225,3571.775,*,control,NA,2807,Disamis,0,0,0,0
12_38,12,M2-bal,38,1,match,Homonymy,Disamis,2,Some matches are shown on TV,All matches are fire starters,Some fire starters are shown on TV,*,*,A,C,80,*,0,0.85,5008.1,*,control,NA,2583,Disamis,0,0,0,0
12_39,12,M2-bal,39,1,funerals,Invalid Filler,Datisi*,2,All open-casket services are funerals,Some funerals are cremations,Some cremations are open-casket services,*,*,*,*,*,*,*,0.4,5086.4,*,control,NA,3743,Datisi,0,0,0,0
12_40,12,M2-bal,40,1,star,Homonymy,Datisi,2,All stars are famous ,Some stars are red dwarfs,Some red dwarfs are famous,*,*,*,*,100,*,0,0.375,3338.975,*,control,NA,2392,Datisi,0,0,0,0
12_41,12,M2-bal,41,1,letter,Polysemy,Datisi,2,All letters have stamps,Some letters are rejections,Some rejections have stamps,*,book-type,C,A,78.5,info,0,0.7,4504.25,*,control,NA,2622,Datisi,0,0,0,0
12_42,12,M2-bal,42,1,actors,Invalid Filler,Datisi*,2,All male leads are actors,Some actors are women,Some women are male leads,*,*,*,*,*,*,*,0.4,4720.6,*,control,NA,2264,Datisi,0,0,0,0
12_43,12,M2-bal,43,1,steaks,Invalid Filler,Disamis*,2,Some steaks are filet mignons,All ribeyes are steaks,Some ribeyes are filet mignons,*,*,*,*,*,*,*,0.225,5186.55,*,control,NA,2846,Disamis,0,0,0,0
12_44,12,M2-bal,44,1,ring,Homonymy,Darii,2,All rings are sounds,Some accessories are rings,Some accessories are sounds,*,*,A,C,100,*,0.7142857143,0.275,3957.775,*,control,NA,4871,Darii,0,0,0,0
12_45,12,M2-bal,45,1,magazines,Polysemy,Disamis,2,Some magazines are coffee-stained,All magazines are subscriptions,Some subscriptions are coffee-stained,*,book-type,C,A,68.9,info,0.2857142857,0.12820513,3613.5641,*,control,NA,2671,Disamis,0,0,0,0
12_46,12,M2-bal,46,1,spices,Invalid Filler,Dimatis*,2,Some dried roots are spices ,All mustard seeds are spices ,Some mustard seeds are dried roots,*,*,*,*,*,*,*,0.4,4410.8,*,control,NA,3223,Dimatis,0,0,0,0
12_47,12,M2-bal,47,0,suit,Homonymy,Disamis,2,Some suits have multiple defendants,All suits are dress attire,Some dress attire has multiple defendants,*,*,A,C,100,*,0.5714285714,0.075,5412.1,*,control,NA,2855,Disamis,0,1,0,0
12_48,12,M2-bal,48,0,dolls,Valid Filler,Darii,2,All dolls are man made,Some toys are dolls ,Some toys are man made,*,*,*,*,*,*,*,1,3066.525,*,control,NA,3143,Darii,1,0,0,0
12_49,12,M2-bal,49,1,liars,Valid Filler,Dimatis,2,Some criminals are liars ,All liars are humans,Some humans are criminals ,*,*,*,*,*,*,*,1,4285.51282,*,control,NA,3023,Dimatis,1,1,0,0
12_50,12,M2-bal,50,1,wave,Homonymy,Dimatis,2,Some gestures are waves,Some waves are ripples,Some ripples are gestures,*,*,A,C,100,*,0.4285714286,0.25641026,6582.48718,*,control,NA,2599,Dimatis,0,0,0,0
12_51,12,M2-bal,51,1,antiques,Invalid Filler,Darii*,2,All medieval manuscripts are antiques ,Some pieces of jewelry are antiques ,Some pieces of jewelry are medieval manuscripts,*,*,*,*,*,*,*,0.25,6885.35,*,control,NA,3463,Darii,0,0,0,0
12_52,12,M2-bal,52,1,grapes,Valid Filler,Disamis,2,Some grapes are red ,All grapes are fruits ,Some fruits are red ,*,*,*,*,*,*,*,1,3059.8,*,control,NA,9456,Disamis,1,1,0,0
12_53,12,M2-bal,53,1,book,Polysemy,Dimatis,2,Some doorstops are books,All books are intellectual property,Some intellectual property is a doorstop,*,book-type,C,A,64.5,info,0.5714285714,0.12820513,4958.76923,*,control,NA,2631,Dimatis,0,0,0,0
12_54,12,M2-bal,54,1,rock,Homonymy,Datisi,2,All rock has guitars,Some rock is marble,Some marble has guitars,*,*,A,C,100,*,0.8571428571,0.05,3983.6,*,control,NA,2272,Datisi,0,0,0,0
12_55,12,M2-bal,55,1,clowns,Valid Filler,Darii,2,All clowns can juggle ,Some circus performers are clowns ,Some circus performers can juggle,*,*,*,*,*,*,*,0.975,3767.925,*,control,NA,2487,Darii,1,1,0,0
12_56,12,M2-bal,56,1,dances,Invalid Filler,Darii*,2,All polkas are dances ,Some mating rituals are dances ,Some mating rituals are polkas ,*,*,*,*,*,*,*,0.25,3557.725,*,control,NA,2847,Darii,0,0,0,0
13_1,13,M2-bal,1,0,injuries,Invalid Filler,Dimatis*,2,Some sunburns are injuries,All cases of frostbite are injuries,Some cases of frostbite are sunburns,*,*,*,*,*,*,*,0.1,5963.025,*,control,NA,25689,Dimatis,0,1,0,0
13_2,13,M2-bal,2,1,swords,Valid Filler,Disamis,2,Some swords are decorative,All swords are weapons ,Some weapons are decorative ,*,*,*,*,*,*,*,0.8,6880.1,*,control,NA,92164,Disamis,1,1,0,0
13_3,13,M2-bal,3,0,sausages,Invalid Filler,Datisi*,2,All hot dogs are sausages,Some sausages are salamis,Some hot dogs are salamis,*,*,*,*,*,*,*,0.175,2931.35,*,control,NA,15057,Datisi,0,1,0,0
13_4,13,M2-bal,4,1,city,Polysemy,Datisi,2,All cities are bureaucracies,Some cities are graffitied ,Some bureaucracies are graffitied,*,city-type,A,C,67.7,inst,0.2857142857,0.375,4022.55,*,control,NA,8696,Datisi,0,0,0,0
13_5,13,M2-bal,5,1,novel,Polysemy,Darii,2,All novels are flammable,Some debuts are novels,Some debuts are flammable,*,book-type,C,A,96.7,info,1,0.15,6119.3,*,control,NA,10257,Darii,0,0,0,0
13_6,13,M2-bal,6,1,college,Polysemy,Darii,2,All colleges grant degrees,Some colleges are historic buildings,Some historic buildings grant degrees,*,city-type,A,C,56.6,inst,0.2857142857,0.575,5629.95,*,control,NA,13525,Darii,0,0,0,0
13_7,13,M2-bal,7,0,suitcases,Valid Filler,Dimatis,2,Some bags are suitcases,All suitcases are pieces of luggage,Some pieces of luggage are bags,*,*,*,*,*,*,*,1,3671.55,*,control,NA,12506,Dimatis,1,0,0,0
13_8,13,M2-bal,8,0,dresses,Invalid Filler,Darii*,2,All ball gowns are dresses ,Some cocktail outfits are dresses,Some cocktail outfits are ball gowns,*,*,*,*,*,*,*,0.65,5066.6,*,control,NA,8724,Darii,0,1,0,0
13_9,13,M2-bal,9,0,thieves,Invalid Filler,Dimatis*,2,Some children are thieves,All mob bosses are thieves,Some mob bosses are children,*,*,*,*,*,*,*,0.225,5599.825,*,control,NA,9541,Dimatis,0,1,0,0
13_10,13,M2-bal,10,1,company,Polysemy,Dimatis,2,Some storefronts are companies,All companies are hierarchies,Some hierarchies are storefronts,*,city-type,C,A,83.8,inst,0.7142857143,0.25,4713.05,*,control,NA,13776,Dimatis,0,0,0,0
13_11,13,M2-bal,11,1,colors,Invalid Filler,Disamis*,2,Some colors are primary ,All shades of purple are colors ,Some shades of purple are primary,*,*,*,*,*,*,*,0.225,5122.475,*,control,NA,12746,Disamis,0,0,0,0
13_12,13,M2-bal,12,1,picnic,Polysemy,Datisi,2,All picnics happen in nature,Some picnics are salads,Some salads happen in nature,*,lunch-type,A,C,59.2,event,0.5714285714,0.425,4573.125,*,control,NA,7850,Datisi,0,0,0,0
13_13,13,M2-bal,13,1,ruler,Homonymy,Disamis,2,Some rulers are kings,All rulers are standard lengths,Some standard lengths are kings,*,*,*,*,80,*,0.8571428571,0.125,5032.65,*,control,NA,7946,Disamis,0,0,0,0
13_14,13,M2-bal,14,0,trucks,Valid Filler,Dimatis,2,Some cars are trucks ,All trucks are vehicles,Some vehicles are cars ,*,*,*,*,*,*,*,0.975,4508.475,*,control,NA,9210,Dimatis,1,0,0,0
13_15,13,M2-bal,15,1,bat,Homonymy,Darii,2,All bats share a common ancestor,Some sporting goods are bats,Some sporting goods share a common ancestor,*,*,*,*,80,*,0.2857142857,0.4,5008,*,control,NA,13798,Darii,0,0,0,0
13_16,13,M2-bal,16,1,burgers,Valid Filler,Disamis,2,Some burgers are overcooked ,All burgers are sandwiches,Some sandwiches are overcooked ,*,*,*,*,*,*,*,0.925,4389.725,*,control,NA,8205,Disamis,1,1,0,0
13_17,13,M2-bal,17,1,mugs,Valid Filler,Datisi,2,All mugs are cups ,Some mugs are ceramics,Some ceramics are cups ,*,*,*,*,*,*,*,1,3091.05,*,control,NA,8237,Datisi,1,1,0,0
13_18,13,M2-bal,18,0,stones,Invalid Filler,Datisi*,2,All pebbles are stones,Some stones are boulders,Some boulders are pebbles,*,*,*,*,*,*,*,0.17948718,4940.5641,*,control,NA,7897,Datisi,0,1,0,0
13_19,13,M2-bal,19,1,school,Polysemy,Disamis,2,Some schools are rectangular,All schools are employers,Some employers are rectangular,*,city-type,C,A,45.1,inst,0.5714285714,0.1,2856.95,*,control,NA,13728,Disamis,0,0,0,0
13_20,13,M2-bal,20,1,breakfast,Polysemy,Darii,2,All breakfasts are under three hours,Some smoothies are breakfasts,Some smoothies are under three hours,*,lunch-type,A,C,87.1,event,0.7142857143,0.525,5068.825,*,control,NA,6138,Darii,0,0,0,0
13_21,13,M2-bal,21,1,rifles,Valid Filler,Disamis,2,Some rifles are for hunting,All rifles are guns ,Some guns are for hunting,*,*,*,*,*,*,*,1,4771.725,*,control,NA,6684,Disamis,1,1,0,0
13_22,13,M2-bal,22,1,statues,Valid Filler,Datisi,2,All statues are sculptures,Some statues are bronzes,Some bronzes are sculptures,*,*,*,*,*,*,*,0.9,3392.275,*,control,NA,7376,Datisi,1,1,0,0
13_23,13,M2-bal,23,1,ball,Homonymy,Dimatis,2,Some parties are balls,All balls are toys,Some toys are parties,*,*,A,C,100,*,0.7142857143,0.175,4203.925,*,control,NA,11713,Dimatis,0,0,0,0
13_24,13,M2-bal,24,1,singers,Valid Filler,Darii,2,All singers have an ideal vocal range ,Some guitarists are singers,Some guitarists have an ideal vocal range,*,*,*,*,*,*,*,0.925,4672.55,*,control,NA,9792,Darii,1,1,0,0
13_25,13,M2-bal,25,0,mothers,Invalid Filler,Darii*,2,All grandmothers are mothers ,Some teens are mothers,Some grandmothers are teens,*,*,*,*,*,*,*,0.175,6414.3,*,control,NA,6551,Darii,0,1,0,0
13_26,13,M2-bal,26,1,poets,Valid Filler,Datisi,2,All poets are writers ,Some poets are teachers,Some teachers are writers,*,*,*,*,*,*,*,0.975,3928.975,*,control,NA,8120,Datisi,1,1,0,0
13_27,13,M2-bal,27,1,widows,Valid Filler,Dimatis,2,Some mothers are widows ,All widows are women,Some women are mothers,*,*,*,*,*,*,*,1,2726.325,*,control,NA,6849,Dimatis,1,1,0,0
13_28,13,M2-bal,28,1,lunch,Polysemy,Dimatis,2,Some breaks are lunches,All lunches are entrées,Some entrées are breaks,*,lunch-type,A,C,96.6,event,0.7142857143,0.125,5002.3,*,control,NA,9376,Dimatis,0,0,0,0
13_29,13,M2-bal,29,1,shapes,Invalid Filler,Disamis*,2,Some shapes are triangles,All squares are shapes,Some squares are triangles,*,*,*,*,*,*,*,0,4538.9,*,control,NA,5393,Disamis,0,0,0,0
13_30,13,M2-bal,30,1,toilets,Invalid Filler,Disamis*,2,Some toilets are coed,All urinals are toilets,Some urinals are coed,*,*,*,*,*,*,*,0.375,5804.4,*,control,NA,7173,Disamis,0,0,0,0
13_31,13,M2-bal,31,0,peppers,Invalid Filler,Dimatis*,2,Some yellow vegetables are peppers ,All jalapenos are peppers,Some jalapenos are yellow vegetables,*,*,*,*,*,*,*,0.425,8075.125,*,control,NA,9571,Dimatis,0,1,0,0
13_32,13,M2-bal,32,1,board,Homonymy,Dimatis,2,Some governing organizations are boards,All boards are wooden planks,Some wooden planks are governing organizations,*,*,A,C,80,*,1,0.1,5379.9,*,control,NA,7860,Dimatis,0,0,0,0
13_33,13,M2-bal,33,1,ponies,Valid Filler,Datisi,2,All ponies neigh,Some ponies are colts,Some colts neigh,*,*,*,*,*,*,*,0.675,4349.025,*,control,NA,13085,Datisi,1,1,0,0
13_34,13,M2-bal,34,0,change,Homonymy,Darii,2,All change is money,Some surprises are change,Some surprises are money,*,*,C,A,60,*,0,1,4466.87179,*,control,NA,8382,Darii,0,1,0,0
13_35,13,M2-bal,35,1,cabinet,Homonymy,Datisi,2,All cabinets are political appointments,Some cabinets are antique furniture,Some antique furniture are political appointments,*,*,A,C,100,*,0.8571428571,0.025,4910.75,*,control,NA,7018,Datisi,0,0,0,0
13_36,13,M2-bal,36,1,doughnuts,Valid Filler,Darii,2,All doughnuts are sugary ,Some pastries are doughnuts ,Some pastries are sugary,*,*,*,*,*,*,*,0.95,3292.475,*,control,NA,9036,Darii,1,1,0,0
13_37,13,M2-bal,37,1,dinner,Polysemy,Disamis,2,Some dinners are black tie,All dinners are foods,Some foods are black tie,*,lunch-type,A,C,90,event,0.5714285714,0.225,3571.775,*,control,NA,8394,Disamis,0,0,0,0
13_38,13,M2-bal,38,1,match,Homonymy,Disamis,2,Some matches are shown on TV,All matches are fire starters,Some fire starters are shown on TV,*,*,A,C,80,*,0,0.85,5008.1,*,control,NA,8600,Disamis,0,0,0,0
13_39,13,M2-bal,39,1,funerals,Invalid Filler,Datisi*,2,All open-casket services are funerals,Some funerals are cremations,Some cremations are open-casket services,*,*,*,*,*,*,*,0.4,5086.4,*,control,NA,6905,Datisi,0,0,0,0
13_40,13,M2-bal,40,1,star,Homonymy,Datisi,2,All stars are famous ,Some stars are red dwarfs,Some red dwarfs are famous,*,*,*,*,100,*,0,0.375,3338.975,*,control,NA,8871,Datisi,0,0,0,0
13_41,13,M2-bal,41,1,letter,Polysemy,Datisi,2,All letters have stamps,Some letters are rejections,Some rejections have stamps,*,book-type,C,A,78.5,info,0,0.7,4504.25,*,control,NA,9670,Datisi,0,0,0,0
13_42,13,M2-bal,42,0,actors,Invalid Filler,Datisi*,2,All male leads are actors,Some actors are women,Some women are male leads,*,*,*,*,*,*,*,0.4,4720.6,*,control,NA,22244,Datisi,0,1,0,0
13_43,13,M2-bal,43,0,steaks,Invalid Filler,Disamis*,2,Some steaks are filet mignons,All ribeyes are steaks,Some ribeyes are filet mignons,*,*,*,*,*,*,*,0.225,5186.55,*,control,NA,8735,Disamis,0,1,0,0
13_44,13,M2-bal,44,0,ring,Homonymy,Darii,2,All rings are sounds,Some accessories are rings,Some accessories are sounds,*,*,A,C,100,*,0.7142857143,0.275,3957.775,*,control,NA,7286,Darii,0,1,0,0
13_45,13,M2-bal,45,1,magazines,Polysemy,Disamis,2,Some magazines are coffee-stained,All magazines are subscriptions,Some subscriptions are coffee-stained,*,book-type,C,A,68.9,info,0.2857142857,0.12820513,3613.5641,*,control,NA,7201,Disamis,0,0,0,0
13_46,13,M2-bal,46,0,spices,Invalid Filler,Dimatis*,2,Some dried roots are spices ,All mustard seeds are spices ,Some mustard seeds are dried roots,*,*,*,*,*,*,*,0.4,4410.8,*,control,NA,8664,Dimatis,0,1,0,0
13_47,13,M2-bal,47,1,suit,Homonymy,Disamis,2,Some suits have multiple defendants,All suits are dress attire,Some dress attire has multiple defendants,*,*,A,C,100,*,0.5714285714,0.075,5412.1,*,control,NA,8258,Disamis,0,0,0,0
13_48,13,M2-bal,48,0,dolls,Valid Filler,Darii,2,All dolls are man made,Some toys are dolls ,Some toys are man made,*,*,*,*,*,*,*,1,3066.525,*,control,NA,6895,Darii,1,0,0,0
13_49,13,M2-bal,49,1,liars,Valid Filler,Dimatis,2,Some criminals are liars ,All liars are humans,Some humans are criminals ,*,*,*,*,*,*,*,1,4285.51282,*,control,NA,6780,Dimatis,1,1,0,0
13_50,13,M2-bal,50,1,wave,Homonymy,Dimatis,2,Some gestures are waves,Some waves are ripples,Some ripples are gestures,*,*,A,C,100,*,0.4285714286,0.25641026,6582.48718,*,control,NA,7035,Dimatis,0,0,0,0
13_51,13,M2-bal,51,0,antiques,Invalid Filler,Darii*,2,All medieval manuscripts are antiques ,Some pieces of jewelry are antiques ,Some pieces of jewelry are medieval manuscripts,*,*,*,*,*,*,*,0.25,6885.35,*,control,NA,7879,Darii,0,1,0,0
13_52,13,M2-bal,52,1,grapes,Valid Filler,Disamis,2,Some grapes are red ,All grapes are fruits ,Some fruits are red ,*,*,*,*,*,*,*,1,3059.8,*,control,NA,7022,Disamis,1,1,0,0
13_53,13,M2-bal,53,1,book,Polysemy,Dimatis,2,Some doorstops are books,All books are intellectual property,Some intellectual property is a doorstop,*,book-type,C,A,64.5,info,0.5714285714,0.12820513,4958.76923,*,control,NA,8178,Dimatis,0,0,0,0
13_54,13,M2-bal,54,1,rock,Homonymy,Datisi,2,All rock has guitars,Some rock is marble,Some marble has guitars,*,*,A,C,100,*,0.8571428571,0.05,3983.6,*,control,NA,5534,Datisi,0,0,0,0
13_55,13,M2-bal,55,0,clowns,Valid Filler,Darii,2,All clowns can juggle ,Some circus performers are clowns ,Some circus performers can juggle,*,*,*,*,*,*,*,0.975,3767.925,*,control,NA,5443,Darii,1,0,0,0
13_56,13,M2-bal,56,0,dances,Invalid Filler,Darii*,2,All polkas are dances ,Some mating rituals are dances ,Some mating rituals are polkas ,*,*,*,*,*,*,*,0.25,3557.725,*,control,NA,5904,Darii,0,1,0,0
14_1,14,M2-bal,1,0,poets,Valid Filler,Datisi,1,All poets are writers ,Some poets are teachers,Some teachers are writers,*,*,*,*,*,*,*,0.975,3928.975,*,control,NA,58630,Datisi,1,0,0,0
14_2,14,M2-bal,2,1,widows,Valid Filler,Dimatis,1,Some mothers are widows ,All widows are women,Some women are mothers,*,*,*,*,*,*,*,1,2726.325,*,control,NA,11431,Dimatis,1,1,0,0
14_3,14,M2-bal,3,0,ruler,Homonymy,Disamis,1,Some rulers are kings,All rulers are standard lengths,Some standard lengths are kings,*,*,*,*,80,*,0.8571428571,0.125,5032.65,*,control,NA,9624,Disamis,0,1,0,0
14_4,14,M2-bal,4,0,magazines,Polysemy,Disamis,1,Some magazines are coffee-stained,All magazines are subscriptions,Some subscriptions are coffee-stained,*,book-type,C,A,68.9,info,0.2857142857,0.12820513,3613.5641,*,control,NA,8385,Disamis,0,1,0,0
14_5,14,M2-bal,5,0,dresses,Invalid Filler,Darii*,1,All ball gowns are dresses ,Some cocktail outfits are dresses,Some cocktail outfits are ball gowns,*,*,*,*,*,*,*,0.65,5066.6,*,control,NA,7120,Darii,0,1,0,0
14_6,14,M2-bal,6,0,thieves,Invalid Filler,Dimatis*,1,Some children are thieves,All mob bosses are thieves,Some mob bosses are children,*,*,*,*,*,*,*,0.225,5599.825,*,control,NA,13353,Dimatis,0,1,0,0
14_7,14,M2-bal,7,0,dinner,Polysemy,Disamis,1,Some dinners are black tie,All dinners are foods,Some foods are black tie,*,lunch-type,A,C,90,event,0.5714285714,0.225,3571.775,*,control,NA,7188,Disamis,0,1,0,0
14_8,14,M2-bal,8,0,school,Polysemy,Disamis,1,Some schools are rectangular,All schools are employers,Some employers are rectangular,*,city-type,C,A,45.1,inst,0.5714285714,0.1,2856.95,*,control,NA,4618,Disamis,0,1,0,0
14_9,14,M2-bal,9,1,star,Homonymy,Datisi,1,All stars are famous ,Some stars are red dwarfs,Some red dwarfs are famous,*,*,*,*,100,*,0,0.375,3338.975,*,control,NA,4210,Datisi,0,0,0,0
14_10,14,M2-bal,10,0,picnic,Polysemy,Datisi,1,All picnics happen in nature,Some picnics are salads,Some salads happen in nature,*,lunch-type,A,C,59.2,event,0.5714285714,0.425,4573.125,*,control,NA,5223,Datisi,0,1,0,0
14_11,14,M2-bal,11,1,dances,Invalid Filler,Darii*,1,All polkas are dances ,Some mating rituals are dances ,Some mating rituals are polkas ,*,*,*,*,*,*,*,0.25,3557.725,*,control,NA,5042,Darii,0,0,0,0
14_12,14,M2-bal,12,1,dolls,Valid Filler,Darii,1,All dolls are man made,Some toys are dolls ,Some toys are man made,*,*,*,*,*,*,*,1,3066.525,*,control,NA,3694,Darii,1,1,0,0
14_13,14,M2-bal,13,0,funerals,Invalid Filler,Datisi*,1,All open-casket services are funerals,Some funerals are cremations,Some cremations are open-casket services,*,*,*,*,*,*,*,0.4,5086.4,*,control,NA,4797,Datisi,0,1,0,0
14_14,14,M2-bal,14,1,match,Homonymy,Disamis,1,Some matches are shown on TV,All matches are fire starters,Some fire starters are shown on TV,*,*,A,C,80,*,0,0.85,5008.1,*,control,NA,4754,Disamis,0,0,0,0
14_15,14,M2-bal,15,1,suitcases,Valid Filler,Dimatis,1,Some bags are suitcases,All suitcases are pieces of luggage,Some pieces of luggage are bags,*,*,*,*,*,*,*,1,3671.55,*,control,NA,3935,Dimatis,1,1,0,0
14_16,14,M2-bal,16,0,shapes,Invalid Filler,Disamis*,1,Some shapes are triangles,All squares are shapes,Some squares are triangles,*,*,*,*,*,*,*,0,4538.9,*,control,NA,3235,Disamis,0,1,0,0
14_17,14,M2-bal,17,0,spices,Invalid Filler,Dimatis*,1,Some dried roots are spices ,All mustard seeds are spices ,Some mustard seeds are dried roots,*,*,*,*,*,*,*,0.4,4410.8,*,control,NA,5442,Dimatis,0,1,0,0
14_18,14,M2-bal,18,0,burgers,Valid Filler,Disamis,1,Some burgers are overcooked ,All burgers are sandwiches,Some sandwiches are overcooked ,*,*,*,*,*,*,*,0.925,4389.725,*,control,NA,5441,Disamis,1,0,0,0
14_19,14,M2-bal,19,1,ponies,Valid Filler,Datisi,1,All ponies neigh,Some ponies are colts,Some colts neigh,*,*,*,*,*,*,*,0.675,4349.025,*,control,NA,6255,Datisi,1,1,0,0
14_20,14,M2-bal,20,1,novel,Polysemy,Darii,1,All novels are flammable,Some debuts are novels,Some debuts are flammable,*,book-type,C,A,96.7,info,1,0.15,6119.3,*,control,NA,3357,Darii,0,0,0,0
14_21,14,M2-bal,21,0,peppers,Invalid Filler,Dimatis*,1,Some yellow vegetables are peppers ,All jalapenos are peppers,Some jalapenos are yellow vegetables,*,*,*,*,*,*,*,0.425,8075.125,*,control,NA,3562,Dimatis,0,1,0,0
14_22,14,M2-bal,22,0,suit,Homonymy,Disamis,1,Some suits have multiple defendants,All suits are dress attire,Some dress attire has multiple defendants,*,*,A,C,100,*,0.5714285714,0.075,5412.1,*,control,NA,4510,Disamis,0,1,0,0
14_23,14,M2-bal,23,0,ball,Homonymy,Dimatis,1,Some parties are balls,All balls are toys,Some toys are parties,*,*,A,C,100,*,0.7142857143,0.175,4203.925,*,control,NA,3014,Dimatis,0,1,0,0
14_24,14,M2-bal,24,0,bat,Homonymy,Darii,1,All bats share a common ancestor,Some sporting goods are bats,Some sporting goods share a common ancestor,*,*,*,*,80,*,0.2857142857,0.4,5008,*,control,NA,3171,Darii,0,1,0,0
14_25,14,M2-bal,25,0,swords,Valid Filler,Disamis,1,Some swords are decorative,All swords are weapons ,Some weapons are decorative ,*,*,*,*,*,*,*,0.8,6880.1,*,control,NA,3183,Disamis,1,0,0,0
14_26,14,M2-bal,26,1,rifles,Valid Filler,Disamis,1,Some rifles are for hunting,All rifles are guns ,Some guns are for hunting,*,*,*,*,*,*,*,1,4771.725,*,control,NA,2817,Disamis,1,1,0,0
14_27,14,M2-bal,27,1,mugs,Valid Filler,Datisi,1,All mugs are cups ,Some mugs are ceramics,Some ceramics are cups ,*,*,*,*,*,*,*,1,3091.05,*,control,NA,2895,Datisi,1,1,0,0
14_28,14,M2-bal,28,1,grapes,Valid Filler,Disamis,1,Some grapes are red ,All grapes are fruits ,Some fruits are red ,*,*,*,*,*,*,*,1,3059.8,*,control,NA,3470,Disamis,1,1,0,0
14_29,14,M2-bal,29,1,doughnuts,Valid Filler,Darii,1,All doughnuts are sugary ,Some pastries are doughnuts ,Some pastries are sugary,*,*,*,*,*,*,*,0.95,3292.475,*,control,NA,3325,Darii,1,1,0,0
14_30,14,M2-bal,30,1,clowns,Valid Filler,Darii,1,All clowns can juggle ,Some circus performers are clowns ,Some circus performers can juggle,*,*,*,*,*,*,*,0.975,3767.925,*,control,NA,3983,Darii,1,1,0,0
14_31,14,M2-bal,31,0,rock,Homonymy,Datisi,1,All rock has guitars,Some rock is marble,Some marble has guitars,*,*,A,C,100,*,0.8571428571,0.05,3983.6,*,control,NA,3137,Datisi,0,1,0,0
14_32,14,M2-bal,32,1,stones,Invalid Filler,Datisi*,1,All pebbles are stones,Some stones are boulders,Some boulders are pebbles,*,*,*,*,*,*,*,0.17948718,4940.5641,*,control,NA,8906,Datisi,0,0,0,0
14_33,14,M2-bal,33,0,cabinet,Homonymy,Datisi,1,All cabinets are political appointments,Some cabinets are antique furniture,Some antique furniture are political appointments,*,*,A,C,100,*,0.8571428571,0.025,4910.75,*,control,NA,3610,Datisi,0,1,0,0
14_34,14,M2-bal,34,0,ring,Homonymy,Darii,1,All rings are sounds,Some accessories are rings,Some accessories are sounds,*,*,A,C,100,*,0.7142857143,0.275,3957.775,*,control,NA,6356,Darii,0,1,0,0
14_35,14,M2-bal,35,0,lunch,Polysemy,Dimatis,1,Some breaks are lunches,All lunches are entrées,Some entrées are breaks,*,lunch-type,A,C,96.6,event,0.7142857143,0.125,5002.3,*,control,NA,2756,Dimatis,0,1,0,0
14_36,14,M2-bal,36,1,wave,Homonymy,Dimatis,1,Some gestures are waves,Some waves are ripples,Some ripples are gestures,*,*,A,C,100,*,0.4285714286,0.25641026,6582.48718,*,control,NA,3960,Dimatis,0,0,0,0
14_37,14,M2-bal,37,1,book,Polysemy,Dimatis,1,Some doorstops are books,All books are intellectual property,Some intellectual property is a doorstop,*,book-type,C,A,64.5,info,0.5714285714,0.12820513,4958.76923,*,control,NA,4550,Dimatis,0,0,0,0
14_38,14,M2-bal,38,1,liars,Valid Filler,Dimatis,1,Some criminals are liars ,All liars are humans,Some humans are criminals ,*,*,*,*,*,*,*,1,4285.51282,*,control,NA,2998,Dimatis,1,1,0,0
14_39,14,M2-bal,39,0,steaks,Invalid Filler,Disamis*,1,Some steaks are filet mignons,All ribeyes are steaks,Some ribeyes are filet mignons,*,*,*,*,*,*,*,0.225,5186.55,*,control,NA,3207,Disamis,0,1,0,0
14_40,14,M2-bal,40,0,mothers,Invalid Filler,Darii*,1,All grandmothers are mothers ,Some teens are mothers,Some grandmothers are teens,*,*,*,*,*,*,*,0.175,6414.3,*,control,NA,4448,Darii,0,1,0,0
14_41,14,M2-bal,41,1,sausages,Invalid Filler,Datisi*,1,All hot dogs are sausages,Some sausages are salamis,Some hot dogs are salamis,*,*,*,*,*,*,*,0.175,2931.35,*,control,NA,12108,Datisi,0,0,0,0
14_42,14,M2-bal,42,0,toilets,Invalid Filler,Disamis*,1,Some toilets are coed,All urinals are toilets,Some urinals are coed,*,*,*,*,*,*,*,0.375,5804.4,*,control,NA,5163,Disamis,0,1,0,0
14_43,14,M2-bal,43,0,antiques,Invalid Filler,Darii*,1,All medieval manuscripts are antiques ,Some pieces of jewelry are antiques ,Some pieces of jewelry are medieval manuscripts,*,*,*,*,*,*,*,0.25,6885.35,*,control,NA,4243,Darii,0,1,0,0
14_44,14,M2-bal,44,0,college,Polysemy,Darii,1,All colleges grant degrees,Some colleges are historic buildings,Some historic buildings grant degrees,*,city-type,A,C,56.6,inst,0.2857142857,0.575,5629.95,*,control,NA,3500,Darii,0,1,0,0
14_45,14,M2-bal,45,0,colors,Invalid Filler,Disamis*,1,Some colors are primary ,All shades of purple are colors ,Some shades of purple are primary,*,*,*,*,*,*,*,0.225,5122.475,*,control,NA,4152,Disamis,0,1,0,0
14_46,14,M2-bal,46,1,singers,Valid Filler,Darii,1,All singers have an ideal vocal range ,Some guitarists are singers,Some guitarists have an ideal vocal range,*,*,*,*,*,*,*,0.925,4672.55,*,control,NA,5541,Darii,1,1,0,0
14_47,14,M2-bal,47,1,statues,Valid Filler,Datisi,1,All statues are sculptures,Some statues are bronzes,Some bronzes are sculptures,*,*,*,*,*,*,*,0.9,3392.275,*,control,NA,3913,Datisi,1,1,0,0
14_48,14,M2-bal,48,0,breakfast,Polysemy,Darii,1,All breakfasts are under three hours,Some smoothies are breakfasts,Some smoothies are under three hours,*,lunch-type,A,C,87.1,event,0.7142857143,0.525,5068.825,*,control,NA,4273,Darii,0,1,0,0
14_49,14,M2-bal,49,0,company,Polysemy,Dimatis,1,Some storefronts are companies,All companies are hierarchies,Some hierarchies are storefronts,*,city-type,C,A,83.8,inst,0.7142857143,0.25,4713.05,*,control,NA,3719,Dimatis,0,1,0,0
14_50,14,M2-bal,50,0,actors,Invalid Filler,Datisi*,1,All male leads are actors,Some actors are women,Some women are male leads,*,*,*,*,*,*,*,0.4,4720.6,*,control,NA,3278,Datisi,0,1,0,0
14_51,14,M2-bal,51,0,board,Homonymy,Dimatis,1,Some governing organizations are boards,All boards are wooden planks,Some wooden planks are governing organizations,*,*,A,C,80,*,1,0.1,5379.9,*,control,NA,3115,Dimatis,0,1,0,0
14_52,14,M2-bal,52,1,trucks,Valid Filler,Dimatis,1,Some cars are trucks ,All trucks are vehicles,Some vehicles are cars ,*,*,*,*,*,*,*,0.975,4508.475,*,control,NA,2778,Dimatis,1,1,0,0
14_53,14,M2-bal,53,0,letter,Polysemy,Datisi,1,All letters have stamps,Some letters are rejections,Some rejections have stamps,*,book-type,C,A,78.5,info,0,0.7,4504.25,*,control,NA,3769,Datisi,0,1,0,0
14_54,14,M2-bal,54,0,city,Polysemy,Datisi,1,All cities are bureaucracies,Some cities are graffitied ,Some bureaucracies are graffitied,*,city-type,A,C,67.7,inst,0.2857142857,0.375,4022.55,*,control,NA,3554,Datisi,0,1,0,0
14_55,14,M2-bal,55,0,injuries,Invalid Filler,Dimatis*,1,Some sunburns are injuries,All cases of frostbite are injuries,Some cases of frostbite are sunburns,*,*,*,*,*,*,*,0.1,5963.025,*,control,NA,3286,Dimatis,0,1,0,0
14_56,14,M2-bal,56,1,change,Homonymy,Darii,1,All change is money,Some surprises are change,Some surprises are money,*,*,C,A,60,*,0,1,4466.87179,*,control,NA,2926,Darii,0,0,0,0
15_1,15,M2-bal,1,1,injuries,Invalid Filler,Dimatis*,2,Some sunburns are injuries,All cases of frostbite are injuries,Some cases of frostbite are sunburns,*,*,*,*,*,*,*,0.1,5963.025,*,control,NA,16942,Dimatis,0,0,0,0
15_2,15,M2-bal,2,1,swords,Valid Filler,Disamis,2,Some swords are decorative,All swords are weapons ,Some weapons are decorative ,*,*,*,*,*,*,*,0.8,6880.1,*,control,NA,12534,Disamis,1,1,0,0
15_3,15,M2-bal,3,0,sausages,Invalid Filler,Datisi*,2,All hot dogs are sausages,Some sausages are salamis,Some hot dogs are salamis,*,*,*,*,*,*,*,0.175,2931.35,*,control,NA,11448,Datisi,0,1,0,0
15_4,15,M2-bal,4,1,city,Polysemy,Datisi,2,All cities are bureaucracies,Some cities are graffitied ,Some bureaucracies are graffitied,*,city-type,A,C,67.7,inst,0.2857142857,0.375,4022.55,*,control,NA,10088,Datisi,0,0,0,0
15_5,15,M2-bal,5,0,novel,Polysemy,Darii,2,All novels are flammable,Some debuts are novels,Some debuts are flammable,*,book-type,C,A,96.7,info,1,0.15,6119.3,*,control,NA,17610,Darii,0,1,0,0
15_6,15,M2-bal,6,1,college,Polysemy,Darii,2,All colleges grant degrees,Some colleges are historic buildings,Some historic buildings grant degrees,*,city-type,A,C,56.6,inst,0.2857142857,0.575,5629.95,*,control,NA,18899,Darii,0,0,0,0
15_7,15,M2-bal,7,1,suitcases,Valid Filler,Dimatis,2,Some bags are suitcases,All suitcases are pieces of luggage,Some pieces of luggage are bags,*,*,*,*,*,*,*,1,3671.55,*,control,NA,46758,Dimatis,1,1,0,0
15_8,15,M2-bal,8,1,dresses,Invalid Filler,Darii*,2,All ball gowns are dresses ,Some cocktail outfits are dresses,Some cocktail outfits are ball gowns,*,*,*,*,*,*,*,0.65,5066.6,*,control,NA,17777,Darii,0,0,0,0
15_9,15,M2-bal,9,0,thieves,Invalid Filler,Dimatis*,2,Some children are thieves,All mob bosses are thieves,Some mob bosses are children,*,*,*,*,*,*,*,0.225,5599.825,*,control,NA,23170,Dimatis,0,1,0,0
15_10,15,M2-bal,10,1,company,Polysemy,Dimatis,2,Some storefronts are companies,All companies are hierarchies,Some hierarchies are storefronts,*,city-type,C,A,83.8,inst,0.7142857143,0.25,4713.05,*,control,NA,29360,Dimatis,0,0,0,0
15_11,15,M2-bal,11,1,colors,Invalid Filler,Disamis*,2,Some colors are primary ,All shades of purple are colors ,Some shades of purple are primary,*,*,*,*,*,*,*,0.225,5122.475,*,control,NA,10798,Disamis,0,0,0,0
15_12,15,M2-bal,12,0,picnic,Polysemy,Datisi,2,All picnics happen in nature,Some picnics are salads,Some salads happen in nature,*,lunch-type,A,C,59.2,event,0.5714285714,0.425,4573.125,*,control,NA,13260,Datisi,0,1,0,0
15_13,15,M2-bal,13,1,ruler,Homonymy,Disamis,2,Some rulers are kings,All rulers are standard lengths,Some standard lengths are kings,*,*,*,*,80,*,0.8571428571,0.125,5032.65,*,control,NA,18961,Disamis,0,0,0,0
15_14,15,M2-bal,14,1,trucks,Valid Filler,Dimatis,2,Some cars are trucks ,All trucks are vehicles,Some vehicles are cars ,*,*,*,*,*,*,*,0.975,4508.475,*,control,NA,13805,Dimatis,1,1,0,0
15_15,15,M2-bal,15,0,bat,Homonymy,Darii,2,All bats share a common ancestor,Some sporting goods are bats,Some sporting goods share a common ancestor,*,*,*,*,80,*,0.2857142857,0.4,5008,*,control,NA,13404,Darii,0,1,0,0
15_16,15,M2-bal,16,1,burgers,Valid Filler,Disamis,2,Some burgers are overcooked ,All burgers are sandwiches,Some sandwiches are overcooked ,*,*,*,*,*,*,*,0.925,4389.725,*,control,NA,14072,Disamis,1,1,0,0
15_17,15,M2-bal,17,1,mugs,Valid Filler,Datisi,2,All mugs are cups ,Some mugs are ceramics,Some ceramics are cups ,*,*,*,*,*,*,*,1,3091.05,*,control,NA,118340,Datisi,1,1,0,0
15_18,15,M2-bal,18,1,stones,Invalid Filler,Datisi*,2,All pebbles are stones,Some stones are boulders,Some boulders are pebbles,*,*,*,*,*,*,*,0.17948718,4940.5641,*,control,NA,7026,Datisi,0,0,0,0
15_19,15,M2-bal,19,1,school,Polysemy,Disamis,2,Some schools are rectangular,All schools are employers,Some employers are rectangular,*,city-type,C,A,45.1,inst,0.5714285714,0.1,2856.95,*,control,NA,10813,Disamis,0,0,0,0
15_20,15,M2-bal,20,1,breakfast,Polysemy,Darii,2,All breakfasts are under three hours,Some smoothies are breakfasts,Some smoothies are under three hours,*,lunch-type,A,C,87.1,event,0.7142857143,0.525,5068.825,*,control,NA,16021,Darii,0,0,0,0
15_21,15,M2-bal,21,1,rifles,Valid Filler,Disamis,2,Some rifles are for hunting,All rifles are guns ,Some guns are for hunting,*,*,*,*,*,*,*,1,4771.725,*,control,NA,8170,Disamis,1,1,0,0
15_22,15,M2-bal,22,1,statues,Valid Filler,Datisi,2,All statues are sculptures,Some statues are bronzes,Some bronzes are sculptures,*,*,*,*,*,*,*,0.9,3392.275,*,control,NA,6325,Datisi,1,1,0,0
15_23,15,M2-bal,23,0,ball,Homonymy,Dimatis,2,Some parties are balls,All balls are toys,Some toys are parties,*,*,A,C,100,*,0.7142857143,0.175,4203.925,*,control,NA,13878,Dimatis,0,1,0,0
15_24,15,M2-bal,24,1,singers,Valid Filler,Darii,2,All singers have an ideal vocal range ,Some guitarists are singers,Some guitarists have an ideal vocal range,*,*,*,*,*,*,*,0.925,4672.55,*,control,NA,10505,Darii,1,1,0,0
15_25,15,M2-bal,25,0,mothers,Invalid Filler,Darii*,2,All grandmothers are mothers ,Some teens are mothers,Some grandmothers are teens,*,*,*,*,*,*,*,0.175,6414.3,*,control,NA,11619,Darii,0,1,0,0
15_26,15,M2-bal,26,1,poets,Valid Filler,Datisi,2,All poets are writers ,Some poets are teachers,Some teachers are writers,*,*,*,*,*,*,*,0.975,3928.975,*,control,NA,4981,Datisi,1,1,0,0
15_27,15,M2-bal,27,1,widows,Valid Filler,Dimatis,2,Some mothers are widows ,All widows are women,Some women are mothers,*,*,*,*,*,*,*,1,2726.325,*,control,NA,8185,Dimatis,1,1,0,0
15_28,15,M2-bal,28,1,lunch,Polysemy,Dimatis,2,Some breaks are lunches,All lunches are entrées,Some entrées are breaks,*,lunch-type,A,C,96.6,event,0.7142857143,0.125,5002.3,*,control,NA,9497,Dimatis,0,0,0,0
15_29,15,M2-bal,29,0,shapes,Invalid Filler,Disamis*,2,Some shapes are triangles,All squares are shapes,Some squares are triangles,*,*,*,*,*,*,*,0,4538.9,*,control,NA,8868,Disamis,0,1,0,0
15_30,15,M2-bal,30,1,toilets,Invalid Filler,Disamis*,2,Some toilets are coed,All urinals are toilets,Some urinals are coed,*,*,*,*,*,*,*,0.375,5804.4,*,control,NA,8436,Disamis,0,0,0,0
15_31,15,M2-bal,31,1,peppers,Invalid Filler,Dimatis*,2,Some yellow vegetables are peppers ,All jalapenos are peppers,Some jalapenos are yellow vegetables,*,*,*,*,*,*,*,0.425,8075.125,*,control,NA,15621,Dimatis,0,0,0,0
15_32,15,M2-bal,32,0,board,Homonymy,Dimatis,2,Some governing organizations are boards,All boards are wooden planks,Some wooden planks are governing organizations,*,*,A,C,80,*,1,0.1,5379.9,*,control,NA,9807,Dimatis,0,1,0,0
15_33,15,M2-bal,33,1,ponies,Valid Filler,Datisi,2,All ponies neigh,Some ponies are colts,Some colts neigh,*,*,*,*,*,*,*,0.675,4349.025,*,control,NA,5692,Datisi,1,1,0,0
15_34,15,M2-bal,34,0,change,Homonymy,Darii,2,All change is money,Some surprises are change,Some surprises are money,*,*,C,A,60,*,0,1,4466.87179,*,control,NA,9583,Darii,0,1,0,0
15_35,15,M2-bal,35,0,cabinet,Homonymy,Datisi,2,All cabinets are political appointments,Some cabinets are antique furniture,Some antique furniture are political appointments,*,*,A,C,100,*,0.8571428571,0.025,4910.75,*,control,NA,11009,Datisi,0,1,0,0
15_36,15,M2-bal,36,1,doughnuts,Valid Filler,Darii,2,All doughnuts are sugary ,Some pastries are doughnuts ,Some pastries are sugary,*,*,*,*,*,*,*,0.95,3292.475,*,control,NA,11805,Darii,1,1,0,0
15_37,15,M2-bal,37,0,dinner,Polysemy,Disamis,2,Some dinners are black tie,All dinners are foods,Some foods are black tie,*,lunch-type,A,C,90,event,0.5714285714,0.225,3571.775,*,control,NA,9632,Disamis,0,1,0,0
15_38,15,M2-bal,38,1,match,Homonymy,Disamis,2,Some matches are shown on TV,All matches are fire starters,Some fire starters are shown on TV,*,*,A,C,80,*,0,0.85,5008.1,*,control,NA,9382,Disamis,0,0,0,0
15_39,15,M2-bal,39,0,funerals,Invalid Filler,Datisi*,2,All open-casket services are funerals,Some funerals are cremations,Some cremations are open-casket services,*,*,*,*,*,*,*,0.4,5086.4,*,control,NA,9333,Datisi,0,1,0,0
15_40,15,M2-bal,40,1,star,Homonymy,Datisi,2,All stars are famous ,Some stars are red dwarfs,Some red dwarfs are famous,*,*,*,*,100,*,0,0.375,3338.975,*,control,NA,12500,Datisi,0,0,0,0
15_41,15,M2-bal,41,0,letter,Polysemy,Datisi,2,All letters have stamps,Some letters are rejections,Some rejections have stamps,*,book-type,C,A,78.5,info,0,0.7,4504.25,*,control,NA,8657,Datisi,0,1,0,0
15_42,15,M2-bal,42,0,actors,Invalid Filler,Datisi*,2,All male leads are actors,Some actors are women,Some women are male leads,*,*,*,*,*,*,*,0.4,4720.6,*,control,NA,11541,Datisi,0,1,0,0
15_43,15,M2-bal,43,1,steaks,Invalid Filler,Disamis*,2,Some steaks are filet mignons,All ribeyes are steaks,Some ribeyes are filet mignons,*,*,*,*,*,*,*,0.225,5186.55,*,control,NA,6238,Disamis,0,0,0,0
15_44,15,M2-bal,44,0,ring,Homonymy,Darii,2,All rings are sounds,Some accessories are rings,Some accessories are sounds,*,*,A,C,100,*,0.7142857143,0.275,3957.775,*,control,NA,9857,Darii,0,1,0,0
15_45,15,M2-bal,45,1,magazines,Polysemy,Disamis,2,Some magazines are coffee-stained,All magazines are subscriptions,Some subscriptions are coffee-stained,*,book-type,C,A,68.9,info,0.2857142857,0.12820513,3613.5641,*,control,NA,12736,Disamis,0,0,0,0
15_46,15,M2-bal,46,0,spices,Invalid Filler,Dimatis*,2,Some dried roots are spices ,All mustard seeds are spices ,Some mustard seeds are dried roots,*,*,*,*,*,*,*,0.4,4410.8,*,control,NA,10669,Dimatis,0,1,0,0
15_47,15,M2-bal,47,1,suit,Homonymy,Disamis,2,Some suits have multiple defendants,All suits are dress attire,Some dress attire has multiple defendants,*,*,A,C,100,*,0.5714285714,0.075,5412.1,*,control,NA,13756,Disamis,0,0,0,0
15_48,15,M2-bal,48,1,dolls,Valid Filler,Darii,2,All dolls are man made,Some toys are dolls ,Some toys are man made,*,*,*,*,*,*,*,1,3066.525,*,control,NA,10460,Darii,1,1,0,0
15_49,15,M2-bal,49,1,liars,Valid Filler,Dimatis,2,Some criminals are liars ,All liars are humans,Some humans are criminals ,*,*,*,*,*,*,*,1,4285.51282,*,control,NA,8282,Dimatis,1,1,0,0
15_50,15,M2-bal,50,1,wave,Homonymy,Dimatis,2,Some gestures are waves,Some waves are ripples,Some ripples are gestures,*,*,A,C,100,*,0.4285714286,0.25641026,6582.48718,*,control,NA,11289,Dimatis,0,0,0,0
15_51,15,M2-bal,51,0,antiques,Invalid Filler,Darii*,2,All medieval manuscripts are antiques ,Some pieces of jewelry are antiques ,Some pieces of jewelry are medieval manuscripts,*,*,*,*,*,*,*,0.25,6885.35,*,control,NA,8963,Darii,0,1,0,0
15_52,15,M2-bal,52,1,grapes,Valid Filler,Disamis,2,Some grapes are red ,All grapes are fruits ,Some fruits are red ,*,*,*,*,*,*,*,1,3059.8,*,control,NA,8104,Disamis,1,1,0,0
15_53,15,M2-bal,53,0,book,Polysemy,Dimatis,2,Some doorstops are books,All books are intellectual property,Some intellectual property is a doorstop,*,book-type,C,A,64.5,info,0.5714285714,0.12820513,4958.76923,*,control,NA,10401,Dimatis,0,1,0,0
15_54,15,M2-bal,54,0,rock,Homonymy,Datisi,2,All rock has guitars,Some rock is marble,Some marble has guitars,*,*,A,C,100,*,0.8571428571,0.05,3983.6,*,control,NA,12018,Datisi,0,1,0,0
15_55,15,M2-bal,55,1,clowns,Valid Filler,Darii,2,All clowns can juggle ,Some circus performers are clowns ,Some circus performers can juggle,*,*,*,*,*,*,*,0.975,3767.925,*,control,NA,11907,Darii,1,1,0,0
15_56,15,M2-bal,56,1,dances,Invalid Filler,Darii*,2,All polkas are dances ,Some mating rituals are dances ,Some mating rituals are polkas ,*,*,*,*,*,*,*,0.25,3557.725,*,control,NA,16910,Darii,0,0,0,0
16_1,16,M2-bal,1,0,injuries,Invalid Filler,Dimatis*,2,Some sunburns are injuries,All cases of frostbite are injuries,Some cases of frostbite are sunburns,*,*,*,*,*,*,*,0.1,5963.025,*,control,NA,17806,Dimatis,0,1,0,0
16_2,16,M2-bal,2,1,swords,Valid Filler,Disamis,2,Some swords are decorative,All swords are weapons ,Some weapons are decorative ,*,*,*,*,*,*,*,0.8,6880.1,*,control,NA,15510,Disamis,1,1,0,0
16_3,16,M2-bal,3,0,sausages,Invalid Filler,Datisi*,2,All hot dogs are sausages,Some sausages are salamis,Some hot dogs are salamis,*,*,*,*,*,*,*,0.175,2931.35,*,control,NA,17406,Datisi,0,1,0,0
16_4,16,M2-bal,4,1,city,Polysemy,Datisi,2,All cities are bureaucracies,Some cities are graffitied ,Some bureaucracies are graffitied,*,city-type,A,C,67.7,inst,0.2857142857,0.375,4022.55,*,control,NA,12982,Datisi,0,0,0,0
16_5,16,M2-bal,5,1,novel,Polysemy,Darii,2,All novels are flammable,Some debuts are novels,Some debuts are flammable,*,book-type,C,A,96.7,info,1,0.15,6119.3,*,control,NA,11606,Darii,0,0,0,0
16_6,16,M2-bal,6,1,college,Polysemy,Darii,2,All colleges grant degrees,Some colleges are historic buildings,Some historic buildings grant degrees,*,city-type,A,C,56.6,inst,0.2857142857,0.575,5629.95,*,control,NA,13479,Darii,0,0,0,0
16_7,16,M2-bal,7,1,suitcases,Valid Filler,Dimatis,2,Some bags are suitcases,All suitcases are pieces of luggage,Some pieces of luggage are bags,*,*,*,*,*,*,*,1,3671.55,*,control,NA,17919,Dimatis,1,1,0,0
16_8,16,M2-bal,8,0,dresses,Invalid Filler,Darii*,2,All ball gowns are dresses ,Some cocktail outfits are dresses,Some cocktail outfits are ball gowns,*,*,*,*,*,*,*,0.65,5066.6,*,control,NA,29831,Darii,0,1,0,0
16_9,16,M2-bal,9,0,thieves,Invalid Filler,Dimatis*,2,Some children are thieves,All mob bosses are thieves,Some mob bosses are children,*,*,*,*,*,*,*,0.225,5599.825,*,control,NA,12167,Dimatis,0,1,0,0
16_10,16,M2-bal,10,1,company,Polysemy,Dimatis,2,Some storefronts are companies,All companies are hierarchies,Some hierarchies are storefronts,*,city-type,C,A,83.8,inst,0.7142857143,0.25,4713.05,*,control,NA,14150,Dimatis,0,0,0,0
16_11,16,M2-bal,11,0,colors,Invalid Filler,Disamis*,2,Some colors are primary ,All shades of purple are colors ,Some shades of purple are primary,*,*,*,*,*,*,*,0.225,5122.475,*,control,NA,13351,Disamis,0,1,0,0
16_12,16,M2-bal,12,1,picnic,Polysemy,Datisi,2,All picnics happen in nature,Some picnics are salads,Some salads happen in nature,*,lunch-type,A,C,59.2,event,0.5714285714,0.425,4573.125,*,control,NA,13688,Datisi,0,0,0,0
16_13,16,M2-bal,13,0,ruler,Homonymy,Disamis,2,Some rulers are kings,All rulers are standard lengths,Some standard lengths are kings,*,*,*,*,80,*,0.8571428571,0.125,5032.65,*,control,NA,11221,Disamis,0,1,0,0
16_14,16,M2-bal,14,1,trucks,Valid Filler,Dimatis,2,Some cars are trucks ,All trucks are vehicles,Some vehicles are cars ,*,*,*,*,*,*,*,0.975,4508.475,*,control,NA,10407,Dimatis,1,1,0,0
16_15,16,M2-bal,15,0,bat,Homonymy,Darii,2,All bats share a common ancestor,Some sporting goods are bats,Some sporting goods share a common ancestor,*,*,*,*,80,*,0.2857142857,0.4,5008,*,control,NA,13183,Darii,0,1,0,0
16_16,16,M2-bal,16,1,burgers,Valid Filler,Disamis,2,Some burgers are overcooked ,All burgers are sandwiches,Some sandwiches are overcooked ,*,*,*,*,*,*,*,0.925,4389.725,*,control,NA,10199,Disamis,1,1,0,0
16_17,16,M2-bal,17,1,mugs,Valid Filler,Datisi,2,All mugs are cups ,Some mugs are ceramics,Some ceramics are cups ,*,*,*,*,*,*,*,1,3091.05,*,control,NA,24264,Datisi,1,1,0,0
16_18,16,M2-bal,18,0,stones,Invalid Filler,Datisi*,2,All pebbles are stones,Some stones are boulders,Some boulders are pebbles,*,*,*,*,*,*,*,0.17948718,4940.5641,*,control,NA,11846,Datisi,0,1,0,0
16_19,16,M2-bal,19,0,school,Polysemy,Disamis,2,Some schools are rectangular,All schools are employers,Some employers are rectangular,*,city-type,C,A,45.1,inst,0.5714285714,0.1,2856.95,*,control,NA,11640,Disamis,0,1,0,0
16_20,16,M2-bal,20,1,breakfast,Polysemy,Darii,2,All breakfasts are under three hours,Some smoothies are breakfasts,Some smoothies are under three hours,*,lunch-type,A,C,87.1,event,0.7142857143,0.525,5068.825,*,control,NA,15630,Darii,0,0,0,0
16_21,16,M2-bal,21,1,rifles,Valid Filler,Disamis,2,Some rifles are for hunting,All rifles are guns ,Some guns are for hunting,*,*,*,*,*,*,*,1,4771.725,*,control,NA,9920,Disamis,1,1,0,0
16_22,16,M2-bal,22,1,statues,Valid Filler,Datisi,2,All statues are sculptures,Some statues are bronzes,Some bronzes are sculptures,*,*,*,*,*,*,*,0.9,3392.275,*,control,NA,12142,Datisi,1,1,0,0
16_23,16,M2-bal,23,0,ball,Homonymy,Dimatis,2,Some parties are balls,All balls are toys,Some toys are parties,*,*,A,C,100,*,0.7142857143,0.175,4203.925,*,control,NA,10382,Dimatis,0,1,0,0
16_24,16,M2-bal,24,1,singers,Valid Filler,Darii,2,All singers have an ideal vocal range ,Some guitarists are singers,Some guitarists have an ideal vocal range,*,*,*,*,*,*,*,0.925,4672.55,*,control,NA,12191,Darii,1,1,0,0
16_25,16,M2-bal,25,0,mothers,Invalid Filler,Darii*,2,All grandmothers are mothers ,Some teens are mothers,Some grandmothers are teens,*,*,*,*,*,*,*,0.175,6414.3,*,control,NA,14758,Darii,0,1,0,0
16_26,16,M2-bal,26,1,poets,Valid Filler,Datisi,2,All poets are writers ,Some poets are teachers,Some teachers are writers,*,*,*,*,*,*,*,0.975,3928.975,*,control,NA,11519,Datisi,1,1,0,0
16_27,16,M2-bal,27,0,widows,Valid Filler,Dimatis,2,Some mothers are widows ,All widows are women,Some women are mothers,*,*,*,*,*,*,*,1,2726.325,*,control,NA,21822,Dimatis,1,0,0,0
16_28,16,M2-bal,28,0,lunch,Polysemy,Dimatis,2,Some breaks are lunches,All lunches are entrées,Some entrées are breaks,*,lunch-type,A,C,96.6,event,0.7142857143,0.125,5002.3,*,control,NA,11639,Dimatis,0,1,0,0
16_29,16,M2-bal,29,0,shapes,Invalid Filler,Disamis*,2,Some shapes are triangles,All squares are shapes,Some squares are triangles,*,*,*,*,*,*,*,0,4538.9,*,control,NA,11054,Disamis,0,1,0,0
16_30,16,M2-bal,30,1,toilets,Invalid Filler,Disamis*,2,Some toilets are coed,All urinals are toilets,Some urinals are coed,*,*,*,*,*,*,*,0.375,5804.4,*,control,NA,16350,Disamis,0,0,0,0
16_31,16,M2-bal,31,0,peppers,Invalid Filler,Dimatis*,2,Some yellow vegetables are peppers ,All jalapenos are peppers,Some jalapenos are yellow vegetables,*,*,*,*,*,*,*,0.425,8075.125,*,control,NA,11407,Dimatis,0,1,0,0
16_32,16,M2-bal,32,0,board,Homonymy,Dimatis,2,Some governing organizations are boards,All boards are wooden planks,Some wooden planks are governing organizations,*,*,A,C,80,*,1,0.1,5379.9,*,control,NA,11854,Dimatis,0,1,0,0
16_33,16,M2-bal,33,1,ponies,Valid Filler,Datisi,2,All ponies neigh,Some ponies are colts,Some colts neigh,*,*,*,*,*,*,*,0.675,4349.025,*,control,NA,9366,Datisi,1,1,0,0
16_34,16,M2-bal,34,1,change,Homonymy,Darii,2,All change is money,Some surprises are change,Some surprises are money,*,*,C,A,60,*,0,1,4466.87179,*,control,NA,22502,Darii,0,0,0,0
16_35,16,M2-bal,35,0,cabinet,Homonymy,Datisi,2,All cabinets are political appointments,Some cabinets are antique furniture,Some antique furniture are political appointments,*,*,A,C,100,*,0.8571428571,0.025,4910.75,*,control,NA,18422,Datisi,0,1,0,0
16_36,16,M2-bal,36,1,doughnuts,Valid Filler,Darii,2,All doughnuts are sugary ,Some pastries are doughnuts ,Some pastries are sugary,*,*,*,*,*,*,*,0.95,3292.475,*,control,NA,10478,Darii,1,1,0,0
16_37,16,M2-bal,37,0,dinner,Polysemy,Disamis,2,Some dinners are black tie,All dinners are foods,Some foods are black tie,*,lunch-type,A,C,90,event,0.5714285714,0.225,3571.775,*,control,NA,10046,Disamis,0,1,0,0
16_38,16,M2-bal,38,0,match,Homonymy,Disamis,2,Some matches are shown on TV,All matches are fire starters,Some fire starters are shown on TV,*,*,A,C,80,*,0,0.85,5008.1,*,control,NA,10631,Disamis,0,1,0,0
16_39,16,M2-bal,39,0,funerals,Invalid Filler,Datisi*,2,All open-casket services are funerals,Some funerals are cremations,Some cremations are open-casket services,*,*,*,*,*,*,*,0.4,5086.4,*,control,NA,12335,Datisi,0,1,0,0
16_40,16,M2-bal,40,1,star,Homonymy,Datisi,2,All stars are famous ,Some stars are red dwarfs,Some red dwarfs are famous,*,*,*,*,100,*,0,0.375,3338.975,*,control,NA,9478,Datisi,0,0,0,0
16_41,16,M2-bal,41,1,letter,Polysemy,Datisi,2,All letters have stamps,Some letters are rejections,Some rejections have stamps,*,book-type,C,A,78.5,info,0,0.7,4504.25,*,control,NA,9710,Datisi,0,0,0,0
16_42,16,M2-bal,42,0,actors,Invalid Filler,Datisi*,2,All male leads are actors,Some actors are women,Some women are male leads,*,*,*,*,*,*,*,0.4,4720.6,*,control,NA,12286,Datisi,0,1,0,0
16_43,16,M2-bal,43,1,steaks,Invalid Filler,Disamis*,2,Some steaks are filet mignons,All ribeyes are steaks,Some ribeyes are filet mignons,*,*,*,*,*,*,*,0.225,5186.55,*,control,NA,11142,Disamis,0,0,0,0
16_44,16,M2-bal,44,0,ring,Homonymy,Darii,2,All rings are sounds,Some accessories are rings,Some accessories are sounds,*,*,A,C,100,*,0.7142857143,0.275,3957.775,*,control,NA,11679,Darii,0,1,0,0
16_45,16,M2-bal,45,0,magazines,Polysemy,Disamis,2,Some magazines are coffee-stained,All magazines are subscriptions,Some subscriptions are coffee-stained,*,book-type,C,A,68.9,info,0.2857142857,0.12820513,3613.5641,*,control,NA,12415,Disamis,0,1,0,0
16_46,16,M2-bal,46,0,spices,Invalid Filler,Dimatis*,2,Some dried roots are spices ,All mustard seeds are spices ,Some mustard seeds are dried roots,*,*,*,*,*,*,*,0.4,4410.8,*,control,NA,14055,Dimatis,0,1,0,0
16_47,16,M2-bal,47,0,suit,Homonymy,Disamis,2,Some suits have multiple defendants,All suits are dress attire,Some dress attire has multiple defendants,*,*,A,C,100,*,0.5714285714,0.075,5412.1,*,control,NA,12854,Disamis,0,1,0,0
16_48,16,M2-bal,48,1,dolls,Valid Filler,Darii,2,All dolls are man made,Some toys are dolls ,Some toys are man made,*,*,*,*,*,*,*,1,3066.525,*,control,NA,9486,Darii,1,1,0,0
16_49,16,M2-bal,49,1,liars,Valid Filler,Dimatis,2,Some criminals are liars ,All liars are humans,Some humans are criminals ,*,*,*,*,*,*,*,1,4285.51282,*,control,NA,13472,Dimatis,1,1,0,0
16_50,16,M2-bal,50,0,wave,Homonymy,Dimatis,2,Some gestures are waves,Some waves are ripples,Some ripples are gestures,*,*,A,C,100,*,0.4285714286,0.25641026,6582.48718,*,control,NA,9559,Dimatis,0,1,0,0
16_51,16,M2-bal,51,0,antiques,Invalid Filler,Darii*,2,All medieval manuscripts are antiques ,Some pieces of jewelry are antiques ,Some pieces of jewelry are medieval manuscripts,*,*,*,*,*,*,*,0.25,6885.35,*,control,NA,12446,Darii,0,1,0,0
16_52,16,M2-bal,52,1,grapes,Valid Filler,Disamis,2,Some grapes are red ,All grapes are fruits ,Some fruits are red ,*,*,*,*,*,*,*,1,3059.8,*,control,NA,8887,Disamis,1,1,0,0
16_53,16,M2-bal,53,1,book,Polysemy,Dimatis,2,Some doorstops are books,All books are intellectual property,Some intellectual property is a doorstop,*,book-type,C,A,64.5,info,0.5714285714,0.12820513,4958.76923,*,control,NA,10718,Dimatis,0,0,0,0
16_54,16,M2-bal,54,0,rock,Homonymy,Datisi,2,All rock has guitars,Some rock is marble,Some marble has guitars,*,*,A,C,100,*,0.8571428571,0.05,3983.6,*,control,NA,12319,Datisi,0,1,0,0
16_55,16,M2-bal,55,1,clowns,Valid Filler,Darii,2,All clowns can juggle ,Some circus performers are clowns ,Some circus performers can juggle,*,*,*,*,*,*,*,0.975,3767.925,*,control,NA,10047,Darii,1,1,0,0
16_56,16,M2-bal,56,0,dances,Invalid Filler,Darii*,2,All polkas are dances ,Some mating rituals are dances ,Some mating rituals are polkas ,*,*,*,*,*,*,*,0.25,3557.725,*,control,NA,20239,Darii,0,1,0,0
17_1,17,M2-bal,1,1,poets,Valid Filler,Datisi,1,All poets are writers ,Some poets are teachers,Some teachers are writers,*,*,*,*,*,*,*,0.975,3928.975,*,control,NA,22806,Datisi,1,1,0,0
17_2,17,M2-bal,2,1,widows,Valid Filler,Dimatis,1,Some mothers are widows ,All widows are women,Some women are mothers,*,*,*,*,*,*,*,1,2726.325,*,control,NA,19244,Dimatis,1,1,0,0
17_3,17,M2-bal,3,1,ruler,Homonymy,Disamis,1,Some rulers are kings,All rulers are standard lengths,Some standard lengths are kings,*,*,*,*,80,*,0.8571428571,0.125,5032.65,*,control,NA,60221,Disamis,0,0,0,0
17_4,17,M2-bal,4,1,magazines,Polysemy,Disamis,1,Some magazines are coffee-stained,All magazines are subscriptions,Some subscriptions are coffee-stained,*,book-type,C,A,68.9,info,0.2857142857,0.12820513,3613.5641,*,control,NA,31497,Disamis,0,0,0,0
17_5,17,M2-bal,5,1,dresses,Invalid Filler,Darii*,1,All ball gowns are dresses ,Some cocktail outfits are dresses,Some cocktail outfits are ball gowns,*,*,*,*,*,*,*,0.65,5066.6,*,control,NA,17758,Darii,0,0,0,0
17_6,17,M2-bal,6,1,thieves,Invalid Filler,Dimatis*,1,Some children are thieves,All mob bosses are thieves,Some mob bosses are children,*,*,*,*,*,*,*,0.225,5599.825,*,control,NA,14344,Dimatis,0,0,0,0
17_7,17,M2-bal,7,0,dinner,Polysemy,Disamis,1,Some dinners are black tie,All dinners are foods,Some foods are black tie,*,lunch-type,A,C,90,event,0.5714285714,0.225,3571.775,*,control,NA,17265,Disamis,0,1,0,0
17_8,17,M2-bal,8,1,school,Polysemy,Disamis,1,Some schools are rectangular,All schools are employers,Some employers are rectangular,*,city-type,C,A,45.1,inst,0.5714285714,0.1,2856.95,*,control,NA,39290,Disamis,0,0,0,0
17_9,17,M2-bal,9,1,star,Homonymy,Datisi,1,All stars are famous ,Some stars are red dwarfs,Some red dwarfs are famous,*,*,*,*,100,*,0,0.375,3338.975,*,control,NA,14865,Datisi,0,0,0,0
17_10,17,M2-bal,10,1,picnic,Polysemy,Datisi,1,All picnics happen in nature,Some picnics are salads,Some salads happen in nature,*,lunch-type,A,C,59.2,event,0.5714285714,0.425,4573.125,*,control,NA,11074,Datisi,0,0,0,0
17_11,17,M2-bal,11,0,dances,Invalid Filler,Darii*,1,All polkas are dances ,Some mating rituals are dances ,Some mating rituals are polkas ,*,*,*,*,*,*,*,0.25,3557.725,*,control,NA,15247,Darii,0,1,0,0
17_12,17,M2-bal,12,1,dolls,Valid Filler,Darii,1,All dolls are man made,Some toys are dolls ,Some toys are man made,*,*,*,*,*,*,*,1,3066.525,*,control,NA,9434,Darii,1,1,0,0
17_13,17,M2-bal,13,1,funerals,Invalid Filler,Datisi*,1,All open-casket services are funerals,Some funerals are cremations,Some cremations are open-casket services,*,*,*,*,*,*,*,0.4,5086.4,*,control,NA,22325,Datisi,0,0,0,0
17_14,17,M2-bal,14,1,match,Homonymy,Disamis,1,Some matches are shown on TV,All matches are fire starters,Some fire starters are shown on TV,*,*,A,C,80,*,0,0.85,5008.1,*,control,NA,12522,Disamis,0,0,0,0
17_15,17,M2-bal,15,1,suitcases,Valid Filler,Dimatis,1,Some bags are suitcases,All suitcases are pieces of luggage,Some pieces of luggage are bags,*,*,*,*,*,*,*,1,3671.55,*,control,NA,12125,Dimatis,1,1,0,0
17_16,17,M2-bal,16,0,shapes,Invalid Filler,Disamis*,1,Some shapes are triangles,All squares are shapes,Some squares are triangles,*,*,*,*,*,*,*,0,4538.9,*,control,NA,14634,Disamis,0,1,0,0
17_17,17,M2-bal,17,1,spices,Invalid Filler,Dimatis*,1,Some dried roots are spices ,All mustard seeds are spices ,Some mustard seeds are dried roots,*,*,*,*,*,*,*,0.4,4410.8,*,control,NA,9285,Dimatis,0,0,0,0
17_18,17,M2-bal,18,1,burgers,Valid Filler,Disamis,1,Some burgers are overcooked ,All burgers are sandwiches,Some sandwiches are overcooked ,*,*,*,*,*,*,*,0.925,4389.725,*,control,NA,10834,Disamis,1,1,0,0
17_19,17,M2-bal,19,1,ponies,Valid Filler,Datisi,1,All ponies neigh,Some ponies are colts,Some colts neigh,*,*,*,*,*,*,*,0.675,4349.025,*,control,NA,6978,Datisi,1,1,0,0
17_20,17,M2-bal,20,1,novel,Polysemy,Darii,1,All novels are flammable,Some debuts are novels,Some debuts are flammable,*,book-type,C,A,96.7,info,1,0.15,6119.3,*,control,NA,11578,Darii,0,0,0,0
17_21,17,M2-bal,21,0,peppers,Invalid Filler,Dimatis*,1,Some yellow vegetables are peppers ,All jalapenos are peppers,Some jalapenos are yellow vegetables,*,*,*,*,*,*,*,0.425,8075.125,*,control,NA,13056,Dimatis,0,1,0,0
17_22,17,M2-bal,22,0,suit,Homonymy,Disamis,1,Some suits have multiple defendants,All suits are dress attire,Some dress attire has multiple defendants,*,*,A,C,100,*,0.5714285714,0.075,5412.1,*,control,NA,10897,Disamis,0,1,0,0
17_23,17,M2-bal,23,0,ball,Homonymy,Dimatis,1,Some parties are balls,All balls are toys,Some toys are parties,*,*,A,C,100,*,0.7142857143,0.175,4203.925,*,control,NA,7338,Dimatis,0,1,0,0
17_24,17,M2-bal,24,1,bat,Homonymy,Darii,1,All bats share a common ancestor,Some sporting goods are bats,Some sporting goods share a common ancestor,*,*,*,*,80,*,0.2857142857,0.4,5008,*,control,NA,12790,Darii,0,0,0,0
17_25,17,M2-bal,25,1,swords,Valid Filler,Disamis,1,Some swords are decorative,All swords are weapons ,Some weapons are decorative ,*,*,*,*,*,*,*,0.8,6880.1,*,control,NA,10240,Disamis,1,1,0,0
17_26,17,M2-bal,26,1,rifles,Valid Filler,Disamis,1,Some rifles are for hunting,All rifles are guns ,Some guns are for hunting,*,*,*,*,*,*,*,1,4771.725,*,control,NA,16209,Disamis,1,1,0,0
17_27,17,M2-bal,27,1,mugs,Valid Filler,Datisi,1,All mugs are cups ,Some mugs are ceramics,Some ceramics are cups ,*,*,*,*,*,*,*,1,3091.05,*,control,NA,10420,Datisi,1,1,0,0
17_28,17,M2-bal,28,1,grapes,Valid Filler,Disamis,1,Some grapes are red ,All grapes are fruits ,Some fruits are red ,*,*,*,*,*,*,*,1,3059.8,*,control,NA,14050,Disamis,1,1,0,0
17_29,17,M2-bal,29,1,doughnuts,Valid Filler,Darii,1,All doughnuts are sugary ,Some pastries are doughnuts ,Some pastries are sugary,*,*,*,*,*,*,*,0.95,3292.475,*,control,NA,13729,Darii,1,1,0,0
17_30,17,M2-bal,30,1,clowns,Valid Filler,Darii,1,All clowns can juggle ,Some circus performers are clowns ,Some circus performers can juggle,*,*,*,*,*,*,*,0.975,3767.925,*,control,NA,10623,Darii,1,1,0,0
17_31,17,M2-bal,31,1,rock,Homonymy,Datisi,1,All rock has guitars,Some rock is marble,Some marble has guitars,*,*,A,C,100,*,0.8571428571,0.05,3983.6,*,control,NA,14841,Datisi,0,0,0,0
17_32,17,M2-bal,32,1,stones,Invalid Filler,Datisi*,1,All pebbles are stones,Some stones are boulders,Some boulders are pebbles,*,*,*,*,*,*,*,0.17948718,4940.5641,*,control,NA,8307,Datisi,0,0,0,0
17_33,17,M2-bal,33,1,cabinet,Homonymy,Datisi,1,All cabinets are political appointments,Some cabinets are antique furniture,Some antique furniture are political appointments,*,*,A,C,100,*,0.8571428571,0.025,4910.75,*,control,NA,14472,Datisi,0,0,0,0
17_34,17,M2-bal,34,1,ring,Homonymy,Darii,1,All rings are sounds,Some accessories are rings,Some accessories are sounds,*,*,A,C,100,*,0.7142857143,0.275,3957.775,*,control,NA,11125,Darii,0,0,0,0
17_35,17,M2-bal,35,1,lunch,Polysemy,Dimatis,1,Some breaks are lunches,All lunches are entrées,Some entrées are breaks,*,lunch-type,A,C,96.6,event,0.7142857143,0.125,5002.3,*,control,NA,9732,Dimatis,0,0,0,0
17_36,17,M2-bal,36,1,wave,Homonymy,Dimatis,1,Some gestures are waves,Some waves are ripples,Some ripples are gestures,*,*,A,C,100,*,0.4285714286,0.25641026,6582.48718,*,control,NA,10795,Dimatis,0,0,0,0
17_37,17,M2-bal,37,1,book,Polysemy,Dimatis,1,Some doorstops are books,All books are intellectual property,Some intellectual property is a doorstop,*,book-type,C,A,64.5,info,0.5714285714,0.12820513,4958.76923,*,control,NA,11048,Dimatis,0,0,0,0
17_38,17,M2-bal,38,1,liars,Valid Filler,Dimatis,1,Some criminals are liars ,All liars are humans,Some humans are criminals ,*,*,*,*,*,*,*,1,4285.51282,*,control,NA,6529,Dimatis,1,1,0,0
17_39,17,M2-bal,39,1,steaks,Invalid Filler,Disamis*,1,Some steaks are filet mignons,All ribeyes are steaks,Some ribeyes are filet mignons,*,*,*,*,*,*,*,0.225,5186.55,*,control,NA,14581,Disamis,0,0,0,0
17_40,17,M2-bal,40,0,mothers,Invalid Filler,Darii*,1,All grandmothers are mothers ,Some teens are mothers,Some grandmothers are teens,*,*,*,*,*,*,*,0.175,6414.3,*,control,NA,13347,Darii,0,1,0,0
17_41,17,M2-bal,41,1,sausages,Invalid Filler,Datisi*,1,All hot dogs are sausages,Some sausages are salamis,Some hot dogs are salamis,*,*,*,*,*,*,*,0.175,2931.35,*,control,NA,8353,Datisi,0,0,0,0
17_42,17,M2-bal,42,1,toilets,Invalid Filler,Disamis*,1,Some toilets are coed,All urinals are toilets,Some urinals are coed,*,*,*,*,*,*,*,0.375,5804.4,*,control,NA,13025,Disamis,0,0,0,0
17_43,17,M2-bal,43,0,antiques,Invalid Filler,Darii*,1,All medieval manuscripts are antiques ,Some pieces of jewelry are antiques ,Some pieces of jewelry are medieval manuscripts,*,*,*,*,*,*,*,0.25,6885.35,*,control,NA,20937,Darii,0,1,0,0
17_44,17,M2-bal,44,1,college,Polysemy,Darii,1,All colleges grant degrees,Some colleges are historic buildings,Some historic buildings grant degrees,*,city-type,A,C,56.6,inst,0.2857142857,0.575,5629.95,*,control,NA,10715,Darii,0,0,0,0
17_45,17,M2-bal,45,0,colors,Invalid Filler,Disamis*,1,Some colors are primary ,All shades of purple are colors ,Some shades of purple are primary,*,*,*,*,*,*,*,0.225,5122.475,*,control,NA,11717,Disamis,0,1,0,0
17_46,17,M2-bal,46,1,singers,Valid Filler,Darii,1,All singers have an ideal vocal range ,Some guitarists are singers,Some guitarists have an ideal vocal range,*,*,*,*,*,*,*,0.925,4672.55,*,control,NA,10129,Darii,1,1,0,0
17_47,17,M2-bal,47,0,statues,Valid Filler,Datisi,1,All statues are sculptures,Some statues are bronzes,Some bronzes are sculptures,*,*,*,*,*,*,*,0.9,3392.275,*,control,NA,15511,Datisi,1,0,0,0
17_48,17,M2-bal,48,1,breakfast,Polysemy,Darii,1,All breakfasts are under three hours,Some smoothies are breakfasts,Some smoothies are under three hours,*,lunch-type,A,C,87.1,event,0.7142857143,0.525,5068.825,*,control,NA,9911,Darii,0,0,0,0
17_49,17,M2-bal,49,1,company,Polysemy,Dimatis,1,Some storefronts are companies,All companies are hierarchies,Some hierarchies are storefronts,*,city-type,C,A,83.8,inst,0.7142857143,0.25,4713.05,*,control,NA,11333,Dimatis,0,0,0,0
17_50,17,M2-bal,50,0,actors,Invalid Filler,Datisi*,1,All male leads are actors,Some actors are women,Some women are male leads,*,*,*,*,*,*,*,0.4,4720.6,*,control,NA,14464,Datisi,0,1,0,0
17_51,17,M2-bal,51,1,board,Homonymy,Dimatis,1,Some governing organizations are boards,All boards are wooden planks,Some wooden planks are governing organizations,*,*,A,C,80,*,1,0.1,5379.9,*,control,NA,13265,Dimatis,0,0,0,0
17_52,17,M2-bal,52,0,trucks,Valid Filler,Dimatis,1,Some cars are trucks ,All trucks are vehicles,Some vehicles are cars ,*,*,*,*,*,*,*,0.975,4508.475,*,control,NA,11771,Dimatis,1,0,0,0
17_53,17,M2-bal,53,1,letter,Polysemy,Datisi,1,All letters have stamps,Some letters are rejections,Some rejections have stamps,*,book-type,C,A,78.5,info,0,0.7,4504.25,*,control,NA,13431,Datisi,0,0,0,0
17_54,17,M2-bal,54,1,city,Polysemy,Datisi,1,All cities are bureaucracies,Some cities are graffitied ,Some bureaucracies are graffitied,*,city-type,A,C,67.7,inst,0.2857142857,0.375,4022.55,*,control,NA,11903,Datisi,0,0,0,0
17_55,17,M2-bal,55,0,injuries,Invalid Filler,Dimatis*,1,Some sunburns are injuries,All cases of frostbite are injuries,Some cases of frostbite are sunburns,*,*,*,*,*,*,*,0.1,5963.025,*,control,NA,8595,Dimatis,0,1,0,0
17_56,17,M2-bal,56,0,change,Homonymy,Darii,1,All change is money,Some surprises are change,Some surprises are money,*,*,C,A,60,*,0,1,4466.87179,*,control,NA,14409,Darii,0,1,0,0
18_1,18,M2-bal,1,1,poets,Valid Filler,Datisi,1,All poets are writers ,Some poets are teachers,Some teachers are writers,*,*,*,*,*,*,*,0.975,3928.975,*,control,NA,8872,Datisi,1,1,0,0
18_2,18,M2-bal,2,1,widows,Valid Filler,Dimatis,1,Some mothers are widows ,All widows are women,Some women are mothers,*,*,*,*,*,*,*,1,2726.325,*,control,NA,8985,Dimatis,1,1,0,0
18_3,18,M2-bal,3,0,ruler,Homonymy,Disamis,1,Some rulers are kings,All rulers are standard lengths,Some standard lengths are kings,*,*,*,*,80,*,0.8571428571,0.125,5032.65,*,control,NA,9770,Disamis,0,1,0,0
18_4,18,M2-bal,4,0,magazines,Polysemy,Disamis,1,Some magazines are coffee-stained,All magazines are subscriptions,Some subscriptions are coffee-stained,*,book-type,C,A,68.9,info,0.2857142857,0.12820513,3613.5641,*,control,NA,9162,Disamis,0,1,0,0
18_5,18,M2-bal,5,0,dresses,Invalid Filler,Darii*,1,All ball gowns are dresses ,Some cocktail outfits are dresses,Some cocktail outfits are ball gowns,*,*,*,*,*,*,*,0.65,5066.6,*,control,NA,8759,Darii,0,1,0,0
18_6,18,M2-bal,6,0,thieves,Invalid Filler,Dimatis*,1,Some children are thieves,All mob bosses are thieves,Some mob bosses are children,*,*,*,*,*,*,*,0.225,5599.825,*,control,NA,6311,Dimatis,0,1,0,0
18_7,18,M2-bal,7,0,dinner,Polysemy,Disamis,1,Some dinners are black tie,All dinners are foods,Some foods are black tie,*,lunch-type,A,C,90,event,0.5714285714,0.225,3571.775,*,control,NA,7873,Disamis,0,1,0,0
18_8,18,M2-bal,8,0,school,Polysemy,Disamis,1,Some schools are rectangular,All schools are employers,Some employers are rectangular,*,city-type,C,A,45.1,inst,0.5714285714,0.1,2856.95,*,control,NA,4475,Disamis,0,1,0,0
18_9,18,M2-bal,9,0,star,Homonymy,Datisi,1,All stars are famous ,Some stars are red dwarfs,Some red dwarfs are famous,*,*,*,*,100,*,0,0.375,3338.975,*,control,NA,4912,Datisi,0,1,0,0
18_10,18,M2-bal,10,0,picnic,Polysemy,Datisi,1,All picnics happen in nature,Some picnics are salads,Some salads happen in nature,*,lunch-type,A,C,59.2,event,0.5714285714,0.425,4573.125,*,control,NA,5030,Datisi,0,1,0,0
18_11,18,M2-bal,11,0,dances,Invalid Filler,Darii*,1,All polkas are dances ,Some mating rituals are dances ,Some mating rituals are polkas ,*,*,*,*,*,*,*,0.25,3557.725,*,control,NA,4432,Darii,0,1,0,0
18_12,18,M2-bal,12,1,dolls,Valid Filler,Darii,1,All dolls are man made,Some toys are dolls ,Some toys are man made,*,*,*,*,*,*,*,1,3066.525,*,control,NA,3630,Darii,1,1,0,0
18_13,18,M2-bal,13,0,funerals,Invalid Filler,Datisi*,1,All open-casket services are funerals,Some funerals are cremations,Some cremations are open-casket services,*,*,*,*,*,*,*,0.4,5086.4,*,control,NA,4624,Datisi,0,1,0,0
18_14,18,M2-bal,14,1,match,Homonymy,Disamis,1,Some matches are shown on TV,All matches are fire starters,Some fire starters are shown on TV,*,*,A,C,80,*,0,0.85,5008.1,*,control,NA,9530,Disamis,0,0,0,0
18_15,18,M2-bal,15,1,suitcases,Valid Filler,Dimatis,1,Some bags are suitcases,All suitcases are pieces of luggage,Some pieces of luggage are bags,*,*,*,*,*,*,*,1,3671.55,*,control,NA,4448,Dimatis,1,1,0,0
18_16,18,M2-bal,16,0,shapes,Invalid Filler,Disamis*,1,Some shapes are triangles,All squares are shapes,Some squares are triangles,*,*,*,*,*,*,*,0,4538.9,*,control,NA,3642,Disamis,0,1,0,0
18_17,18,M2-bal,17,1,spices,Invalid Filler,Dimatis*,1,Some dried roots are spices ,All mustard seeds are spices ,Some mustard seeds are dried roots,*,*,*,*,*,*,*,0.4,4410.8,*,control,NA,4591,Dimatis,0,0,0,0
18_18,18,M2-bal,18,0,burgers,Valid Filler,Disamis,1,Some burgers are overcooked ,All burgers are sandwiches,Some sandwiches are overcooked ,*,*,*,*,*,*,*,0.925,4389.725,*,control,NA,4838,Disamis,1,0,0,0
18_19,18,M2-bal,19,0,ponies,Valid Filler,Datisi,1,All ponies neigh,Some ponies are colts,Some colts neigh,*,*,*,*,*,*,*,0.675,4349.025,*,control,NA,5967,Datisi,1,0,0,0
18_20,18,M2-bal,20,0,novel,Polysemy,Darii,1,All novels are flammable,Some debuts are novels,Some debuts are flammable,*,book-type,C,A,96.7,info,1,0.15,6119.3,*,control,NA,2991,Darii,0,1,0,0
18_21,18,M2-bal,21,1,peppers,Invalid Filler,Dimatis*,1,Some yellow vegetables are peppers ,All jalapenos are peppers,Some jalapenos are yellow vegetables,*,*,*,*,*,*,*,0.425,8075.125,*,control,NA,7194,Dimatis,0,0,0,0
18_22,18,M2-bal,22,0,suit,Homonymy,Disamis,1,Some suits have multiple defendants,All suits are dress attire,Some dress attire has multiple defendants,*,*,A,C,100,*,0.5714285714,0.075,5412.1,*,control,NA,5942,Disamis,0,1,0,0
18_23,18,M2-bal,23,0,ball,Homonymy,Dimatis,1,Some parties are balls,All balls are toys,Some toys are parties,*,*,A,C,100,*,0.7142857143,0.175,4203.925,*,control,NA,3932,Dimatis,0,1,0,0
18_24,18,M2-bal,24,0,bat,Homonymy,Darii,1,All bats share a common ancestor,Some sporting goods are bats,Some sporting goods share a common ancestor,*,*,*,*,80,*,0.2857142857,0.4,5008,*,control,NA,6526,Darii,0,1,0,0
18_25,18,M2-bal,25,1,swords,Valid Filler,Disamis,1,Some swords are decorative,All swords are weapons ,Some weapons are decorative ,*,*,*,*,*,*,*,0.8,6880.1,*,control,NA,4682,Disamis,1,1,0,0
18_26,18,M2-bal,26,1,rifles,Valid Filler,Disamis,1,Some rifles are for hunting,All rifles are guns ,Some guns are for hunting,*,*,*,*,*,*,*,1,4771.725,*,control,NA,4315,Disamis,1,1,0,0
18_27,18,M2-bal,27,1,mugs,Valid Filler,Datisi,1,All mugs are cups ,Some mugs are ceramics,Some ceramics are cups ,*,*,*,*,*,*,*,1,3091.05,*,control,NA,2997,Datisi,1,1,0,0
18_28,18,M2-bal,28,1,grapes,Valid Filler,Disamis,1,Some grapes are red ,All grapes are fruits ,Some fruits are red ,*,*,*,*,*,*,*,1,3059.8,*,control,NA,2381,Disamis,1,1,0,0
18_29,18,M2-bal,29,1,doughnuts,Valid Filler,Darii,1,All doughnuts are sugary ,Some pastries are doughnuts ,Some pastries are sugary,*,*,*,*,*,*,*,0.95,3292.475,*,control,NA,2578,Darii,1,1,0,0
18_30,18,M2-bal,30,1,clowns,Valid Filler,Darii,1,All clowns can juggle ,Some circus performers are clowns ,Some circus performers can juggle,*,*,*,*,*,*,*,0.975,3767.925,*,control,NA,12157,Darii,1,1,0,0
18_31,18,M2-bal,31,0,rock,Homonymy,Datisi,1,All rock has guitars,Some rock is marble,Some marble has guitars,*,*,A,C,100,*,0.8571428571,0.05,3983.6,*,control,NA,4667,Datisi,0,1,0,0
18_32,18,M2-bal,32,1,stones,Invalid Filler,Datisi*,1,All pebbles are stones,Some stones are boulders,Some boulders are pebbles,*,*,*,*,*,*,*,0.17948718,4940.5641,*,control,NA,4255,Datisi,0,0,0,0
18_33,18,M2-bal,33,0,cabinet,Homonymy,Datisi,1,All cabinets are political appointments,Some cabinets are antique furniture,Some antique furniture are political appointments,*,*,A,C,100,*,0.8571428571,0.025,4910.75,*,control,NA,7182,Datisi,0,1,0,0
18_34,18,M2-bal,34,0,ring,Homonymy,Darii,1,All rings are sounds,Some accessories are rings,Some accessories are sounds,*,*,A,C,100,*,0.7142857143,0.275,3957.775,*,control,NA,3987,Darii,0,1,0,0
18_35,18,M2-bal,35,0,lunch,Polysemy,Dimatis,1,Some breaks are lunches,All lunches are entrées,Some entrées are breaks,*,lunch-type,A,C,96.6,event,0.7142857143,0.125,5002.3,*,control,NA,6813,Dimatis,0,1,0,0
18_36,18,M2-bal,36,0,wave,Homonymy,Dimatis,1,Some gestures are waves,Some waves are ripples,Some ripples are gestures,*,*,A,C,100,*,0.4285714286,0.25641026,6582.48718,*,control,NA,4380,Dimatis,0,1,0,0
18_37,18,M2-bal,37,0,book,Polysemy,Dimatis,1,Some doorstops are books,All books are intellectual property,Some intellectual property is a doorstop,*,book-type,C,A,64.5,info,0.5714285714,0.12820513,4958.76923,*,control,NA,4199,Dimatis,0,1,0,0
18_38,18,M2-bal,38,1,liars,Valid Filler,Dimatis,1,Some criminals are liars ,All liars are humans,Some humans are criminals ,*,*,*,*,*,*,*,1,4285.51282,*,control,NA,4833,Dimatis,1,1,0,0
18_39,18,M2-bal,39,1,steaks,Invalid Filler,Disamis*,1,Some steaks are filet mignons,All ribeyes are steaks,Some ribeyes are filet mignons,*,*,*,*,*,*,*,0.225,5186.55,*,control,NA,10966,Disamis,0,0,0,0
18_40,18,M2-bal,40,0,mothers,Invalid Filler,Darii*,1,All grandmothers are mothers ,Some teens are mothers,Some grandmothers are teens,*,*,*,*,*,*,*,0.175,6414.3,*,control,NA,4176,Darii,0,1,0,0
18_41,18,M2-bal,41,1,sausages,Invalid Filler,Datisi*,1,All hot dogs are sausages,Some sausages are salamis,Some hot dogs are salamis,*,*,*,*,*,*,*,0.175,2931.35,*,control,NA,4863,Datisi,0,0,0,0
18_42,18,M2-bal,42,0,toilets,Invalid Filler,Disamis*,1,Some toilets are coed,All urinals are toilets,Some urinals are coed,*,*,*,*,*,*,*,0.375,5804.4,*,control,NA,3093,Disamis,0,1,0,0
18_43,18,M2-bal,43,0,antiques,Invalid Filler,Darii*,1,All medieval manuscripts are antiques ,Some pieces of jewelry are antiques ,Some pieces of jewelry are medieval manuscripts,*,*,*,*,*,*,*,0.25,6885.35,*,control,NA,4508,Darii,0,1,0,0
18_44,18,M2-bal,44,0,college,Polysemy,Darii,1,All colleges grant degrees,Some colleges are historic buildings,Some historic buildings grant degrees,*,city-type,A,C,56.6,inst,0.2857142857,0.575,5629.95,*,control,NA,6417,Darii,0,1,0,0
18_45,18,M2-bal,45,1,colors,Invalid Filler,Disamis*,1,Some colors are primary ,All shades of purple are colors ,Some shades of purple are primary,*,*,*,*,*,*,*,0.225,5122.475,*,control,NA,3931,Disamis,0,0,0,0
18_46,18,M2-bal,46,0,singers,Valid Filler,Darii,1,All singers have an ideal vocal range ,Some guitarists are singers,Some guitarists have an ideal vocal range,*,*,*,*,*,*,*,0.925,4672.55,*,control,NA,5583,Darii,1,0,0,0
18_47,18,M2-bal,47,1,statues,Valid Filler,Datisi,1,All statues are sculptures,Some statues are bronzes,Some bronzes are sculptures,*,*,*,*,*,*,*,0.9,3392.275,*,control,NA,7059,Datisi,1,1,0,0
18_48,18,M2-bal,48,1,breakfast,Polysemy,Darii,1,All breakfasts are under three hours,Some smoothies are breakfasts,Some smoothies are under three hours,*,lunch-type,A,C,87.1,event,0.7142857143,0.525,5068.825,*,control,NA,5034,Darii,0,0,0,0
18_49,18,M2-bal,49,0,company,Polysemy,Dimatis,1,Some storefronts are companies,All companies are hierarchies,Some hierarchies are storefronts,*,city-type,C,A,83.8,inst,0.7142857143,0.25,4713.05,*,control,NA,5649,Dimatis,0,1,0,0
18_50,18,M2-bal,50,1,actors,Invalid Filler,Datisi*,1,All male leads are actors,Some actors are women,Some women are male leads,*,*,*,*,*,*,*,0.4,4720.6,*,control,NA,5067,Datisi,0,0,0,0
18_51,18,M2-bal,51,0,board,Homonymy,Dimatis,1,Some governing organizations are boards,All boards are wooden planks,Some wooden planks are governing organizations,*,*,A,C,80,*,1,0.1,5379.9,*,control,NA,12070,Dimatis,0,1,0,0
18_52,18,M2-bal,52,1,trucks,Valid Filler,Dimatis,1,Some cars are trucks ,All trucks are vehicles,Some vehicles are cars ,*,*,*,*,*,*,*,0.975,4508.475,*,control,NA,4200,Dimatis,1,1,0,0
18_53,18,M2-bal,53,1,letter,Polysemy,Datisi,1,All letters have stamps,Some letters are rejections,Some rejections have stamps,*,book-type,C,A,78.5,info,0,0.7,4504.25,*,control,NA,4549,Datisi,0,0,0,0
18_54,18,M2-bal,54,1,city,Polysemy,Datisi,1,All cities are bureaucracies,Some cities are graffitied ,Some bureaucracies are graffitied,*,city-type,A,C,67.7,inst,0.2857142857,0.375,4022.55,*,control,NA,4568,Datisi,0,0,0,0
18_55,18,M2-bal,55,0,injuries,Invalid Filler,Dimatis*,1,Some sunburns are injuries,All cases of frostbite are injuries,Some cases of frostbite are sunburns,*,*,*,*,*,*,*,0.1,5963.025,*,control,NA,7541,Dimatis,0,1,0,0
18_56,18,M2-bal,56,1,change,Homonymy,Darii,1,All change is money,Some surprises are change,Some surprises are money,*,*,C,A,60,*,0,1,4466.87179,*,control,NA,5058,Darii,0,0,0,0
19_1,19,M2-bal,1,1,poets,Valid Filler,Datisi,1,All poets are writers ,Some poets are teachers,Some teachers are writers,*,*,*,*,*,*,*,0.975,3928.975,*,control,NA,4476,Datisi,1,1,0,0
19_2,19,M2-bal,2,1,widows,Valid Filler,Dimatis,1,Some mothers are widows ,All widows are women,Some women are mothers,*,*,*,*,*,*,*,1,2726.325,*,control,NA,5915,Dimatis,1,1,0,0
19_3,19,M2-bal,3,0,ruler,Homonymy,Disamis,1,Some rulers are kings,All rulers are standard lengths,Some standard lengths are kings,*,*,*,*,80,*,0.8571428571,0.125,5032.65,*,control,NA,13347,Disamis,0,1,0,0
19_4,19,M2-bal,4,1,magazines,Polysemy,Disamis,1,Some magazines are coffee-stained,All magazines are subscriptions,Some subscriptions are coffee-stained,*,book-type,C,A,68.9,info,0.2857142857,0.12820513,3613.5641,*,control,NA,7350,Disamis,0,0,0,0
19_5,19,M2-bal,5,1,dresses,Invalid Filler,Darii*,1,All ball gowns are dresses ,Some cocktail outfits are dresses,Some cocktail outfits are ball gowns,*,*,*,*,*,*,*,0.65,5066.6,*,control,NA,7982,Darii,0,0,0,0
19_6,19,M2-bal,6,0,thieves,Invalid Filler,Dimatis*,1,Some children are thieves,All mob bosses are thieves,Some mob bosses are children,*,*,*,*,*,*,*,0.225,5599.825,*,control,NA,9619,Dimatis,0,1,0,0
19_7,19,M2-bal,7,1,dinner,Polysemy,Disamis,1,Some dinners are black tie,All dinners are foods,Some foods are black tie,*,lunch-type,A,C,90,event,0.5714285714,0.225,3571.775,*,control,NA,10629,Disamis,0,0,0,0
19_8,19,M2-bal,8,1,school,Polysemy,Disamis,1,Some schools are rectangular,All schools are employers,Some employers are rectangular,*,city-type,C,A,45.1,inst,0.5714285714,0.1,2856.95,*,control,NA,9928,Disamis,0,0,0,0
19_9,19,M2-bal,9,1,star,Homonymy,Datisi,1,All stars are famous ,Some stars are red dwarfs,Some red dwarfs are famous,*,*,*,*,100,*,0,0.375,3338.975,*,control,NA,24533,Datisi,0,0,0,0
19_10,19,M2-bal,10,1,picnic,Polysemy,Datisi,1,All picnics happen in nature,Some picnics are salads,Some salads happen in nature,*,lunch-type,A,C,59.2,event,0.5714285714,0.425,4573.125,*,control,NA,6288,Datisi,0,0,0,0
19_11,19,M2-bal,11,1,dances,Invalid Filler,Darii*,1,All polkas are dances ,Some mating rituals are dances ,Some mating rituals are polkas ,*,*,*,*,*,*,*,0.25,3557.725,*,control,NA,7958,Darii,0,0,0,0
19_12,19,M2-bal,12,1,dolls,Valid Filler,Darii,1,All dolls are man made,Some toys are dolls ,Some toys are man made,*,*,*,*,*,*,*,1,3066.525,*,control,NA,8083,Darii,1,1,0,0
19_13,19,M2-bal,13,1,funerals,Invalid Filler,Datisi*,1,All open-casket services are funerals,Some funerals are cremations,Some cremations are open-casket services,*,*,*,*,*,*,*,0.4,5086.4,*,control,NA,15049,Datisi,0,0,0,0
19_14,19,M2-bal,14,1,match,Homonymy,Disamis,1,Some matches are shown on TV,All matches are fire starters,Some fire starters are shown on TV,*,*,A,C,80,*,0,0.85,5008.1,*,control,NA,14864,Disamis,0,0,0,0
19_15,19,M2-bal,15,1,suitcases,Valid Filler,Dimatis,1,Some bags are suitcases,All suitcases are pieces of luggage,Some pieces of luggage are bags,*,*,*,*,*,*,*,1,3671.55,*,control,NA,9147,Dimatis,1,1,0,0
19_16,19,M2-bal,16,1,shapes,Invalid Filler,Disamis*,1,Some shapes are triangles,All squares are shapes,Some squares are triangles,*,*,*,*,*,*,*,0,4538.9,*,control,NA,9596,Disamis,0,0,0,0
19_17,19,M2-bal,17,1,spices,Invalid Filler,Dimatis*,1,Some dried roots are spices ,All mustard seeds are spices ,Some mustard seeds are dried roots,*,*,*,*,*,*,*,0.4,4410.8,*,control,NA,6540,Dimatis,0,0,0,0
19_18,19,M2-bal,18,1,burgers,Valid Filler,Disamis,1,Some burgers are overcooked ,All burgers are sandwiches,Some sandwiches are overcooked ,*,*,*,*,*,*,*,0.925,4389.725,*,control,NA,5092,Disamis,1,1,0,0
19_19,19,M2-bal,19,1,ponies,Valid Filler,Datisi,1,All ponies neigh,Some ponies are colts,Some colts neigh,*,*,*,*,*,*,*,0.675,4349.025,*,control,NA,4856,Datisi,1,1,0,0
19_20,19,M2-bal,20,1,novel,Polysemy,Darii,1,All novels are flammable,Some debuts are novels,Some debuts are flammable,*,book-type,C,A,96.7,info,1,0.15,6119.3,*,control,NA,5909,Darii,0,0,0,0
19_21,19,M2-bal,21,1,peppers,Invalid Filler,Dimatis*,1,Some yellow vegetables are peppers ,All jalapenos are peppers,Some jalapenos are yellow vegetables,*,*,*,*,*,*,*,0.425,8075.125,*,control,NA,6634,Dimatis,0,0,0,0
19_22,19,M2-bal,22,0,suit,Homonymy,Disamis,1,Some suits have multiple defendants,All suits are dress attire,Some dress attire has multiple defendants,*,*,A,C,100,*,0.5714285714,0.075,5412.1,*,control,NA,6355,Disamis,0,1,0,0
19_23,19,M2-bal,23,1,ball,Homonymy,Dimatis,1,Some parties are balls,All balls are toys,Some toys are parties,*,*,A,C,100,*,0.7142857143,0.175,4203.925,*,control,NA,5605,Dimatis,0,0,0,0
19_24,19,M2-bal,24,1,bat,Homonymy,Darii,1,All bats share a common ancestor,Some sporting goods are bats,Some sporting goods share a common ancestor,*,*,*,*,80,*,0.2857142857,0.4,5008,*,control,NA,7133,Darii,0,0,0,0
19_25,19,M2-bal,25,1,swords,Valid Filler,Disamis,1,Some swords are decorative,All swords are weapons ,Some weapons are decorative ,*,*,*,*,*,*,*,0.8,6880.1,*,control,NA,7484,Disamis,1,1,0,0
19_26,19,M2-bal,26,1,rifles,Valid Filler,Disamis,1,Some rifles are for hunting,All rifles are guns ,Some guns are for hunting,*,*,*,*,*,*,*,1,4771.725,*,control,NA,7159,Disamis,1,1,0,0
19_27,19,M2-bal,27,1,mugs,Valid Filler,Datisi,1,All mugs are cups ,Some mugs are ceramics,Some ceramics are cups ,*,*,*,*,*,*,*,1,3091.05,*,control,NA,4697,Datisi,1,1,0,0
19_28,19,M2-bal,28,1,grapes,Valid Filler,Disamis,1,Some grapes are red ,All grapes are fruits ,Some fruits are red ,*,*,*,*,*,*,*,1,3059.8,*,control,NA,6197,Disamis,1,1,0,0
19_29,19,M2-bal,29,1,doughnuts,Valid Filler,Darii,1,All doughnuts are sugary ,Some pastries are doughnuts ,Some pastries are sugary,*,*,*,*,*,*,*,0.95,3292.475,*,control,NA,11411,Darii,1,1,0,0
19_30,19,M2-bal,30,1,clowns,Valid Filler,Darii,1,All clowns can juggle ,Some circus performers are clowns ,Some circus performers can juggle,*,*,*,*,*,*,*,0.975,3767.925,*,control,NA,4408,Darii,1,1,0,0
19_31,19,M2-bal,31,1,rock,Homonymy,Datisi,1,All rock has guitars,Some rock is marble,Some marble has guitars,*,*,A,C,100,*,0.8571428571,0.05,3983.6,*,control,NA,83910,Datisi,0,0,0,0
19_32,19,M2-bal,32,0,stones,Invalid Filler,Datisi*,1,All pebbles are stones,Some stones are boulders,Some boulders are pebbles,*,*,*,*,*,*,*,0.17948718,4940.5641,*,control,NA,6082,Datisi,0,1,0,0
19_33,19,M2-bal,33,1,cabinet,Homonymy,Datisi,1,All cabinets are political appointments,Some cabinets are antique furniture,Some antique furniture are political appointments,*,*,A,C,100,*,0.8571428571,0.025,4910.75,*,control,NA,9312,Datisi,0,0,0,0
19_34,19,M2-bal,34,1,ring,Homonymy,Darii,1,All rings are sounds,Some accessories are rings,Some accessories are sounds,*,*,A,C,100,*,0.7142857143,0.275,3957.775,*,control,NA,10526,Darii,0,0,0,0
19_35,19,M2-bal,35,0,lunch,Polysemy,Dimatis,1,Some breaks are lunches,All lunches are entrées,Some entrées are breaks,*,lunch-type,A,C,96.6,event,0.7142857143,0.125,5002.3,*,control,NA,9724,Dimatis,0,1,0,0
19_36,19,M2-bal,36,1,wave,Homonymy,Dimatis,1,Some gestures are waves,Some waves are ripples,Some ripples are gestures,*,*,A,C,100,*,0.4285714286,0.25641026,6582.48718,*,control,NA,7416,Dimatis,0,0,0,0
19_37,19,M2-bal,37,1,book,Polysemy,Dimatis,1,Some doorstops are books,All books are intellectual property,Some intellectual property is a doorstop,*,book-type,C,A,64.5,info,0.5714285714,0.12820513,4958.76923,*,control,NA,9044,Dimatis,0,0,0,0
19_38,19,M2-bal,38,1,liars,Valid Filler,Dimatis,1,Some criminals are liars ,All liars are humans,Some humans are criminals ,*,*,*,*,*,*,*,1,4285.51282,*,control,NA,8347,Dimatis,1,1,0,0
19_39,19,M2-bal,39,1,steaks,Invalid Filler,Disamis*,1,Some steaks are filet mignons,All ribeyes are steaks,Some ribeyes are filet mignons,*,*,*,*,*,*,*,0.225,5186.55,*,control,NA,5819,Disamis,0,0,0,0
19_40,19,M2-bal,40,1,mothers,Invalid Filler,Darii*,1,All grandmothers are mothers ,Some teens are mothers,Some grandmothers are teens,*,*,*,*,*,*,*,0.175,6414.3,*,control,NA,5367,Darii,0,0,0,0
19_41,19,M2-bal,41,1,sausages,Invalid Filler,Datisi*,1,All hot dogs are sausages,Some sausages are salamis,Some hot dogs are salamis,*,*,*,*,*,*,*,0.175,2931.35,*,control,NA,6879,Datisi,0,0,0,0
19_42,19,M2-bal,42,1,toilets,Invalid Filler,Disamis*,1,Some toilets are coed,All urinals are toilets,Some urinals are coed,*,*,*,*,*,*,*,0.375,5804.4,*,control,NA,9122,Disamis,0,0,0,0
19_43,19,M2-bal,43,1,antiques,Invalid Filler,Darii*,1,All medieval manuscripts are antiques ,Some pieces of jewelry are antiques ,Some pieces of jewelry are medieval manuscripts,*,*,*,*,*,*,*,0.25,6885.35,*,control,NA,9268,Darii,0,0,0,0
19_44,19,M2-bal,44,1,college,Polysemy,Darii,1,All colleges grant degrees,Some colleges are historic buildings,Some historic buildings grant degrees,*,city-type,A,C,56.6,inst,0.2857142857,0.575,5629.95,*,control,NA,5716,Darii,0,0,0,0
19_45,19,M2-bal,45,1,colors,Invalid Filler,Disamis*,1,Some colors are primary ,All shades of purple are colors ,Some shades of purple are primary,*,*,*,*,*,*,*,0.225,5122.475,*,control,NA,5895,Disamis,0,0,0,0
19_46,19,M2-bal,46,1,singers,Valid Filler,Darii,1,All singers have an ideal vocal range ,Some guitarists are singers,Some guitarists have an ideal vocal range,*,*,*,*,*,*,*,0.925,4672.55,*,control,NA,8423,Darii,1,1,0,0
19_47,19,M2-bal,47,0,statues,Valid Filler,Datisi,1,All statues are sculptures,Some statues are bronzes,Some bronzes are sculptures,*,*,*,*,*,*,*,0.9,3392.275,*,control,NA,12207,Datisi,1,0,0,0
19_48,19,M2-bal,48,1,breakfast,Polysemy,Darii,1,All breakfasts are under three hours,Some smoothies are breakfasts,Some smoothies are under three hours,*,lunch-type,A,C,87.1,event,0.7142857143,0.525,5068.825,*,control,NA,6581,Darii,0,0,0,0
19_49,19,M2-bal,49,1,company,Polysemy,Dimatis,1,Some storefronts are companies,All companies are hierarchies,Some hierarchies are storefronts,*,city-type,C,A,83.8,inst,0.7142857143,0.25,4713.05,*,control,NA,23514,Dimatis,0,0,0,0
19_50,19,M2-bal,50,1,actors,Invalid Filler,Datisi*,1,All male leads are actors,Some actors are women,Some women are male leads,*,*,*,*,*,*,*,0.4,4720.6,*,control,NA,7356,Datisi,0,0,0,0
19_51,19,M2-bal,51,1,board,Homonymy,Dimatis,1,Some governing organizations are boards,All boards are wooden planks,Some wooden planks are governing organizations,*,*,A,C,80,*,1,0.1,5379.9,*,control,NA,6243,Dimatis,0,0,0,0
19_52,19,M2-bal,52,1,trucks,Valid Filler,Dimatis,1,Some cars are trucks ,All trucks are vehicles,Some vehicles are cars ,*,*,*,*,*,*,*,0.975,4508.475,*,control,NA,6712,Dimatis,1,1,0,0
19_53,19,M2-bal,53,0,letter,Polysemy,Datisi,1,All letters have stamps,Some letters are rejections,Some rejections have stamps,*,book-type,C,A,78.5,info,0,0.7,4504.25,*,control,NA,6029,Datisi,0,1,0,0
19_54,19,M2-bal,54,1,city,Polysemy,Datisi,1,All cities are bureaucracies,Some cities are graffitied ,Some bureaucracies are graffitied,*,city-type,A,C,67.7,inst,0.2857142857,0.375,4022.55,*,control,NA,5750,Datisi,0,0,0,0
19_55,19,M2-bal,55,0,injuries,Invalid Filler,Dimatis*,1,Some sunburns are injuries,All cases of frostbite are injuries,Some cases of frostbite are sunburns,*,*,*,*,*,*,*,0.1,5963.025,*,control,NA,7302,Dimatis,0,1,0,0
19_56,19,M2-bal,56,1,change,Homonymy,Darii,1,All change is money,Some surprises are change,Some surprises are money,*,*,C,A,60,*,0,1,4466.87179,*,control,NA,7449,Darii,0,0,0,0
20_1,20,M2-bal,1,0,injuries,Invalid Filler,Dimatis*,2,Some sunburns are injuries,All cases of frostbite are injuries,Some cases of frostbite are sunburns,*,*,*,*,*,*,*,0.1,5963.025,*,control,NA,14771,Dimatis,0,1,0,0
20_2,20,M2-bal,2,1,swords,Valid Filler,Disamis,2,Some swords are decorative,All swords are weapons ,Some weapons are decorative ,*,*,*,*,*,*,*,0.8,6880.1,*,control,NA,12240,Disamis,1,1,0,0
20_3,20,M2-bal,3,1,sausages,Invalid Filler,Datisi*,2,All hot dogs are sausages,Some sausages are salamis,Some hot dogs are salamis,*,*,*,*,*,*,*,0.175,2931.35,*,control,NA,8916,Datisi,0,0,0,0
20_4,20,M2-bal,4,1,city,Polysemy,Datisi,2,All cities are bureaucracies,Some cities are graffitied ,Some bureaucracies are graffitied,*,city-type,A,C,67.7,inst,0.2857142857,0.375,4022.55,*,control,NA,8503,Datisi,0,0,0,0
20_5,20,M2-bal,5,1,novel,Polysemy,Darii,2,All novels are flammable,Some debuts are novels,Some debuts are flammable,*,book-type,C,A,96.7,info,1,0.15,6119.3,*,control,NA,7605,Darii,0,0,0,0
20_6,20,M2-bal,6,1,college,Polysemy,Darii,2,All colleges grant degrees,Some colleges are historic buildings,Some historic buildings grant degrees,*,city-type,A,C,56.6,inst,0.2857142857,0.575,5629.95,*,control,NA,7716,Darii,0,0,0,0
20_7,20,M2-bal,7,1,suitcases,Valid Filler,Dimatis,2,Some bags are suitcases,All suitcases are pieces of luggage,Some pieces of luggage are bags,*,*,*,*,*,*,*,1,3671.55,*,control,NA,9941,Dimatis,1,1,0,0
20_8,20,M2-bal,8,1,dresses,Invalid Filler,Darii*,2,All ball gowns are dresses ,Some cocktail outfits are dresses,Some cocktail outfits are ball gowns,*,*,*,*,*,*,*,0.65,5066.6,*,control,NA,11204,Darii,0,0,0,0
20_9,20,M2-bal,9,1,thieves,Invalid Filler,Dimatis*,2,Some children are thieves,All mob bosses are thieves,Some mob bosses are children,*,*,*,*,*,*,*,0.225,5599.825,*,control,NA,9526,Dimatis,0,0,0,0
20_10,20,M2-bal,10,1,company,Polysemy,Dimatis,2,Some storefronts are companies,All companies are hierarchies,Some hierarchies are storefronts,*,city-type,C,A,83.8,inst,0.7142857143,0.25,4713.05,*,control,NA,9934,Dimatis,0,0,0,0
20_11,20,M2-bal,11,0,colors,Invalid Filler,Disamis*,2,Some colors are primary ,All shades of purple are colors ,Some shades of purple are primary,*,*,*,*,*,*,*,0.225,5122.475,*,control,NA,15152,Disamis,0,1,0,0
20_12,20,M2-bal,12,1,picnic,Polysemy,Datisi,2,All picnics happen in nature,Some picnics are salads,Some salads happen in nature,*,lunch-type,A,C,59.2,event,0.5714285714,0.425,4573.125,*,control,NA,11723,Datisi,0,0,0,0
20_13,20,M2-bal,13,1,ruler,Homonymy,Disamis,2,Some rulers are kings,All rulers are standard lengths,Some standard lengths are kings,*,*,*,*,80,*,0.8571428571,0.125,5032.65,*,control,NA,14918,Disamis,0,0,0,0
20_14,20,M2-bal,14,1,trucks,Valid Filler,Dimatis,2,Some cars are trucks ,All trucks are vehicles,Some vehicles are cars ,*,*,*,*,*,*,*,0.975,4508.475,*,control,NA,9235,Dimatis,1,1,0,0
20_15,20,M2-bal,15,1,bat,Homonymy,Darii,2,All bats share a common ancestor,Some sporting goods are bats,Some sporting goods share a common ancestor,*,*,*,*,80,*,0.2857142857,0.4,5008,*,control,NA,14108,Darii,0,0,0,0
20_16,20,M2-bal,16,1,burgers,Valid Filler,Disamis,2,Some burgers are overcooked ,All burgers are sandwiches,Some sandwiches are overcooked ,*,*,*,*,*,*,*,0.925,4389.725,*,control,NA,7748,Disamis,1,1,0,0
20_17,20,M2-bal,17,1,mugs,Valid Filler,Datisi,2,All mugs are cups ,Some mugs are ceramics,Some ceramics are cups ,*,*,*,*,*,*,*,1,3091.05,*,control,NA,5883,Datisi,1,1,0,0
20_18,20,M2-bal,18,1,stones,Invalid Filler,Datisi*,2,All pebbles are stones,Some stones are boulders,Some boulders are pebbles,*,*,*,*,*,*,*,0.17948718,4940.5641,*,control,NA,12771,Datisi,0,0,0,0
20_19,20,M2-bal,19,1,school,Polysemy,Disamis,2,Some schools are rectangular,All schools are employers,Some employers are rectangular,*,city-type,C,A,45.1,inst,0.5714285714,0.1,2856.95,*,control,NA,8971,Disamis,0,0,0,0
20_20,20,M2-bal,20,1,breakfast,Polysemy,Darii,2,All breakfasts are under three hours,Some smoothies are breakfasts,Some smoothies are under three hours,*,lunch-type,A,C,87.1,event,0.7142857143,0.525,5068.825,*,control,NA,8213,Darii,0,0,0,0
20_21,20,M2-bal,21,1,rifles,Valid Filler,Disamis,2,Some rifles are for hunting,All rifles are guns ,Some guns are for hunting,*,*,*,*,*,*,*,1,4771.725,*,control,NA,10548,Disamis,1,1,0,0
20_22,20,M2-bal,22,1,statues,Valid Filler,Datisi,2,All statues are sculptures,Some statues are bronzes,Some bronzes are sculptures,*,*,*,*,*,*,*,0.9,3392.275,*,control,NA,10310,Datisi,1,1,0,0
20_23,20,M2-bal,23,0,ball,Homonymy,Dimatis,2,Some parties are balls,All balls are toys,Some toys are parties,*,*,A,C,100,*,0.7142857143,0.175,4203.925,*,control,NA,14145,Dimatis,0,1,0,0
20_24,20,M2-bal,24,1,singers,Valid Filler,Darii,2,All singers have an ideal vocal range ,Some guitarists are singers,Some guitarists have an ideal vocal range,*,*,*,*,*,*,*,0.925,4672.55,*,control,NA,6547,Darii,1,1,0,0
20_25,20,M2-bal,25,1,mothers,Invalid Filler,Darii*,2,All grandmothers are mothers ,Some teens are mothers,Some grandmothers are teens,*,*,*,*,*,*,*,0.175,6414.3,*,control,NA,8980,Darii,0,0,0,0
20_26,20,M2-bal,26,1,poets,Valid Filler,Datisi,2,All poets are writers ,Some poets are teachers,Some teachers are writers,*,*,*,*,*,*,*,0.975,3928.975,*,control,NA,6436,Datisi,1,1,0,0
20_27,20,M2-bal,27,1,widows,Valid Filler,Dimatis,2,Some mothers are widows ,All widows are women,Some women are mothers,*,*,*,*,*,*,*,1,2726.325,*,control,NA,8028,Dimatis,1,1,0,0
20_28,20,M2-bal,28,1,lunch,Polysemy,Dimatis,2,Some breaks are lunches,All lunches are entrées,Some entrées are breaks,*,lunch-type,A,C,96.6,event,0.7142857143,0.125,5002.3,*,control,NA,9639,Dimatis,0,0,0,0
20_29,20,M2-bal,29,0,shapes,Invalid Filler,Disamis*,2,Some shapes are triangles,All squares are shapes,Some squares are triangles,*,*,*,*,*,*,*,0,4538.9,*,control,NA,15828,Disamis,0,1,0,0
20_30,20,M2-bal,30,1,toilets,Invalid Filler,Disamis*,2,Some toilets are coed,All urinals are toilets,Some urinals are coed,*,*,*,*,*,*,*,0.375,5804.4,*,control,NA,12830,Disamis,0,0,0,0
20_31,20,M2-bal,31,1,peppers,Invalid Filler,Dimatis*,2,Some yellow vegetables are peppers ,All jalapenos are peppers,Some jalapenos are yellow vegetables,*,*,*,*,*,*,*,0.425,8075.125,*,control,NA,10336,Dimatis,0,0,0,0
20_32,20,M2-bal,32,1,board,Homonymy,Dimatis,2,Some governing organizations are boards,All boards are wooden planks,Some wooden planks are governing organizations,*,*,A,C,80,*,1,0.1,5379.9,*,control,NA,12555,Dimatis,0,0,0,0
20_33,20,M2-bal,33,1,ponies,Valid Filler,Datisi,2,All ponies neigh,Some ponies are colts,Some colts neigh,*,*,*,*,*,*,*,0.675,4349.025,*,control,NA,26367,Datisi,1,1,0,0
20_34,20,M2-bal,34,1,change,Homonymy,Darii,2,All change is money,Some surprises are change,Some surprises are money,*,*,C,A,60,*,0,1,4466.87179,*,control,NA,64012,Darii,0,0,0,0
20_35,20,M2-bal,35,1,cabinet,Homonymy,Datisi,2,All cabinets are political appointments,Some cabinets are antique furniture,Some antique furniture are political appointments,*,*,A,C,100,*,0.8571428571,0.025,4910.75,*,control,NA,7192,Datisi,0,0,0,0
20_36,20,M2-bal,36,1,doughnuts,Valid Filler,Darii,2,All doughnuts are sugary ,Some pastries are doughnuts ,Some pastries are sugary,*,*,*,*,*,*,*,0.95,3292.475,*,control,NA,6332,Darii,1,1,0,0
20_37,20,M2-bal,37,1,dinner,Polysemy,Disamis,2,Some dinners are black tie,All dinners are foods,Some foods are black tie,*,lunch-type,A,C,90,event,0.5714285714,0.225,3571.775,*,control,NA,7550,Disamis,0,0,0,0
20_38,20,M2-bal,38,1,match,Homonymy,Disamis,2,Some matches are shown on TV,All matches are fire starters,Some fire starters are shown on TV,*,*,A,C,80,*,0,0.85,5008.1,*,control,NA,9602,Disamis,0,0,0,0
20_39,20,M2-bal,39,1,funerals,Invalid Filler,Datisi*,2,All open-casket services are funerals,Some funerals are cremations,Some cremations are open-casket services,*,*,*,*,*,*,*,0.4,5086.4,*,control,NA,9824,Datisi,0,0,0,0
20_40,20,M2-bal,40,1,star,Homonymy,Datisi,2,All stars are famous ,Some stars are red dwarfs,Some red dwarfs are famous,*,*,*,*,100,*,0,0.375,3338.975,*,control,NA,6404,Datisi,0,0,0,0
20_41,20,M2-bal,41,1,letter,Polysemy,Datisi,2,All letters have stamps,Some letters are rejections,Some rejections have stamps,*,book-type,C,A,78.5,info,0,0.7,4504.25,*,control,NA,6231,Datisi,0,0,0,0
20_42,20,M2-bal,42,0,actors,Invalid Filler,Datisi*,2,All male leads are actors,Some actors are women,Some women are male leads,*,*,*,*,*,*,*,0.4,4720.6,*,control,NA,8872,Datisi,0,1,0,0
20_43,20,M2-bal,43,0,steaks,Invalid Filler,Disamis*,2,Some steaks are filet mignons,All ribeyes are steaks,Some ribeyes are filet mignons,*,*,*,*,*,*,*,0.225,5186.55,*,control,NA,6444,Disamis,0,1,0,0
20_44,20,M2-bal,44,0,ring,Homonymy,Darii,2,All rings are sounds,Some accessories are rings,Some accessories are sounds,*,*,A,C,100,*,0.7142857143,0.275,3957.775,*,control,NA,8541,Darii,0,1,0,0
20_45,20,M2-bal,45,1,magazines,Polysemy,Disamis,2,Some magazines are coffee-stained,All magazines are subscriptions,Some subscriptions are coffee-stained,*,book-type,C,A,68.9,info,0.2857142857,0.12820513,3613.5641,*,control,NA,6938,Disamis,0,0,0,0
20_46,20,M2-bal,46,0,spices,Invalid Filler,Dimatis*,2,Some dried roots are spices ,All mustard seeds are spices ,Some mustard seeds are dried roots,*,*,*,*,*,*,*,0.4,4410.8,*,control,NA,8139,Dimatis,0,1,0,0
20_47,20,M2-bal,47,1,suit,Homonymy,Disamis,2,Some suits have multiple defendants,All suits are dress attire,Some dress attire has multiple defendants,*,*,A,C,100,*,0.5714285714,0.075,5412.1,*,control,NA,8849,Disamis,0,0,0,0
20_48,20,M2-bal,48,1,dolls,Valid Filler,Darii,2,All dolls are man made,Some toys are dolls ,Some toys are man made,*,*,*,*,*,*,*,1,3066.525,*,control,NA,6246,Darii,1,1,0,0
20_49,20,M2-bal,49,1,liars,Valid Filler,Dimatis,2,Some criminals are liars ,All liars are humans,Some humans are criminals ,*,*,*,*,*,*,*,1,4285.51282,*,control,NA,6204,Dimatis,1,1,0,0
20_50,20,M2-bal,50,1,wave,Homonymy,Dimatis,2,Some gestures are waves,Some waves are ripples,Some ripples are gestures,*,*,A,C,100,*,0.4285714286,0.25641026,6582.48718,*,control,NA,7179,Dimatis,0,0,0,0
20_51,20,M2-bal,51,0,antiques,Invalid Filler,Darii*,2,All medieval manuscripts are antiques ,Some pieces of jewelry are antiques ,Some pieces of jewelry are medieval manuscripts,*,*,*,*,*,*,*,0.25,6885.35,*,control,NA,9248,Darii,0,1,0,0
20_52,20,M2-bal,52,1,grapes,Valid Filler,Disamis,2,Some grapes are red ,All grapes are fruits ,Some fruits are red ,*,*,*,*,*,*,*,1,3059.8,*,control,NA,4432,Disamis,1,1,0,0
20_53,20,M2-bal,53,0,book,Polysemy,Dimatis,2,Some doorstops are books,All books are intellectual property,Some intellectual property is a doorstop,*,book-type,C,A,64.5,info,0.5714285714,0.12820513,4958.76923,*,control,NA,8986,Dimatis,0,1,0,0
20_54,20,M2-bal,54,0,rock,Homonymy,Datisi,2,All rock has guitars,Some rock is marble,Some marble has guitars,*,*,A,C,100,*,0.8571428571,0.05,3983.6,*,control,NA,5860,Datisi,0,1,0,0
20_55,20,M2-bal,55,1,clowns,Valid Filler,Darii,2,All clowns can juggle ,Some circus performers are clowns ,Some circus performers can juggle,*,*,*,*,*,*,*,0.975,3767.925,*,control,NA,5724,Darii,1,1,0,0
20_56,20,M2-bal,56,1,dances,Invalid Filler,Darii*,2,All polkas are dances ,Some mating rituals are dances ,Some mating rituals are polkas ,*,*,*,*,*,*,*,0.25,3557.725,*,control,NA,6072,Darii,0,0,0,0
21_1,21,M2-bal,1,1,poets,Valid Filler,Datisi,1,All poets are writers ,Some poets are teachers,Some teachers are writers,*,*,*,*,*,*,*,0.975,3928.975,*,control,NA,11080,Datisi,1,1,0,0
21_2,21,M2-bal,2,1,widows,Valid Filler,Dimatis,1,Some mothers are widows ,All widows are women,Some women are mothers,*,*,*,*,*,*,*,1,2726.325,*,control,NA,16348,Dimatis,1,1,0,0
21_3,21,M2-bal,3,0,ruler,Homonymy,Disamis,1,Some rulers are kings,All rulers are standard lengths,Some standard lengths are kings,*,*,*,*,80,*,0.8571428571,0.125,5032.65,*,control,NA,20271,Disamis,0,1,0,0
21_4,21,M2-bal,4,0,magazines,Polysemy,Disamis,1,Some magazines are coffee-stained,All magazines are subscriptions,Some subscriptions are coffee-stained,*,book-type,C,A,68.9,info,0.2857142857,0.12820513,3613.5641,*,control,NA,13121,Disamis,0,1,0,0
21_5,21,M2-bal,5,1,dresses,Invalid Filler,Darii*,1,All ball gowns are dresses ,Some cocktail outfits are dresses,Some cocktail outfits are ball gowns,*,*,*,*,*,*,*,0.65,5066.6,*,control,NA,22091,Darii,0,0,0,0
21_6,21,M2-bal,6,0,thieves,Invalid Filler,Dimatis*,1,Some children are thieves,All mob bosses are thieves,Some mob bosses are children,*,*,*,*,*,*,*,0.225,5599.825,*,control,NA,13255,Dimatis,0,1,0,0
21_7,21,M2-bal,7,0,dinner,Polysemy,Disamis,1,Some dinners are black tie,All dinners are foods,Some foods are black tie,*,lunch-type,A,C,90,event,0.5714285714,0.225,3571.775,*,control,NA,20051,Disamis,0,1,0,0
21_8,21,M2-bal,8,0,school,Polysemy,Disamis,1,Some schools are rectangular,All schools are employers,Some employers are rectangular,*,city-type,C,A,45.1,inst,0.5714285714,0.1,2856.95,*,control,NA,19922,Disamis,0,1,0,0
21_9,21,M2-bal,9,1,star,Homonymy,Datisi,1,All stars are famous ,Some stars are red dwarfs,Some red dwarfs are famous,*,*,*,*,100,*,0,0.375,3338.975,*,control,NA,9217,Datisi,0,0,0,0
21_10,21,M2-bal,10,0,picnic,Polysemy,Datisi,1,All picnics happen in nature,Some picnics are salads,Some salads happen in nature,*,lunch-type,A,C,59.2,event,0.5714285714,0.425,4573.125,*,control,NA,34648,Datisi,0,1,0,0
21_11,21,M2-bal,11,0,dances,Invalid Filler,Darii*,1,All polkas are dances ,Some mating rituals are dances ,Some mating rituals are polkas ,*,*,*,*,*,*,*,0.25,3557.725,*,control,NA,9841,Darii,0,1,0,0
21_12,21,M2-bal,12,1,dolls,Valid Filler,Darii,1,All dolls are man made,Some toys are dolls ,Some toys are man made,*,*,*,*,*,*,*,1,3066.525,*,control,NA,9446,Darii,1,1,0,0
21_13,21,M2-bal,13,1,funerals,Invalid Filler,Datisi*,1,All open-casket services are funerals,Some funerals are cremations,Some cremations are open-casket services,*,*,*,*,*,*,*,0.4,5086.4,*,control,NA,21626,Datisi,0,0,0,0
21_14,21,M2-bal,14,1,match,Homonymy,Disamis,1,Some matches are shown on TV,All matches are fire starters,Some fire starters are shown on TV,*,*,A,C,80,*,0,0.85,5008.1,*,control,NA,13834,Disamis,0,0,0,0
21_15,21,M2-bal,15,0,suitcases,Valid Filler,Dimatis,1,Some bags are suitcases,All suitcases are pieces of luggage,Some pieces of luggage are bags,*,*,*,*,*,*,*,1,3671.55,*,control,NA,26665,Dimatis,1,0,0,0
21_16,21,M2-bal,16,1,shapes,Invalid Filler,Disamis*,1,Some shapes are triangles,All squares are shapes,Some squares are triangles,*,*,*,*,*,*,*,0,4538.9,*,control,NA,13256,Disamis,0,0,0,0
21_17,21,M2-bal,17,1,spices,Invalid Filler,Dimatis*,1,Some dried roots are spices ,All mustard seeds are spices ,Some mustard seeds are dried roots,*,*,*,*,*,*,*,0.4,4410.8,*,control,NA,9981,Dimatis,0,0,0,0
21_18,21,M2-bal,18,1,burgers,Valid Filler,Disamis,1,Some burgers are overcooked ,All burgers are sandwiches,Some sandwiches are overcooked ,*,*,*,*,*,*,*,0.925,4389.725,*,control,NA,10795,Disamis,1,1,0,0
21_19,21,M2-bal,19,1,ponies,Valid Filler,Datisi,1,All ponies neigh,Some ponies are colts,Some colts neigh,*,*,*,*,*,*,*,0.675,4349.025,*,control,NA,8800,Datisi,1,1,0,0
21_20,21,M2-bal,20,1,novel,Polysemy,Darii,1,All novels are flammable,Some debuts are novels,Some debuts are flammable,*,book-type,C,A,96.7,info,1,0.15,6119.3,*,control,NA,12263,Darii,0,0,0,0
21_21,21,M2-bal,21,1,peppers,Invalid Filler,Dimatis*,1,Some yellow vegetables are peppers ,All jalapenos are peppers,Some jalapenos are yellow vegetables,*,*,*,*,*,*,*,0.425,8075.125,*,control,NA,13112,Dimatis,0,0,0,0
21_22,21,M2-bal,22,0,suit,Homonymy,Disamis,1,Some suits have multiple defendants,All suits are dress attire,Some dress attire has multiple defendants,*,*,A,C,100,*,0.5714285714,0.075,5412.1,*,control,NA,23821,Disamis,0,1,0,0
21_23,21,M2-bal,23,0,ball,Homonymy,Dimatis,1,Some parties are balls,All balls are toys,Some toys are parties,*,*,A,C,100,*,0.7142857143,0.175,4203.925,*,control,NA,45221,Dimatis,0,1,0,0
21_24,21,M2-bal,24,1,bat,Homonymy,Darii,1,All bats share a common ancestor,Some sporting goods are bats,Some sporting goods share a common ancestor,*,*,*,*,80,*,0.2857142857,0.4,5008,*,control,NA,11695,Darii,0,0,0,0
21_25,21,M2-bal,25,1,swords,Valid Filler,Disamis,1,Some swords are decorative,All swords are weapons ,Some weapons are decorative ,*,*,*,*,*,*,*,0.8,6880.1,*,control,NA,8014,Disamis,1,1,0,0
21_26,21,M2-bal,26,1,rifles,Valid Filler,Disamis,1,Some rifles are for hunting,All rifles are guns ,Some guns are for hunting,*,*,*,*,*,*,*,1,4771.725,*,control,NA,9095,Disamis,1,1,0,0
21_27,21,M2-bal,27,1,mugs,Valid Filler,Datisi,1,All mugs are cups ,Some mugs are ceramics,Some ceramics are cups ,*,*,*,*,*,*,*,1,3091.05,*,control,NA,80716,Datisi,1,1,0,0
21_28,21,M2-bal,28,1,grapes,Valid Filler,Disamis,1,Some grapes are red ,All grapes are fruits ,Some fruits are red ,*,*,*,*,*,*,*,1,3059.8,*,control,NA,7188,Disamis,1,1,0,0
21_29,21,M2-bal,29,1,doughnuts,Valid Filler,Darii,1,All doughnuts are sugary ,Some pastries are doughnuts ,Some pastries are sugary,*,*,*,*,*,*,*,0.95,3292.475,*,control,NA,6561,Darii,1,1,0,0
21_30,21,M2-bal,30,0,clowns,Valid Filler,Darii,1,All clowns can juggle ,Some circus performers are clowns ,Some circus performers can juggle,*,*,*,*,*,*,*,0.975,3767.925,*,control,NA,8927,Darii,1,0,0,0
21_31,21,M2-bal,31,0,rock,Homonymy,Datisi,1,All rock has guitars,Some rock is marble,Some marble has guitars,*,*,A,C,100,*,0.8571428571,0.05,3983.6,*,control,NA,9352,Datisi,0,1,0,0
21_32,21,M2-bal,32,0,stones,Invalid Filler,Datisi*,1,All pebbles are stones,Some stones are boulders,Some boulders are pebbles,*,*,*,*,*,*,*,0.17948718,4940.5641,*,control,NA,8719,Datisi,0,1,0,0
21_33,21,M2-bal,33,1,cabinet,Homonymy,Datisi,1,All cabinets are political appointments,Some cabinets are antique furniture,Some antique furniture are political appointments,*,*,A,C,100,*,0.8571428571,0.025,4910.75,*,control,NA,11797,Datisi,0,0,0,0
21_34,21,M2-bal,34,1,ring,Homonymy,Darii,1,All rings are sounds,Some accessories are rings,Some accessories are sounds,*,*,A,C,100,*,0.7142857143,0.275,3957.775,*,control,NA,6619,Darii,0,0,0,0
21_35,21,M2-bal,35,1,lunch,Polysemy,Dimatis,1,Some breaks are lunches,All lunches are entrées,Some entrées are breaks,*,lunch-type,A,C,96.6,event,0.7142857143,0.125,5002.3,*,control,NA,7756,Dimatis,0,0,0,0
21_36,21,M2-bal,36,0,wave,Homonymy,Dimatis,1,Some gestures are waves,Some waves are ripples,Some ripples are gestures,*,*,A,C,100,*,0.4285714286,0.25641026,6582.48718,*,control,NA,6725,Dimatis,0,1,0,0
21_37,21,M2-bal,37,1,book,Polysemy,Dimatis,1,Some doorstops are books,All books are intellectual property,Some intellectual property is a doorstop,*,book-type,C,A,64.5,info,0.5714285714,0.12820513,4958.76923,*,control,NA,7211,Dimatis,0,0,0,0
21_38,21,M2-bal,38,1,liars,Valid Filler,Dimatis,1,Some criminals are liars ,All liars are humans,Some humans are criminals ,*,*,*,*,*,*,*,1,4285.51282,*,control,NA,7054,Dimatis,1,1,0,0
21_39,21,M2-bal,39,1,steaks,Invalid Filler,Disamis*,1,Some steaks are filet mignons,All ribeyes are steaks,Some ribeyes are filet mignons,*,*,*,*,*,*,*,0.225,5186.55,*,control,NA,6054,Disamis,0,0,0,0
21_40,21,M2-bal,40,1,mothers,Invalid Filler,Darii*,1,All grandmothers are mothers ,Some teens are mothers,Some grandmothers are teens,*,*,*,*,*,*,*,0.175,6414.3,*,control,NA,8224,Darii,0,0,0,0
21_41,21,M2-bal,41,0,sausages,Invalid Filler,Datisi*,1,All hot dogs are sausages,Some sausages are salamis,Some hot dogs are salamis,*,*,*,*,*,*,*,0.175,2931.35,*,control,NA,6938,Datisi,0,1,0,0
21_42,21,M2-bal,42,0,toilets,Invalid Filler,Disamis*,1,Some toilets are coed,All urinals are toilets,Some urinals are coed,*,*,*,*,*,*,*,0.375,5804.4,*,control,NA,7150,Disamis,0,1,0,0
21_43,21,M2-bal,43,0,antiques,Invalid Filler,Darii*,1,All medieval manuscripts are antiques ,Some pieces of jewelry are antiques ,Some pieces of jewelry are medieval manuscripts,*,*,*,*,*,*,*,0.25,6885.35,*,control,NA,14713,Darii,0,1,0,0
21_44,21,M2-bal,44,1,college,Polysemy,Darii,1,All colleges grant degrees,Some colleges are historic buildings,Some historic buildings grant degrees,*,city-type,A,C,56.6,inst,0.2857142857,0.575,5629.95,*,control,NA,8979,Darii,0,0,0,0
21_45,21,M2-bal,45,1,colors,Invalid Filler,Disamis*,1,Some colors are primary ,All shades of purple are colors ,Some shades of purple are primary,*,*,*,*,*,*,*,0.225,5122.475,*,control,NA,8503,Disamis,0,0,0,0
21_46,21,M2-bal,46,1,singers,Valid Filler,Darii,1,All singers have an ideal vocal range ,Some guitarists are singers,Some guitarists have an ideal vocal range,*,*,*,*,*,*,*,0.925,4672.55,*,control,NA,6884,Darii,1,1,0,0
21_47,21,M2-bal,47,1,statues,Valid Filler,Datisi,1,All statues are sculptures,Some statues are bronzes,Some bronzes are sculptures,*,*,*,*,*,*,*,0.9,3392.275,*,control,NA,5908,Datisi,1,1,0,0
21_48,21,M2-bal,48,1,breakfast,Polysemy,Darii,1,All breakfasts are under three hours,Some smoothies are breakfasts,Some smoothies are under three hours,*,lunch-type,A,C,87.1,event,0.7142857143,0.525,5068.825,*,control,NA,7799,Darii,0,0,0,0
21_49,21,M2-bal,49,0,company,Polysemy,Dimatis,1,Some storefronts are companies,All companies are hierarchies,Some hierarchies are storefronts,*,city-type,C,A,83.8,inst,0.7142857143,0.25,4713.05,*,control,NA,10859,Dimatis,0,1,0,0
21_50,21,M2-bal,50,1,actors,Invalid Filler,Datisi*,1,All male leads are actors,Some actors are women,Some women are male leads,*,*,*,*,*,*,*,0.4,4720.6,*,control,NA,7156,Datisi,0,0,0,0
21_51,21,M2-bal,51,1,board,Homonymy,Dimatis,1,Some governing organizations are boards,All boards are wooden planks,Some wooden planks are governing organizations,*,*,A,C,80,*,1,0.1,5379.9,*,control,NA,10597,Dimatis,0,0,0,0
21_52,21,M2-bal,52,1,trucks,Valid Filler,Dimatis,1,Some cars are trucks ,All trucks are vehicles,Some vehicles are cars ,*,*,*,*,*,*,*,0.975,4508.475,*,control,NA,8933,Dimatis,1,1,0,0
21_53,21,M2-bal,53,1,letter,Polysemy,Datisi,1,All letters have stamps,Some letters are rejections,Some rejections have stamps,*,book-type,C,A,78.5,info,0,0.7,4504.25,*,control,NA,9387,Datisi,0,0,0,0
21_54,21,M2-bal,54,1,city,Polysemy,Datisi,1,All cities are bureaucracies,Some cities are graffitied ,Some bureaucracies are graffitied,*,city-type,A,C,67.7,inst,0.2857142857,0.375,4022.55,*,control,NA,10901,Datisi,0,0,0,0
21_55,21,M2-bal,55,1,injuries,Invalid Filler,Dimatis*,1,Some sunburns are injuries,All cases of frostbite are injuries,Some cases of frostbite are sunburns,*,*,*,*,*,*,*,0.1,5963.025,*,control,NA,9343,Dimatis,0,0,0,0
21_56,21,M2-bal,56,1,change,Homonymy,Darii,1,All change is money,Some surprises are change,Some surprises are money,*,*,C,A,60,*,0,1,4466.87179,*,control,NA,10547,Darii,0,0,0,0
22_1,22,M2-bal,1,1,poets,Valid Filler,Datisi,1,All poets are writers ,Some poets are teachers,Some teachers are writers,*,*,*,*,*,*,*,0.975,3928.975,*,control,NA,9504,Datisi,1,1,0,0
22_2,22,M2-bal,2,1,widows,Valid Filler,Dimatis,1,Some mothers are widows ,All widows are women,Some women are mothers,*,*,*,*,*,*,*,1,2726.325,*,control,NA,14665,Dimatis,1,1,0,0
22_3,22,M2-bal,3,0,ruler,Homonymy,Disamis,1,Some rulers are kings,All rulers are standard lengths,Some standard lengths are kings,*,*,*,*,80,*,0.8571428571,0.125,5032.65,*,control,NA,13682,Disamis,0,1,0,0
22_4,22,M2-bal,4,0,magazines,Polysemy,Disamis,1,Some magazines are coffee-stained,All magazines are subscriptions,Some subscriptions are coffee-stained,*,book-type,C,A,68.9,info,0.2857142857,0.12820513,3613.5641,*,control,NA,16470,Disamis,0,1,0,0
22_5,22,M2-bal,5,1,dresses,Invalid Filler,Darii*,1,All ball gowns are dresses ,Some cocktail outfits are dresses,Some cocktail outfits are ball gowns,*,*,*,*,*,*,*,0.65,5066.6,*,control,NA,15073,Darii,0,0,0,0
22_6,22,M2-bal,6,0,thieves,Invalid Filler,Dimatis*,1,Some children are thieves,All mob bosses are thieves,Some mob bosses are children,*,*,*,*,*,*,*,0.225,5599.825,*,control,NA,20676,Dimatis,0,1,0,0
22_7,22,M2-bal,7,0,dinner,Polysemy,Disamis,1,Some dinners are black tie,All dinners are foods,Some foods are black tie,*,lunch-type,A,C,90,event,0.5714285714,0.225,3571.775,*,control,NA,12075,Disamis,0,1,0,0
22_8,22,M2-bal,8,0,school,Polysemy,Disamis,1,Some schools are rectangular,All schools are employers,Some employers are rectangular,*,city-type,C,A,45.1,inst,0.5714285714,0.1,2856.95,*,control,NA,12377,Disamis,0,1,0,0
22_9,22,M2-bal,9,1,star,Homonymy,Datisi,1,All stars are famous ,Some stars are red dwarfs,Some red dwarfs are famous,*,*,*,*,100,*,0,0.375,3338.975,*,control,NA,10717,Datisi,0,0,0,0
22_10,22,M2-bal,10,0,picnic,Polysemy,Datisi,1,All picnics happen in nature,Some picnics are salads,Some salads happen in nature,*,lunch-type,A,C,59.2,event,0.5714285714,0.425,4573.125,*,control,NA,21858,Datisi,0,1,0,0
22_11,22,M2-bal,11,1,dances,Invalid Filler,Darii*,1,All polkas are dances ,Some mating rituals are dances ,Some mating rituals are polkas ,*,*,*,*,*,*,*,0.25,3557.725,*,control,NA,10886,Darii,0,0,0,0
22_12,22,M2-bal,12,1,dolls,Valid Filler,Darii,1,All dolls are man made,Some toys are dolls ,Some toys are man made,*,*,*,*,*,*,*,1,3066.525,*,control,NA,9146,Darii,1,1,0,0
22_13,22,M2-bal,13,0,funerals,Invalid Filler,Datisi*,1,All open-casket services are funerals,Some funerals are cremations,Some cremations are open-casket services,*,*,*,*,*,*,*,0.4,5086.4,*,control,NA,20111,Datisi,0,1,0,0
22_14,22,M2-bal,14,1,match,Homonymy,Disamis,1,Some matches are shown on TV,All matches are fire starters,Some fire starters are shown on TV,*,*,A,C,80,*,0,0.85,5008.1,*,control,NA,11773,Disamis,0,0,0,0
22_15,22,M2-bal,15,1,suitcases,Valid Filler,Dimatis,1,Some bags are suitcases,All suitcases are pieces of luggage,Some pieces of luggage are bags,*,*,*,*,*,*,*,1,3671.55,*,control,NA,9406,Dimatis,1,1,0,0
22_16,22,M2-bal,16,0,shapes,Invalid Filler,Disamis*,1,Some shapes are triangles,All squares are shapes,Some squares are triangles,*,*,*,*,*,*,*,0,4538.9,*,control,NA,11649,Disamis,0,1,0,0
22_17,22,M2-bal,17,0,spices,Invalid Filler,Dimatis*,1,Some dried roots are spices ,All mustard seeds are spices ,Some mustard seeds are dried roots,*,*,*,*,*,*,*,0.4,4410.8,*,control,NA,9936,Dimatis,0,1,0,0
22_18,22,M2-bal,18,1,burgers,Valid Filler,Disamis,1,Some burgers are overcooked ,All burgers are sandwiches,Some sandwiches are overcooked ,*,*,*,*,*,*,*,0.925,4389.725,*,control,NA,14027,Disamis,1,1,0,0
22_19,22,M2-bal,19,1,ponies,Valid Filler,Datisi,1,All ponies neigh,Some ponies are colts,Some colts neigh,*,*,*,*,*,*,*,0.675,4349.025,*,control,NA,11895,Datisi,1,1,0,0
22_20,22,M2-bal,20,0,novel,Polysemy,Darii,1,All novels are flammable,Some debuts are novels,Some debuts are flammable,*,book-type,C,A,96.7,info,1,0.15,6119.3,*,control,NA,10199,Darii,0,1,0,0
22_21,22,M2-bal,21,1,peppers,Invalid Filler,Dimatis*,1,Some yellow vegetables are peppers ,All jalapenos are peppers,Some jalapenos are yellow vegetables,*,*,*,*,*,*,*,0.425,8075.125,*,control,NA,10473,Dimatis,0,0,0,0
22_22,22,M2-bal,22,0,suit,Homonymy,Disamis,1,Some suits have multiple defendants,All suits are dress attire,Some dress attire has multiple defendants,*,*,A,C,100,*,0.5714285714,0.075,5412.1,*,control,NA,15219,Disamis,0,1,0,0
22_23,22,M2-bal,23,0,ball,Homonymy,Dimatis,1,Some parties are balls,All balls are toys,Some toys are parties,*,*,A,C,100,*,0.7142857143,0.175,4203.925,*,control,NA,12734,Dimatis,0,1,0,0
22_24,22,M2-bal,24,0,bat,Homonymy,Darii,1,All bats share a common ancestor,Some sporting goods are bats,Some sporting goods share a common ancestor,*,*,*,*,80,*,0.2857142857,0.4,5008,*,control,NA,15335,Darii,0,1,0,0
22_25,22,M2-bal,25,1,swords,Valid Filler,Disamis,1,Some swords are decorative,All swords are weapons ,Some weapons are decorative ,*,*,*,*,*,*,*,0.8,6880.1,*,control,NA,7072,Disamis,1,1,0,0
22_26,22,M2-bal,26,1,rifles,Valid Filler,Disamis,1,Some rifles are for hunting,All rifles are guns ,Some guns are for hunting,*,*,*,*,*,*,*,1,4771.725,*,control,NA,6214,Disamis,1,1,0,0
22_27,22,M2-bal,27,1,mugs,Valid Filler,Datisi,1,All mugs are cups ,Some mugs are ceramics,Some ceramics are cups ,*,*,*,*,*,*,*,1,3091.05,*,control,NA,7434,Datisi,1,1,0,0
22_28,22,M2-bal,28,1,grapes,Valid Filler,Disamis,1,Some grapes are red ,All grapes are fruits ,Some fruits are red ,*,*,*,*,*,*,*,1,3059.8,*,control,NA,7473,Disamis,1,1,0,0
22_29,22,M2-bal,29,1,doughnuts,Valid Filler,Darii,1,All doughnuts are sugary ,Some pastries are doughnuts ,Some pastries are sugary,*,*,*,*,*,*,*,0.95,3292.475,*,control,NA,9299,Darii,1,1,0,0
22_30,22,M2-bal,30,1,clowns,Valid Filler,Darii,1,All clowns can juggle ,Some circus performers are clowns ,Some circus performers can juggle,*,*,*,*,*,*,*,0.975,3767.925,*,control,NA,7342,Darii,1,1,0,0
22_31,22,M2-bal,31,0,rock,Homonymy,Datisi,1,All rock has guitars,Some rock is marble,Some marble has guitars,*,*,A,C,100,*,0.8571428571,0.05,3983.6,*,control,NA,10943,Datisi,0,1,0,0
22_32,22,M2-bal,32,0,stones,Invalid Filler,Datisi*,1,All pebbles are stones,Some stones are boulders,Some boulders are pebbles,*,*,*,*,*,*,*,0.17948718,4940.5641,*,control,NA,9166,Datisi,0,1,0,0
22_33,22,M2-bal,33,0,cabinet,Homonymy,Datisi,1,All cabinets are political appointments,Some cabinets are antique furniture,Some antique furniture are political appointments,*,*,A,C,100,*,0.8571428571,0.025,4910.75,*,control,NA,10344,Datisi,0,1,0,0
22_34,22,M2-bal,34,0,ring,Homonymy,Darii,1,All rings are sounds,Some accessories are rings,Some accessories are sounds,*,*,A,C,100,*,0.7142857143,0.275,3957.775,*,control,NA,9337,Darii,0,1,0,0
22_35,22,M2-bal,35,0,lunch,Polysemy,Dimatis,1,Some breaks are lunches,All lunches are entrées,Some entrées are breaks,*,lunch-type,A,C,96.6,event,0.7142857143,0.125,5002.3,*,control,NA,19457,Dimatis,0,1,0,0
22_36,22,M2-bal,36,0,wave,Homonymy,Dimatis,1,Some gestures are waves,Some waves are ripples,Some ripples are gestures,*,*,A,C,100,*,0.4285714286,0.25641026,6582.48718,*,control,NA,8171,Dimatis,0,1,0,0
22_37,22,M2-bal,37,0,book,Polysemy,Dimatis,1,Some doorstops are books,All books are intellectual property,Some intellectual property is a doorstop,*,book-type,C,A,64.5,info,0.5714285714,0.12820513,4958.76923,*,control,NA,10426,Dimatis,0,1,0,0
22_38,22,M2-bal,38,1,liars,Valid Filler,Dimatis,1,Some criminals are liars ,All liars are humans,Some humans are criminals ,*,*,*,*,*,*,*,1,4285.51282,*,control,NA,7736,Dimatis,1,1,0,0
22_39,22,M2-bal,39,0,steaks,Invalid Filler,Disamis*,1,Some steaks are filet mignons,All ribeyes are steaks,Some ribeyes are filet mignons,*,*,*,*,*,*,*,0.225,5186.55,*,control,NA,11021,Disamis,0,1,0,0
22_40,22,M2-bal,40,0,mothers,Invalid Filler,Darii*,1,All grandmothers are mothers ,Some teens are mothers,Some grandmothers are teens,*,*,*,*,*,*,*,0.175,6414.3,*,control,NA,9509,Darii,0,1,0,0
22_41,22,M2-bal,41,0,sausages,Invalid Filler,Datisi*,1,All hot dogs are sausages,Some sausages are salamis,Some hot dogs are salamis,*,*,*,*,*,*,*,0.175,2931.35,*,control,NA,12559,Datisi,0,1,0,0
22_42,22,M2-bal,42,1,toilets,Invalid Filler,Disamis*,1,Some toilets are coed,All urinals are toilets,Some urinals are coed,*,*,*,*,*,*,*,0.375,5804.4,*,control,NA,10404,Disamis,0,0,0,0
22_43,22,M2-bal,43,0,antiques,Invalid Filler,Darii*,1,All medieval manuscripts are antiques ,Some pieces of jewelry are antiques ,Some pieces of jewelry are medieval manuscripts,*,*,*,*,*,*,*,0.25,6885.35,*,control,NA,12190,Darii,0,1,0,0
22_44,22,M2-bal,44,1,college,Polysemy,Darii,1,All colleges grant degrees,Some colleges are historic buildings,Some historic buildings grant degrees,*,city-type,A,C,56.6,inst,0.2857142857,0.575,5629.95,*,control,NA,8234,Darii,0,0,0,0
22_45,22,M2-bal,45,0,colors,Invalid Filler,Disamis*,1,Some colors are primary ,All shades of purple are colors ,Some shades of purple are primary,*,*,*,*,*,*,*,0.225,5122.475,*,control,NA,10078,Disamis,0,1,0,0
22_46,22,M2-bal,46,1,singers,Valid Filler,Darii,1,All singers have an ideal vocal range ,Some guitarists are singers,Some guitarists have an ideal vocal range,*,*,*,*,*,*,*,0.925,4672.55,*,control,NA,9860,Darii,1,1,0,0
22_47,22,M2-bal,47,1,statues,Valid Filler,Datisi,1,All statues are sculptures,Some statues are bronzes,Some bronzes are sculptures,*,*,*,*,*,*,*,0.9,3392.275,*,control,NA,7055,Datisi,1,1,0,0
22_48,22,M2-bal,48,1,breakfast,Polysemy,Darii,1,All breakfasts are under three hours,Some smoothies are breakfasts,Some smoothies are under three hours,*,lunch-type,A,C,87.1,event,0.7142857143,0.525,5068.825,*,control,NA,8434,Darii,0,0,0,0
22_49,22,M2-bal,49,1,company,Polysemy,Dimatis,1,Some storefronts are companies,All companies are hierarchies,Some hierarchies are storefronts,*,city-type,C,A,83.8,inst,0.7142857143,0.25,4713.05,*,control,NA,13058,Dimatis,0,0,0,0
22_50,22,M2-bal,50,0,actors,Invalid Filler,Datisi*,1,All male leads are actors,Some actors are women,Some women are male leads,*,*,*,*,*,*,*,0.4,4720.6,*,control,NA,11294,Datisi,0,1,0,0
22_51,22,M2-bal,51,0,board,Homonymy,Dimatis,1,Some governing organizations are boards,All boards are wooden planks,Some wooden planks are governing organizations,*,*,A,C,80,*,1,0.1,5379.9,*,control,NA,12031,Dimatis,0,1,0,0
22_52,22,M2-bal,52,1,trucks,Valid Filler,Dimatis,1,Some cars are trucks ,All trucks are vehicles,Some vehicles are cars ,*,*,*,*,*,*,*,0.975,4508.475,*,control,NA,6175,Dimatis,1,1,0,0
22_53,22,M2-bal,53,1,letter,Polysemy,Datisi,1,All letters have stamps,Some letters are rejections,Some rejections have stamps,*,book-type,C,A,78.5,info,0,0.7,4504.25,*,control,NA,9060,Datisi,0,0,0,0
22_54,22,M2-bal,54,1,city,Polysemy,Datisi,1,All cities are bureaucracies,Some cities are graffitied ,Some bureaucracies are graffitied,*,city-type,A,C,67.7,inst,0.2857142857,0.375,4022.55,*,control,NA,8489,Datisi,0,0,0,0
22_55,22,M2-bal,55,0,injuries,Invalid Filler,Dimatis*,1,Some sunburns are injuries,All cases of frostbite are injuries,Some cases of frostbite are sunburns,*,*,*,*,*,*,*,0.1,5963.025,*,control,NA,9066,Dimatis,0,1,0,0
22_56,22,M2-bal,56,1,change,Homonymy,Darii,1,All change is money,Some surprises are change,Some surprises are money,*,*,C,A,60,*,0,1,4466.87179,*,control,NA,11464,Darii,0,0,0,0
23_1,23,M2-bal,1,1,poets,Valid Filler,Datisi,1,All poets are writers ,Some poets are teachers,Some teachers are writers,*,*,*,*,*,*,*,0.975,3928.975,*,control,NA,12258,Datisi,1,1,0,0
23_2,23,M2-bal,2,0,widows,Valid Filler,Dimatis,1,Some mothers are widows ,All widows are women,Some women are mothers,*,*,*,*,*,*,*,1,2726.325,*,control,NA,14571,Dimatis,1,0,0,0
23_3,23,M2-bal,3,0,ruler,Homonymy,Disamis,1,Some rulers are kings,All rulers are standard lengths,Some standard lengths are kings,*,*,*,*,80,*,0.8571428571,0.125,5032.65,*,control,NA,13989,Disamis,0,1,0,0
23_4,23,M2-bal,4,0,magazines,Polysemy,Disamis,1,Some magazines are coffee-stained,All magazines are subscriptions,Some subscriptions are coffee-stained,*,book-type,C,A,68.9,info,0.2857142857,0.12820513,3613.5641,*,control,NA,17711,Disamis,0,1,0,0
23_5,23,M2-bal,5,1,dresses,Invalid Filler,Darii*,1,All ball gowns are dresses ,Some cocktail outfits are dresses,Some cocktail outfits are ball gowns,*,*,*,*,*,*,*,0.65,5066.6,*,control,NA,13917,Darii,0,0,0,0
23_6,23,M2-bal,6,1,thieves,Invalid Filler,Dimatis*,1,Some children are thieves,All mob bosses are thieves,Some mob bosses are children,*,*,*,*,*,*,*,0.225,5599.825,*,control,NA,19573,Dimatis,0,0,0,0
23_7,23,M2-bal,7,0,dinner,Polysemy,Disamis,1,Some dinners are black tie,All dinners are foods,Some foods are black tie,*,lunch-type,A,C,90,event,0.5714285714,0.225,3571.775,*,control,NA,17440,Disamis,0,1,0,0
23_8,23,M2-bal,8,0,school,Polysemy,Disamis,1,Some schools are rectangular,All schools are employers,Some employers are rectangular,*,city-type,C,A,45.1,inst,0.5714285714,0.1,2856.95,*,control,NA,8740,Disamis,0,1,0,0
23_9,23,M2-bal,9,0,star,Homonymy,Datisi,1,All stars are famous ,Some stars are red dwarfs,Some red dwarfs are famous,*,*,*,*,100,*,0,0.375,3338.975,*,control,NA,9384,Datisi,0,1,0,0
23_10,23,M2-bal,10,0,picnic,Polysemy,Datisi,1,All picnics happen in nature,Some picnics are salads,Some salads happen in nature,*,lunch-type,A,C,59.2,event,0.5714285714,0.425,4573.125,*,control,NA,15137,Datisi,0,1,0,0
23_11,23,M2-bal,11,1,dances,Invalid Filler,Darii*,1,All polkas are dances ,Some mating rituals are dances ,Some mating rituals are polkas ,*,*,*,*,*,*,*,0.25,3557.725,*,control,NA,8660,Darii,0,0,0,0
23_12,23,M2-bal,12,1,dolls,Valid Filler,Darii,1,All dolls are man made,Some toys are dolls ,Some toys are man made,*,*,*,*,*,*,*,1,3066.525,*,control,NA,11840,Darii,1,1,0,0
23_13,23,M2-bal,13,0,funerals,Invalid Filler,Datisi*,1,All open-casket services are funerals,Some funerals are cremations,Some cremations are open-casket services,*,*,*,*,*,*,*,0.4,5086.4,*,control,NA,13233,Datisi,0,1,0,0
23_14,23,M2-bal,14,0,match,Homonymy,Disamis,1,Some matches are shown on TV,All matches are fire starters,Some fire starters are shown on TV,*,*,A,C,80,*,0,0.85,5008.1,*,control,NA,13029,Disamis,0,1,0,0
23_15,23,M2-bal,15,1,suitcases,Valid Filler,Dimatis,1,Some bags are suitcases,All suitcases are pieces of luggage,Some pieces of luggage are bags,*,*,*,*,*,*,*,1,3671.55,*,control,NA,8445,Dimatis,1,1,0,0
23_16,23,M2-bal,16,0,shapes,Invalid Filler,Disamis*,1,Some shapes are triangles,All squares are shapes,Some squares are triangles,*,*,*,*,*,*,*,0,4538.9,*,control,NA,7427,Disamis,0,1,0,0
23_17,23,M2-bal,17,0,spices,Invalid Filler,Dimatis*,1,Some dried roots are spices ,All mustard seeds are spices ,Some mustard seeds are dried roots,*,*,*,*,*,*,*,0.4,4410.8,*,control,NA,7746,Dimatis,0,1,0,0
23_18,23,M2-bal,18,1,burgers,Valid Filler,Disamis,1,Some burgers are overcooked ,All burgers are sandwiches,Some sandwiches are overcooked ,*,*,*,*,*,*,*,0.925,4389.725,*,control,NA,8862,Disamis,1,1,0,0
23_19,23,M2-bal,19,1,ponies,Valid Filler,Datisi,1,All ponies neigh,Some ponies are colts,Some colts neigh,*,*,*,*,*,*,*,0.675,4349.025,*,control,NA,10627,Datisi,1,1,0,0
23_20,23,M2-bal,20,1,novel,Polysemy,Darii,1,All novels are flammable,Some debuts are novels,Some debuts are flammable,*,book-type,C,A,96.7,info,1,0.15,6119.3,*,control,NA,14936,Darii,0,0,0,0
23_21,23,M2-bal,21,0,peppers,Invalid Filler,Dimatis*,1,Some yellow vegetables are peppers ,All jalapenos are peppers,Some jalapenos are yellow vegetables,*,*,*,*,*,*,*,0.425,8075.125,*,control,NA,13682,Dimatis,0,1,0,0
23_22,23,M2-bal,22,0,suit,Homonymy,Disamis,1,Some suits have multiple defendants,All suits are dress attire,Some dress attire has multiple defendants,*,*,A,C,100,*,0.5714285714,0.075,5412.1,*,control,NA,62988,Disamis,0,1,0,0
23_23,23,M2-bal,23,0,ball,Homonymy,Dimatis,1,Some parties are balls,All balls are toys,Some toys are parties,*,*,A,C,100,*,0.7142857143,0.175,4203.925,*,control,NA,109073,Dimatis,0,1,0,0
23_24,23,M2-bal,24,0,bat,Homonymy,Darii,1,All bats share a common ancestor,Some sporting goods are bats,Some sporting goods share a common ancestor,*,*,*,*,80,*,0.2857142857,0.4,5008,*,control,NA,9850,Darii,0,1,0,0
23_25,23,M2-bal,25,1,swords,Valid Filler,Disamis,1,Some swords are decorative,All swords are weapons ,Some weapons are decorative ,*,*,*,*,*,*,*,0.8,6880.1,*,control,NA,6823,Disamis,1,1,0,0
23_26,23,M2-bal,26,1,rifles,Valid Filler,Disamis,1,Some rifles are for hunting,All rifles are guns ,Some guns are for hunting,*,*,*,*,*,*,*,1,4771.725,*,control,NA,36969,Disamis,1,1,0,0
23_27,23,M2-bal,27,1,mugs,Valid Filler,Datisi,1,All mugs are cups ,Some mugs are ceramics,Some ceramics are cups ,*,*,*,*,*,*,*,1,3091.05,*,control,NA,7165,Datisi,1,1,0,0
23_28,23,M2-bal,28,1,grapes,Valid Filler,Disamis,1,Some grapes are red ,All grapes are fruits ,Some fruits are red ,*,*,*,*,*,*,*,1,3059.8,*,control,NA,7365,Disamis,1,1,0,0
23_29,23,M2-bal,29,1,doughnuts,Valid Filler,Darii,1,All doughnuts are sugary ,Some pastries are doughnuts ,Some pastries are sugary,*,*,*,*,*,*,*,0.95,3292.475,*,control,NA,5999,Darii,1,1,0,0
23_30,23,M2-bal,30,1,clowns,Valid Filler,Darii,1,All clowns can juggle ,Some circus performers are clowns ,Some circus performers can juggle,*,*,*,*,*,*,*,0.975,3767.925,*,control,NA,6307,Darii,1,1,0,0
23_31,23,M2-bal,31,0,rock,Homonymy,Datisi,1,All rock has guitars,Some rock is marble,Some marble has guitars,*,*,A,C,100,*,0.8571428571,0.05,3983.6,*,control,NA,6347,Datisi,0,1,0,0
23_32,23,M2-bal,32,0,stones,Invalid Filler,Datisi*,1,All pebbles are stones,Some stones are boulders,Some boulders are pebbles,*,*,*,*,*,*,*,0.17948718,4940.5641,*,control,NA,6364,Datisi,0,1,0,0
23_33,23,M2-bal,33,0,cabinet,Homonymy,Datisi,1,All cabinets are political appointments,Some cabinets are antique furniture,Some antique furniture are political appointments,*,*,A,C,100,*,0.8571428571,0.025,4910.75,*,control,NA,10760,Datisi,0,1,0,0
23_34,23,M2-bal,34,0,ring,Homonymy,Darii,1,All rings are sounds,Some accessories are rings,Some accessories are sounds,*,*,A,C,100,*,0.7142857143,0.275,3957.775,*,control,NA,9101,Darii,0,1,0,0
23_35,23,M2-bal,35,0,lunch,Polysemy,Dimatis,1,Some breaks are lunches,All lunches are entrées,Some entrées are breaks,*,lunch-type,A,C,96.6,event,0.7142857143,0.125,5002.3,*,control,NA,8992,Dimatis,0,1,0,0
23_36,23,M2-bal,36,0,wave,Homonymy,Dimatis,1,Some gestures are waves,Some waves are ripples,Some ripples are gestures,*,*,A,C,100,*,0.4285714286,0.25641026,6582.48718,*,control,NA,6860,Dimatis,0,1,0,0
23_37,23,M2-bal,37,0,book,Polysemy,Dimatis,1,Some doorstops are books,All books are intellectual property,Some intellectual property is a doorstop,*,book-type,C,A,64.5,info,0.5714285714,0.12820513,4958.76923,*,control,NA,22335,Dimatis,0,1,0,0
23_38,23,M2-bal,38,1,liars,Valid Filler,Dimatis,1,Some criminals are liars ,All liars are humans,Some humans are criminals ,*,*,*,*,*,*,*,1,4285.51282,*,control,NA,6933,Dimatis,1,1,0,0
23_39,23,M2-bal,39,0,steaks,Invalid Filler,Disamis*,1,Some steaks are filet mignons,All ribeyes are steaks,Some ribeyes are filet mignons,*,*,*,*,*,*,*,0.225,5186.55,*,control,NA,20961,Disamis,0,1,0,0
23_40,23,M2-bal,40,0,mothers,Invalid Filler,Darii*,1,All grandmothers are mothers ,Some teens are mothers,Some grandmothers are teens,*,*,*,*,*,*,*,0.175,6414.3,*,control,NA,8521,Darii,0,1,0,0
23_41,23,M2-bal,41,0,sausages,Invalid Filler,Datisi*,1,All hot dogs are sausages,Some sausages are salamis,Some hot dogs are salamis,*,*,*,*,*,*,*,0.175,2931.35,*,control,NA,6551,Datisi,0,1,0,0
23_42,23,M2-bal,42,0,toilets,Invalid Filler,Disamis*,1,Some toilets are coed,All urinals are toilets,Some urinals are coed,*,*,*,*,*,*,*,0.375,5804.4,*,control,NA,13420,Disamis,0,1,0,0
23_43,23,M2-bal,43,0,antiques,Invalid Filler,Darii*,1,All medieval manuscripts are antiques ,Some pieces of jewelry are antiques ,Some pieces of jewelry are medieval manuscripts,*,*,*,*,*,*,*,0.25,6885.35,*,control,NA,9884,Darii,0,1,0,0
23_44,23,M2-bal,44,1,college,Polysemy,Darii,1,All colleges grant degrees,Some colleges are historic buildings,Some historic buildings grant degrees,*,city-type,A,C,56.6,inst,0.2857142857,0.575,5629.95,*,control,NA,10098,Darii,0,0,0,0
23_45,23,M2-bal,45,1,colors,Invalid Filler,Disamis*,1,Some colors are primary ,All shades of purple are colors ,Some shades of purple are primary,*,*,*,*,*,*,*,0.225,5122.475,*,control,NA,7061,Disamis,0,0,0,0
23_46,23,M2-bal,46,1,singers,Valid Filler,Darii,1,All singers have an ideal vocal range ,Some guitarists are singers,Some guitarists have an ideal vocal range,*,*,*,*,*,*,*,0.925,4672.55,*,control,NA,8863,Darii,1,1,0,0
23_47,23,M2-bal,47,1,statues,Valid Filler,Datisi,1,All statues are sculptures,Some statues are bronzes,Some bronzes are sculptures,*,*,*,*,*,*,*,0.9,3392.275,*,control,NA,8546,Datisi,1,1,0,0
23_48,23,M2-bal,48,0,breakfast,Polysemy,Darii,1,All breakfasts are under three hours,Some smoothies are breakfasts,Some smoothies are under three hours,*,lunch-type,A,C,87.1,event,0.7142857143,0.525,5068.825,*,control,NA,14961,Darii,0,1,0,0
23_49,23,M2-bal,49,0,company,Polysemy,Dimatis,1,Some storefronts are companies,All companies are hierarchies,Some hierarchies are storefronts,*,city-type,C,A,83.8,inst,0.7142857143,0.25,4713.05,*,control,NA,14184,Dimatis,0,1,0,0
23_50,23,M2-bal,50,0,actors,Invalid Filler,Datisi*,1,All male leads are actors,Some actors are women,Some women are male leads,*,*,*,*,*,*,*,0.4,4720.6,*,control,NA,11412,Datisi,0,1,0,0
23_51,23,M2-bal,51,0,board,Homonymy,Dimatis,1,Some governing organizations are boards,All boards are wooden planks,Some wooden planks are governing organizations,*,*,A,C,80,*,1,0.1,5379.9,*,control,NA,16940,Dimatis,0,1,0,0
23_52,23,M2-bal,52,1,trucks,Valid Filler,Dimatis,1,Some cars are trucks ,All trucks are vehicles,Some vehicles are cars ,*,*,*,*,*,*,*,0.975,4508.475,*,control,NA,10448,Dimatis,1,1,0,0
23_53,23,M2-bal,53,1,letter,Polysemy,Datisi,1,All letters have stamps,Some letters are rejections,Some rejections have stamps,*,book-type,C,A,78.5,info,0,0.7,4504.25,*,control,NA,8844,Datisi,0,0,0,0
23_54,23,M2-bal,54,1,city,Polysemy,Datisi,1,All cities are bureaucracies,Some cities are graffitied ,Some bureaucracies are graffitied,*,city-type,A,C,67.7,inst,0.2857142857,0.375,4022.55,*,control,NA,13610,Datisi,0,0,0,0
23_55,23,M2-bal,55,0,injuries,Invalid Filler,Dimatis*,1,Some sunburns are injuries,All cases of frostbite are injuries,Some cases of frostbite are sunburns,*,*,*,*,*,*,*,0.1,5963.025,*,control,NA,8088,Dimatis,0,1,0,0
23_56,23,M2-bal,56,1,change,Homonymy,Darii,1,All change is money,Some surprises are change,Some surprises are money,*,*,C,A,60,*,0,1,4466.87179,*,control,NA,7272,Darii,0,0,0,0
24_1,24,M2-bal,1,1,injuries,Invalid Filler,Dimatis*,2,Some sunburns are injuries,All cases of frostbite are injuries,Some cases of frostbite are sunburns,*,*,*,*,*,*,*,0.1,5963.025,*,control,NA,30448,Dimatis,0,0,0,0
24_2,24,M2-bal,2,1,swords,Valid Filler,Disamis,2,Some swords are decorative,All swords are weapons ,Some weapons are decorative ,*,*,*,*,*,*,*,0.8,6880.1,*,control,NA,16866,Disamis,1,1,0,0
24_3,24,M2-bal,3,1,sausages,Invalid Filler,Datisi*,2,All hot dogs are sausages,Some sausages are salamis,Some hot dogs are salamis,*,*,*,*,*,*,*,0.175,2931.35,*,control,NA,33763,Datisi,0,0,0,0
24_4,24,M2-bal,4,1,city,Polysemy,Datisi,2,All cities are bureaucracies,Some cities are graffitied ,Some bureaucracies are graffitied,*,city-type,A,C,67.7,inst,0.2857142857,0.375,4022.55,*,control,NA,16139,Datisi,0,0,0,0
24_5,24,M2-bal,5,1,novel,Polysemy,Darii,2,All novels are flammable,Some debuts are novels,Some debuts are flammable,*,book-type,C,A,96.7,info,1,0.15,6119.3,*,control,NA,17698,Darii,0,0,0,0
24_6,24,M2-bal,6,1,college,Polysemy,Darii,2,All colleges grant degrees,Some colleges are historic buildings,Some historic buildings grant degrees,*,city-type,A,C,56.6,inst,0.2857142857,0.575,5629.95,*,control,NA,18127,Darii,0,0,0,0
24_7,24,M2-bal,7,1,suitcases,Valid Filler,Dimatis,2,Some bags are suitcases,All suitcases are pieces of luggage,Some pieces of luggage are bags,*,*,*,*,*,*,*,1,3671.55,*,control,NA,11072,Dimatis,1,1,0,0
24_8,24,M2-bal,8,0,dresses,Invalid Filler,Darii*,2,All ball gowns are dresses ,Some cocktail outfits are dresses,Some cocktail outfits are ball gowns,*,*,*,*,*,*,*,0.65,5066.6,*,control,NA,17160,Darii,0,1,0,0
24_9,24,M2-bal,9,1,thieves,Invalid Filler,Dimatis*,2,Some children are thieves,All mob bosses are thieves,Some mob bosses are children,*,*,*,*,*,*,*,0.225,5599.825,*,control,NA,16504,Dimatis,0,0,0,0
24_10,24,M2-bal,10,1,company,Polysemy,Dimatis,2,Some storefronts are companies,All companies are hierarchies,Some hierarchies are storefronts,*,city-type,C,A,83.8,inst,0.7142857143,0.25,4713.05,*,control,NA,8345,Dimatis,0,0,0,0
24_11,24,M2-bal,11,1,colors,Invalid Filler,Disamis*,2,Some colors are primary ,All shades of purple are colors ,Some shades of purple are primary,*,*,*,*,*,*,*,0.225,5122.475,*,control,NA,11704,Disamis,0,0,0,0
24_12,24,M2-bal,12,1,picnic,Polysemy,Datisi,2,All picnics happen in nature,Some picnics are salads,Some salads happen in nature,*,lunch-type,A,C,59.2,event,0.5714285714,0.425,4573.125,*,control,NA,13945,Datisi,0,0,0,0
24_13,24,M2-bal,13,1,ruler,Homonymy,Disamis,2,Some rulers are kings,All rulers are standard lengths,Some standard lengths are kings,*,*,*,*,80,*,0.8571428571,0.125,5032.65,*,control,NA,11515,Disamis,0,0,0,0
24_14,24,M2-bal,14,1,trucks,Valid Filler,Dimatis,2,Some cars are trucks ,All trucks are vehicles,Some vehicles are cars ,*,*,*,*,*,*,*,0.975,4508.475,*,control,NA,11516,Dimatis,1,1,0,0
24_15,24,M2-bal,15,1,bat,Homonymy,Darii,2,All bats share a common ancestor,Some sporting goods are bats,Some sporting goods share a common ancestor,*,*,*,*,80,*,0.2857142857,0.4,5008,*,control,NA,16871,Darii,0,0,0,0
24_16,24,M2-bal,16,0,burgers,Valid Filler,Disamis,2,Some burgers are overcooked ,All burgers are sandwiches,Some sandwiches are overcooked ,*,*,*,*,*,*,*,0.925,4389.725,*,control,NA,7118,Disamis,1,0,0,0
24_17,24,M2-bal,17,1,mugs,Valid Filler,Datisi,2,All mugs are cups ,Some mugs are ceramics,Some ceramics are cups ,*,*,*,*,*,*,*,1,3091.05,*,control,NA,15391,Datisi,1,1,0,0
24_18,24,M2-bal,18,1,stones,Invalid Filler,Datisi*,2,All pebbles are stones,Some stones are boulders,Some boulders are pebbles,*,*,*,*,*,*,*,0.17948718,4940.5641,*,control,NA,12815,Datisi,0,0,0,0
24_19,24,M2-bal,19,1,school,Polysemy,Disamis,2,Some schools are rectangular,All schools are employers,Some employers are rectangular,*,city-type,C,A,45.1,inst,0.5714285714,0.1,2856.95,*,control,NA,11043,Disamis,0,0,0,0
24_20,24,M2-bal,20,0,breakfast,Polysemy,Darii,2,All breakfasts are under three hours,Some smoothies are breakfasts,Some smoothies are under three hours,*,lunch-type,A,C,87.1,event,0.7142857143,0.525,5068.825,*,control,NA,11642,Darii,0,1,0,0
24_21,24,M2-bal,21,1,rifles,Valid Filler,Disamis,2,Some rifles are for hunting,All rifles are guns ,Some guns are for hunting,*,*,*,*,*,*,*,1,4771.725,*,control,NA,10191,Disamis,1,1,0,0
24_22,24,M2-bal,22,1,statues,Valid Filler,Datisi,2,All statues are sculptures,Some statues are bronzes,Some bronzes are sculptures,*,*,*,*,*,*,*,0.9,3392.275,*,control,NA,13244,Datisi,1,1,0,0
24_23,24,M2-bal,23,0,ball,Homonymy,Dimatis,2,Some parties are balls,All balls are toys,Some toys are parties,*,*,A,C,100,*,0.7142857143,0.175,4203.925,*,control,NA,12929,Dimatis,0,1,0,0
24_24,24,M2-bal,24,1,singers,Valid Filler,Darii,2,All singers have an ideal vocal range ,Some guitarists are singers,Some guitarists have an ideal vocal range,*,*,*,*,*,*,*,0.925,4672.55,*,control,NA,9920,Darii,1,1,0,0
24_25,24,M2-bal,25,0,mothers,Invalid Filler,Darii*,2,All grandmothers are mothers ,Some teens are mothers,Some grandmothers are teens,*,*,*,*,*,*,*,0.175,6414.3,*,control,NA,10903,Darii,0,1,0,0
24_26,24,M2-bal,26,0,poets,Valid Filler,Datisi,2,All poets are writers ,Some poets are teachers,Some teachers are writers,*,*,*,*,*,*,*,0.975,3928.975,*,control,NA,14714,Datisi,1,0,0,0
24_27,24,M2-bal,27,1,widows,Valid Filler,Dimatis,2,Some mothers are widows ,All widows are women,Some women are mothers,*,*,*,*,*,*,*,1,2726.325,*,control,NA,11028,Dimatis,1,1,0,0
24_28,24,M2-bal,28,1,lunch,Polysemy,Dimatis,2,Some breaks are lunches,All lunches are entrées,Some entrées are breaks,*,lunch-type,A,C,96.6,event,0.7142857143,0.125,5002.3,*,control,NA,12286,Dimatis,0,0,0,0
24_29,24,M2-bal,29,0,shapes,Invalid Filler,Disamis*,2,Some shapes are triangles,All squares are shapes,Some squares are triangles,*,*,*,*,*,*,*,0,4538.9,*,control,NA,9784,Disamis,0,1,0,0
24_30,24,M2-bal,30,1,toilets,Invalid Filler,Disamis*,2,Some toilets are coed,All urinals are toilets,Some urinals are coed,*,*,*,*,*,*,*,0.375,5804.4,*,control,NA,10217,Disamis,0,0,0,0
24_31,24,M2-bal,31,1,peppers,Invalid Filler,Dimatis*,2,Some yellow vegetables are peppers ,All jalapenos are peppers,Some jalapenos are yellow vegetables,*,*,*,*,*,*,*,0.425,8075.125,*,control,NA,8006,Dimatis,0,0,0,0
24_32,24,M2-bal,32,1,board,Homonymy,Dimatis,2,Some governing organizations are boards,All boards are wooden planks,Some wooden planks are governing organizations,*,*,A,C,80,*,1,0.1,5379.9,*,control,NA,10596,Dimatis,0,0,0,0
24_33,24,M2-bal,33,0,ponies,Valid Filler,Datisi,2,All ponies neigh,Some ponies are colts,Some colts neigh,*,*,*,*,*,*,*,0.675,4349.025,*,control,NA,6680,Datisi,1,0,0,0
24_34,24,M2-bal,34,0,change,Homonymy,Darii,2,All change is money,Some surprises are change,Some surprises are money,*,*,C,A,60,*,0,1,4466.87179,*,control,NA,9638,Darii,0,1,0,0
24_35,24,M2-bal,35,0,cabinet,Homonymy,Datisi,2,All cabinets are political appointments,Some cabinets are antique furniture,Some antique furniture are political appointments,*,*,A,C,100,*,0.8571428571,0.025,4910.75,*,control,NA,8417,Datisi,0,1,0,0
24_36,24,M2-bal,36,1,doughnuts,Valid Filler,Darii,2,All doughnuts are sugary ,Some pastries are doughnuts ,Some pastries are sugary,*,*,*,*,*,*,*,0.95,3292.475,*,control,NA,12751,Darii,1,1,0,0
24_37,24,M2-bal,37,0,dinner,Polysemy,Disamis,2,Some dinners are black tie,All dinners are foods,Some foods are black tie,*,lunch-type,A,C,90,event,0.5714285714,0.225,3571.775,*,control,NA,6779,Disamis,0,1,0,0
24_38,24,M2-bal,38,1,match,Homonymy,Disamis,2,Some matches are shown on TV,All matches are fire starters,Some fire starters are shown on TV,*,*,A,C,80,*,0,0.85,5008.1,*,control,NA,8827,Disamis,0,0,0,0
24_39,24,M2-bal,39,1,funerals,Invalid Filler,Datisi*,2,All open-casket services are funerals,Some funerals are cremations,Some cremations are open-casket services,*,*,*,*,*,*,*,0.4,5086.4,*,control,NA,10398,Datisi,0,0,0,0
24_40,24,M2-bal,40,1,star,Homonymy,Datisi,2,All stars are famous ,Some stars are red dwarfs,Some red dwarfs are famous,*,*,*,*,100,*,0,0.375,3338.975,*,control,NA,11204,Datisi,0,0,0,0
24_41,24,M2-bal,41,1,letter,Polysemy,Datisi,2,All letters have stamps,Some letters are rejections,Some rejections have stamps,*,book-type,C,A,78.5,info,0,0.7,4504.25,*,control,NA,7379,Datisi,0,0,0,0
24_42,24,M2-bal,42,0,actors,Invalid Filler,Datisi*,2,All male leads are actors,Some actors are women,Some women are male leads,*,*,*,*,*,*,*,0.4,4720.6,*,control,NA,8996,Datisi,0,1,0,0
24_43,24,M2-bal,43,1,steaks,Invalid Filler,Disamis*,2,Some steaks are filet mignons,All ribeyes are steaks,Some ribeyes are filet mignons,*,*,*,*,*,*,*,0.225,5186.55,*,control,NA,7153,Disamis,0,0,0,0
24_44,24,M2-bal,44,1,ring,Homonymy,Darii,2,All rings are sounds,Some accessories are rings,Some accessories are sounds,*,*,A,C,100,*,0.7142857143,0.275,3957.775,*,control,NA,7822,Darii,0,0,0,0
24_45,24,M2-bal,45,1,magazines,Polysemy,Disamis,2,Some magazines are coffee-stained,All magazines are subscriptions,Some subscriptions are coffee-stained,*,book-type,C,A,68.9,info,0.2857142857,0.12820513,3613.5641,*,control,NA,9938,Disamis,0,0,0,0
24_46,24,M2-bal,46,0,spices,Invalid Filler,Dimatis*,2,Some dried roots are spices ,All mustard seeds are spices ,Some mustard seeds are dried roots,*,*,*,*,*,*,*,0.4,4410.8,*,control,NA,8576,Dimatis,0,1,0,0
24_47,24,M2-bal,47,0,suit,Homonymy,Disamis,2,Some suits have multiple defendants,All suits are dress attire,Some dress attire has multiple defendants,*,*,A,C,100,*,0.5714285714,0.075,5412.1,*,control,NA,8090,Disamis,0,1,0,0
24_48,24,M2-bal,48,0,dolls,Valid Filler,Darii,2,All dolls are man made,Some toys are dolls ,Some toys are man made,*,*,*,*,*,*,*,1,3066.525,*,control,NA,9238,Darii,1,0,0,0
24_49,24,M2-bal,49,1,liars,Valid Filler,Dimatis,2,Some criminals are liars ,All liars are humans,Some humans are criminals ,*,*,*,*,*,*,*,1,4285.51282,*,control,NA,8759,Dimatis,1,1,0,0
24_50,24,M2-bal,50,0,wave,Homonymy,Dimatis,2,Some gestures are waves,Some waves are ripples,Some ripples are gestures,*,*,A,C,100,*,0.4285714286,0.25641026,6582.48718,*,control,NA,7262,Dimatis,0,1,0,0
24_51,24,M2-bal,51,1,antiques,Invalid Filler,Darii*,2,All medieval manuscripts are antiques ,Some pieces of jewelry are antiques ,Some pieces of jewelry are medieval manuscripts,*,*,*,*,*,*,*,0.25,6885.35,*,control,NA,8511,Darii,0,0,0,0
24_52,24,M2-bal,52,1,grapes,Valid Filler,Disamis,2,Some grapes are red ,All grapes are fruits ,Some fruits are red ,*,*,*,*,*,*,*,1,3059.8,*,control,NA,6321,Disamis,1,1,0,0
24_53,24,M2-bal,53,1,book,Polysemy,Dimatis,2,Some doorstops are books,All books are intellectual property,Some intellectual property is a doorstop,*,book-type,C,A,64.5,info,0.5714285714,0.12820513,4958.76923,*,control,NA,10652,Dimatis,0,0,0,0
24_54,24,M2-bal,54,0,rock,Homonymy,Datisi,2,All rock has guitars,Some rock is marble,Some marble has guitars,*,*,A,C,100,*,0.8571428571,0.05,3983.6,*,control,NA,5633,Datisi,0,1,0,0
24_55,24,M2-bal,55,1,clowns,Valid Filler,Darii,2,All clowns can juggle ,Some circus performers are clowns ,Some circus performers can juggle,*,*,*,*,*,*,*,0.975,3767.925,*,control,NA,7869,Darii,1,1,0,0
24_56,24,M2-bal,56,0,dances,Invalid Filler,Darii*,2,All polkas are dances ,Some mating rituals are dances ,Some mating rituals are polkas ,*,*,*,*,*,*,*,0.25,3557.725,*,control,NA,6999,Darii,0,1,0,0
25_1,25,M2-bal,1,0,poets,Valid Filler,Datisi,1,All poets are writers ,Some poets are teachers,Some teachers are writers,*,*,*,*,*,*,*,0.975,3928.975,*,control,NA,10944,Datisi,1,0,0,0
25_2,25,M2-bal,2,0,widows,Valid Filler,Dimatis,1,Some mothers are widows ,All widows are women,Some women are mothers,*,*,*,*,*,*,*,1,2726.325,*,control,NA,20096,Dimatis,1,0,0,0
25_3,25,M2-bal,3,0,ruler,Homonymy,Disamis,1,Some rulers are kings,All rulers are standard lengths,Some standard lengths are kings,*,*,*,*,80,*,0.8571428571,0.125,5032.65,*,control,NA,11798,Disamis,0,1,0,0
25_4,25,M2-bal,4,1,magazines,Polysemy,Disamis,1,Some magazines are coffee-stained,All magazines are subscriptions,Some subscriptions are coffee-stained,*,book-type,C,A,68.9,info,0.2857142857,0.12820513,3613.5641,*,control,NA,8951,Disamis,0,0,0,0
25_5,25,M2-bal,5,0,dresses,Invalid Filler,Darii*,1,All ball gowns are dresses ,Some cocktail outfits are dresses,Some cocktail outfits are ball gowns,*,*,*,*,*,*,*,0.65,5066.6,*,control,NA,11846,Darii,0,1,0,0
25_6,25,M2-bal,6,0,thieves,Invalid Filler,Dimatis*,1,Some children are thieves,All mob bosses are thieves,Some mob bosses are children,*,*,*,*,*,*,*,0.225,5599.825,*,control,NA,7527,Dimatis,0,1,0,0
25_7,25,M2-bal,7,0,dinner,Polysemy,Disamis,1,Some dinners are black tie,All dinners are foods,Some foods are black tie,*,lunch-type,A,C,90,event,0.5714285714,0.225,3571.775,*,control,NA,11344,Disamis,0,1,0,0
25_8,25,M2-bal,8,1,school,Polysemy,Disamis,1,Some schools are rectangular,All schools are employers,Some employers are rectangular,*,city-type,C,A,45.1,inst,0.5714285714,0.1,2856.95,*,control,NA,9590,Disamis,0,0,0,0
25_9,25,M2-bal,9,0,star,Homonymy,Datisi,1,All stars are famous ,Some stars are red dwarfs,Some red dwarfs are famous,*,*,*,*,100,*,0,0.375,3338.975,*,control,NA,16607,Datisi,0,1,0,0
25_10,25,M2-bal,10,0,picnic,Polysemy,Datisi,1,All picnics happen in nature,Some picnics are salads,Some salads happen in nature,*,lunch-type,A,C,59.2,event,0.5714285714,0.425,4573.125,*,control,NA,11680,Datisi,0,1,0,0
25_11,25,M2-bal,11,1,dances,Invalid Filler,Darii*,1,All polkas are dances ,Some mating rituals are dances ,Some mating rituals are polkas ,*,*,*,*,*,*,*,0.25,3557.725,*,control,NA,11286,Darii,0,0,0,0
25_12,25,M2-bal,12,1,dolls,Valid Filler,Darii,1,All dolls are man made,Some toys are dolls ,Some toys are man made,*,*,*,*,*,*,*,1,3066.525,*,control,NA,7760,Darii,1,1,0,0
25_13,25,M2-bal,13,0,funerals,Invalid Filler,Datisi*,1,All open-casket services are funerals,Some funerals are cremations,Some cremations are open-casket services,*,*,*,*,*,*,*,0.4,5086.4,*,control,NA,8582,Datisi,0,1,0,0
25_14,25,M2-bal,14,1,match,Homonymy,Disamis,1,Some matches are shown on TV,All matches are fire starters,Some fire starters are shown on TV,*,*,A,C,80,*,0,0.85,5008.1,*,control,NA,14831,Disamis,0,0,0,0
25_15,25,M2-bal,15,1,suitcases,Valid Filler,Dimatis,1,Some bags are suitcases,All suitcases are pieces of luggage,Some pieces of luggage are bags,*,*,*,*,*,*,*,1,3671.55,*,control,NA,6703,Dimatis,1,1,0,0
25_16,25,M2-bal,16,0,shapes,Invalid Filler,Disamis*,1,Some shapes are triangles,All squares are shapes,Some squares are triangles,*,*,*,*,*,*,*,0,4538.9,*,control,NA,12600,Disamis,0,1,0,0
25_17,25,M2-bal,17,0,spices,Invalid Filler,Dimatis*,1,Some dried roots are spices ,All mustard seeds are spices ,Some mustard seeds are dried roots,*,*,*,*,*,*,*,0.4,4410.8,*,control,NA,16423,Dimatis,0,1,0,0
25_18,25,M2-bal,18,1,burgers,Valid Filler,Disamis,1,Some burgers are overcooked ,All burgers are sandwiches,Some sandwiches are overcooked ,*,*,*,*,*,*,*,0.925,4389.725,*,control,NA,10696,Disamis,1,1,0,0
25_19,25,M2-bal,19,1,ponies,Valid Filler,Datisi,1,All ponies neigh,Some ponies are colts,Some colts neigh,*,*,*,*,*,*,*,0.675,4349.025,*,control,NA,9519,Datisi,1,1,0,0
25_20,25,M2-bal,20,0,novel,Polysemy,Darii,1,All novels are flammable,Some debuts are novels,Some debuts are flammable,*,book-type,C,A,96.7,info,1,0.15,6119.3,*,control,NA,26608,Darii,0,1,0,0
25_21,25,M2-bal,21,1,peppers,Invalid Filler,Dimatis*,1,Some yellow vegetables are peppers ,All jalapenos are peppers,Some jalapenos are yellow vegetables,*,*,*,*,*,*,*,0.425,8075.125,*,control,NA,9728,Dimatis,0,0,0,0
25_22,25,M2-bal,22,0,suit,Homonymy,Disamis,1,Some suits have multiple defendants,All suits are dress attire,Some dress attire has multiple defendants,*,*,A,C,100,*,0.5714285714,0.075,5412.1,*,control,NA,11830,Disamis,0,1,0,0
25_23,25,M2-bal,23,1,ball,Homonymy,Dimatis,1,Some parties are balls,All balls are toys,Some toys are parties,*,*,A,C,100,*,0.7142857143,0.175,4203.925,*,control,NA,8864,Dimatis,0,0,0,0
25_24,25,M2-bal,24,1,bat,Homonymy,Darii,1,All bats share a common ancestor,Some sporting goods are bats,Some sporting goods share a common ancestor,*,*,*,*,80,*,0.2857142857,0.4,5008,*,control,NA,10104,Darii,0,0,0,0
25_25,25,M2-bal,25,1,swords,Valid Filler,Disamis,1,Some swords are decorative,All swords are weapons ,Some weapons are decorative ,*,*,*,*,*,*,*,0.8,6880.1,*,control,NA,11207,Disamis,1,1,0,0
25_26,25,M2-bal,26,1,rifles,Valid Filler,Disamis,1,Some rifles are for hunting,All rifles are guns ,Some guns are for hunting,*,*,*,*,*,*,*,1,4771.725,*,control,NA,6823,Disamis,1,1,0,0
25_27,25,M2-bal,27,1,mugs,Valid Filler,Datisi,1,All mugs are cups ,Some mugs are ceramics,Some ceramics are cups ,*,*,*,*,*,*,*,1,3091.05,*,control,NA,8385,Datisi,1,1,0,0
25_28,25,M2-bal,28,1,grapes,Valid Filler,Disamis,1,Some grapes are red ,All grapes are fruits ,Some fruits are red ,*,*,*,*,*,*,*,1,3059.8,*,control,NA,6032,Disamis,1,1,0,0
25_29,25,M2-bal,29,1,doughnuts,Valid Filler,Darii,1,All doughnuts are sugary ,Some pastries are doughnuts ,Some pastries are sugary,*,*,*,*,*,*,*,0.95,3292.475,*,control,NA,5039,Darii,1,1,0,0
25_30,25,M2-bal,30,1,clowns,Valid Filler,Darii,1,All clowns can juggle ,Some circus performers are clowns ,Some circus performers can juggle,*,*,*,*,*,*,*,0.975,3767.925,*,control,NA,6783,Darii,1,1,0,0
25_31,25,M2-bal,31,0,rock,Homonymy,Datisi,1,All rock has guitars,Some rock is marble,Some marble has guitars,*,*,A,C,100,*,0.8571428571,0.05,3983.6,*,control,NA,8912,Datisi,0,1,0,0
25_32,25,M2-bal,32,1,stones,Invalid Filler,Datisi*,1,All pebbles are stones,Some stones are boulders,Some boulders are pebbles,*,*,*,*,*,*,*,0.17948718,4940.5641,*,control,NA,10383,Datisi,0,0,0,0
25_33,25,M2-bal,33,0,cabinet,Homonymy,Datisi,1,All cabinets are political appointments,Some cabinets are antique furniture,Some antique furniture are political appointments,*,*,A,C,100,*,0.8571428571,0.025,4910.75,*,control,NA,7950,Datisi,0,1,0,0
25_34,25,M2-bal,34,1,ring,Homonymy,Darii,1,All rings are sounds,Some accessories are rings,Some accessories are sounds,*,*,A,C,100,*,0.7142857143,0.275,3957.775,*,control,NA,9655,Darii,0,0,0,0
25_35,25,M2-bal,35,1,lunch,Polysemy,Dimatis,1,Some breaks are lunches,All lunches are entrées,Some entrées are breaks,*,lunch-type,A,C,96.6,event,0.7142857143,0.125,5002.3,*,control,NA,12576,Dimatis,0,0,0,0
25_36,25,M2-bal,36,1,wave,Homonymy,Dimatis,1,Some gestures are waves,Some waves are ripples,Some ripples are gestures,*,*,A,C,100,*,0.4285714286,0.25641026,6582.48718,*,control,NA,7239,Dimatis,0,0,0,0
25_37,25,M2-bal,37,0,book,Polysemy,Dimatis,1,Some doorstops are books,All books are intellectual property,Some intellectual property is a doorstop,*,book-type,C,A,64.5,info,0.5714285714,0.12820513,4958.76923,*,control,NA,8231,Dimatis,0,1,0,0
25_38,25,M2-bal,38,0,liars,Valid Filler,Dimatis,1,Some criminals are liars ,All liars are humans,Some humans are criminals ,*,*,*,*,*,*,*,1,4285.51282,*,control,NA,7454,Dimatis,1,0,0,0
25_39,25,M2-bal,39,1,steaks,Invalid Filler,Disamis*,1,Some steaks are filet mignons,All ribeyes are steaks,Some ribeyes are filet mignons,*,*,*,*,*,*,*,0.225,5186.55,*,control,NA,7527,Disamis,0,0,0,0
25_40,25,M2-bal,40,0,mothers,Invalid Filler,Darii*,1,All grandmothers are mothers ,Some teens are mothers,Some grandmothers are teens,*,*,*,*,*,*,*,0.175,6414.3,*,control,NA,55123,Darii,0,1,0,0
25_41,25,M2-bal,41,1,sausages,Invalid Filler,Datisi*,1,All hot dogs are sausages,Some sausages are salamis,Some hot dogs are salamis,*,*,*,*,*,*,*,0.175,2931.35,*,control,NA,7214,Datisi,0,0,0,0
25_42,25,M2-bal,42,1,toilets,Invalid Filler,Disamis*,1,Some toilets are coed,All urinals are toilets,Some urinals are coed,*,*,*,*,*,*,*,0.375,5804.4,*,control,NA,9864,Disamis,0,0,0,0
25_43,25,M2-bal,43,1,antiques,Invalid Filler,Darii*,1,All medieval manuscripts are antiques ,Some pieces of jewelry are antiques ,Some pieces of jewelry are medieval manuscripts,*,*,*,*,*,*,*,0.25,6885.35,*,control,NA,19693,Darii,0,0,0,0
25_44,25,M2-bal,44,1,college,Polysemy,Darii,1,All colleges grant degrees,Some colleges are historic buildings,Some historic buildings grant degrees,*,city-type,A,C,56.6,inst,0.2857142857,0.575,5629.95,*,control,NA,12863,Darii,0,0,0,0
25_45,25,M2-bal,45,1,colors,Invalid Filler,Disamis*,1,Some colors are primary ,All shades of purple are colors ,Some shades of purple are primary,*,*,*,*,*,*,*,0.225,5122.475,*,control,NA,20496,Disamis,0,0,0,0
25_46,25,M2-bal,46,1,singers,Valid Filler,Darii,1,All singers have an ideal vocal range ,Some guitarists are singers,Some guitarists have an ideal vocal range,*,*,*,*,*,*,*,0.925,4672.55,*,control,NA,11029,Darii,1,1,0,0
25_47,25,M2-bal,47,1,statues,Valid Filler,Datisi,1,All statues are sculptures,Some statues are bronzes,Some bronzes are sculptures,*,*,*,*,*,*,*,0.9,3392.275,*,control,NA,10119,Datisi,1,1,0,0
25_48,25,M2-bal,48,1,breakfast,Polysemy,Darii,1,All breakfasts are under three hours,Some smoothies are breakfasts,Some smoothies are under three hours,*,lunch-type,A,C,87.1,event,0.7142857143,0.525,5068.825,*,control,NA,12071,Darii,0,0,0,0
25_49,25,M2-bal,49,1,company,Polysemy,Dimatis,1,Some storefronts are companies,All companies are hierarchies,Some hierarchies are storefronts,*,city-type,C,A,83.8,inst,0.7142857143,0.25,4713.05,*,control,NA,7310,Dimatis,0,0,0,0
25_50,25,M2-bal,50,0,actors,Invalid Filler,Datisi*,1,All male leads are actors,Some actors are women,Some women are male leads,*,*,*,*,*,*,*,0.4,4720.6,*,control,NA,10319,Datisi,0,1,0,0
25_51,25,M2-bal,51,1,board,Homonymy,Dimatis,1,Some governing organizations are boards,All boards are wooden planks,Some wooden planks are governing organizations,*,*,A,C,80,*,1,0.1,5379.9,*,control,NA,20421,Dimatis,0,0,0,0
25_52,25,M2-bal,52,1,trucks,Valid Filler,Dimatis,1,Some cars are trucks ,All trucks are vehicles,Some vehicles are cars ,*,*,*,*,*,*,*,0.975,4508.475,*,control,NA,7743,Dimatis,1,1,0,0
25_53,25,M2-bal,53,1,letter,Polysemy,Datisi,1,All letters have stamps,Some letters are rejections,Some rejections have stamps,*,book-type,C,A,78.5,info,0,0.7,4504.25,*,control,NA,9518,Datisi,0,0,0,0
25_54,25,M2-bal,54,1,city,Polysemy,Datisi,1,All cities are bureaucracies,Some cities are graffitied ,Some bureaucracies are graffitied,*,city-type,A,C,67.7,inst,0.2857142857,0.375,4022.55,*,control,NA,8934,Datisi,0,0,0,0
25_55,25,M2-bal,55,0,injuries,Invalid Filler,Dimatis*,1,Some sunburns are injuries,All cases of frostbite are injuries,Some cases of frostbite are sunburns,*,*,*,*,*,*,*,0.1,5963.025,*,control,NA,9078,Dimatis,0,1,0,0
25_56,25,M2-bal,56,1,change,Homonymy,Darii,1,All change is money,Some surprises are change,Some surprises are money,*,*,C,A,60,*,0,1,4466.87179,*,control,NA,12151,Darii,0,0,0,0
26_1,26,M2-bal,1,1,injuries,Invalid Filler,Dimatis*,2,Some sunburns are injuries,All cases of frostbite are injuries,Some cases of frostbite are sunburns,*,*,*,*,*,*,*,0.1,5963.025,*,control,NA,19126,Dimatis,0,0,0,0
26_2,26,M2-bal,2,1,swords,Valid Filler,Disamis,2,Some swords are decorative,All swords are weapons ,Some weapons are decorative ,*,*,*,*,*,*,*,0.8,6880.1,*,control,NA,11094,Disamis,1,1,0,0
26_3,26,M2-bal,3,0,sausages,Invalid Filler,Datisi*,2,All hot dogs are sausages,Some sausages are salamis,Some hot dogs are salamis,*,*,*,*,*,*,*,0.175,2931.35,*,control,NA,9791,Datisi,0,1,0,0
26_4,26,M2-bal,4,1,city,Polysemy,Datisi,2,All cities are bureaucracies,Some cities are graffitied ,Some bureaucracies are graffitied,*,city-type,A,C,67.7,inst,0.2857142857,0.375,4022.55,*,control,NA,11251,Datisi,0,0,0,0
26_5,26,M2-bal,5,1,novel,Polysemy,Darii,2,All novels are flammable,Some debuts are novels,Some debuts are flammable,*,book-type,C,A,96.7,info,1,0.15,6119.3,*,control,NA,9910,Darii,0,0,0,0
26_6,26,M2-bal,6,1,college,Polysemy,Darii,2,All colleges grant degrees,Some colleges are historic buildings,Some historic buildings grant degrees,*,city-type,A,C,56.6,inst,0.2857142857,0.575,5629.95,*,control,NA,11244,Darii,0,0,0,0
26_7,26,M2-bal,7,1,suitcases,Valid Filler,Dimatis,2,Some bags are suitcases,All suitcases are pieces of luggage,Some pieces of luggage are bags,*,*,*,*,*,*,*,1,3671.55,*,control,NA,8910,Dimatis,1,1,0,0
26_8,26,M2-bal,8,0,dresses,Invalid Filler,Darii*,2,All ball gowns are dresses ,Some cocktail outfits are dresses,Some cocktail outfits are ball gowns,*,*,*,*,*,*,*,0.65,5066.6,*,control,NA,12270,Darii,0,1,0,0
26_9,26,M2-bal,9,1,thieves,Invalid Filler,Dimatis*,2,Some children are thieves,All mob bosses are thieves,Some mob bosses are children,*,*,*,*,*,*,*,0.225,5599.825,*,control,NA,7962,Dimatis,0,0,0,0
26_10,26,M2-bal,10,1,company,Polysemy,Dimatis,2,Some storefronts are companies,All companies are hierarchies,Some hierarchies are storefronts,*,city-type,C,A,83.8,inst,0.7142857143,0.25,4713.05,*,control,NA,9235,Dimatis,0,0,0,0
26_11,26,M2-bal,11,1,colors,Invalid Filler,Disamis*,2,Some colors are primary ,All shades of purple are colors ,Some shades of purple are primary,*,*,*,*,*,*,*,0.225,5122.475,*,control,NA,19904,Disamis,0,0,0,0
26_12,26,M2-bal,12,1,picnic,Polysemy,Datisi,2,All picnics happen in nature,Some picnics are salads,Some salads happen in nature,*,lunch-type,A,C,59.2,event,0.5714285714,0.425,4573.125,*,control,NA,10082,Datisi,0,0,0,0
26_13,26,M2-bal,13,1,ruler,Homonymy,Disamis,2,Some rulers are kings,All rulers are standard lengths,Some standard lengths are kings,*,*,*,*,80,*,0.8571428571,0.125,5032.65,*,control,NA,8001,Disamis,0,0,0,0
26_14,26,M2-bal,14,1,trucks,Valid Filler,Dimatis,2,Some cars are trucks ,All trucks are vehicles,Some vehicles are cars ,*,*,*,*,*,*,*,0.975,4508.475,*,control,NA,8127,Dimatis,1,1,0,0
26_15,26,M2-bal,15,1,bat,Homonymy,Darii,2,All bats share a common ancestor,Some sporting goods are bats,Some sporting goods share a common ancestor,*,*,*,*,80,*,0.2857142857,0.4,5008,*,control,NA,9581,Darii,0,0,0,0
26_16,26,M2-bal,16,1,burgers,Valid Filler,Disamis,2,Some burgers are overcooked ,All burgers are sandwiches,Some sandwiches are overcooked ,*,*,*,*,*,*,*,0.925,4389.725,*,control,NA,10704,Disamis,1,1,0,0
26_17,26,M2-bal,17,1,mugs,Valid Filler,Datisi,2,All mugs are cups ,Some mugs are ceramics,Some ceramics are cups ,*,*,*,*,*,*,*,1,3091.05,*,control,NA,7502,Datisi,1,1,0,0
26_18,26,M2-bal,18,1,stones,Invalid Filler,Datisi*,2,All pebbles are stones,Some stones are boulders,Some boulders are pebbles,*,*,*,*,*,*,*,0.17948718,4940.5641,*,control,NA,7928,Datisi,0,0,0,0
26_19,26,M2-bal,19,0,school,Polysemy,Disamis,2,Some schools are rectangular,All schools are employers,Some employers are rectangular,*,city-type,C,A,45.1,inst,0.5714285714,0.1,2856.95,*,control,NA,10909,Disamis,0,1,0,0
26_20,26,M2-bal,20,1,breakfast,Polysemy,Darii,2,All breakfasts are under three hours,Some smoothies are breakfasts,Some smoothies are under three hours,*,lunch-type,A,C,87.1,event,0.7142857143,0.525,5068.825,*,control,NA,11057,Darii,0,0,0,0
26_21,26,M2-bal,21,1,rifles,Valid Filler,Disamis,2,Some rifles are for hunting,All rifles are guns ,Some guns are for hunting,*,*,*,*,*,*,*,1,4771.725,*,control,NA,7417,Disamis,1,1,0,0
26_22,26,M2-bal,22,1,statues,Valid Filler,Datisi,2,All statues are sculptures,Some statues are bronzes,Some bronzes are sculptures,*,*,*,*,*,*,*,0.9,3392.275,*,control,NA,9390,Datisi,1,1,0,0
26_23,26,M2-bal,23,1,ball,Homonymy,Dimatis,2,Some parties are balls,All balls are toys,Some toys are parties,*,*,A,C,100,*,0.7142857143,0.175,4203.925,*,control,NA,6606,Dimatis,0,0,0,0
26_24,26,M2-bal,24,1,singers,Valid Filler,Darii,2,All singers have an ideal vocal range ,Some guitarists are singers,Some guitarists have an ideal vocal range,*,*,*,*,*,*,*,0.925,4672.55,*,control,NA,10343,Darii,1,1,0,0
26_25,26,M2-bal,25,0,mothers,Invalid Filler,Darii*,2,All grandmothers are mothers ,Some teens are mothers,Some grandmothers are teens,*,*,*,*,*,*,*,0.175,6414.3,*,control,NA,8724,Darii,0,1,0,0
26_26,26,M2-bal,26,1,poets,Valid Filler,Datisi,2,All poets are writers ,Some poets are teachers,Some teachers are writers,*,*,*,*,*,*,*,0.975,3928.975,*,control,NA,8416,Datisi,1,1,0,0
26_27,26,M2-bal,27,1,widows,Valid Filler,Dimatis,2,Some mothers are widows ,All widows are women,Some women are mothers,*,*,*,*,*,*,*,1,2726.325,*,control,NA,7694,Dimatis,1,1,0,0
26_28,26,M2-bal,28,1,lunch,Polysemy,Dimatis,2,Some breaks are lunches,All lunches are entrées,Some entrées are breaks,*,lunch-type,A,C,96.6,event,0.7142857143,0.125,5002.3,*,control,NA,8044,Dimatis,0,0,0,0
26_29,26,M2-bal,29,0,shapes,Invalid Filler,Disamis*,2,Some shapes are triangles,All squares are shapes,Some squares are triangles,*,*,*,*,*,*,*,0,4538.9,*,control,NA,7419,Disamis,0,1,0,0
26_30,26,M2-bal,30,1,toilets,Invalid Filler,Disamis*,2,Some toilets are coed,All urinals are toilets,Some urinals are coed,*,*,*,*,*,*,*,0.375,5804.4,*,control,NA,36059,Disamis,0,0,0,0
26_31,26,M2-bal,31,1,peppers,Invalid Filler,Dimatis*,2,Some yellow vegetables are peppers ,All jalapenos are peppers,Some jalapenos are yellow vegetables,*,*,*,*,*,*,*,0.425,8075.125,*,control,NA,17163,Dimatis,0,0,0,0
26_32,26,M2-bal,32,0,board,Homonymy,Dimatis,2,Some governing organizations are boards,All boards are wooden planks,Some wooden planks are governing organizations,*,*,A,C,80,*,1,0.1,5379.9,*,control,NA,9573,Dimatis,0,1,0,0
26_33,26,M2-bal,33,1,ponies,Valid Filler,Datisi,2,All ponies neigh,Some ponies are colts,Some colts neigh,*,*,*,*,*,*,*,0.675,4349.025,*,control,NA,5805,Datisi,1,1,0,0
26_34,26,M2-bal,34,1,change,Homonymy,Darii,2,All change is money,Some surprises are change,Some surprises are money,*,*,C,A,60,*,0,1,4466.87179,*,control,NA,6762,Darii,0,0,0,0
26_35,26,M2-bal,35,1,cabinet,Homonymy,Datisi,2,All cabinets are political appointments,Some cabinets are antique furniture,Some antique furniture are political appointments,*,*,A,C,100,*,0.8571428571,0.025,4910.75,*,control,NA,10025,Datisi,0,0,0,0
26_36,26,M2-bal,36,1,doughnuts,Valid Filler,Darii,2,All doughnuts are sugary ,Some pastries are doughnuts ,Some pastries are sugary,*,*,*,*,*,*,*,0.95,3292.475,*,control,NA,7292,Darii,1,1,0,0
26_37,26,M2-bal,37,0,dinner,Polysemy,Disamis,2,Some dinners are black tie,All dinners are foods,Some foods are black tie,*,lunch-type,A,C,90,event,0.5714285714,0.225,3571.775,*,control,NA,7120,Disamis,0,1,0,0
26_38,26,M2-bal,38,1,match,Homonymy,Disamis,2,Some matches are shown on TV,All matches are fire starters,Some fire starters are shown on TV,*,*,A,C,80,*,0,0.85,5008.1,*,control,NA,9288,Disamis,0,0,0,0
26_39,26,M2-bal,39,1,funerals,Invalid Filler,Datisi*,2,All open-casket services are funerals,Some funerals are cremations,Some cremations are open-casket services,*,*,*,*,*,*,*,0.4,5086.4,*,control,NA,8392,Datisi,0,0,0,0
26_40,26,M2-bal,40,0,star,Homonymy,Datisi,2,All stars are famous ,Some stars are red dwarfs,Some red dwarfs are famous,*,*,*,*,100,*,0,0.375,3338.975,*,control,NA,7756,Datisi,0,1,0,0
26_41,26,M2-bal,41,1,letter,Polysemy,Datisi,2,All letters have stamps,Some letters are rejections,Some rejections have stamps,*,book-type,C,A,78.5,info,0,0.7,4504.25,*,control,NA,7275,Datisi,0,0,0,0
26_42,26,M2-bal,42,1,actors,Invalid Filler,Datisi*,2,All male leads are actors,Some actors are women,Some women are male leads,*,*,*,*,*,*,*,0.4,4720.6,*,control,NA,7907,Datisi,0,0,0,0
26_43,26,M2-bal,43,0,steaks,Invalid Filler,Disamis*,2,Some steaks are filet mignons,All ribeyes are steaks,Some ribeyes are filet mignons,*,*,*,*,*,*,*,0.225,5186.55,*,control,NA,7415,Disamis,0,1,0,0
26_44,26,M2-bal,44,1,ring,Homonymy,Darii,2,All rings are sounds,Some accessories are rings,Some accessories are sounds,*,*,A,C,100,*,0.7142857143,0.275,3957.775,*,control,NA,6898,Darii,0,0,0,0
26_45,26,M2-bal,45,0,magazines,Polysemy,Disamis,2,Some magazines are coffee-stained,All magazines are subscriptions,Some subscriptions are coffee-stained,*,book-type,C,A,68.9,info,0.2857142857,0.12820513,3613.5641,*,control,NA,8119,Disamis,0,1,0,0
26_46,26,M2-bal,46,1,spices,Invalid Filler,Dimatis*,2,Some dried roots are spices ,All mustard seeds are spices ,Some mustard seeds are dried roots,*,*,*,*,*,*,*,0.4,4410.8,*,control,NA,8459,Dimatis,0,0,0,0
26_47,26,M2-bal,47,1,suit,Homonymy,Disamis,2,Some suits have multiple defendants,All suits are dress attire,Some dress attire has multiple defendants,*,*,A,C,100,*,0.5714285714,0.075,5412.1,*,control,NA,9596,Disamis,0,0,0,0
26_48,26,M2-bal,48,1,dolls,Valid Filler,Darii,2,All dolls are man made,Some toys are dolls ,Some toys are man made,*,*,*,*,*,*,*,1,3066.525,*,control,NA,10976,Darii,1,1,0,0
26_49,26,M2-bal,49,1,liars,Valid Filler,Dimatis,2,Some criminals are liars ,All liars are humans,Some humans are criminals ,*,*,*,*,*,*,*,1,4285.51282,*,control,NA,6513,Dimatis,1,1,0,0
26_50,26,M2-bal,50,1,wave,Homonymy,Dimatis,2,Some gestures are waves,Some waves are ripples,Some ripples are gestures,*,*,A,C,100,*,0.4285714286,0.25641026,6582.48718,*,control,NA,10150,Dimatis,0,0,0,0
26_51,26,M2-bal,51,1,antiques,Invalid Filler,Darii*,2,All medieval manuscripts are antiques ,Some pieces of jewelry are antiques ,Some pieces of jewelry are medieval manuscripts,*,*,*,*,*,*,*,0.25,6885.35,*,control,NA,8526,Darii,0,0,0,0
26_52,26,M2-bal,52,1,grapes,Valid Filler,Disamis,2,Some grapes are red ,All grapes are fruits ,Some fruits are red ,*,*,*,*,*,*,*,1,3059.8,*,control,NA,6017,Disamis,1,1,0,0
26_53,26,M2-bal,53,0,book,Polysemy,Dimatis,2,Some doorstops are books,All books are intellectual property,Some intellectual property is a doorstop,*,book-type,C,A,64.5,info,0.5714285714,0.12820513,4958.76923,*,control,NA,7224,Dimatis,0,1,0,0
26_54,26,M2-bal,54,0,rock,Homonymy,Datisi,2,All rock has guitars,Some rock is marble,Some marble has guitars,*,*,A,C,100,*,0.8571428571,0.05,3983.6,*,control,NA,6743,Datisi,0,1,0,0
26_55,26,M2-bal,55,1,clowns,Valid Filler,Darii,2,All clowns can juggle ,Some circus performers are clowns ,Some circus performers can juggle,*,*,*,*,*,*,*,0.975,3767.925,*,control,NA,8290,Darii,1,1,0,0
26_56,26,M2-bal,56,1,dances,Invalid Filler,Darii*,2,All polkas are dances ,Some mating rituals are dances ,Some mating rituals are polkas ,*,*,*,*,*,*,*,0.25,3557.725,*,control,NA,9018,Darii,0,0,0,0
27_1,27,M2-bal,1,1,poets,Valid Filler,Datisi,1,All poets are writers ,Some poets are teachers,Some teachers are writers,*,*,*,*,*,*,*,0.975,3928.975,*,control,NA,15441,Datisi,1,1,0,0
27_2,27,M2-bal,2,1,widows,Valid Filler,Dimatis,1,Some mothers are widows ,All widows are women,Some women are mothers,*,*,*,*,*,*,*,1,2726.325,*,control,NA,14595,Dimatis,1,1,0,0
27_3,27,M2-bal,3,0,ruler,Homonymy,Disamis,1,Some rulers are kings,All rulers are standard lengths,Some standard lengths are kings,*,*,*,*,80,*,0.8571428571,0.125,5032.65,*,control,NA,11218,Disamis,0,1,0,0
27_4,27,M2-bal,4,0,magazines,Polysemy,Disamis,1,Some magazines are coffee-stained,All magazines are subscriptions,Some subscriptions are coffee-stained,*,book-type,C,A,68.9,info,0.2857142857,0.12820513,3613.5641,*,control,NA,12660,Disamis,0,1,0,0
27_5,27,M2-bal,5,1,dresses,Invalid Filler,Darii*,1,All ball gowns are dresses ,Some cocktail outfits are dresses,Some cocktail outfits are ball gowns,*,*,*,*,*,*,*,0.65,5066.6,*,control,NA,15696,Darii,0,0,0,0
27_6,27,M2-bal,6,1,thieves,Invalid Filler,Dimatis*,1,Some children are thieves,All mob bosses are thieves,Some mob bosses are children,*,*,*,*,*,*,*,0.225,5599.825,*,control,NA,11668,Dimatis,0,0,0,0
27_7,27,M2-bal,7,0,dinner,Polysemy,Disamis,1,Some dinners are black tie,All dinners are foods,Some foods are black tie,*,lunch-type,A,C,90,event,0.5714285714,0.225,3571.775,*,control,NA,12123,Disamis,0,1,0,0
27_8,27,M2-bal,8,0,school,Polysemy,Disamis,1,Some schools are rectangular,All schools are employers,Some employers are rectangular,*,city-type,C,A,45.1,inst,0.5714285714,0.1,2856.95,*,control,NA,10798,Disamis,0,1,0,0
27_9,27,M2-bal,9,1,star,Homonymy,Datisi,1,All stars are famous ,Some stars are red dwarfs,Some red dwarfs are famous,*,*,*,*,100,*,0,0.375,3338.975,*,control,NA,11189,Datisi,0,0,0,0
27_10,27,M2-bal,10,0,picnic,Polysemy,Datisi,1,All picnics happen in nature,Some picnics are salads,Some salads happen in nature,*,lunch-type,A,C,59.2,event,0.5714285714,0.425,4573.125,*,control,NA,12217,Datisi,0,1,0,0
27_11,27,M2-bal,11,1,dances,Invalid Filler,Darii*,1,All polkas are dances ,Some mating rituals are dances ,Some mating rituals are polkas ,*,*,*,*,*,*,*,0.25,3557.725,*,control,NA,12144,Darii,0,0,0,0
27_12,27,M2-bal,12,1,dolls,Valid Filler,Darii,1,All dolls are man made,Some toys are dolls ,Some toys are man made,*,*,*,*,*,*,*,1,3066.525,*,control,NA,9017,Darii,1,1,0,0
27_13,27,M2-bal,13,0,funerals,Invalid Filler,Datisi*,1,All open-casket services are funerals,Some funerals are cremations,Some cremations are open-casket services,*,*,*,*,*,*,*,0.4,5086.4,*,control,NA,13469,Datisi,0,1,0,0
27_14,27,M2-bal,14,0,match,Homonymy,Disamis,1,Some matches are shown on TV,All matches are fire starters,Some fire starters are shown on TV,*,*,A,C,80,*,0,0.85,5008.1,*,control,NA,15410,Disamis,0,1,0,0
27_15,27,M2-bal,15,1,suitcases,Valid Filler,Dimatis,1,Some bags are suitcases,All suitcases are pieces of luggage,Some pieces of luggage are bags,*,*,*,*,*,*,*,1,3671.55,*,control,NA,10256,Dimatis,1,1,0,0
27_16,27,M2-bal,16,0,shapes,Invalid Filler,Disamis*,1,Some shapes are triangles,All squares are shapes,Some squares are triangles,*,*,*,*,*,*,*,0,4538.9,*,control,NA,11360,Disamis,0,1,0,0
27_17,27,M2-bal,17,1,spices,Invalid Filler,Dimatis*,1,Some dried roots are spices ,All mustard seeds are spices ,Some mustard seeds are dried roots,*,*,*,*,*,*,*,0.4,4410.8,*,control,NA,18286,Dimatis,0,0,0,0
27_18,27,M2-bal,18,0,burgers,Valid Filler,Disamis,1,Some burgers are overcooked ,All burgers are sandwiches,Some sandwiches are overcooked ,*,*,*,*,*,*,*,0.925,4389.725,*,control,NA,10670,Disamis,1,0,0,0
27_19,27,M2-bal,19,1,ponies,Valid Filler,Datisi,1,All ponies neigh,Some ponies are colts,Some colts neigh,*,*,*,*,*,*,*,0.675,4349.025,*,control,NA,9915,Datisi,1,1,0,0
27_20,27,M2-bal,20,0,novel,Polysemy,Darii,1,All novels are flammable,Some debuts are novels,Some debuts are flammable,*,book-type,C,A,96.7,info,1,0.15,6119.3,*,control,NA,10563,Darii,0,1,0,0
27_21,27,M2-bal,21,1,peppers,Invalid Filler,Dimatis*,1,Some yellow vegetables are peppers ,All jalapenos are peppers,Some jalapenos are yellow vegetables,*,*,*,*,*,*,*,0.425,8075.125,*,control,NA,12686,Dimatis,0,0,0,0
27_22,27,M2-bal,22,0,suit,Homonymy,Disamis,1,Some suits have multiple defendants,All suits are dress attire,Some dress attire has multiple defendants,*,*,A,C,100,*,0.5714285714,0.075,5412.1,*,control,NA,15536,Disamis,0,1,0,0
27_23,27,M2-bal,23,0,ball,Homonymy,Dimatis,1,Some parties are balls,All balls are toys,Some toys are parties,*,*,A,C,100,*,0.7142857143,0.175,4203.925,*,control,NA,10129,Dimatis,0,1,0,0
27_24,27,M2-bal,24,0,bat,Homonymy,Darii,1,All bats share a common ancestor,Some sporting goods are bats,Some sporting goods share a common ancestor,*,*,*,*,80,*,0.2857142857,0.4,5008,*,control,NA,12258,Darii,0,1,0,0
27_25,27,M2-bal,25,1,swords,Valid Filler,Disamis,1,Some swords are decorative,All swords are weapons ,Some weapons are decorative ,*,*,*,*,*,*,*,0.8,6880.1,*,control,NA,10606,Disamis,1,1,0,0
27_26,27,M2-bal,26,1,rifles,Valid Filler,Disamis,1,Some rifles are for hunting,All rifles are guns ,Some guns are for hunting,*,*,*,*,*,*,*,1,4771.725,*,control,NA,10599,Disamis,1,1,0,0
27_27,27,M2-bal,27,1,mugs,Valid Filler,Datisi,1,All mugs are cups ,Some mugs are ceramics,Some ceramics are cups ,*,*,*,*,*,*,*,1,3091.05,*,control,NA,9836,Datisi,1,1,0,0
27_28,27,M2-bal,28,1,grapes,Valid Filler,Disamis,1,Some grapes are red ,All grapes are fruits ,Some fruits are red ,*,*,*,*,*,*,*,1,3059.8,*,control,NA,9240,Disamis,1,1,0,0
27_29,27,M2-bal,29,1,doughnuts,Valid Filler,Darii,1,All doughnuts are sugary ,Some pastries are doughnuts ,Some pastries are sugary,*,*,*,*,*,*,*,0.95,3292.475,*,control,NA,12314,Darii,1,1,0,0
27_30,27,M2-bal,30,1,clowns,Valid Filler,Darii,1,All clowns can juggle ,Some circus performers are clowns ,Some circus performers can juggle,*,*,*,*,*,*,*,0.975,3767.925,*,control,NA,9872,Darii,1,1,0,0
27_31,27,M2-bal,31,0,rock,Homonymy,Datisi,1,All rock has guitars,Some rock is marble,Some marble has guitars,*,*,A,C,100,*,0.8571428571,0.05,3983.6,*,control,NA,10721,Datisi,0,1,0,0
27_32,27,M2-bal,32,0,stones,Invalid Filler,Datisi*,1,All pebbles are stones,Some stones are boulders,Some boulders are pebbles,*,*,*,*,*,*,*,0.17948718,4940.5641,*,control,NA,14075,Datisi,0,1,0,0
27_33,27,M2-bal,33,0,cabinet,Homonymy,Datisi,1,All cabinets are political appointments,Some cabinets are antique furniture,Some antique furniture are political appointments,*,*,A,C,100,*,0.8571428571,0.025,4910.75,*,control,NA,12431,Datisi,0,1,0,0
27_34,27,M2-bal,34,0,ring,Homonymy,Darii,1,All rings are sounds,Some accessories are rings,Some accessories are sounds,*,*,A,C,100,*,0.7142857143,0.275,3957.775,*,control,NA,10193,Darii,0,1,0,0
27_35,27,M2-bal,35,0,lunch,Polysemy,Dimatis,1,Some breaks are lunches,All lunches are entrées,Some entrées are breaks,*,lunch-type,A,C,96.6,event,0.7142857143,0.125,5002.3,*,control,NA,11235,Dimatis,0,1,0,0
27_36,27,M2-bal,36,0,wave,Homonymy,Dimatis,1,Some gestures are waves,Some waves are ripples,Some ripples are gestures,*,*,A,C,100,*,0.4285714286,0.25641026,6582.48718,*,control,NA,9701,Dimatis,0,1,0,0
27_37,27,M2-bal,37,1,book,Polysemy,Dimatis,1,Some doorstops are books,All books are intellectual property,Some intellectual property is a doorstop,*,book-type,C,A,64.5,info,0.5714285714,0.12820513,4958.76923,*,control,NA,11725,Dimatis,0,0,0,0
27_38,27,M2-bal,38,1,liars,Valid Filler,Dimatis,1,Some criminals are liars ,All liars are humans,Some humans are criminals ,*,*,*,*,*,*,*,1,4285.51282,*,control,NA,10921,Dimatis,1,1,0,0
27_39,27,M2-bal,39,0,steaks,Invalid Filler,Disamis*,1,Some steaks are filet mignons,All ribeyes are steaks,Some ribeyes are filet mignons,*,*,*,*,*,*,*,0.225,5186.55,*,control,NA,10770,Disamis,0,1,0,0
27_40,27,M2-bal,40,0,mothers,Invalid Filler,Darii*,1,All grandmothers are mothers ,Some teens are mothers,Some grandmothers are teens,*,*,*,*,*,*,*,0.175,6414.3,*,control,NA,10284,Darii,0,1,0,0
27_41,27,M2-bal,41,0,sausages,Invalid Filler,Datisi*,1,All hot dogs are sausages,Some sausages are salamis,Some hot dogs are salamis,*,*,*,*,*,*,*,0.175,2931.35,*,control,NA,11484,Datisi,0,1,0,0
27_42,27,M2-bal,42,0,toilets,Invalid Filler,Disamis*,1,Some toilets are coed,All urinals are toilets,Some urinals are coed,*,*,*,*,*,*,*,0.375,5804.4,*,control,NA,12038,Disamis,0,1,0,0
27_43,27,M2-bal,43,0,antiques,Invalid Filler,Darii*,1,All medieval manuscripts are antiques ,Some pieces of jewelry are antiques ,Some pieces of jewelry are medieval manuscripts,*,*,*,*,*,*,*,0.25,6885.35,*,control,NA,11497,Darii,0,1,0,0
27_44,27,M2-bal,44,1,college,Polysemy,Darii,1,All colleges grant degrees,Some colleges are historic buildings,Some historic buildings grant degrees,*,city-type,A,C,56.6,inst,0.2857142857,0.575,5629.95,*,control,NA,15380,Darii,0,0,0,0
27_45,27,M2-bal,45,0,colors,Invalid Filler,Disamis*,1,Some colors are primary ,All shades of purple are colors ,Some shades of purple are primary,*,*,*,*,*,*,*,0.225,5122.475,*,control,NA,14424,Disamis,0,1,0,0
27_46,27,M2-bal,46,1,singers,Valid Filler,Darii,1,All singers have an ideal vocal range ,Some guitarists are singers,Some guitarists have an ideal vocal range,*,*,*,*,*,*,*,0.925,4672.55,*,control,NA,10912,Darii,1,1,0,0
27_47,27,M2-bal,47,1,statues,Valid Filler,Datisi,1,All statues are sculptures,Some statues are bronzes,Some bronzes are sculptures,*,*,*,*,*,*,*,0.9,3392.275,*,control,NA,18537,Datisi,1,1,0,0
27_48,27,M2-bal,48,0,breakfast,Polysemy,Darii,1,All breakfasts are under three hours,Some smoothies are breakfasts,Some smoothies are under three hours,*,lunch-type,A,C,87.1,event,0.7142857143,0.525,5068.825,*,control,NA,11483,Darii,0,1,0,0
27_49,27,M2-bal,49,0,company,Polysemy,Dimatis,1,Some storefronts are companies,All companies are hierarchies,Some hierarchies are storefronts,*,city-type,C,A,83.8,inst,0.7142857143,0.25,4713.05,*,control,NA,12629,Dimatis,0,1,0,0
27_50,27,M2-bal,50,0,actors,Invalid Filler,Datisi*,1,All male leads are actors,Some actors are women,Some women are male leads,*,*,*,*,*,*,*,0.4,4720.6,*,control,NA,12709,Datisi,0,1,0,0
27_51,27,M2-bal,51,0,board,Homonymy,Dimatis,1,Some governing organizations are boards,All boards are wooden planks,Some wooden planks are governing organizations,*,*,A,C,80,*,1,0.1,5379.9,*,control,NA,19424,Dimatis,0,1,0,0
27_52,27,M2-bal,52,1,trucks,Valid Filler,Dimatis,1,Some cars are trucks ,All trucks are vehicles,Some vehicles are cars ,*,*,*,*,*,*,*,0.975,4508.475,*,control,NA,9259,Dimatis,1,1,0,0
27_53,27,M2-bal,53,1,letter,Polysemy,Datisi,1,All letters have stamps,Some letters are rejections,Some rejections have stamps,*,book-type,C,A,78.5,info,0,0.7,4504.25,*,control,NA,10742,Datisi,0,0,0,0
27_54,27,M2-bal,54,0,city,Polysemy,Datisi,1,All cities are bureaucracies,Some cities are graffitied ,Some bureaucracies are graffitied,*,city-type,A,C,67.7,inst,0.2857142857,0.375,4022.55,*,control,NA,10042,Datisi,0,1,0,0
27_55,27,M2-bal,55,0,injuries,Invalid Filler,Dimatis*,1,Some sunburns are injuries,All cases of frostbite are injuries,Some cases of frostbite are sunburns,*,*,*,*,*,*,*,0.1,5963.025,*,control,NA,12411,Dimatis,0,1,0,0
27_56,27,M2-bal,56,1,change,Homonymy,Darii,1,All change is money,Some surprises are change,Some surprises are money,*,*,C,A,60,*,0,1,4466.87179,*,control,NA,14110,Darii,0,0,0,0
28_1,28,M2-bal,1,0,injuries,Invalid Filler,Dimatis*,2,Some sunburns are injuries,All cases of frostbite are injuries,Some cases of frostbite are sunburns,*,*,*,*,*,*,*,0.1,5963.025,*,control,NA,10737,Dimatis,0,1,0,0
28_2,28,M2-bal,2,1,swords,Valid Filler,Disamis,2,Some swords are decorative,All swords are weapons ,Some weapons are decorative ,*,*,*,*,*,*,*,0.8,6880.1,*,control,NA,6183,Disamis,1,1,0,0
28_3,28,M2-bal,3,0,sausages,Invalid Filler,Datisi*,2,All hot dogs are sausages,Some sausages are salamis,Some hot dogs are salamis,*,*,*,*,*,*,*,0.175,2931.35,*,control,NA,10638,Datisi,0,1,0,0
28_4,28,M2-bal,4,1,city,Polysemy,Datisi,2,All cities are bureaucracies,Some cities are graffitied ,Some bureaucracies are graffitied,*,city-type,A,C,67.7,inst,0.2857142857,0.375,4022.55,*,control,NA,12496,Datisi,0,0,0,0
28_5,28,M2-bal,5,0,novel,Polysemy,Darii,2,All novels are flammable,Some debuts are novels,Some debuts are flammable,*,book-type,C,A,96.7,info,1,0.15,6119.3,*,control,NA,8781,Darii,0,1,0,0
28_6,28,M2-bal,6,1,college,Polysemy,Darii,2,All colleges grant degrees,Some colleges are historic buildings,Some historic buildings grant degrees,*,city-type,A,C,56.6,inst,0.2857142857,0.575,5629.95,*,control,NA,7412,Darii,0,0,0,0
28_7,28,M2-bal,7,1,suitcases,Valid Filler,Dimatis,2,Some bags are suitcases,All suitcases are pieces of luggage,Some pieces of luggage are bags,*,*,*,*,*,*,*,1,3671.55,*,control,NA,9127,Dimatis,1,1,0,0
28_8,28,M2-bal,8,1,dresses,Invalid Filler,Darii*,2,All ball gowns are dresses ,Some cocktail outfits are dresses,Some cocktail outfits are ball gowns,*,*,*,*,*,*,*,0.65,5066.6,*,control,NA,13063,Darii,0,0,0,0
28_9,28,M2-bal,9,0,thieves,Invalid Filler,Dimatis*,2,Some children are thieves,All mob bosses are thieves,Some mob bosses are children,*,*,*,*,*,*,*,0.225,5599.825,*,control,NA,8032,Dimatis,0,1,0,0
28_10,28,M2-bal,10,1,company,Polysemy,Dimatis,2,Some storefronts are companies,All companies are hierarchies,Some hierarchies are storefronts,*,city-type,C,A,83.8,inst,0.7142857143,0.25,4713.05,*,control,NA,7549,Dimatis,0,0,0,0
28_11,28,M2-bal,11,1,colors,Invalid Filler,Disamis*,2,Some colors are primary ,All shades of purple are colors ,Some shades of purple are primary,*,*,*,*,*,*,*,0.225,5122.475,*,control,NA,6534,Disamis,0,0,0,0
28_12,28,M2-bal,12,1,picnic,Polysemy,Datisi,2,All picnics happen in nature,Some picnics are salads,Some salads happen in nature,*,lunch-type,A,C,59.2,event,0.5714285714,0.425,4573.125,*,control,NA,7447,Datisi,0,0,0,0
28_13,28,M2-bal,13,0,ruler,Homonymy,Disamis,2,Some rulers are kings,All rulers are standard lengths,Some standard lengths are kings,*,*,*,*,80,*,0.8571428571,0.125,5032.65,*,control,NA,8502,Disamis,0,1,0,0
28_14,28,M2-bal,14,1,trucks,Valid Filler,Dimatis,2,Some cars are trucks ,All trucks are vehicles,Some vehicles are cars ,*,*,*,*,*,*,*,0.975,4508.475,*,control,NA,7503,Dimatis,1,1,0,0
28_15,28,M2-bal,15,0,bat,Homonymy,Darii,2,All bats share a common ancestor,Some sporting goods are bats,Some sporting goods share a common ancestor,*,*,*,*,80,*,0.2857142857,0.4,5008,*,control,NA,12207,Darii,0,1,0,0
28_16,28,M2-bal,16,1,burgers,Valid Filler,Disamis,2,Some burgers are overcooked ,All burgers are sandwiches,Some sandwiches are overcooked ,*,*,*,*,*,*,*,0.925,4389.725,*,control,NA,5535,Disamis,1,1,0,0
28_17,28,M2-bal,17,1,mugs,Valid Filler,Datisi,2,All mugs are cups ,Some mugs are ceramics,Some ceramics are cups ,*,*,*,*,*,*,*,1,3091.05,*,control,NA,6606,Datisi,1,1,0,0
28_18,28,M2-bal,18,1,stones,Invalid Filler,Datisi*,2,All pebbles are stones,Some stones are boulders,Some boulders are pebbles,*,*,*,*,*,*,*,0.17948718,4940.5641,*,control,NA,11008,Datisi,0,0,0,0
28_19,28,M2-bal,19,1,school,Polysemy,Disamis,2,Some schools are rectangular,All schools are employers,Some employers are rectangular,*,city-type,C,A,45.1,inst,0.5714285714,0.1,2856.95,*,control,NA,10030,Disamis,0,0,0,0
28_20,28,M2-bal,20,0,breakfast,Polysemy,Darii,2,All breakfasts are under three hours,Some smoothies are breakfasts,Some smoothies are under three hours,*,lunch-type,A,C,87.1,event,0.7142857143,0.525,5068.825,*,control,NA,7774,Darii,0,1,0,0
28_21,28,M2-bal,21,1,rifles,Valid Filler,Disamis,2,Some rifles are for hunting,All rifles are guns ,Some guns are for hunting,*,*,*,*,*,*,*,1,4771.725,*,control,NA,4823,Disamis,1,1,0,0
28_22,28,M2-bal,22,1,statues,Valid Filler,Datisi,2,All statues are sculptures,Some statues are bronzes,Some bronzes are sculptures,*,*,*,*,*,*,*,0.9,3392.275,*,control,NA,10071,Datisi,1,1,0,0
28_23,28,M2-bal,23,1,ball,Homonymy,Dimatis,2,Some parties are balls,All balls are toys,Some toys are parties,*,*,A,C,100,*,0.7142857143,0.175,4203.925,*,control,NA,8943,Dimatis,0,0,0,0
28_24,28,M2-bal,24,1,singers,Valid Filler,Darii,2,All singers have an ideal vocal range ,Some guitarists are singers,Some guitarists have an ideal vocal range,*,*,*,*,*,*,*,0.925,4672.55,*,control,NA,7727,Darii,1,1,0,0
28_25,28,M2-bal,25,1,mothers,Invalid Filler,Darii*,2,All grandmothers are mothers ,Some teens are mothers,Some grandmothers are teens,*,*,*,*,*,*,*,0.175,6414.3,*,control,NA,6960,Darii,0,0,0,0
28_26,28,M2-bal,26,1,poets,Valid Filler,Datisi,2,All poets are writers ,Some poets are teachers,Some teachers are writers,*,*,*,*,*,*,*,0.975,3928.975,*,control,NA,8422,Datisi,1,1,0,0
28_27,28,M2-bal,27,1,widows,Valid Filler,Dimatis,2,Some mothers are widows ,All widows are women,Some women are mothers,*,*,*,*,*,*,*,1,2726.325,*,control,NA,8646,Dimatis,1,1,0,0
28_28,28,M2-bal,28,1,lunch,Polysemy,Dimatis,2,Some breaks are lunches,All lunches are entrées,Some entrées are breaks,*,lunch-type,A,C,96.6,event,0.7142857143,0.125,5002.3,*,control,NA,8983,Dimatis,0,0,0,0
28_29,28,M2-bal,29,0,shapes,Invalid Filler,Disamis*,2,Some shapes are triangles,All squares are shapes,Some squares are triangles,*,*,*,*,*,*,*,0,4538.9,*,control,NA,9216,Disamis,0,1,0,0
28_30,28,M2-bal,30,1,toilets,Invalid Filler,Disamis*,2,Some toilets are coed,All urinals are toilets,Some urinals are coed,*,*,*,*,*,*,*,0.375,5804.4,*,control,NA,10015,Disamis,0,0,0,0
28_31,28,M2-bal,31,1,peppers,Invalid Filler,Dimatis*,2,Some yellow vegetables are peppers ,All jalapenos are peppers,Some jalapenos are yellow vegetables,*,*,*,*,*,*,*,0.425,8075.125,*,control,NA,15663,Dimatis,0,0,0,0
28_32,28,M2-bal,32,0,board,Homonymy,Dimatis,2,Some governing organizations are boards,All boards are wooden planks,Some wooden planks are governing organizations,*,*,A,C,80,*,1,0.1,5379.9,*,control,NA,18911,Dimatis,0,1,0,0
28_33,28,M2-bal,33,1,ponies,Valid Filler,Datisi,2,All ponies neigh,Some ponies are colts,Some colts neigh,*,*,*,*,*,*,*,0.675,4349.025,*,control,NA,8656,Datisi,1,1,0,0
28_34,28,M2-bal,34,1,change,Homonymy,Darii,2,All change is money,Some surprises are change,Some surprises are money,*,*,C,A,60,*,0,1,4466.87179,*,control,NA,11814,Darii,0,0,0,0
28_35,28,M2-bal,35,0,cabinet,Homonymy,Datisi,2,All cabinets are political appointments,Some cabinets are antique furniture,Some antique furniture are political appointments,*,*,A,C,100,*,0.8571428571,0.025,4910.75,*,control,NA,16239,Datisi,0,1,0,0
28_36,28,M2-bal,36,1,doughnuts,Valid Filler,Darii,2,All doughnuts are sugary ,Some pastries are doughnuts ,Some pastries are sugary,*,*,*,*,*,*,*,0.95,3292.475,*,control,NA,7367,Darii,1,1,0,0
28_37,28,M2-bal,37,0,dinner,Polysemy,Disamis,2,Some dinners are black tie,All dinners are foods,Some foods are black tie,*,lunch-type,A,C,90,event,0.5714285714,0.225,3571.775,*,control,NA,8759,Disamis,0,1,0,0
28_38,28,M2-bal,38,0,match,Homonymy,Disamis,2,Some matches are shown on TV,All matches are fire starters,Some fire starters are shown on TV,*,*,A,C,80,*,0,0.85,5008.1,*,control,NA,24006,Disamis,0,1,0,0
28_39,28,M2-bal,39,0,funerals,Invalid Filler,Datisi*,2,All open-casket services are funerals,Some funerals are cremations,Some cremations are open-casket services,*,*,*,*,*,*,*,0.4,5086.4,*,control,NA,6007,Datisi,0,1,0,0
28_40,28,M2-bal,40,0,star,Homonymy,Datisi,2,All stars are famous ,Some stars are red dwarfs,Some red dwarfs are famous,*,*,*,*,100,*,0,0.375,3338.975,*,control,NA,8487,Datisi,0,1,0,0
28_41,28,M2-bal,41,1,letter,Polysemy,Datisi,2,All letters have stamps,Some letters are rejections,Some rejections have stamps,*,book-type,C,A,78.5,info,0,0.7,4504.25,*,control,NA,11263,Datisi,0,0,0,0
28_42,28,M2-bal,42,0,actors,Invalid Filler,Datisi*,2,All male leads are actors,Some actors are women,Some women are male leads,*,*,*,*,*,*,*,0.4,4720.6,*,control,NA,16103,Datisi,0,1,0,0
28_43,28,M2-bal,43,0,steaks,Invalid Filler,Disamis*,2,Some steaks are filet mignons,All ribeyes are steaks,Some ribeyes are filet mignons,*,*,*,*,*,*,*,0.225,5186.55,*,control,NA,17192,Disamis,0,1,0,0
28_44,28,M2-bal,44,0,ring,Homonymy,Darii,2,All rings are sounds,Some accessories are rings,Some accessories are sounds,*,*,A,C,100,*,0.7142857143,0.275,3957.775,*,control,NA,7608,Darii,0,1,0,0
28_45,28,M2-bal,45,1,magazines,Polysemy,Disamis,2,Some magazines are coffee-stained,All magazines are subscriptions,Some subscriptions are coffee-stained,*,book-type,C,A,68.9,info,0.2857142857,0.12820513,3613.5641,*,control,NA,7509,Disamis,0,0,0,0
28_46,28,M2-bal,46,1,spices,Invalid Filler,Dimatis*,2,Some dried roots are spices ,All mustard seeds are spices ,Some mustard seeds are dried roots,*,*,*,*,*,*,*,0.4,4410.8,*,control,NA,9839,Dimatis,0,0,0,0
28_47,28,M2-bal,47,0,suit,Homonymy,Disamis,2,Some suits have multiple defendants,All suits are dress attire,Some dress attire has multiple defendants,*,*,A,C,100,*,0.5714285714,0.075,5412.1,*,control,NA,10015,Disamis,0,1,0,0
28_48,28,M2-bal,48,1,dolls,Valid Filler,Darii,2,All dolls are man made,Some toys are dolls ,Some toys are man made,*,*,*,*,*,*,*,1,3066.525,*,control,NA,7221,Darii,1,1,0,0
28_49,28,M2-bal,49,1,liars,Valid Filler,Dimatis,2,Some criminals are liars ,All liars are humans,Some humans are criminals ,*,*,*,*,*,*,*,1,4285.51282,*,control,NA,6102,Dimatis,1,1,0,0
28_50,28,M2-bal,50,0,wave,Homonymy,Dimatis,2,Some gestures are waves,Some waves are ripples,Some ripples are gestures,*,*,A,C,100,*,0.4285714286,0.25641026,6582.48718,*,control,NA,18826,Dimatis,0,1,0,0
28_51,28,M2-bal,51,0,antiques,Invalid Filler,Darii*,2,All medieval manuscripts are antiques ,Some pieces of jewelry are antiques ,Some pieces of jewelry are medieval manuscripts,*,*,*,*,*,*,*,0.25,6885.35,*,control,NA,11724,Darii,0,1,0,0
28_52,28,M2-bal,52,1,grapes,Valid Filler,Disamis,2,Some grapes are red ,All grapes are fruits ,Some fruits are red ,*,*,*,*,*,*,*,1,3059.8,*,control,NA,6056,Disamis,1,1,0,0
28_53,28,M2-bal,53,0,book,Polysemy,Dimatis,2,Some doorstops are books,All books are intellectual property,Some intellectual property is a doorstop,*,book-type,C,A,64.5,info,0.5714285714,0.12820513,4958.76923,*,control,NA,21903,Dimatis,0,1,0,0
28_54,28,M2-bal,54,0,rock,Homonymy,Datisi,2,All rock has guitars,Some rock is marble,Some marble has guitars,*,*,A,C,100,*,0.8571428571,0.05,3983.6,*,control,NA,9360,Datisi,0,1,0,0
28_55,28,M2-bal,55,1,clowns,Valid Filler,Darii,2,All clowns can juggle ,Some circus performers are clowns ,Some circus performers can juggle,*,*,*,*,*,*,*,0.975,3767.925,*,control,NA,7536,Darii,1,1,0,0
28_56,28,M2-bal,56,1,dances,Invalid Filler,Darii*,2,All polkas are dances ,Some mating rituals are dances ,Some mating rituals are polkas ,*,*,*,*,*,*,*,0.25,3557.725,*,control,NA,7903,Darii,0,0,0,0
